incident_id,train_id,station_name,incident_time,delay_minutes,incident_type,severity,resolved
INC_000001,TRN_192,Nehru Place,2026-03-18 15:45:00,44,Medical Emergency,Critical,True
INC_000002,TRN_060,Kashmere Gate,2026-03-24 09:19:00,6,Track Maintenance,Medium,True
INC_000003,TRN_169,Kohat Enclave,2026-03-11 11:47:00,10,Signal Failure,Medium,True
INC_000004,TRN_105,Kirti Nagar,2026-03-16 20:43:00,10,Power Failure,Medium,True
INC_000005,TRN_053,R.K. Puram,2026-03-26 06:03:00,15,Medical Emergency,High,True
INC_000006,TRN_155,Kohat Enclave,2026-03-26 15:15:00,41,Power Failure,Critical,True
INC_000007,TRN_077,Pul Bangash,2026-03-04 22:15:00,29,Track Maintenance,High,True
INC_000008,TRN_061,Dilshad Garden,2026-03-07 08:57:00,7,Passenger Congestion,Medium,True
INC_000009,TRN_070,Mewala Maharajpur,2026-03-24 10:11:00,28,Track Maintenance,High,True
INC_000010,TRN_027,Punjabi Bagh West,2026-03-25 09:15:00,22,Track Maintenance,High,True
INC_000011,TRN_014,GTB Nagar,2026-03-01 17:46:00,30,Track Maintenance,Critical,True
INC_000012,TRN_021,Rajiv Chowk,2026-03-01 11:16:00,6,Passenger Congestion,Medium,True
INC_000013,TRN_073,Moolchand,2026-03-12 17:50:00,33,Medical Emergency,Critical,True
INC_000014,TRN_164,Dwarka Sector 11,2026-03-25 17:16:00,6,Passenger Congestion,Medium,True
INC_000015,TRN_125,Hindon River,2026-03-14 08:31:00,4,Medical Emergency,Low,True
INC_000016,TRN_173,Dilshad Garden,2026-03-11 14:45:00,36,Medical Emergency,Critical,True
INC_000017,TRN_126,Panchsheel Park,2026-03-03 09:32:00,31,Signal Failure,Critical,True
INC_000018,TRN_073,Jangpura,2026-03-08 21:52:00,12,Power Failure,Medium,True
INC_000019,TRN_168,Delhi Cantt,2026-03-19 22:40:00,40,Track Maintenance,Critical,True
INC_000020,TRN_074,Old Faridabad,2026-03-01 09:48:00,2,Signal Failure,Low,True
INC_000021,TRN_050,Okhla Bird Sanctuary,2026-03-07 09:22:00,42,Medical Emergency,Critical,True
INC_000022,TRN_168,Lajpat Nagar,2026-03-25 10:39:00,19,Passenger Congestion,High,True
INC_000023,TRN_129,Malviya Nagar,2026-03-22 19:26:00,21,Power Failure,High,True
INC_000024,TRN_184,Mansarovar Park,2026-03-01 16:40:00,34,Medical Emergency,Critical,True
INC_000025,TRN_076,Sant Surdas (Sihi),2026-03-24 10:13:00,7,Track Maintenance,Medium,True
INC_000026,TRN_031,Munirka,2026-03-03 12:05:00,18,Signal Failure,High,True
INC_000027,TRN_039,Chhattarpur,2026-03-12 20:58:00,42,Door Issue,Critical,True
INC_000028,TRN_029,Mayur Vihar-I,2026-03-21 11:40:00,16,Passenger Congestion,High,True
INC_000029,TRN_037,Sikanderpur,2026-03-01 13:22:00,22,Signal Failure,High,True
INC_000030,TRN_012,Arthala,2026-03-02 11:55:00,9,Signal Failure,Medium,True
INC_000031,TRN_085,Central Secretariat,2026-03-29 16:37:00,22,Passenger Congestion,High,True
INC_000032,TRN_176,Noida Sector 18,2026-03-18 19:39:00,28,Door Issue,High,False
INC_000033,TRN_139,Jasola Vihar Shaheen Bagh,2026-03-06 15:20:00,21,Passenger Congestion,High,False
INC_000034,TRN_155,Shyam Park,2026-03-13 16:19:00,15,Door Issue,High,True
INC_000035,TRN_122,Harkesh Nagar Okhla,2026-03-26 11:13:00,28,Door Issue,High,True
INC_000036,TRN_029,ESI Basaidarapur,2026-03-27 13:15:00,29,Door Issue,High,True
INC_000037,TRN_056,Harkesh Nagar Okhla,2026-03-05 15:41:00,45,Passenger Congestion,Critical,True
INC_000038,TRN_114,"Rohini Sector 18, 19",2026-03-25 08:31:00,40,Power Failure,Critical,True
INC_000039,TRN_166,Greater Kailash,2026-03-24 18:19:00,12,Power Failure,Medium,True
INC_000040,TRN_072,Model Town,2026-03-30 15:44:00,4,Track Maintenance,Low,True
INC_000041,TRN_181,Bhikaji Cama Place,2026-03-09 21:49:00,15,Track Maintenance,High,True
INC_000042,TRN_197,Rohini West,2026-03-18 15:25:00,36,Passenger Congestion,Critical,True
INC_000043,TRN_001,Seelampur,2026-03-12 08:50:00,6,Power Failure,Medium,True
INC_000044,TRN_165,Badarpur Border,2026-03-29 20:06:00,38,Passenger Congestion,Critical,True
INC_000045,TRN_067,Kalkaji Mandir,2026-03-06 16:36:00,3,Track Maintenance,Low,True
INC_000046,TRN_094,Dashrathpuri,2026-03-30 20:28:00,44,Signal Failure,Critical,True
INC_000047,TRN_147,Botanical Garden,2026-03-10 12:01:00,11,Power Failure,Medium,True
INC_000048,TRN_154,Jhandewalan,2026-03-23 10:11:00,17,Medical Emergency,High,True
INC_000049,TRN_172,Sector 28,2026-03-22 15:25:00,20,Track Maintenance,High,True
INC_000050,TRN_144,Samaypur Badli,2026-03-04 09:54:00,29,Medical Emergency,High,True
INC_000051,TRN_153,Ramesh Nagar,2026-03-19 12:03:00,6,Medical Emergency,Medium,True
INC_000052,TRN_140,Gokulpuri,2026-03-10 21:05:00,6,Track Maintenance,Medium,True
INC_000053,TRN_066,Moolchand,2026-03-19 10:36:00,10,Passenger Congestion,Medium,True
INC_000054,TRN_123,Panchsheel Park,2026-03-25 09:07:00,35,Power Failure,Critical,True
INC_000055,TRN_053,Jamia Millia Islamia,2026-03-15 06:40:00,16,Door Issue,High,True
INC_000056,TRN_174,Janakpuri West,2026-03-27 08:52:00,3,Medical Emergency,Low,True
INC_000057,TRN_023,Shiv Vihar,2026-03-17 12:27:00,14,Medical Emergency,Medium,True
INC_000058,TRN_076,Sant Surdas (Sihi),2026-03-24 07:47:00,20,Medical Emergency,High,True
INC_000059,TRN_126,Terminal 1 IGI Airport,2026-03-10 08:25:00,43,Passenger Congestion,Critical,True
INC_000060,TRN_043,Green Park,2026-03-08 19:14:00,8,Power Failure,Medium,True
INC_000061,TRN_130,Karkarduma,2026-03-17 18:49:00,19,Passenger Congestion,High,True
INC_000062,TRN_196,Dilli Haat - INA,2026-03-08 20:45:00,11,Passenger Congestion,Medium,True
INC_000063,TRN_064,Mayur Vihar-I,2026-03-28 16:34:00,16,Power Failure,High,True
INC_000064,TRN_162,Mohan Estate,2026-03-16 10:16:00,32,Medical Emergency,Critical,True
INC_000065,TRN_162,Kailash Colony,2026-03-04 17:22:00,20,Power Failure,High,True
INC_000066,TRN_156,Hazrat Nizamuddin,2026-03-15 12:34:00,31,Power Failure,Critical,True
INC_000067,TRN_078,Netaji Subhash Place,2026-03-04 09:56:00,13,Passenger Congestion,Medium,True
INC_000068,TRN_022,Govind Puri,2026-03-04 09:07:00,44,Door Issue,Critical,True
INC_000069,TRN_154,Noida Sector 62,2026-03-07 17:30:00,30,Passenger Congestion,Critical,True
INC_000070,TRN_173,Jhilmil,2026-03-11 11:51:00,23,Passenger Congestion,High,True
INC_000071,TRN_097,Dilli Haat - INA,2026-03-03 16:04:00,29,Passenger Congestion,High,True
INC_000072,TRN_145,Govind Puri,2026-03-06 17:00:00,43,Power Failure,Critical,True
INC_000073,TRN_035,Vishwa Vidyalaya,2026-03-25 07:36:00,18,Door Issue,High,True
INC_000074,TRN_146,Lal Quila,2026-03-02 10:30:00,14,Power Failure,Medium,True
INC_000075,TRN_157,NHPC Chowk,2026-03-07 16:28:00,8,Signal Failure,Medium,True
INC_000076,TRN_059,Dwarka Sector 10,2026-03-08 07:18:00,12,Track Maintenance,Medium,True
INC_000077,TRN_165,Govind Puri,2026-03-17 16:56:00,32,Signal Failure,Critical,True
INC_000078,TRN_002,Seelampur,2026-03-01 22:34:00,5,Power Failure,Medium,True
INC_000079,TRN_171,Welcome,2026-03-10 14:21:00,6,Power Failure,Medium,True
INC_000080,TRN_194,Dilli Haat - INA,2026-03-22 07:10:00,25,Track Maintenance,High,True
INC_000081,TRN_064,Dwarka Sector 8,2026-03-25 12:40:00,39,Power Failure,Critical,True
INC_000082,TRN_080,Shahdara,2026-03-08 21:03:00,5,Signal Failure,Medium,True
INC_000083,TRN_001,Kanhaiya Nagar,2026-03-02 19:57:00,28,Medical Emergency,High,True
INC_000084,TRN_070,ITO,2026-03-24 08:42:00,5,Power Failure,Medium,True
INC_000085,TRN_094,Jamia Millia Islamia,2026-03-05 17:29:00,11,Power Failure,Medium,True
INC_000086,TRN_089,Green Park,2026-03-29 15:36:00,28,Track Maintenance,High,True
INC_000087,TRN_148,Badarpur Border,2026-03-20 08:57:00,6,Signal Failure,Medium,True
INC_000088,TRN_137,Welcome,2026-03-14 13:36:00,30,Medical Emergency,Critical,True
INC_000089,TRN_185,Shalimar Bagh,2026-03-19 22:25:00,40,Door Issue,Critical,True
INC_000090,TRN_151,South Extension,2026-03-02 08:00:00,26,Passenger Congestion,High,True
INC_000091,TRN_070,Lal Quila,2026-03-26 22:00:00,35,Signal Failure,Critical,True
INC_000092,TRN_102,Akshardham,2026-03-29 15:27:00,5,Signal Failure,Medium,False
INC_000093,TRN_067,Jangpura,2026-03-05 16:53:00,41,Medical Emergency,Critical,True
INC_000094,TRN_066,Kashmere Gate,2026-03-30 21:09:00,31,Track Maintenance,Critical,True
INC_000095,TRN_185,Trilokpuri Sanjay Lake,2026-03-09 20:23:00,45,Passenger Congestion,Critical,True
INC_000096,TRN_167,Rohini East,2026-03-22 12:51:00,7,Power Failure,Medium,True
INC_000097,TRN_078,Tis Hazari,2026-03-14 06:41:00,7,Power Failure,Medium,True
INC_000098,TRN_174,Botanical Garden,2026-03-28 18:52:00,20,Power Failure,High,True
INC_000099,TRN_101,Kalkaji Mandir,2026-03-23 17:31:00,26,Power Failure,High,True
INC_000100,TRN_036,Mohan Estate,2026-03-27 21:46:00,26,Door Issue,High,True
INC_000101,TRN_173,Mohan Nagar,2026-03-01 09:30:00,23,Track Maintenance,High,True
INC_000102,TRN_121,Kirti Nagar,2026-03-17 07:40:00,18,Power Failure,High,True
INC_000103,TRN_048,Lok Kalyan Marg,2026-03-11 13:48:00,33,Power Failure,Critical,True
INC_000104,TRN_135,Kalkaji Mandir,2026-03-18 22:50:00,26,Passenger Congestion,High,True
INC_000105,TRN_169,Shahdara,2026-03-26 06:11:00,2,Door Issue,Low,True
INC_000106,TRN_004,East Azad Nagar,2026-03-25 12:15:00,28,Signal Failure,High,True
INC_000107,TRN_068,Palam,2026-03-23 17:42:00,45,Passenger Congestion,Critical,True
INC_000108,TRN_084,GTB Nagar,2026-03-25 13:11:00,16,Power Failure,High,True
INC_000109,TRN_055,Munirka,2026-03-28 08:11:00,43,Signal Failure,Critical,True
INC_000110,TRN_029,Lajpat Nagar,2026-03-07 22:50:00,18,Track Maintenance,High,True
INC_000111,TRN_115,Mayur Vihar-I,2026-03-13 13:47:00,33,Passenger Congestion,Critical,True
INC_000112,TRN_200,Sarojini Nagar,2026-03-30 19:01:00,26,Passenger Congestion,High,True
INC_000113,TRN_015,Karkarduma,2026-03-02 10:08:00,25,Power Failure,High,True
INC_000114,TRN_164,Dwarka Sector 14,2026-03-09 07:27:00,22,Track Maintenance,High,True
INC_000115,TRN_186,Rajouri Garden,2026-03-12 22:29:00,5,Track Maintenance,Medium,True
INC_000116,TRN_138,Janpath,2026-03-29 22:19:00,19,Medical Emergency,High,True
INC_000117,TRN_111,Tilak Nagar,2026-03-16 14:38:00,44,Medical Emergency,Critical,True
INC_000118,TRN_065,Dashrathpuri,2026-03-07 11:53:00,22,Medical Emergency,High,True
INC_000119,TRN_055,Sadar Bazar Cantonment,2026-03-03 14:49:00,25,Medical Emergency,High,True
INC_000120,TRN_175,Jahangirpuri,2026-03-12 20:06:00,7,Track Maintenance,Medium,True
INC_000121,TRN_097,"Rohini Sector 18, 19",2026-03-06 09:57:00,13,Power Failure,Medium,True
INC_000122,TRN_133,Rajiv Chowk,2026-03-11 09:11:00,36,Door Issue,Critical,True
INC_000123,TRN_076,Mohan Estate,2026-03-01 22:57:00,7,Power Failure,Medium,True
INC_000124,TRN_170,Shaheed Nagar,2026-03-27 17:16:00,29,Passenger Congestion,High,True
INC_000125,TRN_021,Hauz Khas,2026-03-21 17:47:00,39,Signal Failure,Critical,True
INC_000126,TRN_064,Noida Sector 18,2026-03-20 13:08:00,7,Medical Emergency,Medium,True
INC_000127,TRN_087,Dilshad Garden,2026-03-20 10:32:00,19,Medical Emergency,High,False
INC_000128,TRN_183,Haiderpur Badli Mor,2026-03-02 19:18:00,21,Track Maintenance,High,True
INC_000129,TRN_083,Kanhaiya Nagar,2026-03-17 10:15:00,41,Track Maintenance,Critical,True
INC_000130,TRN_025,Model Town,2026-03-14 16:22:00,2,Signal Failure,Low,True
INC_000131,TRN_021,Hauz Khas,2026-03-23 15:47:00,34,Door Issue,Critical,True
INC_000132,TRN_058,Shaheed Nagar,2026-03-07 07:52:00,34,Track Maintenance,Critical,True
INC_000133,TRN_168,Maujpur - Babarpur,2026-03-17 06:24:00,39,Passenger Congestion,Critical,True
INC_000134,TRN_033,Keshav Puram,2026-03-30 21:59:00,45,Door Issue,Critical,True
INC_000135,TRN_154,Rajiv Chowk,2026-03-04 10:25:00,42,Door Issue,Critical,True
INC_000136,TRN_024,Chawri Bazar,2026-03-07 13:56:00,41,Door Issue,Critical,True
INC_000137,TRN_199,Sadar Bazar Cantonment,2026-03-03 11:21:00,33,Door Issue,Critical,True
INC_000138,TRN_031,Okhla Bird Sanctuary,2026-03-26 19:46:00,40,Medical Emergency,Critical,True
INC_000139,TRN_025,IFFCO Chowk,2026-03-08 13:16:00,30,Signal Failure,Critical,True
INC_000140,TRN_075,Okhla NSIC,2026-03-27 09:34:00,33,Signal Failure,Critical,True
INC_000141,TRN_118,Ashram,2026-03-21 13:24:00,41,Door Issue,Critical,True
INC_000142,TRN_127,Tagore Garden,2026-03-08 14:00:00,5,Door Issue,Medium,True
INC_000143,TRN_193,Shastri Nagar,2026-03-21 06:14:00,10,Track Maintenance,Medium,True
INC_000144,TRN_150,Shiv Vihar,2026-03-05 09:17:00,30,Passenger Congestion,Critical,True
INC_000145,TRN_052,Kalkaji Mandir,2026-03-17 20:57:00,14,Signal Failure,Medium,True
INC_000146,TRN_192,Jawaharlal Nehru Stadium,2026-03-10 13:05:00,29,Passenger Congestion,High,True
INC_000147,TRN_095,Mandi House,2026-03-04 08:50:00,31,Track Maintenance,Critical,True
INC_000148,TRN_068,Chirag Delhi,2026-03-22 13:28:00,43,Door Issue,Critical,True
INC_000149,TRN_114,"Rohini Sector 18, 19",2026-03-30 19:09:00,5,Power Failure,Medium,True
INC_000150,TRN_113,Shastri Park,2026-03-25 15:23:00,28,Signal Failure,High,True
INC_000151,TRN_030,Inderlok,2026-03-19 13:30:00,40,Power Failure,Critical,True
INC_000152,TRN_136,Khan Market,2026-03-04 08:07:00,41,Door Issue,Critical,True
INC_000153,TRN_097,Dilli Haat - INA,2026-03-22 20:15:00,9,Track Maintenance,Medium,True
INC_000154,TRN_110,Dilli Haat - INA,2026-03-14 18:43:00,30,Power Failure,Critical,True
INC_000155,TRN_056,Nehru Place,2026-03-30 06:51:00,17,Power Failure,High,True
INC_000156,TRN_195,Jasola Vihar Shaheen Bagh,2026-03-03 21:16:00,4,Door Issue,Low,True
INC_000157,TRN_088,Jama Masjid,2026-03-23 10:51:00,22,Door Issue,High,True
INC_000158,TRN_172,Badarpur Border,2026-03-07 12:46:00,15,Power Failure,High,True
INC_000159,TRN_050,Panchsheel Park,2026-03-02 07:51:00,3,Medical Emergency,Low,True
INC_000160,TRN_050,Vasant Vihar,2026-03-07 21:07:00,18,Track Maintenance,High,True
INC_000161,TRN_029,Lajpat Nagar,2026-03-14 19:32:00,43,Passenger Congestion,Critical,True
INC_000162,TRN_148,Badarpur Border,2026-03-14 18:09:00,6,Door Issue,Medium,True
INC_000163,TRN_104,South Extension,2026-03-30 12:31:00,18,Track Maintenance,High,True
INC_000164,TRN_039,Patel Chowk,2026-03-11 18:06:00,32,Power Failure,Critical,True
INC_000165,TRN_109,Azadpur,2026-03-10 18:46:00,23,Door Issue,High,True
INC_000166,TRN_011,Adarsh Nagar,2026-03-07 17:36:00,15,Track Maintenance,High,True
INC_000167,TRN_183,Qutab Minar,2026-03-18 12:45:00,35,Medical Emergency,Critical,True
INC_000168,TRN_109,Central Secretariat,2026-03-23 18:58:00,27,Track Maintenance,High,True
INC_000169,TRN_162,Central Secretariat,2026-03-19 06:20:00,45,Passenger Congestion,Critical,True
INC_000170,TRN_089,Jahangirpuri,2026-03-02 18:08:00,18,Track Maintenance,High,True
INC_000171,TRN_022,Badarpur Border,2026-03-15 11:41:00,40,Passenger Congestion,Critical,True
INC_000172,TRN_077,Seelampur,2026-03-02 15:17:00,31,Track Maintenance,Critical,True
INC_000173,TRN_024,Kashmere Gate,2026-03-17 13:21:00,12,Power Failure,Medium,True
INC_000174,TRN_039,Civil Lines,2026-03-25 12:38:00,33,Passenger Congestion,Critical,True
INC_000175,TRN_085,Jawaharlal Nehru Stadium,2026-03-16 16:43:00,44,Power Failure,Critical,True
INC_000176,TRN_198,Noida Sector 16,2026-03-18 12:21:00,27,Medical Emergency,High,True
INC_000177,TRN_138,Jangpura,2026-03-05 18:32:00,41,Passenger Congestion,Critical,True
INC_000178,TRN_158,Panchsheel Park,2026-03-26 11:32:00,11,Medical Emergency,Medium,True
INC_000179,TRN_183,GTB Nagar,2026-03-13 14:25:00,28,Medical Emergency,High,True
INC_000180,TRN_151,Hazrat Nizamuddin,2026-03-14 20:06:00,30,Signal Failure,Critical,True
INC_000181,TRN_118,Majlis Park,2026-03-04 08:36:00,11,Signal Failure,Medium,True
INC_000182,TRN_105,Rajouri Garden,2026-03-28 14:32:00,41,Signal Failure,Critical,True
INC_000183,TRN_151,East Azad Nagar,2026-03-19 11:01:00,33,Door Issue,Critical,True
INC_000184,TRN_197,Kanhaiya Nagar,2026-03-03 19:55:00,45,Passenger Congestion,Critical,True
INC_000185,TRN_041,Shakurpur,2026-03-15 20:16:00,36,Passenger Congestion,Critical,True
INC_000186,TRN_151,Shalimar Bagh,2026-03-29 11:35:00,17,Door Issue,High,True
INC_000187,TRN_001,Mohan Nagar,2026-03-07 08:51:00,5,Medical Emergency,Medium,True
INC_000188,TRN_121,Noida Sector 18,2026-03-14 06:03:00,25,Track Maintenance,High,True
INC_000189,TRN_028,Karol Bagh,2026-03-15 17:48:00,41,Signal Failure,Critical,True
INC_000190,TRN_019,Noida Electronic City,2026-03-30 12:03:00,30,Door Issue,Critical,True
INC_000191,TRN_034,Kanhaiya Nagar,2026-03-04 07:33:00,15,Medical Emergency,High,True
INC_000192,TRN_077,Shyam Park,2026-03-04 14:23:00,43,Track Maintenance,Critical,True
INC_000193,TRN_144,Arjan Garh,2026-03-30 15:44:00,31,Power Failure,Critical,True
INC_000194,TRN_094,Jamia Millia Islamia,2026-03-25 19:26:00,16,Door Issue,High,True
INC_000195,TRN_039,Jor Bagh,2026-03-23 12:31:00,19,Passenger Congestion,High,True
INC_000196,TRN_049,Noida Sector 62,2026-03-05 18:39:00,28,Signal Failure,High,True
INC_000197,TRN_079,New Delhi,2026-03-20 17:05:00,2,Track Maintenance,Low,True
INC_000198,TRN_065,Botanical Garden,2026-03-05 17:31:00,31,Power Failure,Critical,True
INC_000199,TRN_089,AIIMS,2026-03-26 15:28:00,11,Passenger Congestion,Medium,True
INC_000200,TRN_131,Sant Surdas (Sihi),2026-03-07 20:56:00,44,Passenger Congestion,Critical,False
INC_000201,TRN_098,ESI Basaidarapur,2026-03-15 06:05:00,28,Door Issue,High,True
INC_000202,TRN_053,Kalindi Kunj,2026-03-09 08:01:00,7,Door Issue,Medium,True
INC_000203,TRN_189,Okhla Bird Sanctuary,2026-03-13 16:09:00,21,Passenger Congestion,High,True
INC_000204,TRN_127,Moti Nagar,2026-03-15 15:52:00,27,Passenger Congestion,High,True
INC_000205,TRN_078,Keshav Puram,2026-03-20 15:26:00,11,Door Issue,Medium,True
INC_000206,TRN_108,Supreme Court,2026-03-14 08:55:00,12,Passenger Congestion,Medium,False
INC_000207,TRN_028,Akshardham,2026-03-22 14:55:00,36,Power Failure,Critical,True
INC_000208,TRN_184,Shastri Nagar,2026-03-16 08:38:00,15,Track Maintenance,High,True
INC_000209,TRN_134,Delhi Gate,2026-03-12 13:50:00,17,Door Issue,High,True
INC_000210,TRN_011,"Rohini Sector 18, 19",2026-03-08 10:25:00,18,Track Maintenance,High,True
INC_000211,TRN_034,Mansarovar Park,2026-03-26 12:50:00,23,Power Failure,High,True
INC_000212,TRN_066,Mewala Maharajpur,2026-03-29 06:51:00,41,Door Issue,Critical,True
INC_000213,TRN_030,Rithala,2026-03-05 18:49:00,28,Signal Failure,High,True
INC_000214,TRN_020,Maujpur - Babarpur,2026-03-06 16:22:00,10,Passenger Congestion,Medium,True
INC_000215,TRN_060,Pitampura,2026-03-03 10:04:00,25,Track Maintenance,High,True
INC_000216,TRN_033,Shastri Park,2026-03-01 19:39:00,23,Signal Failure,High,True
INC_000217,TRN_079,Green Park,2026-03-03 12:31:00,38,Power Failure,Critical,True
INC_000218,TRN_124,Kohat Enclave,2026-03-06 21:30:00,35,Medical Emergency,Critical,True
INC_000219,TRN_164,Moti Nagar,2026-03-24 11:10:00,16,Track Maintenance,High,True
INC_000220,TRN_073,Kailash Colony,2026-03-30 13:10:00,44,Signal Failure,Critical,True
INC_000221,TRN_032,Sikanderpur,2026-03-23 22:29:00,21,Track Maintenance,High,False
INC_000222,TRN_185,Delhi Cantt,2026-03-26 06:44:00,31,Door Issue,Critical,True
INC_000223,TRN_196,Shalimar Bagh,2026-03-02 20:14:00,15,Signal Failure,High,True
INC_000224,TRN_143,Chhattarpur,2026-03-28 16:00:00,26,Door Issue,High,True
INC_000225,TRN_062,Shaheed Nagar,2026-03-02 11:20:00,13,Medical Emergency,Medium,True
INC_000226,TRN_136,Lajpat Nagar,2026-03-29 08:54:00,44,Power Failure,Critical,True
INC_000227,TRN_172,Bata Chowk,2026-03-04 13:19:00,43,Power Failure,Critical,True
INC_000228,TRN_008,Okhla NSIC,2026-03-10 22:20:00,19,Medical Emergency,High,True
INC_000229,TRN_027,South Extension,2026-03-17 19:10:00,7,Track Maintenance,Medium,True
INC_000230,TRN_075,Okhla NSIC,2026-03-30 12:59:00,7,Power Failure,Medium,True
INC_000231,TRN_101,Sant Surdas (Sihi),2026-03-08 21:46:00,40,Passenger Congestion,Critical,True
INC_000232,TRN_063,Munirka,2026-03-22 08:02:00,5,Medical Emergency,Medium,True
INC_000233,TRN_152,Rajendra Place,2026-03-21 16:17:00,13,Power Failure,Medium,True
INC_000234,TRN_142,Pul Bangash,2026-03-21 15:44:00,32,Medical Emergency,Critical,True
INC_000235,TRN_052,Jama Masjid,2026-03-29 19:27:00,25,Power Failure,High,True
INC_000236,TRN_146,Jasola Apollo,2026-03-03 11:54:00,32,Power Failure,Critical,True
INC_000237,TRN_124,Shastri Nagar,2026-03-04 12:50:00,23,Signal Failure,High,True
INC_000238,TRN_078,Seelampur,2026-03-13 19:12:00,14,Signal Failure,Medium,True
INC_000239,TRN_024,Jor Bagh,2026-03-28 17:49:00,3,Signal Failure,Low,True
INC_000240,TRN_151,Ashram,2026-03-20 06:05:00,31,Track Maintenance,Critical,True
INC_000241,TRN_074,Central Secretariat,2026-03-17 09:19:00,14,Signal Failure,Medium,True
INC_000242,TRN_080,Shaheed Nagar,2026-03-11 14:53:00,24,Signal Failure,High,True
INC_000243,TRN_015,Majlis Park,2026-03-27 09:48:00,21,Medical Emergency,High,True
INC_000244,TRN_086,Janpath,2026-03-15 13:42:00,23,Power Failure,High,True
INC_000245,TRN_152,Tagore Garden,2026-03-02 20:29:00,32,Track Maintenance,Critical,True
INC_000246,TRN_171,Hindon River,2026-03-14 17:13:00,40,Medical Emergency,Critical,True
INC_000247,TRN_176,Dwarka Sector 12,2026-03-29 20:56:00,10,Power Failure,Medium,True
INC_000248,TRN_011,Dilli Haat - INA,2026-03-04 18:37:00,29,Medical Emergency,High,True
INC_000249,TRN_036,Sant Surdas (Sihi),2026-03-09 16:33:00,42,Passenger Congestion,Critical,True
INC_000250,TRN_185,Sarojini Nagar,2026-03-30 22:16:00,32,Signal Failure,Critical,True
INC_000251,TRN_075,Munirka,2026-03-05 19:35:00,3,Passenger Congestion,Low,True
INC_000252,TRN_144,Rajiv Chowk,2026-03-07 14:28:00,41,Passenger Congestion,Critical,False
INC_000253,TRN_173,Hindon River,2026-03-03 09:15:00,25,Passenger Congestion,High,True
INC_000254,TRN_183,Chhattarpur,2026-03-22 08:31:00,35,Door Issue,Critical,False
INC_000255,TRN_109,Malviya Nagar,2026-03-18 12:45:00,11,Medical Emergency,Medium,True
INC_000256,TRN_191,Dilli Haat - INA,2026-03-02 08:45:00,24,Medical Emergency,High,True
INC_000257,TRN_136,Central Secretariat,2026-03-10 12:48:00,23,Passenger Congestion,High,True
INC_000258,TRN_052,Mohan Estate,2026-03-16 15:35:00,43,Medical Emergency,Critical,True
INC_000259,TRN_140,Majlis Park,2026-03-27 07:20:00,5,Passenger Congestion,Medium,True
INC_000260,TRN_148,Mandi House,2026-03-07 20:49:00,3,Signal Failure,Low,True
INC_000261,TRN_091,Okhla Bird Sanctuary,2026-03-16 13:38:00,34,Power Failure,Critical,True
INC_000262,TRN_112,Barakhamba Road,2026-03-15 10:21:00,44,Signal Failure,Critical,True
INC_000263,TRN_009,Dilshad Garden,2026-03-01 22:39:00,41,Track Maintenance,Critical,True
INC_000264,TRN_109,Chandni Chowk,2026-03-04 18:30:00,22,Track Maintenance,High,True
INC_000265,TRN_029,Sarojini Nagar,2026-03-17 11:02:00,36,Medical Emergency,Critical,True
INC_000266,TRN_168,Mayur Vihar Pocket 1,2026-03-14 21:51:00,40,Signal Failure,Critical,True
INC_000267,TRN_014,Chawri Bazar,2026-03-22 13:45:00,38,Door Issue,Critical,True
INC_000268,TRN_190,Lok Kalyan Marg,2026-03-21 20:27:00,40,Passenger Congestion,Critical,True
INC_000269,TRN_167,Inderlok,2026-03-24 17:18:00,39,Signal Failure,Critical,True
INC_000270,TRN_056,Badarpur Border,2026-03-11 19:56:00,26,Power Failure,High,True
INC_000271,TRN_084,IFFCO Chowk,2026-03-14 21:35:00,28,Track Maintenance,High,True
INC_000272,TRN_005,Vidhan Sabha,2026-03-13 10:27:00,42,Passenger Congestion,Critical,False
INC_000273,TRN_151,Sir M. Vishveshwaraya Moti Bagh,2026-03-28 11:46:00,28,Passenger Congestion,High,True
INC_000274,TRN_184,Shyam Park,2026-03-19 09:03:00,22,Door Issue,High,True
INC_000275,TRN_173,Mansarovar Park,2026-03-26 07:45:00,37,Signal Failure,Critical,False
INC_000276,TRN_005,Samaypur Badli,2026-03-18 21:31:00,14,Passenger Congestion,Medium,True
INC_000277,TRN_037,Jahangirpuri,2026-03-19 07:35:00,20,Signal Failure,High,True
INC_000278,TRN_090,Nehru Place,2026-03-23 15:14:00,33,Passenger Congestion,Critical,True
INC_000279,TRN_067,Escorts Mujesar,2026-03-19 17:48:00,29,Track Maintenance,High,True
INC_000280,TRN_050,Sadar Bazar Cantonment,2026-03-03 10:14:00,2,Passenger Congestion,Low,True
INC_000281,TRN_180,Shastri Nagar,2026-03-11 11:24:00,13,Track Maintenance,Medium,True
INC_000282,TRN_090,Sector 28,2026-03-13 09:16:00,39,Power Failure,Critical,True
INC_000283,TRN_096,Trilokpuri Sanjay Lake,2026-03-04 15:29:00,2,Passenger Congestion,Low,True
INC_000284,TRN_148,Jangpura,2026-03-17 11:37:00,25,Track Maintenance,High,True
INC_000285,TRN_101,Escorts Mujesar,2026-03-03 09:24:00,32,Signal Failure,Critical,True
INC_000286,TRN_051,Netaji Subhash Place,2026-03-30 09:10:00,37,Door Issue,Critical,True
INC_000287,TRN_162,Lajpat Nagar,2026-03-04 10:40:00,27,Door Issue,High,True
INC_000288,TRN_043,IFFCO Chowk,2026-03-22 14:51:00,44,Track Maintenance,Critical,True
INC_000289,TRN_056,Kailash Colony,2026-03-27 13:10:00,4,Power Failure,Low,True
INC_000290,TRN_177,Munirka,2026-03-26 14:44:00,27,Power Failure,High,True
INC_000291,TRN_001,Pitampura,2026-03-20 08:27:00,26,Door Issue,High,True
INC_000292,TRN_139,Okhla NSIC,2026-03-11 21:40:00,20,Signal Failure,High,True
INC_000293,TRN_159,Shankar Vihar,2026-03-02 20:09:00,42,Power Failure,Critical,True
INC_000294,TRN_133,Model Town,2026-03-16 15:37:00,25,Power Failure,High,True
INC_000295,TRN_122,Badarpur Border,2026-03-26 08:55:00,3,Medical Emergency,Low,True
INC_000296,TRN_058,Seelampur,2026-03-29 13:39:00,6,Medical Emergency,Medium,True
INC_000297,TRN_007,Inderlok,2026-03-23 18:24:00,6,Power Failure,Medium,True
INC_000298,TRN_168,Anand Vihar ISBT,2026-03-27 12:35:00,29,Medical Emergency,High,True
INC_000299,TRN_141,Mohan Estate,2026-03-22 20:57:00,39,Power Failure,Critical,True
INC_000300,TRN_042,Uttam Nagar,2026-03-17 11:49:00,27,Signal Failure,High,True
INC_000301,TRN_068,Chirag Delhi,2026-03-29 06:12:00,22,Door Issue,High,True
INC_000302,TRN_054,ESI Basaidarapur,2026-03-29 13:42:00,19,Door Issue,High,True
INC_000303,TRN_133,Model Town,2026-03-01 19:40:00,36,Track Maintenance,Critical,True
INC_000304,TRN_034,Kohat Enclave,2026-03-29 07:45:00,33,Passenger Congestion,Critical,True
INC_000305,TRN_043,Arjan Garh,2026-03-17 06:15:00,26,Passenger Congestion,High,True
INC_000306,TRN_184,Seelampur,2026-03-24 09:47:00,31,Signal Failure,Critical,True
INC_000307,TRN_165,Raja Nahar Singh,2026-03-22 15:01:00,33,Signal Failure,Critical,True
INC_000308,TRN_144,Green Park,2026-03-01 18:24:00,35,Power Failure,Critical,True
INC_000309,TRN_170,Dilshad Garden,2026-03-01 12:15:00,39,Track Maintenance,Critical,True
INC_000310,TRN_093,Nehru Enclave,2026-03-22 17:02:00,42,Signal Failure,Critical,True
INC_000311,TRN_149,Dashrathpuri,2026-03-05 21:46:00,33,Door Issue,Critical,False
INC_000312,TRN_154,Noida Sector 52,2026-03-10 21:56:00,35,Medical Emergency,Critical,False
INC_000313,TRN_063,Kalkaji Mandir,2026-03-10 13:13:00,10,Track Maintenance,Medium,True
INC_000314,TRN_107,Lajpat Nagar,2026-03-18 16:01:00,45,Door Issue,Critical,True
INC_000315,TRN_025,Hauz Khas,2026-03-15 14:50:00,2,Track Maintenance,Low,True
INC_000316,TRN_076,Kailash Colony,2026-03-05 13:12:00,20,Passenger Congestion,High,True
INC_000317,TRN_022,Kailash Colony,2026-03-24 17:13:00,27,Medical Emergency,High,True
INC_000318,TRN_174,Chirag Delhi,2026-03-12 08:47:00,20,Track Maintenance,High,True
INC_000319,TRN_194,Chandni Chowk,2026-03-19 17:14:00,23,Door Issue,High,True
INC_000320,TRN_039,Chhattarpur,2026-03-14 08:09:00,28,Door Issue,High,True
INC_000321,TRN_160,AIIMS,2026-03-11 14:45:00,44,Track Maintenance,Critical,True
INC_000322,TRN_134,Harkesh Nagar Okhla,2026-03-03 21:26:00,31,Medical Emergency,Critical,True
INC_000323,TRN_072,Rajiv Chowk,2026-03-17 11:14:00,32,Power Failure,Critical,True
INC_000324,TRN_030,Seelampur,2026-03-04 19:09:00,45,Signal Failure,Critical,True
INC_000325,TRN_024,Jor Bagh,2026-03-17 11:08:00,15,Track Maintenance,High,True
INC_000326,TRN_074,Badarpur Border,2026-03-11 13:31:00,33,Passenger Congestion,Critical,True
INC_000327,TRN_166,Shankar Vihar,2026-03-20 19:16:00,9,Passenger Congestion,Medium,True
INC_000328,TRN_191,East Vinod Nagar - Mayur Vihar-II,2026-03-11 08:19:00,29,Track Maintenance,High,True
INC_000329,TRN_086,Harkesh Nagar Okhla,2026-03-07 15:21:00,11,Passenger Congestion,Medium,True
INC_000330,TRN_032,Central Secretariat,2026-03-13 07:00:00,24,Door Issue,High,True
INC_000331,TRN_060,Jhilmil,2026-03-06 21:12:00,5,Signal Failure,Medium,True
INC_000332,TRN_150,Mandawali - West Vinod Nagar,2026-03-12 16:54:00,41,Track Maintenance,Critical,True
INC_000333,TRN_006,Vinobapuri,2026-03-07 16:23:00,6,Door Issue,Medium,True
INC_000334,TRN_116,Rajouri Garden,2026-03-17 16:04:00,11,Power Failure,Medium,False
INC_000335,TRN_157,Central Secretariat,2026-03-05 13:11:00,41,Passenger Congestion,Critical,True
INC_000336,TRN_099,NHPC Chowk,2026-03-07 18:40:00,25,Passenger Congestion,High,True
INC_000337,TRN_046,Kashmere Gate,2026-03-04 11:18:00,9,Power Failure,Medium,True
INC_000338,TRN_064,Botanical Garden,2026-03-25 20:34:00,12,Medical Emergency,Medium,True
INC_000339,TRN_004,Punjabi Bagh West,2026-03-19 17:02:00,13,Track Maintenance,Medium,True
INC_000340,TRN_012,Shaheed Nagar,2026-03-07 21:39:00,32,Track Maintenance,Critical,False
INC_000341,TRN_164,Shadipur,2026-03-20 07:59:00,2,Medical Emergency,Low,True
INC_000342,TRN_101,Sarai,2026-03-08 13:41:00,38,Door Issue,Critical,True
INC_000343,TRN_055,Munirka,2026-03-23 17:32:00,8,Passenger Congestion,Medium,False
INC_000344,TRN_139,Botanical Garden,2026-03-19 11:53:00,36,Signal Failure,Critical,True
INC_000345,TRN_082,Harkesh Nagar Okhla,2026-03-13 11:30:00,45,Door Issue,Critical,True
INC_000346,TRN_172,Kalkaji Mandir,2026-03-04 16:08:00,37,Door Issue,Critical,True
INC_000347,TRN_150,Durgabai Deshmukh South Campus,2026-03-02 22:37:00,6,Power Failure,Medium,True
INC_000348,TRN_036,Escorts Mujesar,2026-03-28 06:53:00,4,Medical Emergency,Low,True
INC_000349,TRN_091,Shankar Vihar,2026-03-09 20:29:00,19,Medical Emergency,High,True
INC_000350,TRN_115,Rajouri Garden,2026-03-04 08:45:00,32,Passenger Congestion,Critical,True
INC_000351,TRN_165,Kashmere Gate,2026-03-29 22:00:00,16,Door Issue,High,True
INC_000352,TRN_105,Dwarka Mor,2026-03-30 15:16:00,18,Signal Failure,High,True
INC_000353,TRN_079,New Delhi,2026-03-02 17:15:00,10,Signal Failure,Medium,False
INC_000354,TRN_056,Harkesh Nagar Okhla,2026-03-25 21:02:00,4,Passenger Congestion,Low,True
INC_000355,TRN_094,Jamia Millia Islamia,2026-03-23 20:28:00,32,Door Issue,Critical,True
INC_000356,TRN_104,Krishna Nagar,2026-03-29 16:29:00,37,Passenger Congestion,Critical,True
INC_000357,TRN_176,Golf Course,2026-03-02 09:14:00,30,Door Issue,Critical,True
INC_000358,TRN_066,Kashmere Gate,2026-03-19 08:26:00,23,Medical Emergency,High,True
INC_000359,TRN_179,Dwarka Sector 9,2026-03-28 09:02:00,6,Signal Failure,Medium,True
INC_000360,TRN_046,Rohini East,2026-03-29 14:26:00,25,Signal Failure,High,True
INC_000361,TRN_111,Dwarka Sector 14,2026-03-03 20:07:00,17,Medical Emergency,High,True
INC_000362,TRN_091,Dabri Mor - Janakpuri South,2026-03-10 14:29:00,34,Signal Failure,Critical,True
INC_000363,TRN_060,Tis Hazari,2026-03-24 17:43:00,9,Signal Failure,Medium,True
INC_000364,TRN_104,IP Extension,2026-03-14 21:19:00,28,Door Issue,High,True
INC_000365,TRN_134,Jangpura,2026-03-10 14:52:00,21,Track Maintenance,High,True
INC_000366,TRN_028,Uttam Nagar East,2026-03-08 14:58:00,11,Passenger Congestion,Medium,False
INC_000367,TRN_084,Green Park,2026-03-03 14:14:00,10,Track Maintenance,Medium,True
INC_000368,TRN_170,Raj Bagh,2026-03-25 11:10:00,44,Door Issue,Critical,True
INC_000369,TRN_012,Rohini East,2026-03-25 07:43:00,23,Door Issue,High,True
INC_000370,TRN_169,Hindon River,2026-03-29 17:24:00,14,Signal Failure,Medium,True
INC_000371,TRN_105,Supreme Court,2026-03-18 10:18:00,40,Track Maintenance,Critical,True
INC_000372,TRN_168,Delhi Cantt,2026-03-01 19:24:00,25,Medical Emergency,High,True
INC_000373,TRN_169,Rohini West,2026-03-08 15:05:00,26,Passenger Congestion,High,True
INC_000374,TRN_194,Central Secretariat,2026-03-22 16:51:00,31,Track Maintenance,Critical,True
INC_000375,TRN_038,Shastri Nagar,2026-03-07 17:34:00,19,Medical Emergency,High,True
INC_000376,TRN_156,Delhi Cantt,2026-03-09 11:31:00,38,Signal Failure,Critical,True
INC_000377,TRN_056,Bata Chowk,2026-03-23 09:49:00,26,Signal Failure,High,True
INC_000378,TRN_004,Mayur Vihar Pocket 1,2026-03-09 08:59:00,13,Door Issue,Medium,True
INC_000379,TRN_013,Vidhan Sabha,2026-03-25 21:07:00,32,Medical Emergency,Critical,True
INC_000380,TRN_034,Tis Hazari,2026-03-07 15:51:00,7,Track Maintenance,Medium,True
INC_000381,TRN_017,Lal Quila,2026-03-02 20:20:00,27,Signal Failure,High,True
INC_000382,TRN_004,Johri Enclave,2026-03-26 11:39:00,18,Medical Emergency,High,True
INC_000383,TRN_012,Shaheed Sthal,2026-03-28 16:33:00,9,Signal Failure,Medium,True
INC_000384,TRN_177,Dashrathpuri,2026-03-01 13:19:00,10,Track Maintenance,Medium,False
INC_000385,TRN_149,Vasant Vihar,2026-03-11 10:24:00,27,Signal Failure,High,True
INC_000386,TRN_012,Shaheed Sthal,2026-03-25 20:57:00,11,Power Failure,Medium,True
INC_000387,TRN_041,Shakurpur,2026-03-10 20:57:00,30,Passenger Congestion,Critical,True
INC_000388,TRN_100,Rohini West,2026-03-24 15:08:00,31,Passenger Congestion,Critical,True
INC_000389,TRN_006,Mandawali - West Vinod Nagar,2026-03-12 13:09:00,16,Signal Failure,High,True
INC_000390,TRN_106,Jafrabad,2026-03-15 17:15:00,22,Track Maintenance,High,True
INC_000391,TRN_062,Mansarovar Park,2026-03-24 06:59:00,17,Passenger Congestion,High,True
INC_000392,TRN_034,Shyam Park,2026-03-01 07:14:00,2,Power Failure,Low,True
INC_000393,TRN_136,Badarpur Border,2026-03-18 09:02:00,27,Power Failure,High,True
INC_000394,TRN_139,Kalkaji Mandir,2026-03-14 18:27:00,2,Track Maintenance,Low,True
INC_000395,TRN_120,Sadar Bazar Cantonment,2026-03-28 16:44:00,40,Signal Failure,Critical,True
INC_000396,TRN_150,Azadpur,2026-03-25 21:59:00,20,Track Maintenance,High,True
INC_000397,TRN_003,Gokulpuri,2026-03-23 14:13:00,41,Passenger Congestion,Critical,True
INC_000398,TRN_155,Rithala,2026-03-11 08:40:00,14,Door Issue,Medium,True
INC_000399,TRN_148,Badarpur Border,2026-03-15 06:42:00,8,Signal Failure,Medium,True
INC_000400,TRN_164,Rajiv Chowk,2026-03-23 16:56:00,3,Power Failure,Low,True
INC_000401,TRN_131,Kalkaji Mandir,2026-03-02 22:05:00,13,Passenger Congestion,Medium,True
INC_000402,TRN_197,Shyam Park,2026-03-22 15:44:00,4,Door Issue,Low,True
INC_000403,TRN_009,Kohat Enclave,2026-03-30 08:37:00,27,Power Failure,High,True
INC_000404,TRN_030,Tis Hazari,2026-03-28 12:22:00,13,Door Issue,Medium,True
INC_000405,TRN_040,Okhla Vihar,2026-03-17 06:39:00,3,Power Failure,Low,True
INC_000406,TRN_051,Keshav Puram,2026-03-20 22:05:00,12,Door Issue,Medium,True
INC_000407,TRN_188,Central Secretariat,2026-03-04 21:34:00,26,Door Issue,High,True
INC_000408,TRN_197,Rohini East,2026-03-15 21:18:00,41,Track Maintenance,Critical,True
INC_000409,TRN_181,Johri Enclave,2026-03-15 07:36:00,29,Power Failure,High,True
INC_000410,TRN_006,Maujpur - Babarpur,2026-03-24 19:12:00,32,Track Maintenance,Critical,True
INC_000411,TRN_138,Moolchand,2026-03-12 09:20:00,45,Medical Emergency,Critical,True
INC_000412,TRN_053,Chirag Delhi,2026-03-26 12:29:00,21,Track Maintenance,High,False
INC_000413,TRN_171,Hindon River,2026-03-15 15:48:00,36,Power Failure,Critical,True
INC_000414,TRN_039,Guru Dronacharya,2026-03-03 12:42:00,14,Passenger Congestion,Medium,True
INC_000415,TRN_170,Keshav Puram,2026-03-21 19:35:00,37,Track Maintenance,Critical,True
INC_000416,TRN_183,IFFCO Chowk,2026-03-17 17:00:00,34,Medical Emergency,Critical,True
INC_000417,TRN_123,Shankar Vihar,2026-03-21 14:41:00,15,Passenger Congestion,High,True
INC_000418,TRN_129,Sultanpur,2026-03-14 09:09:00,27,Track Maintenance,High,True
INC_000419,TRN_088,Harkesh Nagar Okhla,2026-03-27 06:16:00,5,Passenger Congestion,Medium,True
INC_000420,TRN_188,Chhattarpur,2026-03-02 17:57:00,44,Medical Emergency,Critical,True
INC_000421,TRN_156,Anand Vihar ISBT,2026-03-07 08:22:00,45,Signal Failure,Critical,True
INC_000422,TRN_074,Lajpat Nagar,2026-03-18 10:18:00,25,Track Maintenance,High,True
INC_000423,TRN_016,Netaji Subhash Place,2026-03-14 21:30:00,27,Track Maintenance,High,True
INC_000424,TRN_190,Adarsh Nagar,2026-03-10 08:34:00,38,Passenger Congestion,Critical,True
INC_000425,TRN_183,Vishwa Vidyalaya,2026-03-30 10:36:00,8,Signal Failure,Medium,True
INC_000426,TRN_086,Jawaharlal Nehru Stadium,2026-03-18 12:24:00,27,Power Failure,High,True
INC_000427,TRN_074,Jama Masjid,2026-03-09 12:56:00,19,Passenger Congestion,High,True
INC_000428,TRN_015,Johri Enclave,2026-03-18 10:45:00,31,Signal Failure,Critical,True
INC_000429,TRN_006,South Extension,2026-03-27 09:48:00,11,Track Maintenance,Medium,True
INC_000430,TRN_011,Arjan Garh,2026-03-01 13:35:00,40,Track Maintenance,Critical,True
INC_000431,TRN_113,Mansarovar Park,2026-03-25 19:32:00,5,Power Failure,Medium,True
INC_000432,TRN_007,Jhilmil,2026-03-03 07:45:00,8,Passenger Congestion,Medium,True
INC_000433,TRN_172,Raja Nahar Singh,2026-03-20 07:49:00,19,Track Maintenance,High,True
INC_000434,TRN_050,Janakpuri West,2026-03-18 10:35:00,13,Power Failure,Medium,False
INC_000435,TRN_124,Kohat Enclave,2026-03-13 22:13:00,19,Passenger Congestion,High,True
INC_000436,TRN_167,Pratap Nagar,2026-03-12 15:18:00,41,Power Failure,Critical,True
INC_000437,TRN_133,"Rohini Sector 18, 19",2026-03-27 11:38:00,14,Power Failure,Medium,True
INC_000438,TRN_131,Tughlakabad,2026-03-17 14:23:00,37,Passenger Congestion,Critical,False
INC_000439,TRN_120,Munirka,2026-03-09 15:34:00,5,Track Maintenance,Medium,True
INC_000440,TRN_149,Hauz Khas,2026-03-22 08:39:00,35,Power Failure,Critical,True
INC_000441,TRN_168,Majlis Park,2026-03-06 11:52:00,31,Medical Emergency,Critical,True
INC_000442,TRN_192,Old Faridabad,2026-03-18 13:17:00,10,Power Failure,Medium,True
INC_000443,TRN_050,Sadar Bazar Cantonment,2026-03-11 13:01:00,17,Track Maintenance,High,True
INC_000444,TRN_047,Okhla NSIC,2026-03-06 16:06:00,44,Door Issue,Critical,False
INC_000445,TRN_106,Vinobapuri,2026-03-10 09:35:00,26,Track Maintenance,High,False
INC_000446,TRN_083,Rohini East,2026-03-22 15:04:00,26,Track Maintenance,High,True
INC_000447,TRN_124,Shahdara,2026-03-10 09:33:00,3,Passenger Congestion,Low,True
INC_000448,TRN_108,Rajiv Chowk,2026-03-15 22:05:00,40,Door Issue,Critical,True
INC_000449,TRN_099,Harkesh Nagar Okhla,2026-03-18 10:26:00,9,Track Maintenance,Medium,True
INC_000450,TRN_071,Mohan Estate,2026-03-15 19:03:00,43,Door Issue,Critical,True
INC_000451,TRN_124,Pratap Nagar,2026-03-05 14:07:00,3,Medical Emergency,Low,True
INC_000452,TRN_114,Hauz Khas,2026-03-05 21:38:00,2,Power Failure,Low,True
INC_000453,TRN_186,Botanical Garden,2026-03-15 08:15:00,45,Medical Emergency,Critical,True
INC_000454,TRN_143,Azadpur,2026-03-02 10:36:00,38,Door Issue,Critical,True
INC_000455,TRN_134,Jangpura,2026-03-08 14:55:00,45,Door Issue,Critical,True
INC_000456,TRN_142,Rohini East,2026-03-29 19:26:00,31,Power Failure,Critical,True
INC_000457,TRN_033,Keshav Puram,2026-03-24 21:18:00,9,Passenger Congestion,Medium,True
INC_000458,TRN_071,Central Secretariat,2026-03-14 14:26:00,30,Door Issue,Critical,True
INC_000459,TRN_109,Saket,2026-03-18 09:25:00,8,Track Maintenance,Medium,True
INC_000460,TRN_141,Badkhal Mor,2026-03-02 12:34:00,33,Medical Emergency,Critical,True
INC_000461,TRN_156,Mayur Vihar-I,2026-03-17 06:10:00,19,Passenger Congestion,High,True
INC_000462,TRN_194,MG Road,2026-03-14 08:07:00,33,Door Issue,Critical,True
INC_000463,TRN_120,Okhla NSIC,2026-03-10 15:38:00,34,Power Failure,Critical,True
INC_000464,TRN_110,Lajpat Nagar,2026-03-16 14:37:00,3,Power Failure,Low,True
INC_000465,TRN_019,Jhandewalan,2026-03-27 07:19:00,37,Passenger Congestion,Critical,True
INC_000466,TRN_095,Dwarka Sector 8,2026-03-19 08:08:00,19,Power Failure,High,True
INC_000467,TRN_023,Karkarduma,2026-03-21 18:43:00,31,Track Maintenance,Critical,True
INC_000468,TRN_182,Dabri Mor - Janakpuri South,2026-03-27 13:50:00,15,Track Maintenance,High,True
INC_000469,TRN_160,Central Secretariat,2026-03-11 11:21:00,14,Track Maintenance,Medium,True
INC_000470,TRN_003,Netaji Subhash Place,2026-03-22 12:29:00,8,Signal Failure,Medium,True
INC_000471,TRN_146,Badkhal Mor,2026-03-19 21:33:00,45,Passenger Congestion,Critical,True
INC_000472,TRN_004,Majlis Park,2026-03-06 08:05:00,28,Track Maintenance,High,True
INC_000473,TRN_042,Supreme Court,2026-03-23 18:29:00,23,Power Failure,High,True
INC_000474,TRN_193,Rohini East,2026-03-09 20:55:00,3,Passenger Congestion,Low,True
INC_000475,TRN_095,Dwarka Sector 13,2026-03-29 18:04:00,24,Passenger Congestion,High,True
INC_000476,TRN_045,Uttam Nagar West,2026-03-05 11:57:00,45,Signal Failure,Critical,True
INC_000477,TRN_124,Shahdara,2026-03-05 13:15:00,32,Passenger Congestion,Critical,True
INC_000478,TRN_138,Old Faridabad,2026-03-27 10:47:00,26,Door Issue,High,True
INC_000479,TRN_101,Tughlakabad,2026-03-15 08:10:00,18,Medical Emergency,High,True
INC_000480,TRN_070,Kailash Colony,2026-03-06 12:38:00,45,Track Maintenance,Critical,True
INC_000481,TRN_005,Model Town,2026-03-27 16:22:00,34,Track Maintenance,Critical,True
INC_000482,TRN_068,Munirka,2026-03-09 22:50:00,44,Track Maintenance,Critical,True
INC_000483,TRN_152,Rajouri Garden,2026-03-22 10:16:00,13,Signal Failure,Medium,True
INC_000484,TRN_111,Botanical Garden,2026-03-08 17:16:00,27,Power Failure,High,True
INC_000485,TRN_183,Malviya Nagar,2026-03-01 22:09:00,44,Passenger Congestion,Critical,True
INC_000486,TRN_082,Jawaharlal Nehru Stadium,2026-03-03 21:27:00,4,Track Maintenance,Low,True
INC_000487,TRN_153,Dwarka Sector 21,2026-03-25 21:44:00,8,Power Failure,Medium,True
INC_000488,TRN_076,Badarpur Border,2026-03-12 08:18:00,7,Medical Emergency,Medium,True
INC_000489,TRN_171,Pratap Nagar,2026-03-08 15:38:00,22,Passenger Congestion,High,False
INC_000490,TRN_071,Kailash Colony,2026-03-01 17:35:00,16,Medical Emergency,High,True
INC_000491,TRN_059,Rajendra Place,2026-03-09 16:00:00,17,Track Maintenance,High,True
INC_000492,TRN_150,Majlis Park,2026-03-05 19:42:00,4,Power Failure,Low,True
INC_000493,TRN_014,Kashmere Gate,2026-03-10 08:25:00,23,Passenger Congestion,High,True
INC_000494,TRN_067,Kashmere Gate,2026-03-10 19:14:00,2,Medical Emergency,Low,True
INC_000495,TRN_050,Nehru Enclave,2026-03-02 16:41:00,21,Power Failure,High,True
INC_000496,TRN_004,Ashram,2026-03-19 07:54:00,15,Medical Emergency,High,True
INC_000497,TRN_025,GTB Nagar,2026-03-03 14:24:00,5,Track Maintenance,Medium,True
INC_000498,TRN_184,Shahdara,2026-03-05 14:42:00,41,Passenger Congestion,Critical,True
INC_000499,TRN_118,Mayur Vihar Pocket 1,2026-03-14 17:56:00,8,Track Maintenance,Medium,True
INC_000500,TRN_051,Kashmere Gate,2026-03-10 11:25:00,28,Medical Emergency,High,True
INC_000501,TRN_115,Uttam Nagar,2026-03-25 17:22:00,35,Track Maintenance,Critical,True
INC_000502,TRN_162,Lal Quila,2026-03-09 19:06:00,22,Track Maintenance,High,True
INC_000503,TRN_159,Terminal 1 IGI Airport,2026-03-27 08:05:00,7,Signal Failure,Medium,True
INC_000504,TRN_121,Dwarka Sector 13,2026-03-17 19:50:00,40,Track Maintenance,Critical,True
INC_000505,TRN_142,Pitampura,2026-03-02 08:38:00,24,Track Maintenance,High,True
INC_000506,TRN_126,Panchsheel Park,2026-03-26 08:52:00,7,Signal Failure,Medium,True
INC_000507,TRN_187,Tis Hazari,2026-03-13 08:34:00,19,Passenger Congestion,High,True
INC_000508,TRN_040,Chirag Delhi,2026-03-16 17:46:00,22,Door Issue,High,True
INC_000509,TRN_048,Jahangirpuri,2026-03-21 17:44:00,13,Power Failure,Medium,True
INC_000510,TRN_083,Inderlok,2026-03-08 20:52:00,30,Power Failure,Critical,True
INC_000511,TRN_120,Kalkaji Mandir,2026-03-11 19:16:00,18,Passenger Congestion,High,True
INC_000512,TRN_142,Pul Bangash,2026-03-07 20:54:00,21,Signal Failure,High,True
INC_000513,TRN_096,East Azad Nagar,2026-03-03 11:02:00,31,Track Maintenance,Critical,True
INC_000514,TRN_031,Botanical Garden,2026-03-29 10:14:00,37,Door Issue,Critical,True
INC_000515,TRN_014,Azadpur,2026-03-21 19:42:00,16,Door Issue,High,True
INC_000516,TRN_030,Shahdara,2026-03-22 10:06:00,32,Passenger Congestion,Critical,True
INC_000517,TRN_028,Indraprastha,2026-03-28 11:29:00,2,Passenger Congestion,Low,True
INC_000518,TRN_151,Delhi Cantt,2026-03-26 21:38:00,8,Medical Emergency,Medium,True
INC_000519,TRN_039,Sikanderpur,2026-03-07 15:39:00,36,Door Issue,Critical,True
INC_000520,TRN_186,Dwarka Mor,2026-03-28 14:41:00,10,Track Maintenance,Medium,True
INC_000521,TRN_039,Dilli Haat - INA,2026-03-06 20:52:00,13,Track Maintenance,Medium,True
INC_000522,TRN_029,South Extension,2026-03-30 06:51:00,24,Passenger Congestion,High,True
INC_000523,TRN_103,Major Mohit Sharma Rajendra Nagar,2026-03-04 13:00:00,21,Signal Failure,High,True
INC_000524,TRN_111,Barakhamba Road,2026-03-06 13:24:00,11,Door Issue,Medium,True
INC_000525,TRN_113,Shyam Park,2026-03-23 17:43:00,18,Door Issue,High,False
INC_000526,TRN_175,Vishwa Vidyalaya,2026-03-03 20:41:00,5,Power Failure,Medium,True
INC_000527,TRN_192,Sant Surdas (Sihi),2026-03-24 06:53:00,22,Door Issue,High,True
INC_000528,TRN_002,Inderlok,2026-03-17 06:34:00,39,Track Maintenance,Critical,True
INC_000529,TRN_160,AIIMS,2026-03-26 07:43:00,18,Track Maintenance,High,True
INC_000530,TRN_172,Jasola Apollo,2026-03-13 11:53:00,18,Medical Emergency,High,True
INC_000531,TRN_170,Shyam Park,2026-03-30 18:51:00,30,Door Issue,Critical,True
INC_000532,TRN_146,Govind Puri,2026-03-21 08:22:00,38,Medical Emergency,Critical,True
INC_000533,TRN_002,Shaheed Sthal,2026-03-22 11:23:00,9,Door Issue,Medium,True
INC_000534,TRN_038,Shahdara,2026-03-04 21:34:00,42,Track Maintenance,Critical,False
INC_000535,TRN_146,Central Secretariat,2026-03-29 09:37:00,2,Passenger Congestion,Low,True
INC_000536,TRN_173,Raj Bagh,2026-03-04 07:08:00,31,Door Issue,Critical,True
INC_000537,TRN_070,Kailash Colony,2026-03-25 21:35:00,25,Medical Emergency,High,False
INC_000538,TRN_088,Kalkaji Mandir,2026-03-01 16:53:00,43,Passenger Congestion,Critical,True
INC_000539,TRN_058,Rithala,2026-03-29 11:49:00,30,Medical Emergency,Critical,True
INC_000540,TRN_095,Dwarka Sector 21,2026-03-04 14:52:00,19,Signal Failure,High,False
INC_000541,TRN_042,Noida Sector 18,2026-03-05 11:56:00,28,Medical Emergency,High,True
INC_000542,TRN_174,Terminal 1 IGI Airport,2026-03-16 10:17:00,35,Power Failure,Critical,True
INC_000543,TRN_151,Majlis Park,2026-03-05 12:43:00,37,Door Issue,Critical,True
INC_000544,TRN_011,GTB Nagar,2026-03-18 12:31:00,10,Passenger Congestion,Medium,True
INC_000545,TRN_043,Jahangirpuri,2026-03-20 15:40:00,3,Power Failure,Low,True
INC_000546,TRN_124,Rithala,2026-03-01 08:51:00,6,Track Maintenance,Medium,True
INC_000547,TRN_139,Okhla Bird Sanctuary,2026-03-23 19:48:00,39,Door Issue,Critical,True
INC_000548,TRN_194,Rajiv Chowk,2026-03-27 07:25:00,25,Medical Emergency,High,True
INC_000549,TRN_024,Guru Dronacharya,2026-03-02 07:38:00,22,Passenger Congestion,High,True
INC_000550,TRN_045,Botanical Garden,2026-03-13 10:04:00,44,Passenger Congestion,Critical,True
INC_000551,TRN_129,Lok Kalyan Marg,2026-03-04 10:50:00,18,Track Maintenance,High,True
INC_000552,TRN_071,Central Secretariat,2026-03-07 15:42:00,22,Signal Failure,High,True
INC_000553,TRN_128,Chirag Delhi,2026-03-27 06:42:00,23,Medical Emergency,High,True
INC_000554,TRN_130,East Azad Nagar,2026-03-25 22:22:00,11,Track Maintenance,Medium,True
INC_000555,TRN_038,Shahdara,2026-03-15 13:33:00,30,Passenger Congestion,Critical,True
INC_000556,TRN_095,Noida Sector 61,2026-03-07 08:07:00,40,Signal Failure,Critical,True
INC_000557,TRN_195,Sadar Bazar Cantonment,2026-03-21 15:47:00,5,Passenger Congestion,Medium,True
INC_000558,TRN_174,Janakpuri West,2026-03-19 15:02:00,19,Track Maintenance,High,True
INC_000559,TRN_099,Kailash Colony,2026-03-13 21:21:00,32,Track Maintenance,Critical,True
INC_000560,TRN_199,Dashrathpuri,2026-03-18 15:50:00,7,Power Failure,Medium,True
INC_000561,TRN_136,Delhi Gate,2026-03-10 10:37:00,32,Medical Emergency,Critical,True
INC_000562,TRN_115,Dwarka Sector 13,2026-03-23 16:09:00,10,Medical Emergency,Medium,False
INC_000563,TRN_016,Jhilmil,2026-03-28 06:31:00,7,Medical Emergency,Medium,True
INC_000564,TRN_078,Kashmere Gate,2026-03-09 10:01:00,37,Track Maintenance,Critical,False
INC_000565,TRN_146,Bata Chowk,2026-03-18 20:54:00,21,Signal Failure,High,False
INC_000566,TRN_033,Inderlok,2026-03-10 07:46:00,25,Signal Failure,High,True
INC_000567,TRN_036,Sarai,2026-03-15 10:46:00,41,Passenger Congestion,Critical,True
INC_000568,TRN_121,Subhash Nagar,2026-03-18 22:02:00,2,Passenger Congestion,Low,True
INC_000569,TRN_158,Okhla NSIC,2026-03-03 09:31:00,6,Door Issue,Medium,True
INC_000570,TRN_011,AIIMS,2026-03-28 08:19:00,5,Track Maintenance,Medium,True
INC_000571,TRN_182,Dashrathpuri,2026-03-28 16:44:00,10,Track Maintenance,Medium,True
INC_000572,TRN_172,Delhi Gate,2026-03-15 11:26:00,19,Medical Emergency,High,True
INC_000573,TRN_115,Rajouri Garden,2026-03-24 10:36:00,24,Door Issue,High,True
INC_000574,TRN_049,Barakhamba Road,2026-03-03 19:45:00,6,Door Issue,Medium,True
INC_000575,TRN_058,Mohan Nagar,2026-03-13 07:34:00,13,Door Issue,Medium,True
INC_000576,TRN_096,South Extension,2026-03-11 07:40:00,13,Medical Emergency,Medium,True
INC_000577,TRN_122,Mohan Estate,2026-03-26 07:22:00,38,Power Failure,Critical,True
INC_000578,TRN_132,Noida Sector 62,2026-03-18 18:02:00,39,Track Maintenance,Critical,True
INC_000579,TRN_198,Noida City Centre,2026-03-25 18:50:00,3,Medical Emergency,Low,True
INC_000580,TRN_169,Mansarovar Park,2026-03-24 20:59:00,43,Track Maintenance,Critical,True
INC_000581,TRN_095,Rajiv Chowk,2026-03-11 15:06:00,34,Passenger Congestion,Critical,False
INC_000582,TRN_120,R.K. Puram,2026-03-10 20:06:00,17,Power Failure,High,True
INC_000583,TRN_101,Kashmere Gate,2026-03-09 13:11:00,42,Passenger Congestion,Critical,True
INC_000584,TRN_185,Vinobapuri,2026-03-01 14:46:00,34,Power Failure,Critical,True
INC_000585,TRN_005,IFFCO Chowk,2026-03-15 19:29:00,23,Door Issue,High,True
INC_000586,TRN_138,Jasola Apollo,2026-03-24 19:26:00,22,Door Issue,High,True
INC_000587,TRN_146,Govind Puri,2026-03-15 07:39:00,20,Medical Emergency,High,True
INC_000588,TRN_157,Lajpat Nagar,2026-03-22 11:53:00,20,Medical Emergency,High,True
INC_000589,TRN_110,Trilokpuri Sanjay Lake,2026-03-02 08:54:00,3,Signal Failure,Low,True
INC_000590,TRN_120,IIT Delhi,2026-03-23 19:30:00,22,Door Issue,High,True
INC_000591,TRN_193,Kanhaiya Nagar,2026-03-02 17:54:00,41,Track Maintenance,Critical,True
INC_000592,TRN_052,Escorts Mujesar,2026-03-06 20:58:00,3,Signal Failure,Low,True
INC_000593,TRN_186,Dwarka Sector 14,2026-03-06 12:07:00,27,Signal Failure,High,True
INC_000594,TRN_123,Okhla Bird Sanctuary,2026-03-13 22:47:00,23,Signal Failure,High,True
INC_000595,TRN_085,Old Faridabad,2026-03-20 17:28:00,24,Signal Failure,High,True
INC_000596,TRN_030,Rohini East,2026-03-19 08:33:00,23,Signal Failure,High,True
INC_000597,TRN_188,Chawri Bazar,2026-03-10 19:55:00,31,Passenger Congestion,Critical,False
INC_000598,TRN_082,ITO,2026-03-06 18:35:00,10,Power Failure,Medium,True
INC_000599,TRN_100,Kashmere Gate,2026-03-18 11:18:00,17,Power Failure,High,True
INC_000600,TRN_100,Shaheed Sthal,2026-03-02 11:53:00,27,Track Maintenance,High,True
INC_000601,TRN_102,Dwarka Sector 13,2026-03-18 18:20:00,29,Signal Failure,High,True
INC_000602,TRN_097,Ghitorni,2026-03-01 18:54:00,24,Signal Failure,High,True
INC_000603,TRN_044,Mohan Nagar,2026-03-18 08:23:00,37,Signal Failure,Critical,True
INC_000604,TRN_097,AIIMS,2026-03-10 08:56:00,30,Medical Emergency,Critical,True
INC_000605,TRN_103,Arthala,2026-03-26 21:59:00,45,Signal Failure,Critical,True
INC_000606,TRN_130,Sir M. Vishveshwaraya Moti Bagh,2026-03-26 21:42:00,44,Power Failure,Critical,True
INC_000607,TRN_044,Raj Bagh,2026-03-01 10:20:00,38,Door Issue,Critical,True
INC_000608,TRN_022,Sarita Vihar,2026-03-27 12:43:00,43,Door Issue,Critical,True
INC_000609,TRN_055,Munirka,2026-03-14 18:30:00,44,Power Failure,Critical,True
INC_000610,TRN_082,Mewala Maharajpur,2026-03-07 06:05:00,15,Passenger Congestion,High,True
INC_000611,TRN_120,Jasola Vihar Shaheen Bagh,2026-03-26 14:21:00,16,Door Issue,High,True
INC_000612,TRN_075,Panchsheel Park,2026-03-28 18:49:00,25,Power Failure,High,True
INC_000613,TRN_017,Mohan Estate,2026-03-27 14:44:00,36,Signal Failure,Critical,True
INC_000614,TRN_160,New Delhi,2026-03-09 08:20:00,36,Signal Failure,Critical,True
INC_000615,TRN_068,Okhla Vihar,2026-03-16 16:54:00,24,Passenger Congestion,High,True
INC_000616,TRN_102,Dwarka Sector 8,2026-03-12 16:47:00,32,Track Maintenance,Critical,True
INC_000617,TRN_084,Vishwa Vidyalaya,2026-03-12 08:17:00,9,Medical Emergency,Medium,True
INC_000618,TRN_098,Ashram,2026-03-12 12:35:00,7,Medical Emergency,Medium,True
INC_000619,TRN_035,Guru Dronacharya,2026-03-23 08:55:00,28,Passenger Congestion,High,True
INC_000620,TRN_181,Karkarduma Court,2026-03-01 21:34:00,30,Track Maintenance,Critical,True
INC_000621,TRN_094,Palam,2026-03-06 20:40:00,21,Passenger Congestion,High,True
INC_000622,TRN_166,Dabri Mor - Janakpuri South,2026-03-26 17:31:00,14,Door Issue,Medium,True
INC_000623,TRN_039,Civil Lines,2026-03-17 14:47:00,16,Passenger Congestion,High,True
INC_000624,TRN_163,Dwarka Sector 9,2026-03-03 16:59:00,18,Door Issue,High,True
INC_000625,TRN_120,Okhla Bird Sanctuary,2026-03-14 15:03:00,37,Passenger Congestion,Critical,True
INC_000626,TRN_110,Hazrat Nizamuddin,2026-03-06 22:08:00,41,Signal Failure,Critical,True
INC_000627,TRN_067,Neelam Chowk Ajronda,2026-03-11 21:26:00,20,Door Issue,High,True
INC_000628,TRN_181,Sarojini Nagar,2026-03-09 17:06:00,24,Track Maintenance,High,True
INC_000629,TRN_112,Tilak Nagar,2026-03-16 10:35:00,43,Signal Failure,Critical,True
INC_000630,TRN_196,Punjabi Bagh West,2026-03-05 16:44:00,42,Signal Failure,Critical,True
INC_000631,TRN_093,Shankar Vihar,2026-03-28 17:42:00,20,Passenger Congestion,High,True
INC_000632,TRN_012,Mohan Nagar,2026-03-09 16:53:00,13,Signal Failure,Medium,True
INC_000633,TRN_102,Akshardham,2026-03-13 21:55:00,39,Medical Emergency,Critical,True
INC_000634,TRN_092,Mansarovar Park,2026-03-02 14:59:00,10,Door Issue,Medium,True
INC_000635,TRN_144,AIIMS,2026-03-14 18:44:00,21,Passenger Congestion,High,True
INC_000636,TRN_126,Kalindi Kunj,2026-03-08 11:53:00,4,Medical Emergency,Low,True
INC_000637,TRN_039,Saket,2026-03-26 07:36:00,31,Medical Emergency,Critical,True
INC_000638,TRN_107,Lajpat Nagar,2026-03-21 20:55:00,11,Medical Emergency,Medium,True
INC_000639,TRN_072,Civil Lines,2026-03-11 15:59:00,10,Door Issue,Medium,True
INC_000640,TRN_058,Rithala,2026-03-28 19:19:00,31,Passenger Congestion,Critical,True
INC_000641,TRN_064,Noida Sector 62,2026-03-16 20:45:00,29,Door Issue,High,True
INC_000642,TRN_063,Palam,2026-03-01 21:03:00,25,Passenger Congestion,High,False
INC_000643,TRN_143,Sultanpur,2026-03-10 11:02:00,9,Power Failure,Medium,True
INC_000644,TRN_187,Kashmere Gate,2026-03-02 07:58:00,27,Passenger Congestion,High,True
INC_000645,TRN_117,Escorts Mujesar,2026-03-13 15:03:00,19,Signal Failure,High,True
INC_000646,TRN_129,Patel Chowk,2026-03-12 12:56:00,38,Power Failure,Critical,True
INC_000647,TRN_058,Mohan Nagar,2026-03-15 10:02:00,4,Track Maintenance,Low,True
INC_000648,TRN_127,Dwarka Sector 13,2026-03-24 10:53:00,24,Medical Emergency,High,True
INC_000649,TRN_067,Bata Chowk,2026-03-30 22:06:00,30,Power Failure,Critical,True
INC_000650,TRN_131,Govind Puri,2026-03-27 17:39:00,40,Power Failure,Critical,True
INC_000651,TRN_031,Panchsheel Park,2026-03-09 20:20:00,36,Passenger Congestion,Critical,True
INC_000652,TRN_131,Kalkaji Mandir,2026-03-20 21:05:00,4,Medical Emergency,Low,True
INC_000653,TRN_189,Janakpuri West,2026-03-06 07:32:00,16,Passenger Congestion,High,True
INC_000654,TRN_038,Mansarovar Park,2026-03-26 13:41:00,22,Medical Emergency,High,True
INC_000655,TRN_194,Green Park,2026-03-27 13:48:00,22,Medical Emergency,High,True
INC_000656,TRN_124,Shahdara,2026-03-09 17:20:00,4,Track Maintenance,Low,True
INC_000657,TRN_157,Tughlakabad,2026-03-25 12:34:00,30,Medical Emergency,Critical,True
INC_000658,TRN_057,Haiderpur Badli Mor,2026-03-27 07:39:00,21,Signal Failure,High,False
INC_000659,TRN_025,Green Park,2026-03-03 19:07:00,18,Door Issue,High,True
INC_000660,TRN_138,Kashmere Gate,2026-03-08 22:47:00,30,Medical Emergency,Critical,True
INC_000661,TRN_145,Harkesh Nagar Okhla,2026-03-02 16:27:00,26,Door Issue,High,True
INC_000662,TRN_093,Greater Kailash,2026-03-04 16:31:00,32,Passenger Congestion,Critical,True
INC_000663,TRN_199,R.K. Puram,2026-03-15 13:59:00,26,Signal Failure,High,True
INC_000664,TRN_062,Kanhaiya Nagar,2026-03-10 21:49:00,15,Door Issue,High,True
INC_000665,TRN_024,Green Park,2026-03-03 10:59:00,24,Passenger Congestion,High,True
INC_000666,TRN_019,Akshardham,2026-03-21 15:05:00,22,Track Maintenance,High,True
INC_000667,TRN_198,Botanical Garden,2026-03-16 09:11:00,2,Signal Failure,Low,True
INC_000668,TRN_038,Kanhaiya Nagar,2026-03-06 14:11:00,39,Passenger Congestion,Critical,True
INC_000669,TRN_025,Sultanpur,2026-03-01 21:46:00,31,Door Issue,Critical,True
INC_000670,TRN_173,Rohini West,2026-03-22 22:34:00,22,Signal Failure,High,True
INC_000671,TRN_154,New Ashok Nagar,2026-03-12 15:32:00,44,Door Issue,Critical,True
INC_000672,TRN_072,Vishwa Vidyalaya,2026-03-06 15:35:00,23,Medical Emergency,High,True
INC_000673,TRN_097,Kashmere Gate,2026-03-08 06:20:00,21,Door Issue,High,False
INC_000674,TRN_103,Shahdara,2026-03-02 07:36:00,17,Power Failure,High,True
INC_000675,TRN_007,Major Mohit Sharma Rajendra Nagar,2026-03-30 16:10:00,43,Door Issue,Critical,True
INC_000676,TRN_080,Shastri Nagar,2026-03-25 09:40:00,23,Door Issue,High,True
INC_000677,TRN_073,Neelam Chowk Ajronda,2026-03-20 07:27:00,44,Signal Failure,Critical,True
INC_000678,TRN_141,Central Secretariat,2026-03-23 10:20:00,35,Door Issue,Critical,True
INC_000679,TRN_109,Lok Kalyan Marg,2026-03-03 07:17:00,42,Medical Emergency,Critical,True
INC_000680,TRN_166,Sadar Bazar Cantonment,2026-03-27 17:46:00,38,Door Issue,Critical,True
INC_000681,TRN_197,Kohat Enclave,2026-03-18 11:06:00,43,Medical Emergency,Critical,True
INC_000682,TRN_180,Pitampura,2026-03-05 19:11:00,41,Power Failure,Critical,True
INC_000683,TRN_002,Shaheed Sthal,2026-03-12 06:23:00,15,Passenger Congestion,High,True
INC_000684,TRN_040,Jasola Vihar Shaheen Bagh,2026-03-13 18:29:00,43,Medical Emergency,Critical,True
INC_000685,TRN_011,Haiderpur Badli Mor,2026-03-27 19:25:00,43,Track Maintenance,Critical,True
INC_000686,TRN_069,Dabri Mor - Janakpuri South,2026-03-24 07:16:00,40,Medical Emergency,Critical,True
INC_000687,TRN_133,Azadpur,2026-03-09 09:14:00,37,Door Issue,Critical,True
INC_000688,TRN_120,Sukhdev Vihar,2026-03-18 07:21:00,22,Door Issue,High,False
INC_000689,TRN_044,Raj Bagh,2026-03-20 16:40:00,14,Door Issue,Medium,True
INC_000690,TRN_160,AIIMS,2026-03-24 06:26:00,4,Passenger Congestion,Low,True
INC_000691,TRN_185,Johri Enclave,2026-03-20 16:18:00,31,Medical Emergency,Critical,True
INC_000692,TRN_071,Lajpat Nagar,2026-03-10 06:01:00,36,Medical Emergency,Critical,True
INC_000693,TRN_155,Arthala,2026-03-03 09:43:00,30,Door Issue,Critical,False
INC_000694,TRN_021,Saket,2026-03-27 14:18:00,41,Door Issue,Critical,True
INC_000695,TRN_024,IFFCO Chowk,2026-03-27 07:40:00,11,Track Maintenance,Medium,True
INC_000696,TRN_031,Jasola Vihar Shaheen Bagh,2026-03-11 10:12:00,24,Power Failure,High,True
INC_000697,TRN_189,Jamia Millia Islamia,2026-03-16 18:52:00,44,Medical Emergency,Critical,True
INC_000698,TRN_115,Rajouri Garden,2026-03-29 15:17:00,6,Power Failure,Medium,True
INC_000699,TRN_138,Sant Surdas (Sihi),2026-03-12 09:57:00,38,Door Issue,Critical,True
INC_000700,TRN_023,Trilokpuri Sanjay Lake,2026-03-20 18:20:00,20,Track Maintenance,High,True
INC_000701,TRN_129,Kashmere Gate,2026-03-13 07:32:00,6,Door Issue,Medium,True
INC_000702,TRN_126,Janakpuri West,2026-03-06 15:31:00,39,Medical Emergency,Critical,True
INC_000703,TRN_089,Chawri Bazar,2026-03-18 21:43:00,6,Track Maintenance,Medium,True
INC_000704,TRN_030,Rohini East,2026-03-18 06:26:00,43,Signal Failure,Critical,True
INC_000705,TRN_050,Kalkaji Mandir,2026-03-04 11:19:00,22,Door Issue,High,True
INC_000706,TRN_089,Kashmere Gate,2026-03-20 09:47:00,20,Passenger Congestion,High,True
INC_000707,TRN_158,Terminal 1 IGI Airport,2026-03-14 09:21:00,8,Medical Emergency,Medium,False
INC_000708,TRN_045,Noida City Centre,2026-03-02 08:43:00,19,Passenger Congestion,High,True
INC_000709,TRN_022,Raja Nahar Singh,2026-03-20 14:35:00,12,Signal Failure,Medium,True
INC_000710,TRN_100,Shaheed Sthal,2026-03-19 22:32:00,14,Passenger Congestion,Medium,True
INC_000711,TRN_006,Karkarduma,2026-03-05 19:35:00,45,Signal Failure,Critical,True
INC_000712,TRN_136,Sector 28,2026-03-13 10:21:00,29,Signal Failure,High,True
INC_000713,TRN_178,Lajpat Nagar,2026-03-22 21:05:00,28,Power Failure,High,True
INC_000714,TRN_025,Vishwa Vidyalaya,2026-03-13 15:22:00,35,Medical Emergency,Critical,True
INC_000715,TRN_165,Lal Quila,2026-03-04 19:40:00,8,Power Failure,Medium,True
INC_000716,TRN_128,Panchsheel Park,2026-03-22 12:45:00,6,Signal Failure,Medium,True
INC_000717,TRN_175,Guru Dronacharya,2026-03-19 22:12:00,45,Track Maintenance,Critical,True
INC_000718,TRN_121,Dwarka Sector 13,2026-03-02 07:50:00,6,Door Issue,Medium,True
INC_000719,TRN_171,Mansarovar Park,2026-03-21 22:36:00,8,Medical Emergency,Medium,True
INC_000720,TRN_156,Gokulpuri,2026-03-10 09:49:00,2,Signal Failure,Low,True
INC_000721,TRN_188,Dilli Haat - INA,2026-03-03 13:09:00,10,Signal Failure,Medium,True
INC_000722,TRN_110,Rajouri Garden,2026-03-11 07:46:00,9,Power Failure,Medium,True
INC_000723,TRN_015,Rajouri Garden,2026-03-11 20:51:00,43,Medical Emergency,Critical,True
INC_000724,TRN_192,Central Secretariat,2026-03-24 13:40:00,8,Passenger Congestion,Medium,True
INC_000725,TRN_026,Mohan Nagar,2026-03-09 22:46:00,27,Passenger Congestion,High,True
INC_000726,TRN_002,Shaheed Nagar,2026-03-11 10:34:00,24,Track Maintenance,High,True
INC_000727,TRN_179,Dwarka,2026-03-18 14:45:00,30,Door Issue,Critical,True
INC_000728,TRN_200,IP Extension,2026-03-12 22:04:00,41,Door Issue,Critical,True
INC_000729,TRN_042,Dwarka Sector 12,2026-03-24 11:54:00,14,Door Issue,Medium,True
INC_000730,TRN_122,Raja Nahar Singh,2026-03-01 06:46:00,19,Passenger Congestion,High,True
INC_000731,TRN_085,Bata Chowk,2026-03-25 21:05:00,28,Track Maintenance,High,True
INC_000732,TRN_128,Greater Kailash,2026-03-17 10:41:00,23,Signal Failure,High,True
INC_000733,TRN_061,Kohat Enclave,2026-03-10 14:07:00,15,Passenger Congestion,High,True
INC_000734,TRN_003,Anand Vihar ISBT,2026-03-02 10:47:00,7,Passenger Congestion,Medium,True
INC_000735,TRN_066,NHPC Chowk,2026-03-22 10:19:00,9,Passenger Congestion,Medium,True
INC_000736,TRN_123,Terminal 1 IGI Airport,2026-03-11 11:43:00,6,Track Maintenance,Medium,True
INC_000737,TRN_018,Chirag Delhi,2026-03-25 17:20:00,22,Signal Failure,High,True
INC_000738,TRN_197,Keshav Puram,2026-03-13 08:50:00,26,Signal Failure,High,False
INC_000739,TRN_060,Netaji Subhash Place,2026-03-18 18:37:00,3,Passenger Congestion,Low,True
INC_000740,TRN_024,MG Road,2026-03-23 09:20:00,38,Passenger Congestion,Critical,True
INC_000741,TRN_064,Mandi House,2026-03-11 15:01:00,17,Passenger Congestion,High,True
INC_000742,TRN_163,Shadipur,2026-03-03 09:10:00,32,Medical Emergency,Critical,True
INC_000743,TRN_101,Jangpura,2026-03-24 13:59:00,38,Track Maintenance,Critical,True
INC_000744,TRN_028,Moti Nagar,2026-03-29 22:13:00,43,Medical Emergency,Critical,True
INC_000745,TRN_140,Durgabai Deshmukh South Campus,2026-03-18 12:16:00,15,Medical Emergency,High,True
INC_000746,TRN_166,IIT Delhi,2026-03-24 09:00:00,18,Passenger Congestion,High,True
INC_000747,TRN_133,Rajiv Chowk,2026-03-10 14:31:00,17,Track Maintenance,High,True
INC_000748,TRN_181,Mandawali - West Vinod Nagar,2026-03-11 10:20:00,9,Signal Failure,Medium,True
INC_000749,TRN_156,Ashram,2026-03-08 22:12:00,3,Signal Failure,Low,True
INC_000750,TRN_082,Bata Chowk,2026-03-22 16:33:00,17,Track Maintenance,High,True
INC_000751,TRN_102,R K Ashram Marg,2026-03-15 18:38:00,15,Signal Failure,High,True
INC_000752,TRN_121,Janakpuri East,2026-03-15 07:07:00,15,Medical Emergency,High,True
INC_000753,TRN_007,Major Mohit Sharma Rajendra Nagar,2026-03-22 18:51:00,45,Passenger Congestion,Critical,True
INC_000754,TRN_178,Tughlakabad,2026-03-13 15:59:00,12,Signal Failure,Medium,True
INC_000755,TRN_123,Jamia Millia Islamia,2026-03-27 16:33:00,38,Passenger Congestion,Critical,True
INC_000756,TRN_061,Kanhaiya Nagar,2026-03-23 15:25:00,6,Medical Emergency,Medium,True
INC_000757,TRN_046,Major Mohit Sharma Rajendra Nagar,2026-03-22 18:14:00,3,Medical Emergency,Low,True
INC_000758,TRN_057,Adarsh Nagar,2026-03-08 10:38:00,33,Medical Emergency,Critical,True
INC_000759,TRN_038,Kashmere Gate,2026-03-26 10:46:00,11,Signal Failure,Medium,True
INC_000760,TRN_007,Shaheed Sthal,2026-03-27 19:09:00,27,Medical Emergency,High,True
INC_000761,TRN_191,Netaji Subhash Place,2026-03-24 17:16:00,4,Track Maintenance,Low,True
INC_000762,TRN_047,Vasant Vihar,2026-03-11 21:08:00,4,Signal Failure,Low,True
INC_000763,TRN_145,Kashmere Gate,2026-03-16 11:42:00,42,Track Maintenance,Critical,True
INC_000764,TRN_193,Netaji Subhash Place,2026-03-17 16:40:00,18,Passenger Congestion,High,False
INC_000765,TRN_173,Rithala,2026-03-23 14:17:00,12,Door Issue,Medium,True
INC_000766,TRN_142,Arthala,2026-03-06 14:56:00,4,Passenger Congestion,Low,True
INC_000767,TRN_188,Kashmere Gate,2026-03-23 20:33:00,22,Passenger Congestion,High,True
INC_000768,TRN_200,Lajpat Nagar,2026-03-22 21:46:00,18,Medical Emergency,High,True
INC_000769,TRN_198,Uttam Nagar,2026-03-03 07:17:00,18,Power Failure,High,True
INC_000770,TRN_180,Rohini West,2026-03-19 20:50:00,3,Power Failure,Low,True
INC_000771,TRN_049,Kirti Nagar,2026-03-28 18:10:00,28,Door Issue,High,True
INC_000772,TRN_064,Indraprastha,2026-03-06 22:43:00,22,Door Issue,High,True
INC_000773,TRN_047,Terminal 1 IGI Airport,2026-03-21 15:28:00,39,Passenger Congestion,Critical,True
INC_000774,TRN_115,Kirti Nagar,2026-03-14 12:53:00,31,Track Maintenance,Critical,True
INC_000775,TRN_173,Rohini East,2026-03-29 19:13:00,36,Door Issue,Critical,True
INC_000776,TRN_139,Dabri Mor - Janakpuri South,2026-03-14 20:28:00,13,Door Issue,Medium,True
INC_000777,TRN_142,Rohini West,2026-03-11 18:59:00,26,Passenger Congestion,High,True
INC_000778,TRN_079,Vidhan Sabha,2026-03-04 22:10:00,6,Power Failure,Medium,True
INC_000779,TRN_193,Shaheed Sthal,2026-03-11 17:56:00,16,Passenger Congestion,High,True
INC_000780,TRN_026,Shaheed Sthal,2026-03-18 17:50:00,7,Medical Emergency,Medium,True
INC_000781,TRN_147,IIT Delhi,2026-03-04 20:53:00,40,Medical Emergency,Critical,True
INC_000782,TRN_013,Adarsh Nagar,2026-03-18 20:35:00,25,Track Maintenance,High,True
INC_000783,TRN_100,Rohini West,2026-03-09 09:44:00,23,Signal Failure,High,True
INC_000784,TRN_024,Patel Chowk,2026-03-10 21:07:00,3,Passenger Congestion,Low,True
INC_000785,TRN_160,Adarsh Nagar,2026-03-02 09:48:00,11,Door Issue,Medium,True
INC_000786,TRN_020,IP Extension,2026-03-27 09:17:00,2,Track Maintenance,Low,True
INC_000787,TRN_071,Mandi House,2026-03-17 06:46:00,21,Power Failure,High,True
INC_000788,TRN_194,Chandni Chowk,2026-03-06 10:53:00,13,Signal Failure,Medium,True
INC_000789,TRN_019,Tagore Garden,2026-03-09 18:19:00,23,Medical Emergency,High,True
INC_000790,TRN_064,Akshardham,2026-03-30 09:43:00,24,Signal Failure,High,True
INC_000791,TRN_073,NHPC Chowk,2026-03-12 16:25:00,2,Passenger Congestion,Low,True
INC_000792,TRN_155,Rithala,2026-03-06 22:44:00,14,Power Failure,Medium,True
INC_000793,TRN_069,Okhla NSIC,2026-03-15 11:42:00,6,Door Issue,Medium,True
INC_000794,TRN_144,Arjan Garh,2026-03-19 22:42:00,14,Medical Emergency,Medium,False
INC_000795,TRN_065,Okhla Vihar,2026-03-08 10:41:00,4,Passenger Congestion,Low,True
INC_000796,TRN_068,Jasola Vihar Shaheen Bagh,2026-03-23 08:48:00,8,Track Maintenance,Medium,False
INC_000797,TRN_109,New Delhi,2026-03-15 08:13:00,27,Passenger Congestion,High,True
INC_000798,TRN_100,Shastri Park,2026-03-29 08:36:00,42,Power Failure,Critical,False
INC_000799,TRN_184,Shastri Park,2026-03-15 14:54:00,19,Medical Emergency,High,False
INC_000800,TRN_098,Maujpur - Babarpur,2026-03-26 15:16:00,22,Medical Emergency,High,True
INC_000801,TRN_031,Okhla Vihar,2026-03-01 13:04:00,25,Track Maintenance,High,True
INC_000802,TRN_119,Jafrabad,2026-03-28 17:50:00,10,Signal Failure,Medium,True
INC_000803,TRN_022,Govind Puri,2026-03-15 07:14:00,42,Track Maintenance,Critical,True
INC_000804,TRN_174,Jamia Millia Islamia,2026-03-12 12:05:00,15,Door Issue,High,True
INC_000805,TRN_143,Adarsh Nagar,2026-03-13 22:56:00,4,Passenger Congestion,Low,True
INC_000806,TRN_159,Chirag Delhi,2026-03-22 18:37:00,10,Power Failure,Medium,True
INC_000807,TRN_031,Kalindi Kunj,2026-03-01 13:18:00,14,Medical Emergency,Medium,True
INC_000808,TRN_183,Central Secretariat,2026-03-01 06:52:00,2,Power Failure,Low,True
INC_000809,TRN_055,Okhla Vihar,2026-03-29 09:48:00,2,Power Failure,Low,True
INC_000810,TRN_033,Netaji Subhash Place,2026-03-26 07:21:00,9,Power Failure,Medium,True
INC_000811,TRN_138,Nehru Place,2026-03-03 07:14:00,23,Signal Failure,High,True
INC_000812,TRN_005,Sultanpur,2026-03-21 09:12:00,21,Passenger Congestion,High,True
INC_000813,TRN_020,Netaji Subhash Place,2026-03-20 08:21:00,24,Medical Emergency,High,True
INC_000814,TRN_082,NHPC Chowk,2026-03-02 10:13:00,41,Door Issue,Critical,True
INC_000815,TRN_094,Greater Kailash,2026-03-11 17:06:00,10,Medical Emergency,Medium,True
INC_000816,TRN_092,Pratap Nagar,2026-03-17 19:16:00,42,Power Failure,Critical,True
INC_000817,TRN_128,Panchsheel Park,2026-03-16 11:14:00,27,Medical Emergency,High,True
INC_000818,TRN_194,Vishwa Vidyalaya,2026-03-16 13:03:00,16,Power Failure,High,True
INC_000819,TRN_190,AIIMS,2026-03-14 09:49:00,5,Passenger Congestion,Medium,True
INC_000820,TRN_011,Dilli Haat - INA,2026-03-18 11:09:00,39,Power Failure,Critical,True
INC_000821,TRN_171,Dilshad Garden,2026-03-16 06:25:00,12,Passenger Congestion,Medium,True
INC_000822,TRN_162,Sarita Vihar,2026-03-22 21:16:00,4,Power Failure,Low,True
INC_000823,TRN_134,Sector 28,2026-03-01 13:59:00,4,Passenger Congestion,Low,False
INC_000824,TRN_191,Shiv Vihar,2026-03-28 10:42:00,5,Passenger Congestion,Medium,True
INC_000825,TRN_020,Karkarduma Court,2026-03-25 18:58:00,17,Medical Emergency,High,True
INC_000826,TRN_092,Major Mohit Sharma Rajendra Nagar,2026-03-02 06:15:00,29,Signal Failure,High,True
INC_000827,TRN_035,AIIMS,2026-03-23 12:03:00,13,Medical Emergency,Medium,True
INC_000828,TRN_190,MG Road,2026-03-24 16:02:00,2,Track Maintenance,Low,True
INC_000829,TRN_085,Badarpur Border,2026-03-27 10:22:00,30,Door Issue,Critical,True
INC_000830,TRN_024,Central Secretariat,2026-03-22 12:23:00,33,Door Issue,Critical,True
INC_000831,TRN_100,Arthala,2026-03-15 06:16:00,30,Medical Emergency,Critical,True
INC_000832,TRN_178,Moolchand,2026-03-18 22:53:00,19,Track Maintenance,High,True
INC_000833,TRN_003,Azadpur,2026-03-16 07:56:00,7,Passenger Congestion,Medium,True
INC_000834,TRN_030,Netaji Subhash Place,2026-03-12 18:51:00,28,Power Failure,High,True
INC_000835,TRN_136,Mewala Maharajpur,2026-03-12 18:31:00,19,Medical Emergency,High,True
INC_000836,TRN_179,Subhash Nagar,2026-03-11 16:52:00,31,Signal Failure,Critical,True
INC_000837,TRN_016,Seelampur,2026-03-30 15:56:00,14,Track Maintenance,Medium,True
INC_000838,TRN_081,Lajpat Nagar,2026-03-07 14:45:00,18,Signal Failure,High,True
INC_000839,TRN_144,Azadpur,2026-03-07 07:13:00,44,Medical Emergency,Critical,True
INC_000840,TRN_123,Okhla Bird Sanctuary,2026-03-13 08:23:00,15,Signal Failure,High,True
INC_000841,TRN_139,Jasola Vihar Shaheen Bagh,2026-03-04 18:48:00,19,Medical Emergency,High,True
INC_000842,TRN_073,Old Faridabad,2026-03-09 11:16:00,12,Passenger Congestion,Medium,True
INC_000843,TRN_186,Jhandewalan,2026-03-16 13:30:00,31,Medical Emergency,Critical,True
INC_000844,TRN_115,Shadipur,2026-03-18 17:06:00,30,Track Maintenance,Critical,True
INC_000845,TRN_142,Shyam Park,2026-03-23 17:49:00,34,Signal Failure,Critical,True
INC_000846,TRN_057,Adarsh Nagar,2026-03-13 12:52:00,4,Power Failure,Low,True
INC_000847,TRN_040,IIT Delhi,2026-03-10 16:52:00,7,Medical Emergency,Medium,True
INC_000848,TRN_198,Kirti Nagar,2026-03-30 15:28:00,3,Power Failure,Low,True
INC_000849,TRN_100,Shahdara,2026-03-10 17:22:00,44,Passenger Congestion,Critical,True
INC_000850,TRN_158,R.K. Puram,2026-03-13 08:16:00,3,Track Maintenance,Low,True
INC_000851,TRN_137,Shaheed Sthal,2026-03-30 10:44:00,27,Door Issue,High,True
INC_000852,TRN_163,Moti Nagar,2026-03-04 15:00:00,35,Power Failure,Critical,True
INC_000853,TRN_011,IFFCO Chowk,2026-03-18 13:36:00,35,Medical Emergency,Critical,True
INC_000854,TRN_114,GTB Nagar,2026-03-29 13:10:00,11,Power Failure,Medium,True
INC_000855,TRN_108,Dwarka Sector 10,2026-03-20 21:40:00,11,Track Maintenance,Medium,True
INC_000856,TRN_067,Kashmere Gate,2026-03-02 15:03:00,24,Track Maintenance,High,True
INC_000857,TRN_016,Dilshad Garden,2026-03-28 20:54:00,36,Power Failure,Critical,True
INC_000858,TRN_045,Dwarka Sector 13,2026-03-07 07:55:00,28,Door Issue,High,True
INC_000859,TRN_174,Okhla Vihar,2026-03-19 21:15:00,35,Power Failure,Critical,True
INC_000860,TRN_028,R K Ashram Marg,2026-03-13 20:50:00,39,Power Failure,Critical,True
INC_000861,TRN_127,Noida Sector 18,2026-03-05 22:17:00,36,Passenger Congestion,Critical,True
INC_000862,TRN_069,Okhla NSIC,2026-03-29 08:35:00,45,Signal Failure,Critical,True
INC_000863,TRN_122,Khan Market,2026-03-14 21:49:00,22,Door Issue,High,True
INC_000864,TRN_034,Netaji Subhash Place,2026-03-27 07:43:00,31,Signal Failure,Critical,True
INC_000865,TRN_034,Rithala,2026-03-11 14:47:00,42,Passenger Congestion,Critical,True
INC_000866,TRN_023,Azadpur,2026-03-26 09:14:00,41,Medical Emergency,Critical,True
INC_000867,TRN_010,Patel Chowk,2026-03-26 11:56:00,18,Door Issue,High,True
INC_000868,TRN_154,Dwarka Sector 8,2026-03-11 20:01:00,20,Door Issue,High,True
INC_000869,TRN_094,Greater Kailash,2026-03-26 14:02:00,23,Power Failure,High,True
INC_000870,TRN_122,Bata Chowk,2026-03-10 06:20:00,9,Medical Emergency,Medium,True
INC_000871,TRN_045,Mandi House,2026-03-26 20:41:00,23,Door Issue,High,True
INC_000872,TRN_071,Sarai,2026-03-30 09:43:00,34,Door Issue,Critical,True
INC_000873,TRN_200,Trilokpuri Sanjay Lake,2026-03-26 11:06:00,3,Track Maintenance,Low,True
INC_000874,TRN_154,Supreme Court,2026-03-08 18:24:00,38,Power Failure,Critical,True
INC_000875,TRN_130,Karkarduma Court,2026-03-20 12:38:00,21,Door Issue,High,True
INC_000876,TRN_161,Dilli Haat - INA,2026-03-15 14:09:00,31,Passenger Congestion,Critical,True
INC_000877,TRN_144,Model Town,2026-03-18 10:49:00,11,Power Failure,Medium,True
INC_000878,TRN_158,Nehru Enclave,2026-03-04 09:43:00,44,Track Maintenance,Critical,True
INC_000879,TRN_010,Adarsh Nagar,2026-03-03 12:19:00,39,Passenger Congestion,Critical,True
INC_000880,TRN_178,Mohan Estate,2026-03-28 14:31:00,2,Medical Emergency,Low,True
INC_000881,TRN_042,Noida Sector 18,2026-03-02 17:30:00,26,Track Maintenance,High,True
INC_000882,TRN_038,Mohan Nagar,2026-03-20 06:46:00,21,Door Issue,High,False
INC_000883,TRN_196,Majlis Park,2026-03-04 20:36:00,29,Door Issue,High,True
INC_000884,TRN_020,Azadpur,2026-03-11 14:10:00,19,Power Failure,High,True
INC_000885,TRN_183,IFFCO Chowk,2026-03-23 21:33:00,4,Passenger Congestion,Low,True
INC_000886,TRN_126,Greater Kailash,2026-03-27 08:58:00,9,Signal Failure,Medium,True
INC_000887,TRN_012,Shahdara,2026-03-17 14:16:00,26,Track Maintenance,High,True
INC_000888,TRN_022,Sector 28,2026-03-22 07:13:00,22,Power Failure,High,True
INC_000889,TRN_153,Noida Sector 52,2026-03-13 09:47:00,5,Passenger Congestion,Medium,True
INC_000890,TRN_008,Chirag Delhi,2026-03-01 20:17:00,15,Door Issue,High,True
INC_000891,TRN_134,Mohan Estate,2026-03-02 09:03:00,11,Signal Failure,Medium,True
INC_000892,TRN_096,Azadpur,2026-03-10 17:29:00,29,Track Maintenance,High,True
INC_000893,TRN_142,Rohini West,2026-03-18 21:59:00,11,Power Failure,Medium,True
INC_000894,TRN_194,Model Town,2026-03-07 20:08:00,44,Passenger Congestion,Critical,True
INC_000895,TRN_200,Sir M. Vishveshwaraya Moti Bagh,2026-03-17 06:58:00,18,Track Maintenance,High,True
INC_000896,TRN_064,Noida Sector 15,2026-03-26 11:54:00,23,Door Issue,High,True
INC_000897,TRN_143,Udyog Bhawan,2026-03-30 16:57:00,21,Door Issue,High,True
INC_000898,TRN_143,Civil Lines,2026-03-15 18:38:00,19,Power Failure,High,True
INC_000899,TRN_056,Lal Quila,2026-03-24 13:50:00,24,Passenger Congestion,High,True
INC_000900,TRN_135,Tughlakabad,2026-03-26 22:35:00,10,Door Issue,Medium,True
INC_000901,TRN_004,Mayur Vihar-I,2026-03-04 22:03:00,11,Passenger Congestion,Medium,True
INC_000902,TRN_154,Dwarka Sector 10,2026-03-08 11:39:00,26,Track Maintenance,High,True
INC_000903,TRN_038,Dilshad Garden,2026-03-08 13:06:00,32,Door Issue,Critical,False
INC_000904,TRN_095,Noida Electronic City,2026-03-20 08:15:00,23,Track Maintenance,High,True
INC_000905,TRN_004,Gokulpuri,2026-03-09 20:43:00,5,Medical Emergency,Medium,True
INC_000906,TRN_109,Jahangirpuri,2026-03-10 06:13:00,41,Power Failure,Critical,True
INC_000907,TRN_144,GTB Nagar,2026-03-29 07:42:00,36,Door Issue,Critical,True
INC_000908,TRN_042,Shadipur,2026-03-06 16:28:00,5,Signal Failure,Medium,True
INC_000909,TRN_093,Kalkaji Mandir,2026-03-24 12:35:00,29,Power Failure,High,True
INC_000910,TRN_187,Shastri Nagar,2026-03-26 07:21:00,35,Power Failure,Critical,True
INC_000911,TRN_026,Raj Bagh,2026-03-04 12:41:00,45,Power Failure,Critical,True
INC_000912,TRN_187,Seelampur,2026-03-21 20:59:00,14,Track Maintenance,Medium,True
INC_000913,TRN_075,Okhla Vihar,2026-03-23 11:56:00,13,Door Issue,Medium,True
INC_000914,TRN_120,Terminal 1 IGI Airport,2026-03-22 15:45:00,12,Passenger Congestion,Medium,True
INC_000915,TRN_183,Chandni Chowk,2026-03-05 20:08:00,30,Passenger Congestion,Critical,True
INC_000916,TRN_055,Nehru Enclave,2026-03-28 12:24:00,11,Track Maintenance,Medium,True
INC_000917,TRN_177,Panchsheel Park,2026-03-01 11:50:00,25,Medical Emergency,High,True
INC_000918,TRN_160,Saket,2026-03-05 16:16:00,35,Power Failure,Critical,True
INC_000919,TRN_110,Bhikaji Cama Place,2026-03-02 08:41:00,6,Power Failure,Medium,True
INC_000920,TRN_148,Nehru Place,2026-03-24 09:28:00,8,Power Failure,Medium,True
INC_000921,TRN_072,Patel Chowk,2026-03-16 07:45:00,25,Signal Failure,High,True
INC_000922,TRN_127,Dwarka Mor,2026-03-13 08:10:00,45,Door Issue,Critical,True
INC_000923,TRN_158,Okhla Vihar,2026-03-04 16:02:00,45,Signal Failure,Critical,True
INC_000924,TRN_053,Jasola Vihar Shaheen Bagh,2026-03-04 09:55:00,10,Door Issue,Medium,True
INC_000925,TRN_125,Pratap Nagar,2026-03-10 15:49:00,34,Medical Emergency,Critical,True
INC_000926,TRN_036,Lajpat Nagar,2026-03-12 20:13:00,29,Door Issue,High,True
INC_000927,TRN_114,AIIMS,2026-03-10 19:06:00,32,Door Issue,Critical,True
INC_000928,TRN_008,Palam,2026-03-09 12:35:00,32,Signal Failure,Critical,True
INC_000929,TRN_180,Rithala,2026-03-04 17:03:00,8,Track Maintenance,Medium,True
INC_000930,TRN_044,Major Mohit Sharma Rajendra Nagar,2026-03-01 13:14:00,18,Passenger Congestion,High,True
INC_000931,TRN_034,Raj Bagh,2026-03-29 09:10:00,7,Medical Emergency,Medium,True
INC_000932,TRN_008,Terminal 1 IGI Airport,2026-03-06 11:26:00,19,Passenger Congestion,High,True
INC_000933,TRN_067,Nehru Place,2026-03-16 19:06:00,36,Power Failure,Critical,True
INC_000934,TRN_014,Green Park,2026-03-14 13:30:00,42,Door Issue,Critical,True
INC_000935,TRN_123,Palam,2026-03-25 11:16:00,16,Signal Failure,High,True
INC_000936,TRN_061,Keshav Puram,2026-03-12 10:50:00,17,Signal Failure,High,True
INC_000937,TRN_052,Nehru Place,2026-03-21 18:09:00,36,Door Issue,Critical,True
INC_000938,TRN_062,Seelampur,2026-03-16 21:02:00,29,Door Issue,High,True
INC_000939,TRN_147,Terminal 1 IGI Airport,2026-03-07 19:23:00,6,Signal Failure,Medium,True
INC_000940,TRN_084,AIIMS,2026-03-10 14:21:00,41,Signal Failure,Critical,True
INC_000941,TRN_172,Janpath,2026-03-25 12:35:00,6,Medical Emergency,Medium,True
INC_000942,TRN_181,East Vinod Nagar - Mayur Vihar-II,2026-03-04 17:20:00,37,Power Failure,Critical,True
INC_000943,TRN_187,Keshav Puram,2026-03-01 08:19:00,16,Track Maintenance,High,True
INC_000944,TRN_086,Sarita Vihar,2026-03-13 07:48:00,31,Signal Failure,Critical,True
INC_000945,TRN_130,Shakurpur,2026-03-08 08:41:00,27,Power Failure,High,True
INC_000946,TRN_196,Vinobapuri,2026-03-10 07:21:00,35,Passenger Congestion,Critical,True
INC_000947,TRN_110,East Azad Nagar,2026-03-11 14:23:00,26,Power Failure,High,True
INC_000948,TRN_067,Khan Market,2026-03-04 18:04:00,40,Power Failure,Critical,True
INC_000949,TRN_004,Sarojini Nagar,2026-03-01 19:30:00,33,Power Failure,Critical,True
INC_000950,TRN_185,Mayur Vihar-I,2026-03-05 15:02:00,2,Track Maintenance,Low,True
INC_000951,TRN_189,Sukhdev Vihar,2026-03-01 21:14:00,20,Door Issue,High,True
INC_000952,TRN_157,ITO,2026-03-13 20:25:00,26,Track Maintenance,High,True
INC_000953,TRN_062,Pul Bangash,2026-03-14 06:00:00,15,Track Maintenance,High,True
INC_000954,TRN_063,Panchsheel Park,2026-03-30 11:40:00,25,Medical Emergency,High,True
INC_000955,TRN_037,Malviya Nagar,2026-03-03 19:43:00,30,Power Failure,Critical,True
INC_000956,TRN_130,Lajpat Nagar,2026-03-27 07:55:00,13,Signal Failure,Medium,True
INC_000957,TRN_112,Shadipur,2026-03-17 20:04:00,13,Medical Emergency,Medium,True
INC_000958,TRN_120,Jasola Vihar Shaheen Bagh,2026-03-04 07:27:00,12,Track Maintenance,Medium,True
INC_000959,TRN_074,Nehru Place,2026-03-11 14:25:00,26,Track Maintenance,High,True
INC_000960,TRN_143,Udyog Bhawan,2026-03-16 06:26:00,25,Passenger Congestion,High,True
INC_000961,TRN_140,Lajpat Nagar,2026-03-16 20:47:00,20,Passenger Congestion,High,True
INC_000962,TRN_021,AIIMS,2026-03-29 19:35:00,39,Door Issue,Critical,True
INC_000963,TRN_172,Govind Puri,2026-03-07 16:01:00,25,Passenger Congestion,High,True
INC_000964,TRN_083,Rithala,2026-03-30 12:51:00,34,Door Issue,Critical,True
INC_000965,TRN_018,Sadar Bazar Cantonment,2026-03-10 19:21:00,18,Medical Emergency,High,True
INC_000966,TRN_171,Shaheed Nagar,2026-03-12 11:42:00,35,Track Maintenance,Critical,True
INC_000967,TRN_031,Panchsheel Park,2026-03-26 16:58:00,25,Passenger Congestion,High,True
INC_000968,TRN_107,Azadpur,2026-03-01 13:28:00,44,Medical Emergency,Critical,True
INC_000969,TRN_061,Shahdara,2026-03-23 15:38:00,10,Medical Emergency,Medium,True
INC_000970,TRN_102,Indraprastha,2026-03-20 09:20:00,21,Power Failure,High,True
INC_000971,TRN_169,Dilshad Garden,2026-03-27 16:02:00,43,Signal Failure,Critical,True
INC_000972,TRN_170,Seelampur,2026-03-24 14:06:00,2,Medical Emergency,Low,True
INC_000973,TRN_085,Mandi House,2026-03-24 22:07:00,31,Track Maintenance,Critical,True
INC_000974,TRN_130,ESI Basaidarapur,2026-03-24 09:45:00,15,Medical Emergency,High,True
INC_000975,TRN_005,Haiderpur Badli Mor,2026-03-27 16:56:00,8,Passenger Congestion,Medium,True
INC_000976,TRN_019,Noida Sector 52,2026-03-25 22:38:00,27,Medical Emergency,High,True
INC_000977,TRN_142,Kanhaiya Nagar,2026-03-07 14:23:00,45,Medical Emergency,Critical,True
INC_000978,TRN_154,Karol Bagh,2026-03-24 21:03:00,21,Passenger Congestion,High,True
INC_000979,TRN_002,Mohan Nagar,2026-03-02 21:56:00,5,Passenger Congestion,Medium,True
INC_000980,TRN_103,Shaheed Sthal,2026-03-24 11:34:00,33,Passenger Congestion,Critical,True
INC_000981,TRN_123,Hauz Khas,2026-03-17 08:13:00,37,Passenger Congestion,Critical,False
INC_000982,TRN_092,Shahdara,2026-03-23 06:19:00,4,Door Issue,Low,True
INC_000983,TRN_114,Central Secretariat,2026-03-30 12:28:00,41,Passenger Congestion,Critical,True
INC_000984,TRN_011,Saket,2026-03-05 15:55:00,25,Track Maintenance,High,True
INC_000985,TRN_025,GTB Nagar,2026-03-27 11:09:00,24,Passenger Congestion,High,True
INC_000986,TRN_053,Panchsheel Park,2026-03-05 11:14:00,22,Track Maintenance,High,True
INC_000987,TRN_108,Dwarka Sector 11,2026-03-16 11:22:00,3,Passenger Congestion,Low,True
INC_000988,TRN_152,Dwarka Sector 9,2026-03-12 17:01:00,7,Door Issue,Medium,True
INC_000989,TRN_071,Sarai,2026-03-17 20:48:00,6,Power Failure,Medium,True
INC_000990,TRN_168,Punjabi Bagh West,2026-03-02 14:25:00,24,Track Maintenance,High,True
INC_000991,TRN_108,Mayur Vihar Extension,2026-03-02 13:12:00,17,Power Failure,High,True
INC_000992,TRN_114,Central Secretariat,2026-03-22 12:05:00,25,Signal Failure,High,True
INC_000993,TRN_141,Raja Nahar Singh,2026-03-27 21:36:00,14,Door Issue,Medium,True
INC_000994,TRN_128,IIT Delhi,2026-03-06 16:55:00,29,Passenger Congestion,High,True
INC_000995,TRN_029,Shakurpur,2026-03-08 14:47:00,6,Signal Failure,Medium,True
INC_000996,TRN_126,Munirka,2026-03-02 07:13:00,22,Medical Emergency,High,True
INC_000997,TRN_023,Bhikaji Cama Place,2026-03-09 08:03:00,6,Door Issue,Medium,True
INC_000998,TRN_162,Khan Market,2026-03-16 22:54:00,36,Power Failure,Critical,True
INC_000999,TRN_039,Malviya Nagar,2026-03-12 22:13:00,45,Track Maintenance,Critical,True
INC_001000,TRN_080,Pitampura,2026-03-15 21:24:00,39,Signal Failure,Critical,True
INC_001001,TRN_116,Tilak Nagar,2026-03-05 08:56:00,3,Medical Emergency,Low,True
INC_001002,TRN_094,Okhla NSIC,2026-03-10 15:28:00,9,Medical Emergency,Medium,True
INC_001003,TRN_186,Shadipur,2026-03-15 17:53:00,41,Door Issue,Critical,True
INC_001004,TRN_183,Udyog Bhawan,2026-03-17 15:01:00,15,Medical Emergency,High,True
INC_001005,TRN_008,Panchsheel Park,2026-03-19 08:17:00,24,Track Maintenance,High,True
INC_001006,TRN_036,Tughlakabad,2026-03-17 09:48:00,45,Medical Emergency,Critical,True
INC_001007,TRN_027,Hazrat Nizamuddin,2026-03-25 18:40:00,16,Medical Emergency,High,True
INC_001008,TRN_004,Lajpat Nagar,2026-03-17 10:48:00,34,Signal Failure,Critical,True
INC_001009,TRN_105,Noida Sector 18,2026-03-25 17:53:00,39,Passenger Congestion,Critical,True
INC_001010,TRN_021,Ghitorni,2026-03-30 18:57:00,11,Power Failure,Medium,True
INC_001011,TRN_043,Guru Dronacharya,2026-03-27 13:08:00,26,Door Issue,High,True
INC_001012,TRN_102,Dwarka Sector 8,2026-03-12 08:16:00,25,Signal Failure,High,True
INC_001013,TRN_138,ITO,2026-03-21 09:13:00,44,Door Issue,Critical,True
INC_001014,TRN_120,Chirag Delhi,2026-03-12 21:08:00,6,Door Issue,Medium,True
INC_001015,TRN_165,Sarai,2026-03-13 21:23:00,39,Door Issue,Critical,True
INC_001016,TRN_144,IFFCO Chowk,2026-03-14 19:28:00,9,Door Issue,Medium,True
INC_001017,TRN_034,Hindon River,2026-03-14 10:30:00,28,Medical Emergency,High,True
INC_001018,TRN_176,Mayur Vihar-I,2026-03-20 15:11:00,42,Passenger Congestion,Critical,True
INC_001019,TRN_072,IFFCO Chowk,2026-03-10 17:07:00,11,Signal Failure,Medium,True
INC_001020,TRN_077,Jhilmil,2026-03-25 19:47:00,21,Signal Failure,High,True
INC_001021,TRN_140,Sarojini Nagar,2026-03-24 08:27:00,38,Track Maintenance,Critical,True
INC_001022,TRN_030,Pratap Nagar,2026-03-18 18:08:00,28,Power Failure,High,True
INC_001023,TRN_126,R.K. Puram,2026-03-26 13:53:00,4,Track Maintenance,Low,True
INC_001024,TRN_170,Kashmere Gate,2026-03-20 22:06:00,7,Passenger Congestion,Medium,True
INC_001025,TRN_186,Dwarka Sector 8,2026-03-13 14:44:00,44,Power Failure,Critical,True
INC_001026,TRN_091,Kalindi Kunj,2026-03-24 07:17:00,20,Track Maintenance,High,True
INC_001027,TRN_195,Hauz Khas,2026-03-28 12:42:00,34,Power Failure,Critical,True
INC_001028,TRN_194,MG Road,2026-03-23 10:22:00,9,Door Issue,Medium,True
INC_001029,TRN_046,Kohat Enclave,2026-03-19 08:48:00,41,Track Maintenance,Critical,True
INC_001030,TRN_187,Shaheed Nagar,2026-03-07 14:16:00,38,Passenger Congestion,Critical,True
INC_001031,TRN_034,Netaji Subhash Place,2026-03-18 11:52:00,23,Door Issue,High,True
INC_001032,TRN_014,Sikanderpur,2026-03-23 07:36:00,20,Passenger Congestion,High,True
INC_001033,TRN_142,Mohan Nagar,2026-03-05 06:51:00,36,Door Issue,Critical,True
INC_001034,TRN_031,Jasola Vihar Shaheen Bagh,2026-03-18 16:31:00,9,Passenger Congestion,Medium,True
INC_001035,TRN_058,Pul Bangash,2026-03-11 11:44:00,32,Medical Emergency,Critical,True
INC_001036,TRN_166,Panchsheel Park,2026-03-02 21:04:00,12,Medical Emergency,Medium,True
INC_001037,TRN_072,Guru Dronacharya,2026-03-29 16:04:00,23,Medical Emergency,High,True
INC_001038,TRN_046,Shastri Park,2026-03-15 22:41:00,45,Track Maintenance,Critical,True
INC_001039,TRN_028,Noida Sector 52,2026-03-05 10:57:00,35,Track Maintenance,Critical,True
INC_001040,TRN_171,Shastri Nagar,2026-03-18 15:31:00,43,Signal Failure,Critical,True
INC_001041,TRN_026,Tis Hazari,2026-03-06 17:52:00,31,Door Issue,Critical,False
INC_001042,TRN_080,Mansarovar Park,2026-03-22 07:34:00,22,Passenger Congestion,High,True
INC_001043,TRN_122,Harkesh Nagar Okhla,2026-03-23 11:20:00,10,Door Issue,Medium,True
INC_001044,TRN_154,Patel Nagar,2026-03-23 13:39:00,28,Door Issue,High,True
INC_001045,TRN_063,Shankar Vihar,2026-03-02 09:05:00,7,Track Maintenance,Medium,True
INC_001046,TRN_019,Mayur Vihar-I,2026-03-17 07:19:00,42,Door Issue,Critical,True
INC_001047,TRN_083,Tis Hazari,2026-03-20 09:41:00,4,Track Maintenance,Low,True
INC_001048,TRN_156,Shalimar Bagh,2026-03-10 14:43:00,38,Signal Failure,Critical,True
INC_001049,TRN_096,Delhi Cantt,2026-03-30 16:43:00,19,Signal Failure,High,True
INC_001050,TRN_143,Patel Chowk,2026-03-21 07:09:00,11,Passenger Congestion,Medium,True
INC_001051,TRN_065,Jamia Millia Islamia,2026-03-06 14:33:00,40,Medical Emergency,Critical,True
INC_001052,TRN_176,Patel Nagar,2026-03-07 18:45:00,24,Medical Emergency,High,True
INC_001053,TRN_077,Netaji Subhash Place,2026-03-15 09:41:00,4,Track Maintenance,Low,True
INC_001054,TRN_168,ESI Basaidarapur,2026-03-20 13:15:00,12,Track Maintenance,Medium,True
INC_001055,TRN_059,Noida City Centre,2026-03-17 10:22:00,33,Signal Failure,Critical,True
INC_001056,TRN_116,Dwarka Sector 11,2026-03-21 21:36:00,24,Track Maintenance,High,False
INC_001057,TRN_060,Jhilmil,2026-03-24 08:19:00,30,Passenger Congestion,Critical,True
INC_001058,TRN_150,Jafrabad,2026-03-30 07:13:00,29,Passenger Congestion,High,True
INC_001059,TRN_192,Raja Nahar Singh,2026-03-29 07:49:00,42,Signal Failure,Critical,True
INC_001060,TRN_014,Jor Bagh,2026-03-03 20:31:00,20,Medical Emergency,High,True
INC_001061,TRN_048,Jor Bagh,2026-03-10 06:41:00,30,Medical Emergency,Critical,True
INC_001062,TRN_018,Vasant Vihar,2026-03-10 16:22:00,40,Track Maintenance,Critical,True
INC_001063,TRN_019,Mandi House,2026-03-06 20:56:00,24,Track Maintenance,High,True
INC_001064,TRN_007,Shastri Park,2026-03-12 14:12:00,17,Signal Failure,High,True
INC_001065,TRN_105,Dwarka Sector 11,2026-03-16 06:51:00,45,Medical Emergency,Critical,True
INC_001066,TRN_075,Dashrathpuri,2026-03-05 14:43:00,37,Signal Failure,Critical,True
INC_001067,TRN_155,Rithala,2026-03-13 18:57:00,36,Track Maintenance,Critical,True
INC_001068,TRN_063,Sadar Bazar Cantonment,2026-03-19 17:16:00,4,Door Issue,Low,True
INC_001069,TRN_136,Sarai,2026-03-05 07:22:00,45,Door Issue,Critical,True
INC_001070,TRN_011,Udyog Bhawan,2026-03-15 08:25:00,43,Passenger Congestion,Critical,True
INC_001071,TRN_143,Sultanpur,2026-03-02 12:37:00,34,Passenger Congestion,Critical,True
INC_001072,TRN_002,Mansarovar Park,2026-03-12 12:21:00,8,Track Maintenance,Medium,True
INC_001073,TRN_085,Govind Puri,2026-03-11 13:30:00,32,Medical Emergency,Critical,True
INC_001074,TRN_019,Rajiv Chowk,2026-03-04 07:27:00,31,Power Failure,Critical,True
INC_001075,TRN_056,Sant Surdas (Sihi),2026-03-16 12:04:00,18,Track Maintenance,High,True
INC_001076,TRN_048,Guru Dronacharya,2026-03-16 12:43:00,21,Track Maintenance,High,True
INC_001077,TRN_038,Shyam Park,2026-03-14 09:42:00,19,Passenger Congestion,High,True
INC_001078,TRN_111,Mayur Vihar-I,2026-03-11 13:47:00,42,Passenger Congestion,Critical,True
INC_001079,TRN_127,Noida Sector 52,2026-03-20 11:10:00,28,Passenger Congestion,High,True
INC_001080,TRN_107,Vinobapuri,2026-03-07 09:28:00,25,Door Issue,High,True
INC_001081,TRN_129,Lok Kalyan Marg,2026-03-20 12:44:00,20,Door Issue,High,True
INC_001082,TRN_062,Netaji Subhash Place,2026-03-08 18:04:00,21,Track Maintenance,High,False
INC_001083,TRN_099,Janpath,2026-03-13 12:54:00,41,Door Issue,Critical,True
INC_001084,TRN_028,Dwarka Sector 10,2026-03-28 08:44:00,31,Medical Emergency,Critical,True
INC_001085,TRN_165,NHPC Chowk,2026-03-06 13:55:00,43,Track Maintenance,Critical,True
INC_001086,TRN_121,Yamuna Bank,2026-03-20 17:00:00,27,Medical Emergency,High,True
INC_001087,TRN_169,Tis Hazari,2026-03-11 15:04:00,10,Medical Emergency,Medium,True
INC_001088,TRN_145,Sant Surdas (Sihi),2026-03-14 12:44:00,10,Door Issue,Medium,True
INC_001089,TRN_111,Indraprastha,2026-03-23 14:58:00,34,Track Maintenance,Critical,True
INC_001090,TRN_041,Punjabi Bagh West,2026-03-12 19:32:00,3,Door Issue,Low,True
INC_001091,TRN_111,Mandi House,2026-03-28 18:00:00,20,Door Issue,High,True
INC_001092,TRN_060,Rohini East,2026-03-01 11:05:00,19,Medical Emergency,High,True
INC_001093,TRN_011,AIIMS,2026-03-12 06:27:00,44,Passenger Congestion,Critical,True
INC_001094,TRN_013,Dilli Haat - INA,2026-03-05 15:59:00,34,Passenger Congestion,Critical,True
INC_001095,TRN_055,Kalkaji Mandir,2026-03-26 13:11:00,45,Power Failure,Critical,True
INC_001096,TRN_084,Dilli Haat - INA,2026-03-26 17:34:00,23,Signal Failure,High,True
INC_001097,TRN_023,Maujpur - Babarpur,2026-03-02 07:30:00,8,Track Maintenance,Medium,True
INC_001098,TRN_035,Sultanpur,2026-03-28 17:34:00,10,Signal Failure,Medium,True
INC_001099,TRN_059,Nawada,2026-03-13 22:57:00,13,Signal Failure,Medium,True
INC_001100,TRN_125,Shastri Park,2026-03-07 11:16:00,36,Passenger Congestion,Critical,False
INC_001101,TRN_081,Vinobapuri,2026-03-05 10:13:00,20,Track Maintenance,High,True
INC_001102,TRN_037,Arjan Garh,2026-03-05 16:13:00,21,Medical Emergency,High,True
INC_001103,TRN_170,Rithala,2026-03-11 13:24:00,22,Track Maintenance,High,True
INC_001104,TRN_150,Shakurpur,2026-03-28 07:48:00,23,Track Maintenance,High,True
INC_001105,TRN_140,Krishna Nagar,2026-03-27 13:54:00,8,Door Issue,Medium,True
INC_001106,TRN_094,Hauz Khas,2026-03-04 17:25:00,4,Door Issue,Low,True
INC_001107,TRN_173,Pul Bangash,2026-03-23 15:26:00,26,Signal Failure,High,True
INC_001108,TRN_185,Karkarduma,2026-03-12 16:56:00,7,Power Failure,Medium,True
INC_001109,TRN_082,Sarita Vihar,2026-03-03 14:38:00,44,Signal Failure,Critical,True
INC_001110,TRN_064,Golf Course,2026-03-03 08:56:00,20,Door Issue,High,True
INC_001111,TRN_119,East Azad Nagar,2026-03-19 11:51:00,10,Signal Failure,Medium,True
INC_001112,TRN_193,Kashmere Gate,2026-03-26 20:06:00,36,Signal Failure,Critical,True
INC_001113,TRN_149,Sukhdev Vihar,2026-03-17 15:42:00,22,Power Failure,High,True
INC_001114,TRN_148,Badarpur Border,2026-03-20 10:52:00,16,Signal Failure,High,True
INC_001115,TRN_080,Mansarovar Park,2026-03-17 20:37:00,21,Power Failure,High,True
INC_001116,TRN_076,NHPC Chowk,2026-03-23 12:47:00,26,Passenger Congestion,High,True
INC_001117,TRN_096,Shiv Vihar,2026-03-23 21:18:00,30,Passenger Congestion,Critical,True
INC_001118,TRN_070,Harkesh Nagar Okhla,2026-03-13 18:05:00,16,Track Maintenance,High,True
INC_001119,TRN_175,Qutab Minar,2026-03-27 08:15:00,29,Power Failure,High,True
INC_001120,TRN_049,Nawada,2026-03-09 09:32:00,19,Passenger Congestion,High,True
INC_001121,TRN_089,Vishwa Vidyalaya,2026-03-27 17:10:00,39,Signal Failure,Critical,True
INC_001122,TRN_059,Janakpuri East,2026-03-29 16:48:00,11,Signal Failure,Medium,True
INC_001123,TRN_090,Central Secretariat,2026-03-02 12:09:00,27,Door Issue,High,True
INC_001124,TRN_148,Mandi House,2026-03-24 07:38:00,32,Door Issue,Critical,True
INC_001125,TRN_112,Dwarka Sector 12,2026-03-04 17:18:00,42,Track Maintenance,Critical,True
INC_001126,TRN_165,Sector 28,2026-03-17 08:04:00,40,Passenger Congestion,Critical,True
INC_001127,TRN_044,Shahdara,2026-03-10 20:54:00,28,Passenger Congestion,High,True
INC_001128,TRN_028,Yamuna Bank,2026-03-22 15:08:00,37,Signal Failure,Critical,True
INC_001129,TRN_130,Azadpur,2026-03-27 08:49:00,26,Passenger Congestion,High,True
INC_001130,TRN_120,Jasola Vihar Shaheen Bagh,2026-03-07 10:42:00,37,Signal Failure,Critical,True
INC_001131,TRN_101,Kashmere Gate,2026-03-07 19:26:00,21,Medical Emergency,High,True
INC_001132,TRN_151,Sir M. Vishveshwaraya Moti Bagh,2026-03-13 20:03:00,37,Track Maintenance,Critical,False
INC_001133,TRN_065,Okhla NSIC,2026-03-04 20:47:00,34,Power Failure,Critical,True
INC_001134,TRN_131,Delhi Gate,2026-03-16 20:42:00,14,Medical Emergency,Medium,True
INC_001135,TRN_085,Sant Surdas (Sihi),2026-03-20 21:19:00,30,Signal Failure,Critical,True
INC_001136,TRN_174,Greater Kailash,2026-03-10 19:57:00,20,Power Failure,High,True
INC_001137,TRN_044,Pratap Nagar,2026-03-11 13:46:00,3,Door Issue,Low,True
INC_001138,TRN_151,Mayapuri Cantonment,2026-03-06 20:41:00,44,Medical Emergency,Critical,True
INC_001139,TRN_032,MG Road,2026-03-17 17:24:00,3,Track Maintenance,Low,True
INC_001140,TRN_080,Rithala,2026-03-24 20:19:00,39,Power Failure,Critical,False
INC_001141,TRN_109,Central Secretariat,2026-03-28 09:33:00,24,Power Failure,High,True
INC_001142,TRN_089,MG Road,2026-03-11 19:07:00,25,Power Failure,High,True
INC_001143,TRN_195,Munirka,2026-03-27 20:10:00,18,Medical Emergency,High,True
INC_001144,TRN_040,Chirag Delhi,2026-03-01 09:11:00,34,Medical Emergency,Critical,True
INC_001145,TRN_026,Tis Hazari,2026-03-30 17:15:00,44,Medical Emergency,Critical,True
INC_001146,TRN_173,Hindon River,2026-03-18 13:59:00,41,Signal Failure,Critical,True
INC_001147,TRN_141,Kashmere Gate,2026-03-23 13:17:00,5,Door Issue,Medium,True
INC_001148,TRN_100,Shyam Park,2026-03-08 21:18:00,29,Passenger Congestion,High,True
INC_001149,TRN_073,Sarita Vihar,2026-03-16 11:30:00,29,Passenger Congestion,High,True
INC_001150,TRN_037,Vishwa Vidyalaya,2026-03-14 07:46:00,31,Signal Failure,Critical,True
INC_001151,TRN_136,Tughlakabad,2026-03-03 21:20:00,9,Medical Emergency,Medium,True
INC_001152,TRN_140,Krishna Nagar,2026-03-11 20:07:00,17,Door Issue,High,True
INC_001153,TRN_128,Shankar Vihar,2026-03-21 10:29:00,39,Door Issue,Critical,True
INC_001154,TRN_001,Rohini East,2026-03-15 11:47:00,23,Door Issue,High,True
INC_001155,TRN_134,Badkhal Mor,2026-03-16 21:48:00,5,Passenger Congestion,Medium,True
INC_001156,TRN_032,Millennium City Centre Gurugram,2026-03-11 19:23:00,26,Medical Emergency,High,True
INC_001157,TRN_044,Dilshad Garden,2026-03-14 07:08:00,42,Track Maintenance,Critical,True
INC_001158,TRN_177,R.K. Puram,2026-03-12 13:18:00,39,Door Issue,Critical,True
INC_001159,TRN_151,Ashram,2026-03-04 14:21:00,11,Passenger Congestion,Medium,True
INC_001160,TRN_074,Badarpur Border,2026-03-23 20:25:00,33,Track Maintenance,Critical,True
INC_001161,TRN_033,Pul Bangash,2026-03-26 15:52:00,14,Signal Failure,Medium,True
INC_001162,TRN_199,Okhla NSIC,2026-03-20 10:52:00,22,Door Issue,High,True
INC_001163,TRN_146,Badkhal Mor,2026-03-22 21:49:00,25,Passenger Congestion,High,False
INC_001164,TRN_199,Nehru Enclave,2026-03-14 11:53:00,8,Passenger Congestion,Medium,True
INC_001165,TRN_109,Patel Chowk,2026-03-13 20:07:00,2,Medical Emergency,Low,True
INC_001166,TRN_086,Kailash Colony,2026-03-03 17:21:00,15,Track Maintenance,High,True
INC_001167,TRN_149,Palam,2026-03-25 19:48:00,39,Track Maintenance,Critical,True
INC_001168,TRN_073,Kailash Colony,2026-03-02 18:52:00,2,Passenger Congestion,Low,True
INC_001169,TRN_022,Lajpat Nagar,2026-03-02 16:29:00,14,Power Failure,Medium,True
INC_001170,TRN_125,Kashmere Gate,2026-03-13 21:18:00,28,Power Failure,High,True
INC_001171,TRN_181,Bhikaji Cama Place,2026-03-12 08:18:00,15,Door Issue,High,True
INC_001172,TRN_200,Jafrabad,2026-03-15 16:37:00,5,Track Maintenance,Medium,True
INC_001173,TRN_070,Jawaharlal Nehru Stadium,2026-03-24 15:43:00,40,Medical Emergency,Critical,True
INC_001174,TRN_131,Khan Market,2026-03-27 13:54:00,34,Medical Emergency,Critical,True
INC_001175,TRN_002,Kashmere Gate,2026-03-14 18:18:00,7,Door Issue,Medium,True
INC_001176,TRN_053,Jasola Vihar Shaheen Bagh,2026-03-18 12:42:00,6,Track Maintenance,Medium,True
INC_001177,TRN_032,Jahangirpuri,2026-03-28 17:35:00,33,Track Maintenance,Critical,True
INC_001178,TRN_152,Patel Nagar,2026-03-03 11:52:00,12,Power Failure,Medium,True
INC_001179,TRN_141,Neelam Chowk Ajronda,2026-03-16 15:34:00,32,Medical Emergency,Critical,True
INC_001180,TRN_056,Govind Puri,2026-03-18 14:36:00,20,Power Failure,High,True
INC_001181,TRN_111,Subhash Nagar,2026-03-11 11:00:00,4,Passenger Congestion,Low,True
INC_001182,TRN_128,Shankar Vihar,2026-03-23 20:31:00,41,Track Maintenance,Critical,True
INC_001183,TRN_065,Okhla NSIC,2026-03-18 14:29:00,12,Medical Emergency,Medium,True
INC_001184,TRN_170,Shahdara,2026-03-19 21:55:00,36,Power Failure,Critical,True
INC_001185,TRN_096,Shalimar Bagh,2026-03-25 16:02:00,14,Medical Emergency,Medium,True
INC_001186,TRN_155,Welcome,2026-03-12 19:12:00,24,Medical Emergency,High,True
INC_001187,TRN_123,Greater Kailash,2026-03-29 08:29:00,40,Passenger Congestion,Critical,True
INC_001188,TRN_147,Okhla NSIC,2026-03-22 21:35:00,19,Passenger Congestion,High,True
INC_001189,TRN_134,Badkhal Mor,2026-03-03 18:52:00,23,Door Issue,High,True
INC_001190,TRN_160,Hauz Khas,2026-03-21 14:50:00,10,Passenger Congestion,Medium,True
INC_001191,TRN_190,AIIMS,2026-03-30 12:54:00,4,Power Failure,Low,True
INC_001192,TRN_159,Greater Kailash,2026-03-15 09:15:00,22,Signal Failure,High,True
INC_001193,TRN_061,Shaheed Sthal,2026-03-30 12:48:00,3,Door Issue,Low,True
INC_001194,TRN_089,Millennium City Centre Gurugram,2026-03-01 14:34:00,11,Signal Failure,Medium,True
INC_001195,TRN_051,Keshav Puram,2026-03-09 10:40:00,27,Track Maintenance,High,True
INC_001196,TRN_164,Jhandewalan,2026-03-08 16:05:00,28,Passenger Congestion,High,True
INC_001197,TRN_078,Mansarovar Park,2026-03-04 06:56:00,33,Power Failure,Critical,True
INC_001198,TRN_188,Azadpur,2026-03-24 13:21:00,42,Track Maintenance,Critical,True
INC_001199,TRN_163,Akshardham,2026-03-21 07:49:00,29,Medical Emergency,High,True
INC_001200,TRN_182,Okhla Vihar,2026-03-15 19:35:00,32,Track Maintenance,Critical,True
INC_001201,TRN_018,IIT Delhi,2026-03-12 20:11:00,38,Signal Failure,Critical,True
INC_001202,TRN_127,Noida Sector 18,2026-03-16 07:06:00,10,Signal Failure,Medium,False
INC_001203,TRN_058,Mansarovar Park,2026-03-17 13:52:00,35,Track Maintenance,Critical,False
INC_001204,TRN_083,Kanhaiya Nagar,2026-03-04 06:44:00,15,Power Failure,High,True
INC_001205,TRN_045,Rajouri Garden,2026-03-28 10:23:00,17,Door Issue,High,True
INC_001206,TRN_164,Akshardham,2026-03-18 12:15:00,28,Power Failure,High,True
INC_001207,TRN_165,Central Secretariat,2026-03-16 11:23:00,5,Passenger Congestion,Medium,True
INC_001208,TRN_170,Rithala,2026-03-06 10:58:00,42,Track Maintenance,Critical,True
INC_001209,TRN_199,Greater Kailash,2026-03-04 08:58:00,33,Signal Failure,Critical,True
INC_001210,TRN_024,Dilli Haat - INA,2026-03-21 19:14:00,37,Door Issue,Critical,True
INC_001211,TRN_023,Karkarduma Court,2026-03-03 16:14:00,24,Signal Failure,High,True
INC_001212,TRN_149,Terminal 1 IGI Airport,2026-03-29 17:09:00,38,Track Maintenance,Critical,True
INC_001213,TRN_159,Dabri Mor - Janakpuri South,2026-03-19 21:46:00,37,Passenger Congestion,Critical,True
INC_001214,TRN_131,Khan Market,2026-03-10 17:28:00,5,Track Maintenance,Medium,True
INC_001215,TRN_163,Noida Electronic City,2026-03-26 08:54:00,11,Passenger Congestion,Medium,True
INC_001216,TRN_126,Panchsheel Park,2026-03-18 16:14:00,11,Door Issue,Medium,True
INC_001217,TRN_146,Badarpur Border,2026-03-03 16:29:00,14,Medical Emergency,Medium,True
INC_001218,TRN_142,Pul Bangash,2026-03-11 06:19:00,22,Door Issue,High,True
INC_001219,TRN_055,Shankar Vihar,2026-03-27 15:13:00,36,Door Issue,Critical,True
INC_001220,TRN_182,Sukhdev Vihar,2026-03-15 21:18:00,18,Passenger Congestion,High,True
INC_001221,TRN_092,Jhilmil,2026-03-15 22:20:00,43,Passenger Congestion,Critical,True
INC_001222,TRN_151,Jafrabad,2026-03-24 13:39:00,9,Signal Failure,Medium,True
INC_001223,TRN_125,Raj Bagh,2026-03-05 14:15:00,2,Track Maintenance,Low,True
INC_001224,TRN_051,Seelampur,2026-03-28 11:16:00,15,Door Issue,High,True
INC_001225,TRN_197,Hindon River,2026-03-26 13:41:00,10,Door Issue,Medium,True
INC_001226,TRN_166,Okhla Bird Sanctuary,2026-03-30 21:38:00,45,Power Failure,Critical,True
INC_001227,TRN_033,Arthala,2026-03-04 19:35:00,30,Power Failure,Critical,True
INC_001228,TRN_015,IP Extension,2026-03-09 08:24:00,43,Power Failure,Critical,True
INC_001229,TRN_024,IFFCO Chowk,2026-03-25 22:03:00,16,Signal Failure,High,True
INC_001230,TRN_093,Okhla Vihar,2026-03-22 22:47:00,40,Door Issue,Critical,True
INC_001231,TRN_156,Mayur Vihar Pocket 1,2026-03-20 18:11:00,5,Medical Emergency,Medium,True
INC_001232,TRN_113,Dilshad Garden,2026-03-26 15:17:00,26,Track Maintenance,High,True
INC_001233,TRN_067,Lal Quila,2026-03-01 15:16:00,26,Passenger Congestion,High,True
INC_001234,TRN_112,Dwarka Sector 12,2026-03-25 06:14:00,6,Door Issue,Medium,True
INC_001235,TRN_097,IFFCO Chowk,2026-03-12 07:51:00,39,Track Maintenance,Critical,True
INC_001236,TRN_108,Subhash Nagar,2026-03-28 16:14:00,20,Track Maintenance,High,True
INC_001237,TRN_136,Bata Chowk,2026-03-09 10:22:00,17,Medical Emergency,High,True
INC_001238,TRN_127,Noida Sector 52,2026-03-05 22:29:00,16,Power Failure,High,True
INC_001239,TRN_181,Maujpur - Babarpur,2026-03-09 14:44:00,11,Passenger Congestion,Medium,True
INC_001240,TRN_085,Sarita Vihar,2026-03-05 09:56:00,12,Power Failure,Medium,True
INC_001241,TRN_180,Shaheed Sthal,2026-03-01 15:48:00,34,Door Issue,Critical,True
INC_001242,TRN_139,Dabri Mor - Janakpuri South,2026-03-03 12:27:00,11,Door Issue,Medium,True
INC_001243,TRN_080,Pratap Nagar,2026-03-27 09:28:00,26,Door Issue,High,True
INC_001244,TRN_158,Sadar Bazar Cantonment,2026-03-23 20:01:00,13,Passenger Congestion,Medium,True
INC_001245,TRN_079,Qutab Minar,2026-03-30 16:49:00,41,Track Maintenance,Critical,True
INC_001246,TRN_102,Noida Sector 16,2026-03-03 14:41:00,14,Power Failure,Medium,True
INC_001247,TRN_192,Lal Quila,2026-03-29 22:33:00,23,Door Issue,High,True
INC_001248,TRN_166,Sukhdev Vihar,2026-03-05 10:22:00,17,Power Failure,High,True
INC_001249,TRN_007,Shyam Park,2026-03-04 11:06:00,14,Track Maintenance,Medium,True
INC_001250,TRN_105,Dwarka Sector 13,2026-03-01 20:33:00,19,Signal Failure,High,True
INC_001251,TRN_143,Saket,2026-03-28 14:23:00,2,Power Failure,Low,False
INC_001252,TRN_010,Dilli Haat - INA,2026-03-20 07:41:00,20,Track Maintenance,High,False
INC_001253,TRN_022,Badkhal Mor,2026-03-26 12:13:00,31,Track Maintenance,Critical,True
INC_001254,TRN_035,Arjan Garh,2026-03-17 22:49:00,3,Door Issue,Low,True
INC_001255,TRN_132,Supreme Court,2026-03-06 16:50:00,26,Track Maintenance,High,True
INC_001256,TRN_167,Dilshad Garden,2026-03-01 14:11:00,25,Power Failure,High,True
INC_001257,TRN_058,Arthala,2026-03-27 08:05:00,8,Passenger Congestion,Medium,True
INC_001258,TRN_111,Noida City Centre,2026-03-17 07:28:00,23,Passenger Congestion,High,True
INC_001259,TRN_006,East Azad Nagar,2026-03-22 12:11:00,18,Track Maintenance,High,True
INC_001260,TRN_195,Okhla Bird Sanctuary,2026-03-10 08:04:00,38,Medical Emergency,Critical,True
INC_001261,TRN_034,Tis Hazari,2026-03-19 10:49:00,35,Power Failure,Critical,True
INC_001262,TRN_076,Jangpura,2026-03-24 16:41:00,44,Medical Emergency,Critical,True
INC_001263,TRN_183,New Delhi,2026-03-04 07:08:00,36,Power Failure,Critical,True
INC_001264,TRN_099,Badarpur Border,2026-03-25 08:39:00,8,Passenger Congestion,Medium,True
INC_001265,TRN_181,East Vinod Nagar - Mayur Vihar-II,2026-03-13 08:31:00,9,Track Maintenance,Medium,True
INC_001266,TRN_161,South Extension,2026-03-19 15:42:00,17,Passenger Congestion,High,True
INC_001267,TRN_127,Noida Electronic City,2026-03-21 18:48:00,31,Signal Failure,Critical,True
INC_001268,TRN_055,Vasant Vihar,2026-03-29 18:14:00,44,Signal Failure,Critical,True
INC_001269,TRN_060,Jhilmil,2026-03-10 22:22:00,35,Door Issue,Critical,True
INC_001270,TRN_093,Okhla Vihar,2026-03-07 19:13:00,35,Passenger Congestion,Critical,True
INC_001271,TRN_080,Shyam Park,2026-03-08 20:45:00,22,Track Maintenance,High,True
INC_001272,TRN_118,Sarojini Nagar,2026-03-29 20:56:00,19,Signal Failure,High,True
INC_001273,TRN_134,Bata Chowk,2026-03-28 15:57:00,32,Passenger Congestion,Critical,True
INC_001274,TRN_026,Kashmere Gate,2026-03-04 09:02:00,14,Medical Emergency,Medium,True
INC_001275,TRN_075,R.K. Puram,2026-03-17 15:33:00,16,Door Issue,High,True
INC_001276,TRN_012,Raj Bagh,2026-03-30 16:55:00,21,Track Maintenance,High,False
INC_001277,TRN_161,Rajouri Garden,2026-03-08 21:22:00,27,Power Failure,High,False
INC_001278,TRN_040,Panchsheel Park,2026-03-21 17:08:00,8,Power Failure,Medium,True
INC_001279,TRN_073,Central Secretariat,2026-03-10 13:51:00,15,Medical Emergency,High,True
INC_001280,TRN_039,Malviya Nagar,2026-03-02 17:34:00,38,Medical Emergency,Critical,True
INC_001281,TRN_065,Jasola Vihar Shaheen Bagh,2026-03-20 09:25:00,15,Signal Failure,High,True
INC_001282,TRN_013,Kashmere Gate,2026-03-27 07:19:00,6,Power Failure,Medium,True
INC_001283,TRN_192,Mandi House,2026-03-23 16:13:00,12,Power Failure,Medium,True
INC_001284,TRN_060,Major Mohit Sharma Rajendra Nagar,2026-03-07 10:53:00,12,Medical Emergency,Medium,True
INC_001285,TRN_106,Azadpur,2026-03-16 06:00:00,32,Track Maintenance,Critical,True
INC_001286,TRN_184,Shahdara,2026-03-09 13:55:00,42,Medical Emergency,Critical,True
INC_001287,TRN_091,Palam,2026-03-27 19:28:00,18,Track Maintenance,High,True
INC_001288,TRN_193,Pitampura,2026-03-03 06:40:00,40,Medical Emergency,Critical,True
INC_001289,TRN_129,Azadpur,2026-03-29 10:51:00,27,Passenger Congestion,High,True
INC_001290,TRN_025,Malviya Nagar,2026-03-14 18:08:00,18,Track Maintenance,High,True
INC_001291,TRN_186,Dwarka Sector 12,2026-03-27 19:20:00,37,Medical Emergency,Critical,True
INC_001292,TRN_014,"Rohini Sector 18, 19",2026-03-10 19:19:00,18,Door Issue,High,True
INC_001293,TRN_133,Kashmere Gate,2026-03-06 18:05:00,5,Door Issue,Medium,True
INC_001294,TRN_010,Haiderpur Badli Mor,2026-03-22 12:14:00,15,Power Failure,High,True
INC_001295,TRN_141,Tughlakabad,2026-03-02 22:48:00,30,Door Issue,Critical,True
INC_001296,TRN_071,Janpath,2026-03-08 22:49:00,42,Power Failure,Critical,False
INC_001297,TRN_049,Dwarka Sector 8,2026-03-08 15:10:00,22,Power Failure,High,True
INC_001298,TRN_159,Terminal 1 IGI Airport,2026-03-13 14:32:00,16,Track Maintenance,High,True
INC_001299,TRN_038,Rohini East,2026-03-23 06:05:00,5,Passenger Congestion,Medium,True
INC_001300,TRN_160,Vidhan Sabha,2026-03-27 22:52:00,16,Medical Emergency,High,True
INC_001301,TRN_091,Vasant Vihar,2026-03-30 19:14:00,23,Door Issue,High,True
INC_001302,TRN_195,Kalindi Kunj,2026-03-14 15:41:00,23,Door Issue,High,True
INC_001303,TRN_091,Terminal 1 IGI Airport,2026-03-02 06:33:00,21,Track Maintenance,High,True
INC_001304,TRN_012,Inderlok,2026-03-20 14:26:00,13,Door Issue,Medium,True
INC_001305,TRN_052,Govind Puri,2026-03-01 17:49:00,24,Medical Emergency,High,True
INC_001306,TRN_140,Mayur Vihar Pocket 1,2026-03-12 12:42:00,39,Passenger Congestion,Critical,True
INC_001307,TRN_192,Kashmere Gate,2026-03-01 16:44:00,22,Medical Emergency,High,True
INC_001308,TRN_152,Dwarka Sector 12,2026-03-30 18:41:00,45,Power Failure,Critical,True
INC_001309,TRN_092,Shastri Park,2026-03-08 14:02:00,19,Track Maintenance,High,True
INC_001310,TRN_031,Terminal 1 IGI Airport,2026-03-18 17:33:00,23,Passenger Congestion,High,True
INC_001311,TRN_179,Mayur Vihar-I,2026-03-24 20:39:00,3,Track Maintenance,Low,True
INC_001312,TRN_132,Noida Sector 62,2026-03-22 07:46:00,14,Power Failure,Medium,False
INC_001313,TRN_024,Guru Dronacharya,2026-03-17 15:20:00,22,Medical Emergency,High,True
INC_001314,TRN_041,Shiv Vihar,2026-03-16 08:49:00,8,Door Issue,Medium,True
INC_001315,TRN_091,Kalindi Kunj,2026-03-17 19:57:00,12,Track Maintenance,Medium,True
INC_001316,TRN_110,Hazrat Nizamuddin,2026-03-23 18:11:00,28,Signal Failure,High,True
INC_001317,TRN_157,NHPC Chowk,2026-03-11 14:41:00,19,Medical Emergency,High,True
INC_001318,TRN_127,Ramesh Nagar,2026-03-27 17:13:00,27,Power Failure,High,True
INC_001319,TRN_110,Netaji Subhash Place,2026-03-21 06:52:00,35,Track Maintenance,Critical,True
INC_001320,TRN_195,Munirka,2026-03-05 06:36:00,15,Track Maintenance,High,True
INC_001321,TRN_142,Rohini East,2026-03-09 17:08:00,11,Medical Emergency,Medium,True
INC_001322,TRN_048,Vishwa Vidyalaya,2026-03-08 18:23:00,43,Signal Failure,Critical,True
INC_001323,TRN_008,Terminal 1 IGI Airport,2026-03-27 14:35:00,26,Signal Failure,High,True
INC_001324,TRN_008,IIT Delhi,2026-03-04 14:56:00,8,Medical Emergency,Medium,True
INC_001325,TRN_017,Bata Chowk,2026-03-09 18:21:00,5,Door Issue,Medium,True
INC_001326,TRN_009,Welcome,2026-03-18 07:02:00,28,Passenger Congestion,High,True
INC_001327,TRN_009,Shyam Park,2026-03-30 07:10:00,24,Passenger Congestion,High,True
INC_001328,TRN_031,Nehru Enclave,2026-03-20 09:48:00,43,Signal Failure,Critical,True
INC_001329,TRN_052,Lal Quila,2026-03-29 08:55:00,2,Passenger Congestion,Low,True
INC_001330,TRN_085,NHPC Chowk,2026-03-21 18:41:00,20,Passenger Congestion,High,True
INC_001331,TRN_033,Major Mohit Sharma Rajendra Nagar,2026-03-16 18:17:00,39,Track Maintenance,Critical,True
INC_001332,TRN_054,Delhi Cantt,2026-03-11 07:00:00,4,Passenger Congestion,Low,True
INC_001333,TRN_128,Nehru Enclave,2026-03-17 13:55:00,14,Power Failure,Medium,True
INC_001334,TRN_092,Mohan Nagar,2026-03-18 19:15:00,45,Medical Emergency,Critical,True
INC_001335,TRN_046,Kanhaiya Nagar,2026-03-02 14:47:00,44,Medical Emergency,Critical,True
INC_001336,TRN_047,R.K. Puram,2026-03-24 09:02:00,12,Passenger Congestion,Medium,True
INC_001337,TRN_161,Karkarduma,2026-03-14 16:55:00,18,Track Maintenance,High,True
INC_001338,TRN_001,Kohat Enclave,2026-03-19 20:00:00,11,Signal Failure,Medium,True
INC_001339,TRN_058,Kohat Enclave,2026-03-25 13:22:00,28,Medical Emergency,High,True
INC_001340,TRN_172,Bata Chowk,2026-03-11 17:42:00,23,Track Maintenance,High,True
INC_001341,TRN_039,MG Road,2026-03-23 14:01:00,21,Signal Failure,High,True
INC_001342,TRN_170,Kanhaiya Nagar,2026-03-19 06:44:00,9,Door Issue,Medium,True
INC_001343,TRN_178,Moolchand,2026-03-12 07:32:00,35,Power Failure,Critical,True
INC_001344,TRN_034,Mohan Nagar,2026-03-08 11:46:00,8,Power Failure,Medium,True
INC_001345,TRN_055,Vasant Vihar,2026-03-04 12:06:00,17,Passenger Congestion,High,True
INC_001346,TRN_066,Jama Masjid,2026-03-23 09:40:00,18,Passenger Congestion,High,True
INC_001347,TRN_073,Central Secretariat,2026-03-14 12:00:00,25,Track Maintenance,High,True
INC_001348,TRN_180,Hindon River,2026-03-05 19:33:00,34,Passenger Congestion,Critical,True
INC_001349,TRN_002,Kanhaiya Nagar,2026-03-01 15:02:00,28,Power Failure,High,False
INC_001350,TRN_051,Shahdara,2026-03-03 22:05:00,7,Passenger Congestion,Medium,True
INC_001351,TRN_028,Noida Electronic City,2026-03-23 16:49:00,26,Passenger Congestion,High,False
INC_001352,TRN_082,Govind Puri,2026-03-09 16:56:00,18,Track Maintenance,High,True
INC_001353,TRN_103,Jhilmil,2026-03-07 06:29:00,30,Track Maintenance,Critical,True
INC_001354,TRN_166,Palam,2026-03-28 16:58:00,33,Medical Emergency,Critical,True
INC_001355,TRN_124,Hindon River,2026-03-24 16:46:00,28,Track Maintenance,High,True
INC_001356,TRN_048,Azadpur,2026-03-25 22:02:00,5,Passenger Congestion,Medium,True
INC_001357,TRN_194,Patel Chowk,2026-03-18 22:22:00,34,Power Failure,Critical,True
INC_001358,TRN_114,Qutab Minar,2026-03-16 18:28:00,11,Signal Failure,Medium,True
INC_001359,TRN_014,IFFCO Chowk,2026-03-29 18:48:00,17,Medical Emergency,High,True
INC_001360,TRN_160,Central Secretariat,2026-03-27 17:54:00,27,Door Issue,High,True
INC_001361,TRN_152,Dwarka Sector 9,2026-03-15 14:30:00,21,Track Maintenance,High,True
INC_001362,TRN_152,Kirti Nagar,2026-03-01 15:03:00,32,Passenger Congestion,Critical,True
INC_001363,TRN_023,Vinobapuri,2026-03-28 12:26:00,10,Door Issue,Medium,True
INC_001364,TRN_093,Jasola Vihar Shaheen Bagh,2026-03-22 20:06:00,7,Medical Emergency,Medium,True
INC_001365,TRN_028,Barakhamba Road,2026-03-16 06:46:00,27,Medical Emergency,High,True
INC_001366,TRN_164,Uttam Nagar,2026-03-08 20:40:00,23,Track Maintenance,High,False
INC_001367,TRN_061,Inderlok,2026-03-23 12:41:00,40,Power Failure,Critical,True
INC_001368,TRN_078,Shastri Park,2026-03-26 18:05:00,42,Passenger Congestion,Critical,True
INC_001369,TRN_120,Janakpuri West,2026-03-05 10:52:00,38,Power Failure,Critical,True
INC_001370,TRN_176,Mandi House,2026-03-17 12:45:00,41,Door Issue,Critical,True
INC_001371,TRN_033,Tis Hazari,2026-03-12 22:12:00,42,Medical Emergency,Critical,True
INC_001372,TRN_100,Raj Bagh,2026-03-02 18:33:00,3,Passenger Congestion,Low,True
INC_001373,TRN_044,Rohini East,2026-03-17 19:47:00,20,Track Maintenance,High,True
INC_001374,TRN_039,Patel Chowk,2026-03-30 19:05:00,36,Signal Failure,Critical,True
INC_001375,TRN_112,New Ashok Nagar,2026-03-21 08:11:00,2,Medical Emergency,Low,True
INC_001376,TRN_119,Jafrabad,2026-03-12 22:00:00,29,Power Failure,High,True
INC_001377,TRN_045,Dwarka Sector 14,2026-03-16 06:17:00,26,Track Maintenance,High,True
INC_001378,TRN_113,Shastri Park,2026-03-03 22:02:00,33,Power Failure,Critical,True
INC_001379,TRN_144,MG Road,2026-03-21 07:20:00,30,Track Maintenance,Critical,True
INC_001380,TRN_003,South Extension,2026-03-07 06:34:00,42,Signal Failure,Critical,True
INC_001381,TRN_112,New Ashok Nagar,2026-03-17 09:45:00,42,Medical Emergency,Critical,True
INC_001382,TRN_085,NHPC Chowk,2026-03-11 08:45:00,28,Door Issue,High,True
INC_001383,TRN_049,Dwarka Sector 8,2026-03-02 11:36:00,45,Power Failure,Critical,True
INC_001384,TRN_141,Sant Surdas (Sihi),2026-03-15 19:30:00,6,Passenger Congestion,Medium,True
INC_001385,TRN_137,Shaheed Nagar,2026-03-12 11:21:00,43,Power Failure,Critical,True
INC_001386,TRN_151,Bhikaji Cama Place,2026-03-24 12:14:00,30,Signal Failure,Critical,True
INC_001387,TRN_093,Jamia Millia Islamia,2026-03-30 08:08:00,40,Track Maintenance,Critical,True
INC_001388,TRN_144,Millennium City Centre Gurugram,2026-03-05 20:30:00,3,Power Failure,Low,True
INC_001389,TRN_007,Tis Hazari,2026-03-27 17:05:00,28,Medical Emergency,High,True
INC_001390,TRN_087,Rohini East,2026-03-20 22:51:00,29,Door Issue,High,True
INC_001391,TRN_151,Vinobapuri,2026-03-06 13:27:00,23,Passenger Congestion,High,True
INC_001392,TRN_122,Lajpat Nagar,2026-03-22 21:48:00,44,Door Issue,Critical,True
INC_001393,TRN_045,Uttam Nagar West,2026-03-30 14:48:00,8,Power Failure,Medium,True
INC_001394,TRN_153,Rajouri Garden,2026-03-09 07:44:00,9,Passenger Congestion,Medium,True
INC_001395,TRN_177,Munirka,2026-03-01 13:42:00,19,Door Issue,High,True
INC_001396,TRN_035,Udyog Bhawan,2026-03-11 16:15:00,36,Door Issue,Critical,True
INC_001397,TRN_079,Samaypur Badli,2026-03-14 18:37:00,34,Door Issue,Critical,True
INC_001398,TRN_061,Netaji Subhash Place,2026-03-14 11:01:00,26,Passenger Congestion,High,True
INC_001399,TRN_145,Central Secretariat,2026-03-09 08:39:00,21,Power Failure,High,True
INC_001400,TRN_067,Jasola Apollo,2026-03-10 11:44:00,15,Signal Failure,High,True
INC_001401,TRN_119,South Extension,2026-03-08 22:09:00,3,Signal Failure,Low,True
INC_001402,TRN_042,Botanical Garden,2026-03-22 20:10:00,2,Passenger Congestion,Low,True
INC_001403,TRN_135,Bata Chowk,2026-03-14 09:19:00,26,Door Issue,High,True
INC_001404,TRN_051,Rohini East,2026-03-19 17:34:00,22,Passenger Congestion,High,True
INC_001405,TRN_177,Nehru Enclave,2026-03-16 15:34:00,40,Passenger Congestion,Critical,True
INC_001406,TRN_120,Sadar Bazar Cantonment,2026-03-18 07:28:00,30,Medical Emergency,Critical,True
INC_001407,TRN_080,Major Mohit Sharma Rajendra Nagar,2026-03-03 20:40:00,38,Power Failure,Critical,True
INC_001408,TRN_070,Jasola Apollo,2026-03-30 08:32:00,39,Passenger Congestion,Critical,True
INC_001409,TRN_012,Rohini West,2026-03-19 20:42:00,20,Door Issue,High,True
INC_001410,TRN_121,Nawada,2026-03-30 12:32:00,44,Medical Emergency,Critical,True
INC_001411,TRN_131,Raja Nahar Singh,2026-03-30 06:07:00,2,Track Maintenance,Low,True
INC_001412,TRN_091,Greater Kailash,2026-03-12 21:59:00,44,Medical Emergency,Critical,True
INC_001413,TRN_150,Delhi Cantt,2026-03-11 15:22:00,27,Track Maintenance,High,True
INC_001414,TRN_051,Shaheed Nagar,2026-03-08 16:59:00,31,Door Issue,Critical,True
INC_001415,TRN_170,Kanhaiya Nagar,2026-03-20 18:35:00,16,Track Maintenance,High,False
INC_001416,TRN_156,Shiv Vihar,2026-03-30 09:59:00,15,Track Maintenance,High,True
INC_001417,TRN_158,IIT Delhi,2026-03-14 09:09:00,20,Door Issue,High,True
INC_001418,TRN_147,Dabri Mor - Janakpuri South,2026-03-28 22:28:00,33,Medical Emergency,Critical,True
INC_001419,TRN_177,Shankar Vihar,2026-03-20 07:30:00,43,Passenger Congestion,Critical,True
INC_001420,TRN_018,Okhla Bird Sanctuary,2026-03-05 14:32:00,41,Door Issue,Critical,True
INC_001421,TRN_107,IP Extension,2026-03-04 10:08:00,15,Door Issue,High,True
INC_001422,TRN_129,Green Park,2026-03-30 09:17:00,5,Door Issue,Medium,True
INC_001423,TRN_050,Kalkaji Mandir,2026-03-29 07:04:00,29,Passenger Congestion,High,True
INC_001424,TRN_168,ESI Basaidarapur,2026-03-29 18:23:00,21,Medical Emergency,High,True
INC_001425,TRN_127,Dwarka Sector 14,2026-03-14 13:14:00,33,Passenger Congestion,Critical,True
INC_001426,TRN_105,Karol Bagh,2026-03-04 13:27:00,44,Signal Failure,Critical,True
INC_001427,TRN_112,Akshardham,2026-03-28 15:07:00,16,Power Failure,High,True
INC_001428,TRN_187,Mansarovar Park,2026-03-06 19:21:00,15,Passenger Congestion,High,True
INC_001429,TRN_004,Sir M. Vishveshwaraya Moti Bagh,2026-03-15 18:02:00,43,Door Issue,Critical,True
INC_001430,TRN_015,Sarojini Nagar,2026-03-08 14:13:00,42,Track Maintenance,Critical,True
INC_001431,TRN_116,Kirti Nagar,2026-03-28 16:15:00,27,Signal Failure,High,True
INC_001432,TRN_004,Vinobapuri,2026-03-01 21:45:00,40,Track Maintenance,Critical,True
INC_001433,TRN_149,Palam,2026-03-08 07:36:00,40,Door Issue,Critical,True
INC_001434,TRN_124,Shastri Park,2026-03-15 15:47:00,6,Signal Failure,Medium,True
INC_001435,TRN_119,Sir M. Vishveshwaraya Moti Bagh,2026-03-17 12:21:00,10,Power Failure,Medium,True
INC_001436,TRN_198,Noida Sector 62,2026-03-25 15:23:00,45,Passenger Congestion,Critical,True
INC_001437,TRN_091,Chirag Delhi,2026-03-01 07:58:00,19,Passenger Congestion,High,True
INC_001438,TRN_122,Janpath,2026-03-06 15:38:00,42,Door Issue,Critical,True
INC_001439,TRN_020,Anand Vihar ISBT,2026-03-08 19:10:00,10,Signal Failure,Medium,True
INC_001440,TRN_154,Barakhamba Road,2026-03-21 08:50:00,17,Passenger Congestion,High,True
INC_001441,TRN_015,Karkarduma Court,2026-03-25 21:20:00,12,Door Issue,Medium,True
INC_001442,TRN_030,Keshav Puram,2026-03-28 06:53:00,36,Signal Failure,Critical,False
INC_001443,TRN_063,Hauz Khas,2026-03-30 07:39:00,12,Track Maintenance,Medium,True
INC_001444,TRN_078,Keshav Puram,2026-03-24 10:23:00,26,Power Failure,High,True
INC_001445,TRN_153,Dwarka Sector 11,2026-03-22 15:54:00,27,Power Failure,High,True
INC_001446,TRN_191,Hazrat Nizamuddin,2026-03-22 21:00:00,6,Power Failure,Medium,True
INC_001447,TRN_200,Shalimar Bagh,2026-03-11 14:46:00,30,Medical Emergency,Critical,True
INC_001448,TRN_188,AIIMS,2026-03-04 21:20:00,9,Track Maintenance,Medium,True
INC_001449,TRN_149,IIT Delhi,2026-03-03 13:11:00,23,Signal Failure,High,True
INC_001450,TRN_028,Noida Electronic City,2026-03-22 10:35:00,36,Door Issue,Critical,True
INC_001451,TRN_176,Jhandewalan,2026-03-21 20:07:00,41,Door Issue,Critical,True
INC_001452,TRN_106,Gokulpuri,2026-03-30 08:11:00,32,Track Maintenance,Critical,True
INC_001453,TRN_059,Dwarka Sector 9,2026-03-22 07:07:00,21,Door Issue,High,True
INC_001454,TRN_016,Raj Bagh,2026-03-07 21:15:00,33,Power Failure,Critical,True
INC_001455,TRN_010,Dilli Haat - INA,2026-03-24 17:12:00,37,Signal Failure,Critical,True
INC_001456,TRN_022,Neelam Chowk Ajronda,2026-03-13 11:52:00,8,Power Failure,Medium,False
INC_001457,TRN_016,Pratap Nagar,2026-03-15 19:55:00,45,Passenger Congestion,Critical,True
INC_001458,TRN_192,Central Secretariat,2026-03-09 17:15:00,19,Door Issue,High,True
INC_001459,TRN_188,Hauz Khas,2026-03-30 08:15:00,30,Power Failure,Critical,True
INC_001460,TRN_001,Kohat Enclave,2026-03-25 07:54:00,2,Power Failure,Low,False
INC_001461,TRN_023,Maujpur - Babarpur,2026-03-26 13:36:00,38,Medical Emergency,Critical,True
INC_001462,TRN_094,Botanical Garden,2026-03-24 06:11:00,28,Door Issue,High,True
INC_001463,TRN_182,Kalindi Kunj,2026-03-06 22:55:00,24,Door Issue,High,True
INC_001464,TRN_040,Greater Kailash,2026-03-01 08:17:00,32,Power Failure,Critical,True
INC_001465,TRN_075,Okhla Vihar,2026-03-04 16:07:00,18,Signal Failure,High,True
INC_001466,TRN_124,Keshav Puram,2026-03-01 13:03:00,23,Power Failure,High,True
INC_001467,TRN_059,Rajouri Garden,2026-03-15 20:40:00,40,Medical Emergency,Critical,True
INC_001468,TRN_072,Millennium City Centre Gurugram,2026-03-11 11:46:00,16,Power Failure,High,True
INC_001469,TRN_090,Sant Surdas (Sihi),2026-03-08 20:40:00,16,Power Failure,High,True
INC_001470,TRN_154,Golf Course,2026-03-10 12:19:00,30,Door Issue,Critical,True
INC_001471,TRN_153,Shadipur,2026-03-07 06:40:00,40,Medical Emergency,Critical,True
INC_001472,TRN_054,Vinobapuri,2026-03-13 17:11:00,33,Door Issue,Critical,True
INC_001473,TRN_085,Kashmere Gate,2026-03-30 17:18:00,27,Medical Emergency,High,True
INC_001474,TRN_010,Chandni Chowk,2026-03-09 14:46:00,4,Door Issue,Low,True
INC_001475,TRN_008,Palam,2026-03-08 18:39:00,42,Track Maintenance,Critical,True
INC_001476,TRN_070,Central Secretariat,2026-03-06 07:11:00,23,Medical Emergency,High,True
INC_001477,TRN_176,Rajendra Place,2026-03-27 22:40:00,12,Track Maintenance,Medium,True
INC_001478,TRN_092,Hindon River,2026-03-19 14:53:00,24,Door Issue,High,True
INC_001479,TRN_153,Supreme Court,2026-03-11 13:43:00,11,Track Maintenance,Medium,False
INC_001480,TRN_176,Noida Sector 61,2026-03-17 12:34:00,26,Door Issue,High,True
INC_001481,TRN_016,Dilshad Garden,2026-03-16 15:46:00,8,Track Maintenance,Medium,True
INC_001482,TRN_198,Dwarka Sector 11,2026-03-14 11:45:00,35,Door Issue,Critical,True
INC_001483,TRN_195,R.K. Puram,2026-03-30 17:34:00,34,Medical Emergency,Critical,True
INC_001484,TRN_109,Ghitorni,2026-03-10 06:27:00,5,Door Issue,Medium,True
INC_001485,TRN_169,Tis Hazari,2026-03-02 16:15:00,17,Medical Emergency,High,True
INC_001486,TRN_027,Shalimar Bagh,2026-03-25 08:49:00,37,Door Issue,Critical,True
INC_001487,TRN_145,Sarai,2026-03-28 17:36:00,15,Track Maintenance,High,True
INC_001488,TRN_174,Okhla Bird Sanctuary,2026-03-17 15:55:00,18,Passenger Congestion,High,True
INC_001489,TRN_127,Mayur Vihar Extension,2026-03-07 13:08:00,19,Power Failure,High,True
INC_001490,TRN_020,IP Extension,2026-03-09 09:16:00,42,Passenger Congestion,Critical,True
INC_001491,TRN_119,East Vinod Nagar - Mayur Vihar-II,2026-03-07 15:15:00,12,Medical Emergency,Medium,True
INC_001492,TRN_131,Sector 28,2026-03-05 12:19:00,42,Door Issue,Critical,True
INC_001493,TRN_070,ITO,2026-03-04 07:57:00,32,Track Maintenance,Critical,True
INC_001494,TRN_029,Durgabai Deshmukh South Campus,2026-03-09 20:24:00,13,Track Maintenance,Medium,True
INC_001495,TRN_035,Model Town,2026-03-25 13:13:00,36,Signal Failure,Critical,True
INC_001496,TRN_072,Samaypur Badli,2026-03-29 07:55:00,14,Medical Emergency,Medium,True
INC_001497,TRN_035,Arjan Garh,2026-03-21 17:41:00,15,Signal Failure,High,True
INC_001498,TRN_169,Netaji Subhash Place,2026-03-21 07:54:00,11,Passenger Congestion,Medium,True
INC_001499,TRN_164,Noida Sector 15,2026-03-04 22:52:00,37,Power Failure,Critical,True
INC_001500,TRN_118,Shiv Vihar,2026-03-03 22:35:00,2,Passenger Congestion,Low,True
