day,station_id,hour,day_of_week,is_weekend,is_peak,capacity,passenger_count,density_percentage,lag_1h_footfall
0,1,0,0,0,0,1200,95,7.92,95.0
0,1,1,0,0,0,1200,32,2.67,95.0
0,1,2,0,0,0,1200,29,2.42,32.0
0,1,3,0,0,0,1200,24,2.0,29.0
0,1,4,0,0,0,1200,37,3.08,24.0
0,1,5,0,0,0,1200,115,9.58,37.0
0,1,6,0,0,0,1200,665,55.42,115.0
0,1,7,0,0,0,1200,684,57.0,665.0
0,1,8,0,0,1,1200,1169,97.42,684.0
0,1,9,0,0,1,1200,1214,101.17,1169.0
0,1,10,0,0,0,1200,477,39.75,1214.0
0,1,11,0,0,0,1200,486,40.5,477.0
0,1,12,0,0,0,1200,499,41.58,486.0
0,1,13,0,0,0,1200,485,40.42,499.0
0,1,14,0,0,0,1200,496,41.33,485.0
0,1,15,0,0,0,1200,527,43.92,496.0
0,1,16,0,0,0,1200,414,34.5,527.0
0,1,17,0,0,1,1200,1158,96.5,414.0
0,1,18,0,0,1,1200,1274,106.17,1158.0
0,1,19,0,0,1,1200,1070,89.17,1274.0
0,1,20,0,0,0,1200,808,67.33,1070.0
0,1,21,0,0,0,1200,265,22.08,808.0
0,1,22,0,0,0,1200,263,21.92,265.0
0,1,23,0,0,0,1200,277,23.08,263.0
1,1,0,1,0,0,1200,97,8.08,277.0
1,1,1,1,0,0,1200,24,2.0,97.0
1,1,2,1,0,0,1200,24,2.0,24.0
1,1,3,1,0,0,1200,103,8.58,24.0
1,1,4,1,0,0,1200,189,15.75,103.0
1,1,5,1,0,0,1200,70,5.83,189.0
1,1,6,1,0,0,1200,656,54.67,70.0
1,1,7,1,0,0,1200,646,53.83,656.0
1,1,8,1,0,1,1200,1114,92.83,646.0
1,1,9,1,0,1,1200,1154,96.17,1114.0
1,1,10,1,0,0,1200,478,39.83,1154.0
1,1,11,1,0,0,1200,353,29.42,478.0
1,1,12,1,0,0,1200,512,42.67,353.0
1,1,13,1,0,0,1200,437,36.42,512.0
1,1,14,1,0,0,1200,463,38.58,437.0
1,1,15,1,0,0,1200,476,39.67,463.0
1,1,16,1,0,0,1200,507,42.25,476.0
1,1,17,1,0,1,1200,1195,99.58,507.0
1,1,18,1,0,1,1200,1086,90.5,1195.0
1,1,19,1,0,1,1200,1171,97.58,1086.0
1,1,20,1,0,0,1200,823,68.58,1171.0
1,1,21,1,0,0,1200,217,18.08,823.0
1,1,22,1,0,0,1200,242,20.17,217.0
1,1,23,1,0,0,1200,300,25.0,242.0
2,1,0,2,0,0,1200,84,7.0,300.0
2,1,1,2,0,0,1200,94,7.83,84.0
2,1,2,2,0,0,1200,24,2.0,94.0
2,1,3,2,0,0,1200,24,2.0,24.0
2,1,4,2,0,0,1200,76,6.33,24.0
2,1,5,2,0,0,1200,129,10.75,76.0
2,1,6,2,0,0,1200,648,54.0,129.0
2,1,7,2,0,0,1200,747,62.25,648.0
2,1,8,2,0,1,1200,1119,93.25,747.0
2,1,9,2,0,1,1200,1087,90.58,1119.0
2,1,10,2,0,0,1200,451,37.58,1087.0
2,1,11,2,0,0,1200,572,47.67,451.0
2,1,12,2,0,0,1200,484,40.33,572.0
2,1,13,2,0,0,1200,478,39.83,484.0
2,1,14,2,0,0,1200,428,35.67,478.0
2,1,15,2,0,0,1200,397,33.08,428.0
2,1,16,2,0,0,1200,500,41.67,397.0
2,1,17,2,0,1,1200,1074,89.5,500.0
2,1,18,2,0,1,1200,1200,100.0,1074.0
2,1,19,2,0,1,1200,1211,100.92,1200.0
2,1,20,2,0,0,1200,889,74.08,1211.0
2,1,21,2,0,0,1200,358,29.83,889.0
2,1,22,2,0,0,1200,226,18.83,358.0
2,1,23,2,0,0,1200,196,16.33,226.0
3,1,0,3,0,0,1200,45,3.75,196.0
3,1,1,3,0,0,1200,61,5.08,45.0
3,1,2,3,0,0,1200,54,4.5,61.0
3,1,3,3,0,0,1200,24,2.0,54.0
3,1,4,3,0,0,1200,48,4.0,24.0
3,1,5,3,0,0,1200,126,10.5,48.0
3,1,6,3,0,0,1200,705,58.75,126.0
3,1,7,3,0,0,1200,716,59.67,705.0
3,1,8,3,0,1,1200,1129,94.08,716.0
3,1,9,3,0,1,1200,1196,99.67,1129.0
3,1,10,3,0,0,1200,428,35.67,1196.0
3,1,11,3,0,0,1200,388,32.33,428.0
3,1,12,3,0,0,1200,495,41.25,388.0
3,1,13,3,0,0,1200,470,39.17,495.0
3,1,14,3,0,0,1200,485,40.42,470.0
3,1,15,3,0,0,1200,408,34.0,485.0
3,1,16,3,0,0,1200,465,38.75,408.0
3,1,17,3,0,1,1200,1167,97.25,465.0
3,1,18,3,0,1,1200,1117,93.08,1167.0
3,1,19,3,0,1,1200,1178,98.17,1117.0
3,1,20,3,0,0,1200,898,74.83,1178.0
3,1,21,3,0,0,1200,275,22.92,898.0
3,1,22,3,0,0,1200,343,28.58,275.0
3,1,23,3,0,0,1200,146,12.17,343.0
4,1,0,4,0,0,1200,105,8.75,146.0
4,1,1,4,0,0,1200,24,2.0,105.0
4,1,2,4,0,0,1200,137,11.42,24.0
4,1,3,4,0,0,1200,121,10.08,137.0
4,1,4,4,0,0,1200,112,9.33,121.0
4,1,5,4,0,0,1200,58,4.83,112.0
4,1,6,4,0,0,1200,668,55.67,58.0
4,1,7,4,0,0,1200,688,57.33,668.0
4,1,8,4,0,1,1200,1120,93.33,688.0
4,1,9,4,0,1,1200,1119,93.25,1120.0
4,1,10,4,0,0,1200,397,33.08,1119.0
4,1,11,4,0,0,1200,404,33.67,397.0
4,1,12,4,0,0,1200,468,39.0,404.0
4,1,13,4,0,0,1200,437,36.42,468.0
4,1,14,4,0,0,1200,496,41.33,437.0
4,1,15,4,0,0,1200,460,38.33,496.0
4,1,16,4,0,0,1200,486,40.5,460.0
4,1,17,4,0,1,1200,1304,108.67,486.0
4,1,18,4,0,1,1200,1254,104.5,1304.0
4,1,19,4,0,1,1200,1253,104.42,1254.0
4,1,20,4,0,0,1200,851,70.92,1253.0
4,1,21,4,0,0,1200,346,28.83,851.0
4,1,22,4,0,0,1200,266,22.17,346.0
4,1,23,4,0,0,1200,176,14.67,266.0
5,1,0,5,1,0,1200,150,12.5,176.0
5,1,1,5,1,0,1200,24,2.0,150.0
5,1,2,5,1,0,1200,78,6.5,24.0
5,1,3,5,1,0,1200,24,2.0,78.0
5,1,4,5,1,0,1200,28,2.33,24.0
5,1,5,5,1,0,1200,120,10.0,28.0
5,1,6,5,1,0,1200,395,32.92,120.0
5,1,7,5,1,0,1200,389,32.42,395.0
5,1,8,5,1,0,1200,498,41.5,389.0
5,1,9,5,1,0,1200,526,43.83,498.0
5,1,10,5,1,0,1200,147,12.25,526.0
5,1,11,5,1,0,1200,259,21.58,147.0
5,1,12,5,1,0,1200,195,16.25,259.0
5,1,13,5,1,0,1200,318,26.5,195.0
5,1,14,5,1,0,1200,157,13.08,318.0
5,1,15,5,1,0,1200,265,22.08,157.0
5,1,16,5,1,0,1200,212,17.67,265.0
5,1,17,5,1,0,1200,604,50.33,212.0
5,1,18,5,1,0,1200,711,59.25,604.0
5,1,19,5,1,0,1200,580,48.33,711.0
5,1,20,5,1,0,1200,494,41.17,580.0
5,1,21,5,1,0,1200,114,9.5,494.0
5,1,22,5,1,0,1200,171,14.25,114.0
5,1,23,5,1,0,1200,234,19.5,171.0
6,1,0,6,1,0,1200,24,2.0,234.0
6,1,1,6,1,0,1200,161,13.42,24.0
6,1,2,6,1,0,1200,24,2.0,161.0
6,1,3,6,1,0,1200,64,5.33,24.0
6,1,4,6,1,0,1200,24,2.0,64.0
6,1,5,6,1,0,1200,80,6.67,24.0
6,1,6,6,1,0,1200,355,29.58,80.0
6,1,7,6,1,0,1200,434,36.17,355.0
6,1,8,6,1,0,1200,513,42.75,434.0
6,1,9,6,1,0,1200,648,54.0,513.0
6,1,10,6,1,0,1200,234,19.5,648.0
6,1,11,6,1,0,1200,294,24.5,234.0
6,1,12,6,1,0,1200,296,24.67,294.0
6,1,13,6,1,0,1200,269,22.42,296.0
6,1,14,6,1,0,1200,244,20.33,269.0
6,1,15,6,1,0,1200,208,17.33,244.0
6,1,16,6,1,0,1200,210,17.5,208.0
6,1,17,6,1,0,1200,669,55.75,210.0
6,1,18,6,1,0,1200,687,57.25,669.0
6,1,19,6,1,0,1200,669,55.75,687.0
6,1,20,6,1,0,1200,476,39.67,669.0
6,1,21,6,1,0,1200,188,15.67,476.0
6,1,22,6,1,0,1200,144,12.0,188.0
6,1,23,6,1,0,1200,95,7.92,144.0
7,1,0,0,0,0,1200,76,6.33,95.0
7,1,1,0,0,0,1200,48,4.0,76.0
7,1,2,0,0,0,1200,24,2.0,48.0
7,1,3,0,0,0,1200,41,3.42,24.0
7,1,4,0,0,0,1200,88,7.33,41.0
7,1,5,0,0,0,1200,24,2.0,88.0
7,1,6,0,0,0,1200,699,58.25,24.0
7,1,7,0,0,0,1200,608,50.67,699.0
7,1,8,0,0,1,1200,1230,102.5,608.0
7,1,9,0,0,1,1200,1173,97.75,1230.0
7,1,10,0,0,0,1200,420,35.0,1173.0
7,1,11,0,0,0,1200,480,40.0,420.0
7,1,12,0,0,0,1200,485,40.42,480.0
7,1,13,0,0,0,1200,335,27.92,485.0
7,1,14,0,0,0,1200,535,44.58,335.0
7,1,15,0,0,0,1200,444,37.0,535.0
7,1,16,0,0,0,1200,499,41.58,444.0
7,1,17,0,0,1,1200,1170,97.5,499.0
7,1,18,0,0,1,1200,1223,101.92,1170.0
7,1,19,0,0,1,1200,1081,90.08,1223.0
7,1,20,0,0,0,1200,841,70.08,1081.0
7,1,21,0,0,0,1200,246,20.5,841.0
7,1,22,0,0,0,1200,231,19.25,246.0
7,1,23,0,0,0,1200,245,20.42,231.0
8,1,0,1,0,0,1200,24,2.0,245.0
8,1,1,1,0,0,1200,301,25.08,24.0
8,1,2,1,0,0,1200,33,2.75,301.0
8,1,3,1,0,0,1200,81,6.75,33.0
8,1,4,1,0,0,1200,125,10.42,81.0
8,1,5,1,0,0,1200,170,14.17,125.0
8,1,6,1,0,0,1200,545,45.42,170.0
8,1,7,1,0,0,1200,602,50.17,545.0
8,1,8,1,0,1,1200,1007,83.92,602.0
8,1,9,1,0,1,1200,1184,98.67,1007.0
8,1,10,1,0,0,1200,312,26.0,1184.0
8,1,11,1,0,0,1200,339,28.25,312.0
8,1,12,1,0,0,1200,481,40.08,339.0
8,1,13,1,0,0,1200,571,47.58,481.0
8,1,14,1,0,0,1200,352,29.33,571.0
8,1,15,1,0,0,1200,483,40.25,352.0
8,1,16,1,0,0,1200,432,36.0,483.0
8,1,17,1,0,1,1200,1214,101.17,432.0
8,1,18,1,0,1,1200,1238,103.17,1214.0
8,1,19,1,0,1,1200,1082,90.17,1238.0
8,1,20,1,0,0,1200,916,76.33,1082.0
8,1,21,1,0,0,1200,151,12.58,916.0
8,1,22,1,0,0,1200,335,27.92,151.0
8,1,23,1,0,0,1200,204,17.0,335.0
9,1,0,2,0,0,1200,66,5.5,204.0
9,1,1,2,0,0,1200,74,6.17,66.0
9,1,2,2,0,0,1200,53,4.42,74.0
9,1,3,2,0,0,1200,156,13.0,53.0
9,1,4,2,0,0,1200,86,7.17,156.0
9,1,5,2,0,0,1200,90,7.5,86.0
9,1,6,2,0,0,1200,714,59.5,90.0
9,1,7,2,0,0,1200,757,63.08,714.0
9,1,8,2,0,1,1200,1052,87.67,757.0
9,1,9,2,0,1,1200,1060,88.33,1052.0
9,1,10,2,0,0,1200,367,30.58,1060.0
9,1,11,2,0,0,1200,310,25.83,367.0
9,1,12,2,0,0,1200,425,35.42,310.0
9,1,13,2,0,0,1200,515,42.92,425.0
9,1,14,2,0,0,1200,433,36.08,515.0
9,1,15,2,0,0,1200,381,31.75,433.0
9,1,16,2,0,0,1200,443,36.92,381.0
9,1,17,2,0,1,1200,1304,108.67,443.0
9,1,18,2,0,1,1200,1261,105.08,1304.0
9,1,19,2,0,1,1200,1117,93.08,1261.0
9,1,20,2,0,0,1200,877,73.08,1117.0
9,1,21,2,0,0,1200,262,21.83,877.0
9,1,22,2,0,0,1200,246,20.5,262.0
9,1,23,2,0,0,1200,186,15.5,246.0
10,1,0,3,0,0,1200,24,2.0,186.0
10,1,1,3,0,0,1200,110,9.17,24.0
10,1,2,3,0,0,1200,101,8.42,110.0
10,1,3,3,0,0,1200,24,2.0,101.0
10,1,4,3,0,0,1200,44,3.67,24.0
10,1,5,3,0,0,1200,70,5.83,44.0
10,1,6,3,0,0,1200,692,57.67,70.0
10,1,7,3,0,0,1200,678,56.5,692.0
10,1,8,3,0,1,1200,1181,98.42,678.0
10,1,9,3,0,1,1200,1114,92.83,1181.0
10,1,10,3,0,0,1200,426,35.5,1114.0
10,1,11,3,0,0,1200,463,38.58,426.0
10,1,12,3,0,0,1200,452,37.67,463.0
10,1,13,3,0,0,1200,442,36.83,452.0
10,1,14,3,0,0,1200,402,33.5,442.0
10,1,15,3,0,0,1200,532,44.33,402.0
10,1,16,3,0,0,1200,425,35.42,532.0
10,1,17,3,0,1,1200,1178,98.17,425.0
10,1,18,3,0,1,1200,1104,92.0,1178.0
10,1,19,3,0,1,1200,1220,101.67,1104.0
10,1,20,3,0,0,1200,824,68.67,1220.0
10,1,21,3,0,0,1200,258,21.5,824.0
10,1,22,3,0,0,1200,304,25.33,258.0
10,1,23,3,0,0,1200,318,26.5,304.0
11,1,0,4,0,0,1200,24,2.0,318.0
11,1,1,4,0,0,1200,77,6.42,24.0
11,1,2,4,0,0,1200,24,2.0,77.0
11,1,3,4,0,0,1200,101,8.42,24.0
11,1,4,4,0,0,1200,196,16.33,101.0
11,1,5,4,0,0,1200,123,10.25,196.0
11,1,6,4,0,0,1200,615,51.25,123.0
11,1,7,4,0,0,1200,622,51.83,615.0
11,1,8,4,0,1,1200,1160,96.67,622.0
11,1,9,4,0,1,1200,1060,88.33,1160.0
11,1,10,4,0,0,1200,530,44.17,1060.0
11,1,11,4,0,0,1200,396,33.0,530.0
11,1,12,4,0,0,1200,499,41.58,396.0
11,1,13,4,0,0,1200,448,37.33,499.0
11,1,14,4,0,0,1200,369,30.75,448.0
11,1,15,4,0,0,1200,483,40.25,369.0
11,1,16,4,0,0,1200,476,39.67,483.0
11,1,17,4,0,1,1200,1221,101.75,476.0
11,1,18,4,0,1,1200,1093,91.08,1221.0
11,1,19,4,0,1,1200,1095,91.25,1093.0
11,1,20,4,0,0,1200,917,76.42,1095.0
11,1,21,4,0,0,1200,257,21.42,917.0
11,1,22,4,0,0,1200,294,24.5,257.0
11,1,23,4,0,0,1200,168,14.0,294.0
12,1,0,5,1,0,1200,35,2.92,168.0
12,1,1,5,1,0,1200,24,2.0,35.0
12,1,2,5,1,0,1200,24,2.0,24.0
12,1,3,5,1,0,1200,162,13.5,24.0
12,1,4,5,1,0,1200,45,3.75,162.0
12,1,5,5,1,0,1200,24,2.0,45.0
12,1,6,5,1,0,1200,322,26.83,24.0
12,1,7,5,1,0,1200,295,24.58,322.0
12,1,8,5,1,0,1200,535,44.58,295.0
12,1,9,5,1,0,1200,634,52.83,535.0
12,1,10,5,1,0,1200,273,22.75,634.0
12,1,11,5,1,0,1200,158,13.17,273.0
12,1,12,5,1,0,1200,196,16.33,158.0
12,1,13,5,1,0,1200,199,16.58,196.0
12,1,14,5,1,0,1200,264,22.0,199.0
12,1,15,5,1,0,1200,289,24.08,264.0
12,1,16,5,1,0,1200,189,15.75,289.0
12,1,17,5,1,0,1200,640,53.33,189.0
12,1,18,5,1,0,1200,616,51.33,640.0
12,1,19,5,1,0,1200,638,53.17,616.0
12,1,20,5,1,0,1200,444,37.0,638.0
12,1,21,5,1,0,1200,24,2.0,444.0
12,1,22,5,1,0,1200,130,10.83,24.0
12,1,23,5,1,0,1200,135,11.25,130.0
13,1,0,6,1,0,1200,24,2.0,135.0
13,1,1,6,1,0,1200,24,2.0,24.0
13,1,2,6,1,0,1200,24,2.0,24.0
13,1,3,6,1,0,1200,24,2.0,24.0
13,1,4,6,1,0,1200,67,5.58,24.0
13,1,5,6,1,0,1200,53,4.42,67.0
13,1,6,6,1,0,1200,363,30.25,53.0
13,1,7,6,1,0,1200,344,28.67,363.0
13,1,8,6,1,0,1200,647,53.92,344.0
13,1,9,6,1,0,1200,602,50.17,647.0
13,1,10,6,1,0,1200,306,25.5,602.0
13,1,11,6,1,0,1200,285,23.75,306.0
13,1,12,6,1,0,1200,225,18.75,285.0
13,1,13,6,1,0,1200,193,16.08,225.0
13,1,14,6,1,0,1200,204,17.0,193.0
13,1,15,6,1,0,1200,309,25.75,204.0
13,1,16,6,1,0,1200,353,29.42,309.0
13,1,17,6,1,0,1200,686,57.17,353.0
13,1,18,6,1,0,1200,667,55.58,686.0
13,1,19,6,1,0,1200,639,53.25,667.0
13,1,20,6,1,0,1200,400,33.33,639.0
13,1,21,6,1,0,1200,142,11.83,400.0
13,1,22,6,1,0,1200,241,20.08,142.0
13,1,23,6,1,0,1200,71,5.92,241.0
14,1,0,0,0,0,1200,95,7.92,71.0
14,1,1,0,0,0,1200,24,2.0,95.0
14,1,2,0,0,0,1200,24,2.0,24.0
14,1,3,0,0,0,1200,205,17.08,24.0
14,1,4,0,0,0,1200,127,10.58,205.0
14,1,5,0,0,0,1200,97,8.08,127.0
14,1,6,0,0,0,1200,686,57.17,97.0
14,1,7,0,0,0,1200,667,55.58,686.0
14,1,8,0,0,1,1200,1138,94.83,667.0
14,1,9,0,0,1,1200,1230,102.5,1138.0
14,1,10,0,0,0,1200,423,35.25,1230.0
14,1,11,0,0,0,1200,511,42.58,423.0
14,1,12,0,0,0,1200,569,47.42,511.0
14,1,13,0,0,0,1200,586,48.83,569.0
14,1,14,0,0,0,1200,404,33.67,586.0
14,1,15,0,0,0,1200,412,34.33,404.0
14,1,16,0,0,0,1200,423,35.25,412.0
14,1,17,0,0,1,1200,1177,98.08,423.0
14,1,18,0,0,1,1200,1171,97.58,1177.0
14,1,19,0,0,1,1200,1187,98.92,1171.0
14,1,20,0,0,0,1200,794,66.17,1187.0
14,1,21,0,0,0,1200,317,26.42,794.0
14,1,22,0,0,0,1200,189,15.75,317.0
14,1,23,0,0,0,1200,265,22.08,189.0
15,1,0,1,0,0,1200,24,2.0,265.0
15,1,1,1,0,0,1200,104,8.67,24.0
15,1,2,1,0,0,1200,24,2.0,104.0
15,1,3,1,0,0,1200,52,4.33,24.0
15,1,4,1,0,0,1200,63,5.25,52.0
15,1,5,1,0,0,1200,164,13.67,63.0
15,1,6,1,0,0,1200,635,52.92,164.0
15,1,7,1,0,0,1200,710,59.17,635.0
15,1,8,1,0,1,1200,1077,89.75,710.0
15,1,9,1,0,1,1200,1272,106.0,1077.0
15,1,10,1,0,0,1200,403,33.58,1272.0
15,1,11,1,0,0,1200,503,41.92,403.0
15,1,12,1,0,0,1200,576,48.0,503.0
15,1,13,1,0,0,1200,357,29.75,576.0
15,1,14,1,0,0,1200,501,41.75,357.0
15,1,15,1,0,0,1200,456,38.0,501.0
15,1,16,1,0,0,1200,509,42.42,456.0
15,1,17,1,0,1,1200,1139,94.92,509.0
15,1,18,1,0,1,1200,1337,111.42,1139.0
15,1,19,1,0,1,1200,1098,91.5,1337.0
15,1,20,1,0,0,1200,856,71.33,1098.0
15,1,21,1,0,0,1200,238,19.83,856.0
15,1,22,1,0,0,1200,255,21.25,238.0
15,1,23,1,0,0,1200,286,23.83,255.0
16,1,0,2,0,0,1200,67,5.58,286.0
16,1,1,2,0,0,1200,24,2.0,67.0
16,1,2,2,0,0,1200,24,2.0,24.0
16,1,3,2,0,0,1200,74,6.17,24.0
16,1,4,2,0,0,1200,68,5.67,74.0
16,1,5,2,0,0,1200,40,3.33,68.0
16,1,6,2,0,0,1200,674,56.17,40.0
16,1,7,2,0,0,1200,624,52.0,674.0
16,1,8,2,0,1,1200,977,81.42,624.0
16,1,9,2,0,1,1200,1182,98.5,977.0
16,1,10,2,0,0,1200,492,41.0,1182.0
16,1,11,2,0,0,1200,410,34.17,492.0
16,1,12,2,0,0,1200,382,31.83,410.0
16,1,13,2,0,0,1200,513,42.75,382.0
16,1,14,2,0,0,1200,520,43.33,513.0
16,1,15,2,0,0,1200,427,35.58,520.0
16,1,16,2,0,0,1200,395,32.92,427.0
16,1,17,2,0,1,1200,1136,94.67,395.0
16,1,18,2,0,1,1200,1089,90.75,1136.0
16,1,19,2,0,1,1200,1163,96.92,1089.0
16,1,20,2,0,0,1200,860,71.67,1163.0
16,1,21,2,0,0,1200,217,18.08,860.0
16,1,22,2,0,0,1200,308,25.67,217.0
16,1,23,2,0,0,1200,327,27.25,308.0
17,1,0,3,0,0,1200,59,4.92,327.0
17,1,1,3,0,0,1200,24,2.0,59.0
17,1,2,3,0,0,1200,179,14.92,24.0
17,1,3,3,0,0,1200,29,2.42,179.0
17,1,4,3,0,0,1200,123,10.25,29.0
17,1,5,3,0,0,1200,57,4.75,123.0
17,1,6,3,0,0,1200,719,59.92,57.0
17,1,7,3,0,0,1200,640,53.33,719.0
17,1,8,3,0,1,1200,1109,92.42,640.0
17,1,9,3,0,1,1200,989,82.42,1109.0
17,1,10,3,0,0,1200,440,36.67,989.0
17,1,11,3,0,0,1200,425,35.42,440.0
17,1,12,3,0,0,1200,448,37.33,425.0
17,1,13,3,0,0,1200,504,42.0,448.0
17,1,14,3,0,0,1200,541,45.08,504.0
17,1,15,3,0,0,1200,466,38.83,541.0
17,1,16,3,0,0,1200,515,42.92,466.0
17,1,17,3,0,1,1200,1253,104.42,515.0
17,1,18,3,0,1,1200,1071,89.25,1253.0
17,1,19,3,0,1,1200,1268,105.67,1071.0
17,1,20,3,0,0,1200,789,65.75,1268.0
17,1,21,3,0,0,1200,244,20.33,789.0
17,1,22,3,0,0,1200,247,20.58,244.0
17,1,23,3,0,0,1200,312,26.0,247.0
18,1,0,4,0,0,1200,107,8.92,312.0
18,1,1,4,0,0,1200,88,7.33,107.0
18,1,2,4,0,0,1200,159,13.25,88.0
18,1,3,4,0,0,1200,82,6.83,159.0
18,1,4,4,0,0,1200,82,6.83,82.0
18,1,5,4,0,0,1200,24,2.0,82.0
18,1,6,4,0,0,1200,652,54.33,24.0
18,1,7,4,0,0,1200,666,55.5,652.0
18,1,8,4,0,1,1200,1044,87.0,666.0
18,1,9,4,0,1,1200,1121,93.42,1044.0
18,1,10,4,0,0,1200,367,30.58,1121.0
18,1,11,4,0,0,1200,569,47.42,367.0
18,1,12,4,0,0,1200,511,42.58,569.0
18,1,13,4,0,0,1200,508,42.33,511.0
18,1,14,4,0,0,1200,490,40.83,508.0
18,1,15,4,0,0,1200,392,32.67,490.0
18,1,16,4,0,0,1200,496,41.33,392.0
18,1,17,4,0,1,1200,1218,101.5,496.0
18,1,18,4,0,1,1200,1241,103.42,1218.0
18,1,19,4,0,1,1200,1212,101.0,1241.0
18,1,20,4,0,0,1200,930,77.5,1212.0
18,1,21,4,0,0,1200,347,28.92,930.0
18,1,22,4,0,0,1200,290,24.17,347.0
18,1,23,4,0,0,1200,228,19.0,290.0
19,1,0,5,1,0,1200,24,2.0,228.0
19,1,1,5,1,0,1200,137,11.42,24.0
19,1,2,5,1,0,1200,60,5.0,137.0
19,1,3,5,1,0,1200,24,2.0,60.0
19,1,4,5,1,0,1200,93,7.75,24.0
19,1,5,5,1,0,1200,24,2.0,93.0
19,1,6,5,1,0,1200,316,26.33,24.0
19,1,7,5,1,0,1200,427,35.58,316.0
19,1,8,5,1,0,1200,684,57.0,427.0
19,1,9,5,1,0,1200,618,51.5,684.0
19,1,10,5,1,0,1200,289,24.08,618.0
19,1,11,5,1,0,1200,300,25.0,289.0
19,1,12,5,1,0,1200,377,31.42,300.0
19,1,13,5,1,0,1200,327,27.25,377.0
19,1,14,5,1,0,1200,312,26.0,327.0
19,1,15,5,1,0,1200,197,16.42,312.0
19,1,16,5,1,0,1200,274,22.83,197.0
19,1,17,5,1,0,1200,550,45.83,274.0
19,1,18,5,1,0,1200,594,49.5,550.0
19,1,19,5,1,0,1200,537,44.75,594.0
19,1,20,5,1,0,1200,278,23.17,537.0
19,1,21,5,1,0,1200,24,2.0,278.0
19,1,22,5,1,0,1200,116,9.67,24.0
19,1,23,5,1,0,1200,186,15.5,116.0
20,1,0,6,1,0,1200,44,3.67,186.0
20,1,1,6,1,0,1200,70,5.83,44.0
20,1,2,6,1,0,1200,24,2.0,70.0
20,1,3,6,1,0,1200,24,2.0,24.0
20,1,4,6,1,0,1200,155,12.92,24.0
20,1,5,6,1,0,1200,24,2.0,155.0
20,1,6,6,1,0,1200,185,15.42,24.0
20,1,7,6,1,0,1200,180,15.0,185.0
20,1,8,6,1,0,1200,655,54.58,180.0
20,1,9,6,1,0,1200,635,52.92,655.0
20,1,10,6,1,0,1200,199,16.58,635.0
20,1,11,6,1,0,1200,299,24.92,199.0
20,1,12,6,1,0,1200,309,25.75,299.0
20,1,13,6,1,0,1200,143,11.92,309.0
20,1,14,6,1,0,1200,317,26.42,143.0
20,1,15,6,1,0,1200,286,23.83,317.0
20,1,16,6,1,0,1200,359,29.92,286.0
20,1,17,6,1,0,1200,590,49.17,359.0
20,1,18,6,1,0,1200,710,59.17,590.0
20,1,19,6,1,0,1200,615,51.25,710.0
20,1,20,6,1,0,1200,575,47.92,615.0
20,1,21,6,1,0,1200,173,14.42,575.0
20,1,22,6,1,0,1200,220,18.33,173.0
20,1,23,6,1,0,1200,173,14.42,220.0
21,1,0,0,0,0,1200,24,2.0,173.0
21,1,1,0,0,0,1200,24,2.0,24.0
21,1,2,0,0,0,1200,24,2.0,24.0
21,1,3,0,0,0,1200,24,2.0,24.0
21,1,4,0,0,0,1200,24,2.0,24.0
21,1,5,0,0,0,1200,40,3.33,24.0
21,1,6,0,0,0,1200,726,60.5,40.0
21,1,7,0,0,0,1200,698,58.17,726.0
21,1,8,0,0,1,1200,1153,96.08,698.0
21,1,9,0,0,1,1200,1209,100.75,1153.0
21,1,10,0,0,0,1200,481,40.08,1209.0
21,1,11,0,0,0,1200,376,31.33,481.0
21,1,12,0,0,0,1200,504,42.0,376.0
21,1,13,0,0,0,1200,469,39.08,504.0
21,1,14,0,0,0,1200,515,42.92,469.0
21,1,15,0,0,0,1200,465,38.75,515.0
21,1,16,0,0,0,1200,411,34.25,465.0
21,1,17,0,0,1,1200,1197,99.75,411.0
21,1,18,0,0,1,1200,1176,98.0,1197.0
21,1,19,0,0,1,1200,1275,106.25,1176.0
21,1,20,0,0,0,1200,981,81.75,1275.0
21,1,21,0,0,0,1200,242,20.17,981.0
21,1,22,0,0,0,1200,273,22.75,242.0
21,1,23,0,0,0,1200,259,21.58,273.0
22,1,0,1,0,0,1200,144,12.0,259.0
22,1,1,1,0,0,1200,116,9.67,144.0
22,1,2,1,0,0,1200,24,2.0,116.0
22,1,3,1,0,0,1200,38,3.17,24.0
22,1,4,1,0,0,1200,24,2.0,38.0
22,1,5,1,0,0,1200,198,16.5,24.0
22,1,6,1,0,0,1200,642,53.5,198.0
22,1,7,1,0,0,1200,651,54.25,642.0
22,1,8,1,0,1,1200,1109,92.42,651.0
22,1,9,1,0,1,1200,1149,95.75,1109.0
22,1,10,1,0,0,1200,518,43.17,1149.0
22,1,11,1,0,0,1200,476,39.67,518.0
22,1,12,1,0,0,1200,318,26.5,476.0
22,1,13,1,0,0,1200,452,37.67,318.0
22,1,14,1,0,0,1200,445,37.08,452.0
22,1,15,1,0,0,1200,460,38.33,445.0
22,1,16,1,0,0,1200,453,37.75,460.0
22,1,17,1,0,1,1200,1255,104.58,453.0
22,1,18,1,0,1,1200,1224,102.0,1255.0
22,1,19,1,0,1,1200,1161,96.75,1224.0
22,1,20,1,0,0,1200,758,63.17,1161.0
22,1,21,1,0,0,1200,311,25.92,758.0
22,1,22,1,0,0,1200,239,19.92,311.0
22,1,23,1,0,0,1200,252,21.0,239.0
23,1,0,2,0,0,1200,46,3.83,252.0
23,1,1,2,0,0,1200,127,10.58,46.0
23,1,2,2,0,0,1200,24,2.0,127.0
23,1,3,2,0,0,1200,165,13.75,24.0
23,1,4,2,0,0,1200,71,5.92,165.0
23,1,5,2,0,0,1200,123,10.25,71.0
23,1,6,2,0,0,1200,636,53.0,123.0
23,1,7,2,0,0,1200,572,47.67,636.0
23,1,8,2,0,1,1200,1136,94.67,572.0
23,1,9,2,0,1,1200,1139,94.92,1136.0
23,1,10,2,0,0,1200,416,34.67,1139.0
23,1,11,2,0,0,1200,410,34.17,416.0
23,1,12,2,0,0,1200,416,34.67,410.0
23,1,13,2,0,0,1200,427,35.58,416.0
23,1,14,2,0,0,1200,537,44.75,427.0
23,1,15,2,0,0,1200,443,36.92,537.0
23,1,16,2,0,0,1200,447,37.25,443.0
23,1,17,2,0,1,1200,1230,102.5,447.0
23,1,18,2,0,1,1200,1108,92.33,1230.0
23,1,19,2,0,1,1200,1189,99.08,1108.0
23,1,20,2,0,0,1200,868,72.33,1189.0
23,1,21,2,0,0,1200,252,21.0,868.0
23,1,22,2,0,0,1200,236,19.67,252.0
23,1,23,2,0,0,1200,276,23.0,236.0
24,1,0,3,0,0,1200,163,13.58,276.0
24,1,1,3,0,0,1200,24,2.0,163.0
24,1,2,3,0,0,1200,133,11.08,24.0
24,1,3,3,0,0,1200,85,7.08,133.0
24,1,4,3,0,0,1200,161,13.42,85.0
24,1,5,3,0,0,1200,99,8.25,161.0
24,1,6,3,0,0,1200,632,52.67,99.0
24,1,7,3,0,0,1200,618,51.5,632.0
24,1,8,3,0,1,1200,1180,98.33,618.0
24,1,9,3,0,1,1200,1039,86.58,1180.0
24,1,10,3,0,0,1200,335,27.92,1039.0
24,1,11,3,0,0,1200,341,28.42,335.0
24,1,12,3,0,0,1200,484,40.33,341.0
24,1,13,3,0,0,1200,460,38.33,484.0
24,1,14,3,0,0,1200,574,47.83,460.0
24,1,15,3,0,0,1200,538,44.83,574.0
24,1,16,3,0,0,1200,332,27.67,538.0
24,1,17,3,0,1,1200,1310,109.17,332.0
24,1,18,3,0,1,1200,1135,94.58,1310.0
24,1,19,3,0,1,1200,1226,102.17,1135.0
24,1,20,3,0,0,1200,942,78.5,1226.0
24,1,21,3,0,0,1200,327,27.25,942.0
24,1,22,3,0,0,1200,240,20.0,327.0
24,1,23,3,0,0,1200,363,30.25,240.0
25,1,0,4,0,0,1200,111,9.25,363.0
25,1,1,4,0,0,1200,24,2.0,111.0
25,1,2,4,0,0,1200,65,5.42,24.0
25,1,3,4,0,0,1200,24,2.0,65.0
25,1,4,4,0,0,1200,59,4.92,24.0
25,1,5,4,0,0,1200,158,13.17,59.0
25,1,6,4,0,0,1200,701,58.42,158.0
25,1,7,4,0,0,1200,639,53.25,701.0
25,1,8,4,0,1,1200,990,82.5,639.0
25,1,9,4,0,1,1200,1090,90.83,990.0
25,1,10,4,0,0,1200,501,41.75,1090.0
25,1,11,4,0,0,1200,458,38.17,501.0
25,1,12,4,0,0,1200,456,38.0,458.0
25,1,13,4,0,0,1200,370,30.83,456.0
25,1,14,4,0,0,1200,374,31.17,370.0
25,1,15,4,0,0,1200,472,39.33,374.0
25,1,16,4,0,0,1200,508,42.33,472.0
25,1,17,4,0,1,1200,1159,96.58,508.0
25,1,18,4,0,1,1200,1277,106.42,1159.0
25,1,19,4,0,1,1200,1036,86.33,1277.0
25,1,20,4,0,0,1200,883,73.58,1036.0
25,1,21,4,0,0,1200,171,14.25,883.0
25,1,22,4,0,0,1200,348,29.0,171.0
25,1,23,4,0,0,1200,254,21.17,348.0
26,1,0,5,1,0,1200,121,10.08,254.0
26,1,1,5,1,0,1200,24,2.0,121.0
26,1,2,5,1,0,1200,29,2.42,24.0
26,1,3,5,1,0,1200,144,12.0,29.0
26,1,4,5,1,0,1200,53,4.42,144.0
26,1,5,5,1,0,1200,24,2.0,53.0
26,1,6,5,1,0,1200,352,29.33,24.0
26,1,7,5,1,0,1200,288,24.0,352.0
26,1,8,5,1,0,1200,652,54.33,288.0
26,1,9,5,1,0,1200,544,45.33,652.0
26,1,10,5,1,0,1200,110,9.17,544.0
26,1,11,5,1,0,1200,204,17.0,110.0
26,1,12,5,1,0,1200,273,22.75,204.0
26,1,13,5,1,0,1200,374,31.17,273.0
26,1,14,5,1,0,1200,231,19.25,374.0
26,1,15,5,1,0,1200,159,13.25,231.0
26,1,16,5,1,0,1200,122,10.17,159.0
26,1,17,5,1,0,1200,677,56.42,122.0
26,1,18,5,1,0,1200,773,64.42,677.0
26,1,19,5,1,0,1200,635,52.92,773.0
26,1,20,5,1,0,1200,468,39.0,635.0
26,1,21,5,1,0,1200,234,19.5,468.0
26,1,22,5,1,0,1200,174,14.5,234.0
26,1,23,5,1,0,1200,96,8.0,174.0
27,1,0,6,1,0,1200,24,2.0,96.0
27,1,1,6,1,0,1200,27,2.25,24.0
27,1,2,6,1,0,1200,24,2.0,27.0
27,1,3,6,1,0,1200,24,2.0,24.0
27,1,4,6,1,0,1200,24,2.0,24.0
27,1,5,6,1,0,1200,111,9.25,24.0
27,1,6,6,1,0,1200,329,27.42,111.0
27,1,7,6,1,0,1200,270,22.5,329.0
27,1,8,6,1,0,1200,550,45.83,270.0
27,1,9,6,1,0,1200,652,54.33,550.0
27,1,10,6,1,0,1200,257,21.42,652.0
27,1,11,6,1,0,1200,188,15.67,257.0
27,1,12,6,1,0,1200,310,25.83,188.0
27,1,13,6,1,0,1200,271,22.58,310.0
27,1,14,6,1,0,1200,211,17.58,271.0
27,1,15,6,1,0,1200,147,12.25,211.0
27,1,16,6,1,0,1200,189,15.75,147.0
27,1,17,6,1,0,1200,620,51.67,189.0
27,1,18,6,1,0,1200,739,61.58,620.0
27,1,19,6,1,0,1200,607,50.58,739.0
27,1,20,6,1,0,1200,564,47.0,607.0
27,1,21,6,1,0,1200,115,9.58,564.0
27,1,22,6,1,0,1200,38,3.17,115.0
27,1,23,6,1,0,1200,142,11.83,38.0
28,1,0,0,0,0,1200,176,14.67,142.0
28,1,1,0,0,0,1200,161,13.42,176.0
28,1,2,0,0,0,1200,24,2.0,161.0
28,1,3,0,0,0,1200,58,4.83,24.0
28,1,4,0,0,0,1200,55,4.58,58.0
28,1,5,0,0,0,1200,129,10.75,55.0
28,1,6,0,0,0,1200,766,63.83,129.0
28,1,7,0,0,0,1200,834,69.5,766.0
28,1,8,0,0,1,1200,1139,94.92,834.0
28,1,9,0,0,1,1200,1064,88.67,1139.0
28,1,10,0,0,0,1200,519,43.25,1064.0
28,1,11,0,0,0,1200,430,35.83,519.0
28,1,12,0,0,0,1200,464,38.67,430.0
28,1,13,0,0,0,1200,496,41.33,464.0
28,1,14,0,0,0,1200,402,33.5,496.0
28,1,15,0,0,0,1200,385,32.08,402.0
28,1,16,0,0,0,1200,477,39.75,385.0
28,1,17,0,0,1,1200,1183,98.58,477.0
28,1,18,0,0,1,1200,1196,99.67,1183.0
28,1,19,0,0,1,1200,1226,102.17,1196.0
28,1,20,0,0,0,1200,998,83.17,1226.0
28,1,21,0,0,0,1200,212,17.67,998.0
28,1,22,0,0,0,1200,264,22.0,212.0
28,1,23,0,0,0,1200,294,24.5,264.0
29,1,0,1,0,0,1200,46,3.83,294.0
29,1,1,1,0,0,1200,36,3.0,46.0
29,1,2,1,0,0,1200,97,8.08,36.0
29,1,3,1,0,0,1200,70,5.83,97.0
29,1,4,1,0,0,1200,158,13.17,70.0
29,1,5,1,0,0,1200,123,10.25,158.0
29,1,6,1,0,0,1200,752,62.67,123.0
29,1,7,1,0,0,1200,686,57.17,752.0
29,1,8,1,0,1,1200,1095,91.25,686.0
29,1,9,1,0,1,1200,1147,95.58,1095.0
29,1,10,1,0,0,1200,445,37.08,1147.0
29,1,11,1,0,0,1200,350,29.17,445.0
29,1,12,1,0,0,1200,436,36.33,350.0
29,1,13,1,0,0,1200,395,32.92,436.0
29,1,14,1,0,0,1200,448,37.33,395.0
29,1,15,1,0,0,1200,461,38.42,448.0
29,1,16,1,0,0,1200,412,34.33,461.0
29,1,17,1,0,1,1200,1123,93.58,412.0
29,1,18,1,0,1,1200,1258,104.83,1123.0
29,1,19,1,0,1,1200,1145,95.42,1258.0
29,1,20,1,0,0,1200,916,76.33,1145.0
29,1,21,1,0,0,1200,263,21.92,916.0
29,1,22,1,0,0,1200,338,28.17,263.0
29,1,23,1,0,0,1200,318,26.5,338.0
0,2,0,0,0,0,1300,62,4.77,62.0
0,2,1,0,0,0,1300,26,2.0,62.0
0,2,2,0,0,0,1300,191,14.69,26.0
0,2,3,0,0,0,1300,41,3.15,191.0
0,2,4,0,0,0,1300,59,4.54,41.0
0,2,5,0,0,0,1300,77,5.92,59.0
0,2,6,0,0,0,1300,777,59.77,77.0
0,2,7,0,0,0,1300,837,64.38,777.0
0,2,8,0,0,1,1300,1156,88.92,837.0
0,2,9,0,0,1,1300,1164,89.54,1156.0
0,2,10,0,0,0,1300,523,40.23,1164.0
0,2,11,0,0,0,1300,553,42.54,523.0
0,2,12,0,0,0,1300,444,34.15,553.0
0,2,13,0,0,0,1300,443,34.08,444.0
0,2,14,0,0,0,1300,574,44.15,443.0
0,2,15,0,0,0,1300,504,38.77,574.0
0,2,16,0,0,0,1300,493,37.92,504.0
0,2,17,0,0,1,1300,1369,105.31,493.0
0,2,18,0,0,1,1300,1193,91.77,1369.0
0,2,19,0,0,1,1300,1277,98.23,1193.0
0,2,20,0,0,0,1300,893,68.69,1277.0
0,2,21,0,0,0,1300,330,25.38,893.0
0,2,22,0,0,0,1300,227,17.46,330.0
0,2,23,0,0,0,1300,191,14.69,227.0
1,2,0,1,0,0,1300,171,13.15,191.0
1,2,1,1,0,0,1300,128,9.85,171.0
1,2,2,1,0,0,1300,103,7.92,128.0
1,2,3,1,0,0,1300,26,2.0,103.0
1,2,4,1,0,0,1300,185,14.23,26.0
1,2,5,1,0,0,1300,177,13.62,185.0
1,2,6,1,0,0,1300,777,59.77,177.0
1,2,7,1,0,0,1300,754,58.0,777.0
1,2,8,1,0,1,1300,1153,88.69,754.0
1,2,9,1,0,1,1300,1148,88.31,1153.0
1,2,10,1,0,0,1300,497,38.23,1148.0
1,2,11,1,0,0,1300,394,30.31,497.0
1,2,12,1,0,0,1300,427,32.85,394.0
1,2,13,1,0,0,1300,468,36.0,427.0
1,2,14,1,0,0,1300,609,46.85,468.0
1,2,15,1,0,0,1300,470,36.15,609.0
1,2,16,1,0,0,1300,440,33.85,470.0
1,2,17,1,0,1,1300,1294,99.54,440.0
1,2,18,1,0,1,1300,1386,106.62,1294.0
1,2,19,1,0,1,1300,1111,85.46,1386.0
1,2,20,1,0,0,1300,893,68.69,1111.0
1,2,21,1,0,0,1300,213,16.38,893.0
1,2,22,1,0,0,1300,361,27.77,213.0
1,2,23,1,0,0,1300,202,15.54,361.0
2,2,0,2,0,0,1300,26,2.0,202.0
2,2,1,2,0,0,1300,88,6.77,26.0
2,2,2,2,0,0,1300,26,2.0,88.0
2,2,3,2,0,0,1300,69,5.31,26.0
2,2,4,2,0,0,1300,26,2.0,69.0
2,2,5,2,0,0,1300,68,5.23,26.0
2,2,6,2,0,0,1300,686,52.77,68.0
2,2,7,2,0,0,1300,817,62.85,686.0
2,2,8,2,0,1,1300,1259,96.85,817.0
2,2,9,2,0,1,1300,1161,89.31,1259.0
2,2,10,2,0,0,1300,448,34.46,1161.0
2,2,11,2,0,0,1300,538,41.38,448.0
2,2,12,2,0,0,1300,474,36.46,538.0
2,2,13,2,0,0,1300,540,41.54,474.0
2,2,14,2,0,0,1300,622,47.85,540.0
2,2,15,2,0,0,1300,401,30.85,622.0
2,2,16,2,0,0,1300,586,45.08,401.0
2,2,17,2,0,1,1300,1257,96.69,586.0
2,2,18,2,0,1,1300,1154,88.77,1257.0
2,2,19,2,0,1,1300,1345,103.46,1154.0
2,2,20,2,0,0,1300,892,68.62,1345.0
2,2,21,2,0,0,1300,206,15.85,892.0
2,2,22,2,0,0,1300,311,23.92,206.0
2,2,23,2,0,0,1300,201,15.46,311.0
3,2,0,3,0,0,1300,48,3.69,201.0
3,2,1,3,0,0,1300,76,5.85,48.0
3,2,2,3,0,0,1300,85,6.54,76.0
3,2,3,3,0,0,1300,91,7.0,85.0
3,2,4,3,0,0,1300,160,12.31,91.0
3,2,5,3,0,0,1300,26,2.0,160.0
3,2,6,3,0,0,1300,733,56.38,26.0
3,2,7,3,0,0,1300,651,50.08,733.0
3,2,8,3,0,1,1300,1187,91.31,651.0
3,2,9,3,0,1,1300,1171,90.08,1187.0
3,2,10,3,0,0,1300,411,31.62,1171.0
3,2,11,3,0,0,1300,502,38.62,411.0
3,2,12,3,0,0,1300,505,38.85,502.0
3,2,13,3,0,0,1300,651,50.08,505.0
3,2,14,3,0,0,1300,662,50.92,651.0
3,2,15,3,0,0,1300,502,38.62,662.0
3,2,16,3,0,0,1300,534,41.08,502.0
3,2,17,3,0,1,1300,1247,95.92,534.0
3,2,18,3,0,1,1300,1169,89.92,1247.0
3,2,19,3,0,1,1300,1285,98.85,1169.0
3,2,20,3,0,0,1300,897,69.0,1285.0
3,2,21,3,0,0,1300,198,15.23,897.0
3,2,22,3,0,0,1300,322,24.77,198.0
3,2,23,3,0,0,1300,419,32.23,322.0
4,2,0,4,0,0,1300,147,11.31,419.0
4,2,1,4,0,0,1300,120,9.23,147.0
4,2,2,4,0,0,1300,31,2.38,120.0
4,2,3,4,0,0,1300,26,2.0,31.0
4,2,4,4,0,0,1300,35,2.69,26.0
4,2,5,4,0,0,1300,169,13.0,35.0
4,2,6,4,0,0,1300,600,46.15,169.0
4,2,7,4,0,0,1300,650,50.0,600.0
4,2,8,4,0,1,1300,1166,89.69,650.0
4,2,9,4,0,1,1300,1110,85.38,1166.0
4,2,10,4,0,0,1300,310,23.85,1110.0
4,2,11,4,0,0,1300,508,39.08,310.0
4,2,12,4,0,0,1300,407,31.31,508.0
4,2,13,4,0,0,1300,438,33.69,407.0
4,2,14,4,0,0,1300,521,40.08,438.0
4,2,15,4,0,0,1300,435,33.46,521.0
4,2,16,4,0,0,1300,498,38.31,435.0
4,2,17,4,0,1,1300,1221,93.92,498.0
4,2,18,4,0,1,1300,1279,98.38,1221.0
4,2,19,4,0,1,1300,1252,96.31,1279.0
4,2,20,4,0,0,1300,918,70.62,1252.0
4,2,21,4,0,0,1300,277,21.31,918.0
4,2,22,4,0,0,1300,396,30.46,277.0
4,2,23,4,0,0,1300,265,20.38,396.0
5,2,0,5,1,0,1300,35,2.69,265.0
5,2,1,5,1,0,1300,26,2.0,35.0
5,2,2,5,1,0,1300,54,4.15,26.0
5,2,3,5,1,0,1300,121,9.31,54.0
5,2,4,5,1,0,1300,92,7.08,121.0
5,2,5,5,1,0,1300,26,2.0,92.0
5,2,6,5,1,0,1300,393,30.23,26.0
5,2,7,5,1,0,1300,291,22.38,393.0
5,2,8,5,1,0,1300,717,55.15,291.0
5,2,9,5,1,0,1300,685,52.69,717.0
5,2,10,5,1,0,1300,357,27.46,685.0
5,2,11,5,1,0,1300,262,20.15,357.0
5,2,12,5,1,0,1300,185,14.23,262.0
5,2,13,5,1,0,1300,273,21.0,185.0
5,2,14,5,1,0,1300,225,17.31,273.0
5,2,15,5,1,0,1300,392,30.15,225.0
5,2,16,5,1,0,1300,248,19.08,392.0
5,2,17,5,1,0,1300,676,52.0,248.0
5,2,18,5,1,0,1300,788,60.62,676.0
5,2,19,5,1,0,1300,674,51.85,788.0
5,2,20,5,1,0,1300,452,34.77,674.0
5,2,21,5,1,0,1300,142,10.92,452.0
5,2,22,5,1,0,1300,158,12.15,142.0
5,2,23,5,1,0,1300,53,4.08,158.0
6,2,0,6,1,0,1300,55,4.23,53.0
6,2,1,6,1,0,1300,26,2.0,55.0
6,2,2,6,1,0,1300,69,5.31,26.0
6,2,3,6,1,0,1300,135,10.38,69.0
6,2,4,6,1,0,1300,26,2.0,135.0
6,2,5,6,1,0,1300,40,3.08,26.0
6,2,6,6,1,0,1300,491,37.77,40.0
6,2,7,6,1,0,1300,277,21.31,491.0
6,2,8,6,1,0,1300,624,48.0,277.0
6,2,9,6,1,0,1300,695,53.46,624.0
6,2,10,6,1,0,1300,391,30.08,695.0
6,2,11,6,1,0,1300,204,15.69,391.0
6,2,12,6,1,0,1300,302,23.23,204.0
6,2,13,6,1,0,1300,251,19.31,302.0
6,2,14,6,1,0,1300,239,18.38,251.0
6,2,15,6,1,0,1300,260,20.0,239.0
6,2,16,6,1,0,1300,286,22.0,260.0
6,2,17,6,1,0,1300,743,57.15,286.0
6,2,18,6,1,0,1300,641,49.31,743.0
6,2,19,6,1,0,1300,726,55.85,641.0
6,2,20,6,1,0,1300,559,43.0,726.0
6,2,21,6,1,0,1300,142,10.92,559.0
6,2,22,6,1,0,1300,112,8.62,142.0
6,2,23,6,1,0,1300,348,26.77,112.0
7,2,0,0,0,0,1300,265,20.38,348.0
7,2,1,0,0,0,1300,134,10.31,265.0
7,2,2,0,0,0,1300,26,2.0,134.0
7,2,3,0,0,0,1300,26,2.0,26.0
7,2,4,0,0,0,1300,96,7.38,26.0
7,2,5,0,0,0,1300,32,2.46,96.0
7,2,6,0,0,0,1300,641,49.31,32.0
7,2,7,0,0,0,1300,806,62.0,641.0
7,2,8,0,0,1,1300,1201,92.38,806.0
7,2,9,0,0,1,1300,1144,88.0,1201.0
7,2,10,0,0,0,1300,538,41.38,1144.0
7,2,11,0,0,0,1300,531,40.85,538.0
7,2,12,0,0,0,1300,571,43.92,531.0
7,2,13,0,0,0,1300,541,41.62,571.0
7,2,14,0,0,0,1300,610,46.92,541.0
7,2,15,0,0,0,1300,516,39.69,610.0
7,2,16,0,0,0,1300,448,34.46,516.0
7,2,17,0,0,1,1300,1270,97.69,448.0
7,2,18,0,0,1,1300,1250,96.15,1270.0
7,2,19,0,0,1,1300,1281,98.54,1250.0
7,2,20,0,0,0,1300,984,75.69,1281.0
7,2,21,0,0,0,1300,409,31.46,984.0
7,2,22,0,0,0,1300,340,26.15,409.0
7,2,23,0,0,0,1300,231,17.77,340.0
8,2,0,1,0,0,1300,26,2.0,231.0
8,2,1,1,0,0,1300,26,2.0,26.0
8,2,2,1,0,0,1300,94,7.23,26.0
8,2,3,1,0,0,1300,63,4.85,94.0
8,2,4,1,0,0,1300,41,3.15,63.0
8,2,5,1,0,0,1300,132,10.15,41.0
8,2,6,1,0,0,1300,710,54.62,132.0
8,2,7,1,0,0,1300,707,54.38,710.0
8,2,8,1,0,1,1300,1159,89.15,707.0
8,2,9,1,0,1,1300,1116,85.85,1159.0
8,2,10,1,0,0,1300,457,35.15,1116.0
8,2,11,1,0,0,1300,575,44.23,457.0
8,2,12,1,0,0,1300,478,36.77,575.0
8,2,13,1,0,0,1300,550,42.31,478.0
8,2,14,1,0,0,1300,549,42.23,550.0
8,2,15,1,0,0,1300,416,32.0,549.0
8,2,16,1,0,0,1300,460,35.38,416.0
8,2,17,1,0,1,1300,1348,103.69,460.0
8,2,18,1,0,1,1300,1263,97.15,1348.0
8,2,19,1,0,1,1300,1261,97.0,1263.0
8,2,20,1,0,0,1300,963,74.08,1261.0
8,2,21,1,0,0,1300,332,25.54,963.0
8,2,22,1,0,0,1300,209,16.08,332.0
8,2,23,1,0,0,1300,230,17.69,209.0
9,2,0,2,0,0,1300,257,19.77,230.0
9,2,1,2,0,0,1300,26,2.0,257.0
9,2,2,2,0,0,1300,26,2.0,26.0
9,2,3,2,0,0,1300,50,3.85,26.0
9,2,4,2,0,0,1300,26,2.0,50.0
9,2,5,2,0,0,1300,67,5.15,26.0
9,2,6,2,0,0,1300,614,47.23,67.0
9,2,7,2,0,0,1300,696,53.54,614.0
9,2,8,2,0,1,1300,1105,85.0,696.0
9,2,9,2,0,1,1300,1197,92.08,1105.0
9,2,10,2,0,0,1300,448,34.46,1197.0
9,2,11,2,0,0,1300,544,41.85,448.0
9,2,12,2,0,0,1300,495,38.08,544.0
9,2,13,2,0,0,1300,537,41.31,495.0
9,2,14,2,0,0,1300,418,32.15,537.0
9,2,15,2,0,0,1300,473,36.38,418.0
9,2,16,2,0,0,1300,331,25.46,473.0
9,2,17,2,0,1,1300,1340,103.08,331.0
9,2,18,2,0,1,1300,1230,94.62,1340.0
9,2,19,2,0,1,1300,1274,98.0,1230.0
9,2,20,2,0,0,1300,1023,78.69,1274.0
9,2,21,2,0,0,1300,327,25.15,1023.0
9,2,22,2,0,0,1300,371,28.54,327.0
9,2,23,2,0,0,1300,240,18.46,371.0
10,2,0,3,0,0,1300,26,2.0,240.0
10,2,1,3,0,0,1300,26,2.0,26.0
10,2,2,3,0,0,1300,30,2.31,26.0
10,2,3,3,0,0,1300,88,6.77,30.0
10,2,4,3,0,0,1300,26,2.0,88.0
10,2,5,3,0,0,1300,76,5.85,26.0
10,2,6,3,0,0,1300,769,59.15,76.0
10,2,7,3,0,0,1300,680,52.31,769.0
10,2,8,3,0,1,1300,1326,102.0,680.0
10,2,9,3,0,1,1300,1185,91.15,1326.0
10,2,10,3,0,0,1300,521,40.08,1185.0
10,2,11,3,0,0,1300,437,33.62,521.0
10,2,12,3,0,0,1300,479,36.85,437.0
10,2,13,3,0,0,1300,489,37.62,479.0
10,2,14,3,0,0,1300,527,40.54,489.0
10,2,15,3,0,0,1300,424,32.62,527.0
10,2,16,3,0,0,1300,454,34.92,424.0
10,2,17,3,0,1,1300,1196,92.0,454.0
10,2,18,3,0,1,1300,1297,99.77,1196.0
10,2,19,3,0,1,1300,1144,88.0,1297.0
10,2,20,3,0,0,1300,921,70.85,1144.0
10,2,21,3,0,0,1300,280,21.54,921.0
10,2,22,3,0,0,1300,385,29.62,280.0
10,2,23,3,0,0,1300,320,24.62,385.0
11,2,0,4,0,0,1300,194,14.92,320.0
11,2,1,4,0,0,1300,104,8.0,194.0
11,2,2,4,0,0,1300,40,3.08,104.0
11,2,3,4,0,0,1300,26,2.0,40.0
11,2,4,4,0,0,1300,26,2.0,26.0
11,2,5,4,0,0,1300,105,8.08,26.0
11,2,6,4,0,0,1300,726,55.85,105.0
11,2,7,4,0,0,1300,727,55.92,726.0
11,2,8,4,0,1,1300,1170,90.0,727.0
11,2,9,4,0,1,1300,1254,96.46,1170.0
11,2,10,4,0,0,1300,449,34.54,1254.0
11,2,11,4,0,0,1300,443,34.08,449.0
11,2,12,4,0,0,1300,606,46.62,443.0
11,2,13,4,0,0,1300,534,41.08,606.0
11,2,14,4,0,0,1300,490,37.69,534.0
11,2,15,4,0,0,1300,653,50.23,490.0
11,2,16,4,0,0,1300,429,33.0,653.0
11,2,17,4,0,1,1300,1407,108.23,429.0
11,2,18,4,0,1,1300,1375,105.77,1407.0
11,2,19,4,0,1,1300,1297,99.77,1375.0
11,2,20,4,0,0,1300,910,70.0,1297.0
11,2,21,4,0,0,1300,247,19.0,910.0
11,2,22,4,0,0,1300,258,19.85,247.0
11,2,23,4,0,0,1300,245,18.85,258.0
12,2,0,5,1,0,1300,32,2.46,245.0
12,2,1,5,1,0,1300,26,2.0,32.0
12,2,2,5,1,0,1300,42,3.23,26.0
12,2,3,5,1,0,1300,26,2.0,42.0
12,2,4,5,1,0,1300,50,3.85,26.0
12,2,5,5,1,0,1300,26,2.0,50.0
12,2,6,5,1,0,1300,389,29.92,26.0
12,2,7,5,1,0,1300,416,32.0,389.0
12,2,8,5,1,0,1300,683,52.54,416.0
12,2,9,5,1,0,1300,593,45.62,683.0
12,2,10,5,1,0,1300,358,27.54,593.0
12,2,11,5,1,0,1300,302,23.23,358.0
12,2,12,5,1,0,1300,187,14.38,302.0
12,2,13,5,1,0,1300,248,19.08,187.0
12,2,14,5,1,0,1300,336,25.85,248.0
12,2,15,5,1,0,1300,268,20.62,336.0
12,2,16,5,1,0,1300,387,29.77,268.0
12,2,17,5,1,0,1300,631,48.54,387.0
12,2,18,5,1,0,1300,720,55.38,631.0
12,2,19,5,1,0,1300,685,52.69,720.0
12,2,20,5,1,0,1300,623,47.92,685.0
12,2,21,5,1,0,1300,191,14.69,623.0
12,2,22,5,1,0,1300,198,15.23,191.0
12,2,23,5,1,0,1300,115,8.85,198.0
13,2,0,6,1,0,1300,26,2.0,115.0
13,2,1,6,1,0,1300,72,5.54,26.0
13,2,2,6,1,0,1300,77,5.92,72.0
13,2,3,6,1,0,1300,53,4.08,77.0
13,2,4,6,1,0,1300,71,5.46,53.0
13,2,5,6,1,0,1300,26,2.0,71.0
13,2,6,6,1,0,1300,329,25.31,26.0
13,2,7,6,1,0,1300,440,33.85,329.0
13,2,8,6,1,0,1300,664,51.08,440.0
13,2,9,6,1,0,1300,754,58.0,664.0
13,2,10,6,1,0,1300,198,15.23,754.0
13,2,11,6,1,0,1300,133,10.23,198.0
13,2,12,6,1,0,1300,221,17.0,133.0
13,2,13,6,1,0,1300,188,14.46,221.0
13,2,14,6,1,0,1300,196,15.08,188.0
13,2,15,6,1,0,1300,243,18.69,196.0
13,2,16,6,1,0,1300,295,22.69,243.0
13,2,17,6,1,0,1300,708,54.46,295.0
13,2,18,6,1,0,1300,789,60.69,708.0
13,2,19,6,1,0,1300,646,49.69,789.0
13,2,20,6,1,0,1300,568,43.69,646.0
13,2,21,6,1,0,1300,203,15.62,568.0
13,2,22,6,1,0,1300,204,15.69,203.0
13,2,23,6,1,0,1300,90,6.92,204.0
14,2,0,0,0,0,1300,26,2.0,90.0
14,2,1,0,0,0,1300,117,9.0,26.0
14,2,2,0,0,0,1300,57,4.38,117.0
14,2,3,0,0,0,1300,70,5.38,57.0
14,2,4,0,0,0,1300,104,8.0,70.0
14,2,5,0,0,0,1300,180,13.85,104.0
14,2,6,0,0,0,1300,769,59.15,180.0
14,2,7,0,0,0,1300,706,54.31,769.0
14,2,8,0,0,1,1300,1080,83.08,706.0
14,2,9,0,0,1,1300,1130,86.92,1080.0
14,2,10,0,0,0,1300,497,38.23,1130.0
14,2,11,0,0,0,1300,575,44.23,497.0
14,2,12,0,0,0,1300,501,38.54,575.0
14,2,13,0,0,0,1300,409,31.46,501.0
14,2,14,0,0,0,1300,465,35.77,409.0
14,2,15,0,0,0,1300,571,43.92,465.0
14,2,16,0,0,0,1300,543,41.77,571.0
14,2,17,0,0,1,1300,1292,99.38,543.0
14,2,18,0,0,1,1300,1367,105.15,1292.0
14,2,19,0,0,1,1300,1253,96.38,1367.0
14,2,20,0,0,0,1300,957,73.62,1253.0
14,2,21,0,0,0,1300,179,13.77,957.0
14,2,22,0,0,0,1300,212,16.31,179.0
14,2,23,0,0,0,1300,373,28.69,212.0
15,2,0,1,0,0,1300,45,3.46,373.0
15,2,1,1,0,0,1300,46,3.54,45.0
15,2,2,1,0,0,1300,31,2.38,46.0
15,2,3,1,0,0,1300,26,2.0,31.0
15,2,4,1,0,0,1300,114,8.77,26.0
15,2,5,1,0,0,1300,59,4.54,114.0
15,2,6,1,0,0,1300,781,60.08,59.0
15,2,7,1,0,0,1300,646,49.69,781.0
15,2,8,1,0,1,1300,1172,90.15,646.0
15,2,9,1,0,1,1300,1146,88.15,1172.0
15,2,10,1,0,0,1300,526,40.46,1146.0
15,2,11,1,0,0,1300,571,43.92,526.0
15,2,12,1,0,0,1300,566,43.54,571.0
15,2,13,1,0,0,1300,527,40.54,566.0
15,2,14,1,0,0,1300,615,47.31,527.0
15,2,15,1,0,0,1300,521,40.08,615.0
15,2,16,1,0,0,1300,464,35.69,521.0
15,2,17,1,0,1,1300,1352,104.0,464.0
15,2,18,1,0,1,1300,1289,99.15,1352.0
15,2,19,1,0,1,1300,1368,105.23,1289.0
15,2,20,1,0,0,1300,915,70.38,1368.0
15,2,21,1,0,0,1300,315,24.23,915.0
15,2,22,1,0,0,1300,288,22.15,315.0
15,2,23,1,0,0,1300,261,20.08,288.0
16,2,0,2,0,0,1300,105,8.08,261.0
16,2,1,2,0,0,1300,100,7.69,105.0
16,2,2,2,0,0,1300,26,2.0,100.0
16,2,3,2,0,0,1300,26,2.0,26.0
16,2,4,2,0,0,1300,88,6.77,26.0
16,2,5,2,0,0,1300,26,2.0,88.0
16,2,6,2,0,0,1300,684,52.62,26.0
16,2,7,2,0,0,1300,672,51.69,684.0
16,2,8,2,0,1,1300,1306,100.46,672.0
16,2,9,2,0,1,1300,1113,85.62,1306.0
16,2,10,2,0,0,1300,494,38.0,1113.0
16,2,11,2,0,0,1300,544,41.85,494.0
16,2,12,2,0,0,1300,550,42.31,544.0
16,2,13,2,0,0,1300,492,37.85,550.0
16,2,14,2,0,0,1300,500,38.46,492.0
16,2,15,2,0,0,1300,448,34.46,500.0
16,2,16,2,0,0,1300,459,35.31,448.0
16,2,17,2,0,1,1300,1428,109.85,459.0
16,2,18,2,0,1,1300,1259,96.85,1428.0
16,2,19,2,0,1,1300,1287,99.0,1259.0
16,2,20,2,0,0,1300,976,75.08,1287.0
16,2,21,2,0,0,1300,202,15.54,976.0
16,2,22,2,0,0,1300,292,22.46,202.0
16,2,23,2,0,0,1300,437,33.62,292.0
17,2,0,3,0,0,1300,81,6.23,437.0
17,2,1,3,0,0,1300,142,10.92,81.0
17,2,2,3,0,0,1300,26,2.0,142.0
17,2,3,3,0,0,1300,145,11.15,26.0
17,2,4,3,0,0,1300,51,3.92,145.0
17,2,5,3,0,0,1300,26,2.0,51.0
17,2,6,3,0,0,1300,723,55.62,26.0
17,2,7,3,0,0,1300,622,47.85,723.0
17,2,8,3,0,1,1300,1154,88.77,622.0
17,2,9,3,0,1,1300,1305,100.38,1154.0
17,2,10,3,0,0,1300,548,42.15,1305.0
17,2,11,3,0,0,1300,432,33.23,548.0
17,2,12,3,0,0,1300,406,31.23,432.0
17,2,13,3,0,0,1300,651,50.08,406.0
17,2,14,3,0,0,1300,412,31.69,651.0
17,2,15,3,0,0,1300,472,36.31,412.0
17,2,16,3,0,0,1300,573,44.08,472.0
17,2,17,3,0,1,1300,1310,100.77,573.0
17,2,18,3,0,1,1300,1286,98.92,1310.0
17,2,19,3,0,1,1300,1281,98.54,1286.0
17,2,20,3,0,0,1300,876,67.38,1281.0
17,2,21,3,0,0,1300,198,15.23,876.0
17,2,22,3,0,0,1300,349,26.85,198.0
17,2,23,3,0,0,1300,230,17.69,349.0
18,2,0,4,0,0,1300,26,2.0,230.0
18,2,1,4,0,0,1300,136,10.46,26.0
18,2,2,4,0,0,1300,128,9.85,136.0
18,2,3,4,0,0,1300,49,3.77,128.0
18,2,4,4,0,0,1300,26,2.0,49.0
18,2,5,4,0,0,1300,64,4.92,26.0
18,2,6,4,0,0,1300,629,48.38,64.0
18,2,7,4,0,0,1300,808,62.15,629.0
18,2,8,4,0,1,1300,1219,93.77,808.0
18,2,9,4,0,1,1300,1286,98.92,1219.0
18,2,10,4,0,0,1300,530,40.77,1286.0
18,2,11,4,0,0,1300,536,41.23,530.0
18,2,12,4,0,0,1300,459,35.31,536.0
18,2,13,4,0,0,1300,502,38.62,459.0
18,2,14,4,0,0,1300,454,34.92,502.0
18,2,15,4,0,0,1300,473,36.38,454.0
18,2,16,4,0,0,1300,571,43.92,473.0
18,2,17,4,0,1,1300,1339,103.0,571.0
18,2,18,4,0,1,1300,1237,95.15,1339.0
18,2,19,4,0,1,1300,1425,109.62,1237.0
18,2,20,4,0,0,1300,930,71.54,1425.0
18,2,21,4,0,0,1300,386,29.69,930.0
18,2,22,4,0,0,1300,192,14.77,386.0
18,2,23,4,0,0,1300,188,14.46,192.0
19,2,0,5,1,0,1300,26,2.0,188.0
19,2,1,5,1,0,1300,49,3.77,26.0
19,2,2,5,1,0,1300,82,6.31,49.0
19,2,3,5,1,0,1300,26,2.0,82.0
19,2,4,5,1,0,1300,42,3.23,26.0
19,2,5,5,1,0,1300,26,2.0,42.0
19,2,6,5,1,0,1300,448,34.46,26.0
19,2,7,5,1,0,1300,273,21.0,448.0
19,2,8,5,1,0,1300,683,52.54,273.0
19,2,9,5,1,0,1300,689,53.0,683.0
19,2,10,5,1,0,1300,337,25.92,689.0
19,2,11,5,1,0,1300,379,29.15,337.0
19,2,12,5,1,0,1300,169,13.0,379.0
19,2,13,5,1,0,1300,173,13.31,169.0
19,2,14,5,1,0,1300,301,23.15,173.0
19,2,15,5,1,0,1300,250,19.23,301.0
19,2,16,5,1,0,1300,356,27.38,250.0
19,2,17,5,1,0,1300,884,68.0,356.0
19,2,18,5,1,0,1300,718,55.23,884.0
19,2,19,5,1,0,1300,709,54.54,718.0
19,2,20,5,1,0,1300,536,41.23,709.0
19,2,21,5,1,0,1300,233,17.92,536.0
19,2,22,5,1,0,1300,141,10.85,233.0
19,2,23,5,1,0,1300,26,2.0,141.0
20,2,0,6,1,0,1300,43,3.31,26.0
20,2,1,6,1,0,1300,26,2.0,43.0
20,2,2,6,1,0,1300,149,11.46,26.0
20,2,3,6,1,0,1300,31,2.38,149.0
20,2,4,6,1,0,1300,40,3.08,31.0
20,2,5,6,1,0,1300,26,2.0,40.0
20,2,6,6,1,0,1300,351,27.0,26.0
20,2,7,6,1,0,1300,459,35.31,351.0
20,2,8,6,1,0,1300,660,50.77,459.0
20,2,9,6,1,0,1300,666,51.23,660.0
20,2,10,6,1,0,1300,283,21.77,666.0
20,2,11,6,1,0,1300,387,29.77,283.0
20,2,12,6,1,0,1300,300,23.08,387.0
20,2,13,6,1,0,1300,365,28.08,300.0
20,2,14,6,1,0,1300,281,21.62,365.0
20,2,15,6,1,0,1300,254,19.54,281.0
20,2,16,6,1,0,1300,456,35.08,254.0
20,2,17,6,1,0,1300,648,49.85,456.0
20,2,18,6,1,0,1300,687,52.85,648.0
20,2,19,6,1,0,1300,787,60.54,687.0
20,2,20,6,1,0,1300,519,39.92,787.0
20,2,21,6,1,0,1300,273,21.0,519.0
20,2,22,6,1,0,1300,197,15.15,273.0
20,2,23,6,1,0,1300,158,12.15,197.0
21,2,0,0,0,0,1300,26,2.0,158.0
21,2,1,0,0,0,1300,26,2.0,26.0
21,2,2,0,0,0,1300,111,8.54,26.0
21,2,3,0,0,0,1300,26,2.0,111.0
21,2,4,0,0,0,1300,38,2.92,26.0
21,2,5,0,0,0,1300,26,2.0,38.0
21,2,6,0,0,0,1300,690,53.08,26.0
21,2,7,0,0,0,1300,648,49.85,690.0
21,2,8,0,0,1,1300,1163,89.46,648.0
21,2,9,0,0,1,1300,1282,98.62,1163.0
21,2,10,0,0,0,1300,413,31.77,1282.0
21,2,11,0,0,0,1300,416,32.0,413.0
21,2,12,0,0,0,1300,491,37.77,416.0
21,2,13,0,0,0,1300,438,33.69,491.0
21,2,14,0,0,0,1300,487,37.46,438.0
21,2,15,0,0,0,1300,507,39.0,487.0
21,2,16,0,0,0,1300,456,35.08,507.0
21,2,17,0,0,1,1300,1249,96.08,456.0
21,2,18,0,0,1,1300,1335,102.69,1249.0
21,2,19,0,0,1,1300,1229,94.54,1335.0
21,2,20,0,0,0,1300,939,72.23,1229.0
21,2,21,0,0,0,1300,247,19.0,939.0
21,2,22,0,0,0,1300,354,27.23,247.0
21,2,23,0,0,0,1300,291,22.38,354.0
22,2,0,1,0,0,1300,147,11.31,291.0
22,2,1,1,0,0,1300,26,2.0,147.0
22,2,2,1,0,0,1300,135,10.38,26.0
22,2,3,1,0,0,1300,138,10.62,135.0
22,2,4,1,0,0,1300,38,2.92,138.0
22,2,5,1,0,0,1300,92,7.08,38.0
22,2,6,1,0,0,1300,743,57.15,92.0
22,2,7,1,0,0,1300,640,49.23,743.0
22,2,8,1,0,1,1300,1203,92.54,640.0
22,2,9,1,0,1,1300,1220,93.85,1203.0
22,2,10,1,0,0,1300,544,41.85,1220.0
22,2,11,1,0,0,1300,371,28.54,544.0
22,2,12,1,0,0,1300,456,35.08,371.0
22,2,13,1,0,0,1300,434,33.38,456.0
22,2,14,1,0,0,1300,538,41.38,434.0
22,2,15,1,0,0,1300,541,41.62,538.0
22,2,16,1,0,0,1300,557,42.85,541.0
22,2,17,1,0,1,1300,1391,107.0,557.0
22,2,18,1,0,1,1300,1260,96.92,1391.0
22,2,19,1,0,1,1300,1326,102.0,1260.0
22,2,20,1,0,0,1300,992,76.31,1326.0
22,2,21,1,0,0,1300,345,26.54,992.0
22,2,22,1,0,0,1300,217,16.69,345.0
22,2,23,1,0,0,1300,340,26.15,217.0
23,2,0,2,0,0,1300,160,12.31,340.0
23,2,1,2,0,0,1300,199,15.31,160.0
23,2,2,2,0,0,1300,246,18.92,199.0
23,2,3,2,0,0,1300,61,4.69,246.0
23,2,4,2,0,0,1300,70,5.38,61.0
23,2,5,2,0,0,1300,67,5.15,70.0
23,2,6,2,0,0,1300,655,50.38,67.0
23,2,7,2,0,0,1300,820,63.08,655.0
23,2,8,2,0,1,1300,1291,99.31,820.0
23,2,9,2,0,1,1300,1211,93.15,1291.0
23,2,10,2,0,0,1300,495,38.08,1211.0
23,2,11,2,0,0,1300,543,41.77,495.0
23,2,12,2,0,0,1300,359,27.62,543.0
23,2,13,2,0,0,1300,510,39.23,359.0
23,2,14,2,0,0,1300,437,33.62,510.0
23,2,15,2,0,0,1300,568,43.69,437.0
23,2,16,2,0,0,1300,513,39.46,568.0
23,2,17,2,0,1,1300,1328,102.15,513.0
23,2,18,2,0,1,1300,1238,95.23,1328.0
23,2,19,2,0,1,1300,1366,105.08,1238.0
23,2,20,2,0,0,1300,889,68.38,1366.0
23,2,21,2,0,0,1300,257,19.77,889.0
23,2,22,2,0,0,1300,323,24.85,257.0
23,2,23,2,0,0,1300,263,20.23,323.0
24,2,0,3,0,0,1300,26,2.0,263.0
24,2,1,3,0,0,1300,48,3.69,26.0
24,2,2,3,0,0,1300,173,13.31,48.0
24,2,3,3,0,0,1300,26,2.0,173.0
24,2,4,3,0,0,1300,33,2.54,26.0
24,2,5,3,0,0,1300,113,8.69,33.0
24,2,6,3,0,0,1300,706,54.31,113.0
24,2,7,3,0,0,1300,708,54.46,706.0
24,2,8,3,0,1,1300,1131,87.0,708.0
24,2,9,3,0,1,1300,1193,91.77,1131.0
24,2,10,3,0,0,1300,472,36.31,1193.0
24,2,11,3,0,0,1300,444,34.15,472.0
24,2,12,3,0,0,1300,587,45.15,444.0
24,2,13,3,0,0,1300,465,35.77,587.0
24,2,14,3,0,0,1300,451,34.69,465.0
24,2,15,3,0,0,1300,518,39.85,451.0
24,2,16,3,0,0,1300,476,36.62,518.0
24,2,17,3,0,1,1300,1321,101.62,476.0
24,2,18,3,0,1,1300,1233,94.85,1321.0
24,2,19,3,0,1,1300,1199,92.23,1233.0
24,2,20,3,0,0,1300,1049,80.69,1199.0
24,2,21,3,0,0,1300,210,16.15,1049.0
24,2,22,3,0,0,1300,382,29.38,210.0
24,2,23,3,0,0,1300,241,18.54,382.0
25,2,0,4,0,0,1300,141,10.85,241.0
25,2,1,4,0,0,1300,26,2.0,141.0
25,2,2,4,0,0,1300,55,4.23,26.0
25,2,3,4,0,0,1300,154,11.85,55.0
25,2,4,4,0,0,1300,73,5.62,154.0
25,2,5,4,0,0,1300,49,3.77,73.0
25,2,6,4,0,0,1300,692,53.23,49.0
25,2,7,4,0,0,1300,764,58.77,692.0
25,2,8,4,0,1,1300,1123,86.38,764.0
25,2,9,4,0,1,1300,1202,92.46,1123.0
25,2,10,4,0,0,1300,515,39.62,1202.0
25,2,11,4,0,0,1300,418,32.15,515.0
25,2,12,4,0,0,1300,475,36.54,418.0
25,2,13,4,0,0,1300,600,46.15,475.0
25,2,14,4,0,0,1300,440,33.85,600.0
25,2,15,4,0,0,1300,468,36.0,440.0
25,2,16,4,0,0,1300,496,38.15,468.0
25,2,17,4,0,1,1300,1232,94.77,496.0
25,2,18,4,0,1,1300,1370,105.38,1232.0
25,2,19,4,0,1,1300,1314,101.08,1370.0
25,2,20,4,0,0,1300,984,75.69,1314.0
25,2,21,4,0,0,1300,267,20.54,984.0
25,2,22,4,0,0,1300,265,20.38,267.0
25,2,23,4,0,0,1300,307,23.62,265.0
26,2,0,5,1,0,1300,131,10.08,307.0
26,2,1,5,1,0,1300,26,2.0,131.0
26,2,2,5,1,0,1300,137,10.54,26.0
26,2,3,5,1,0,1300,26,2.0,137.0
26,2,4,5,1,0,1300,57,4.38,26.0
26,2,5,5,1,0,1300,46,3.54,57.0
26,2,6,5,1,0,1300,420,32.31,46.0
26,2,7,5,1,0,1300,486,37.38,420.0
26,2,8,5,1,0,1300,640,49.23,486.0
26,2,9,5,1,0,1300,749,57.62,640.0
26,2,10,5,1,0,1300,208,16.0,749.0
26,2,11,5,1,0,1300,197,15.15,208.0
26,2,12,5,1,0,1300,237,18.23,197.0
26,2,13,5,1,0,1300,179,13.77,237.0
26,2,14,5,1,0,1300,238,18.31,179.0
26,2,15,5,1,0,1300,301,23.15,238.0
26,2,16,5,1,0,1300,357,27.46,301.0
26,2,17,5,1,0,1300,773,59.46,357.0
26,2,18,5,1,0,1300,701,53.92,773.0
26,2,19,5,1,0,1300,740,56.92,701.0
26,2,20,5,1,0,1300,529,40.69,740.0
26,2,21,5,1,0,1300,90,6.92,529.0
26,2,22,5,1,0,1300,137,10.54,90.0
26,2,23,5,1,0,1300,258,19.85,137.0
27,2,0,6,1,0,1300,54,4.15,258.0
27,2,1,6,1,0,1300,66,5.08,54.0
27,2,2,6,1,0,1300,48,3.69,66.0
27,2,3,6,1,0,1300,99,7.62,48.0
27,2,4,6,1,0,1300,108,8.31,99.0
27,2,5,6,1,0,1300,35,2.69,108.0
27,2,6,6,1,0,1300,347,26.69,35.0
27,2,7,6,1,0,1300,283,21.77,347.0
27,2,8,6,1,0,1300,755,58.08,283.0
27,2,9,6,1,0,1300,612,47.08,755.0
27,2,10,6,1,0,1300,195,15.0,612.0
27,2,11,6,1,0,1300,266,20.46,195.0
27,2,12,6,1,0,1300,299,23.0,266.0
27,2,13,6,1,0,1300,360,27.69,299.0
27,2,14,6,1,0,1300,220,16.92,360.0
27,2,15,6,1,0,1300,122,9.38,220.0
27,2,16,6,1,0,1300,224,17.23,122.0
27,2,17,6,1,0,1300,816,62.77,224.0
27,2,18,6,1,0,1300,720,55.38,816.0
27,2,19,6,1,0,1300,772,59.38,720.0
27,2,20,6,1,0,1300,550,42.31,772.0
27,2,21,6,1,0,1300,137,10.54,550.0
27,2,22,6,1,0,1300,198,15.23,137.0
27,2,23,6,1,0,1300,139,10.69,198.0
28,2,0,0,0,0,1300,26,2.0,139.0
28,2,1,0,0,0,1300,115,8.85,26.0
28,2,2,0,0,0,1300,192,14.77,115.0
28,2,3,0,0,0,1300,102,7.85,192.0
28,2,4,0,0,0,1300,120,9.23,102.0
28,2,5,0,0,0,1300,26,2.0,120.0
28,2,6,0,0,0,1300,774,59.54,26.0
28,2,7,0,0,0,1300,631,48.54,774.0
28,2,8,0,0,1,1300,1229,94.54,631.0
28,2,9,0,0,1,1300,1273,97.92,1229.0
28,2,10,0,0,0,1300,422,32.46,1273.0
28,2,11,0,0,0,1300,413,31.77,422.0
28,2,12,0,0,0,1300,558,42.92,413.0
28,2,13,0,0,0,1300,508,39.08,558.0
28,2,14,0,0,0,1300,410,31.54,508.0
28,2,15,0,0,0,1300,501,38.54,410.0
28,2,16,0,0,0,1300,539,41.46,501.0
28,2,17,0,0,1,1300,1233,94.85,539.0
28,2,18,0,0,1,1300,1187,91.31,1233.0
28,2,19,0,0,1,1300,1220,93.85,1187.0
28,2,20,0,0,0,1300,991,76.23,1220.0
28,2,21,0,0,0,1300,255,19.62,991.0
28,2,22,0,0,0,1300,297,22.85,255.0
28,2,23,0,0,0,1300,283,21.77,297.0
29,2,0,1,0,0,1300,36,2.77,283.0
29,2,1,1,0,0,1300,36,2.77,36.0
29,2,2,1,0,0,1300,77,5.92,36.0
29,2,3,1,0,0,1300,55,4.23,77.0
29,2,4,1,0,0,1300,158,12.15,55.0
29,2,5,1,0,0,1300,26,2.0,158.0
29,2,6,1,0,0,1300,680,52.31,26.0
29,2,7,1,0,0,1300,738,56.77,680.0
29,2,8,1,0,1,1300,1255,96.54,738.0
29,2,9,1,0,1,1300,1203,92.54,1255.0
29,2,10,1,0,0,1300,476,36.62,1203.0
29,2,11,1,0,0,1300,530,40.77,476.0
29,2,12,1,0,0,1300,529,40.69,530.0
29,2,13,1,0,0,1300,448,34.46,529.0
29,2,14,1,0,0,1300,515,39.62,448.0
29,2,15,1,0,0,1300,555,42.69,515.0
29,2,16,1,0,0,1300,506,38.92,555.0
29,2,17,1,0,1,1300,1376,105.85,506.0
29,2,18,1,0,1,1300,1424,109.54,1376.0
29,2,19,1,0,1,1300,1258,96.77,1424.0
29,2,20,1,0,0,1300,938,72.15,1258.0
29,2,21,1,0,0,1300,276,21.23,938.0
29,2,22,1,0,0,1300,388,29.85,276.0
29,2,23,1,0,0,1300,354,27.23,388.0
0,3,0,0,0,0,1100,85,7.73,85.0
0,3,1,0,0,0,1100,66,6.0,85.0
0,3,2,0,0,0,1100,48,4.36,66.0
0,3,3,0,0,0,1100,107,9.73,48.0
0,3,4,0,0,0,1100,22,2.0,107.0
0,3,5,0,0,0,1100,33,3.0,22.0
0,3,6,0,0,0,1100,456,41.45,33.0
0,3,7,0,0,0,1100,504,45.82,456.0
0,3,8,0,0,1,1100,918,83.45,504.0
0,3,9,0,0,1,1100,823,74.82,918.0
0,3,10,0,0,0,1100,309,28.09,823.0
0,3,11,0,0,0,1100,450,40.91,309.0
0,3,12,0,0,0,1100,287,26.09,450.0
0,3,13,0,0,0,1100,354,32.18,287.0
0,3,14,0,0,0,1100,398,36.18,354.0
0,3,15,0,0,0,1100,287,26.09,398.0
0,3,16,0,0,0,1100,374,34.0,287.0
0,3,17,0,0,1,1100,852,77.45,374.0
0,3,18,0,0,1,1100,954,86.73,852.0
0,3,19,0,0,1,1100,923,83.91,954.0
0,3,20,0,0,0,1100,684,62.18,923.0
0,3,21,0,0,0,1100,180,16.36,684.0
0,3,22,0,0,0,1100,202,18.36,180.0
0,3,23,0,0,0,1100,120,10.91,202.0
1,3,0,1,0,0,1100,43,3.91,120.0
1,3,1,1,0,0,1100,59,5.36,43.0
1,3,2,1,0,0,1100,22,2.0,59.0
1,3,3,1,0,0,1100,41,3.73,22.0
1,3,4,1,0,0,1100,35,3.18,41.0
1,3,5,1,0,0,1100,22,2.0,35.0
1,3,6,1,0,0,1100,440,40.0,22.0
1,3,7,1,0,0,1100,536,48.73,440.0
1,3,8,1,0,1,1100,753,68.45,536.0
1,3,9,1,0,1,1100,831,75.55,753.0
1,3,10,1,0,0,1100,333,30.27,831.0
1,3,11,1,0,0,1100,349,31.73,333.0
1,3,12,1,0,0,1100,375,34.09,349.0
1,3,13,1,0,0,1100,322,29.27,375.0
1,3,14,1,0,0,1100,364,33.09,322.0
1,3,15,1,0,0,1100,299,27.18,364.0
1,3,16,1,0,0,1100,394,35.82,299.0
1,3,17,1,0,1,1100,930,84.55,394.0
1,3,18,1,0,1,1100,882,80.18,930.0
1,3,19,1,0,1,1100,888,80.73,882.0
1,3,20,1,0,0,1100,641,58.27,888.0
1,3,21,1,0,0,1100,294,26.73,641.0
1,3,22,1,0,0,1100,138,12.55,294.0
1,3,23,1,0,0,1100,294,26.73,138.0
2,3,0,2,0,0,1100,22,2.0,294.0
2,3,1,2,0,0,1100,103,9.36,22.0
2,3,2,2,0,0,1100,22,2.0,103.0
2,3,3,2,0,0,1100,146,13.27,22.0
2,3,4,2,0,0,1100,70,6.36,146.0
2,3,5,2,0,0,1100,86,7.82,70.0
2,3,6,2,0,0,1100,574,52.18,86.0
2,3,7,2,0,0,1100,466,42.36,574.0
2,3,8,2,0,1,1100,779,70.82,466.0
2,3,9,2,0,1,1100,867,78.82,779.0
2,3,10,2,0,0,1100,270,24.55,867.0
2,3,11,2,0,0,1100,326,29.64,270.0
2,3,12,2,0,0,1100,348,31.64,326.0
2,3,13,2,0,0,1100,356,32.36,348.0
2,3,14,2,0,0,1100,266,24.18,356.0
2,3,15,2,0,0,1100,308,28.0,266.0
2,3,16,2,0,0,1100,357,32.45,308.0
2,3,17,2,0,1,1100,757,68.82,357.0
2,3,18,2,0,1,1100,877,79.73,757.0
2,3,19,2,0,1,1100,925,84.09,877.0
2,3,20,2,0,0,1100,642,58.36,925.0
2,3,21,2,0,0,1100,117,10.64,642.0
2,3,22,2,0,0,1100,225,20.45,117.0
2,3,23,2,0,0,1100,261,23.73,225.0
3,3,0,3,0,0,1100,31,2.82,261.0
3,3,1,3,0,0,1100,22,2.0,31.0
3,3,2,3,0,0,1100,97,8.82,22.0
3,3,3,3,0,0,1100,22,2.0,97.0
3,3,4,3,0,0,1100,41,3.73,22.0
3,3,5,3,0,0,1100,173,15.73,41.0
3,3,6,3,0,0,1100,500,45.45,173.0
3,3,7,3,0,0,1100,482,43.82,500.0
3,3,8,3,0,1,1100,848,77.09,482.0
3,3,9,3,0,1,1100,856,77.82,848.0
3,3,10,3,0,0,1100,341,31.0,856.0
3,3,11,3,0,0,1100,304,27.64,341.0
3,3,12,3,0,0,1100,376,34.18,304.0
3,3,13,3,0,0,1100,368,33.45,376.0
3,3,14,3,0,0,1100,346,31.45,368.0
3,3,15,3,0,0,1100,345,31.36,346.0
3,3,16,3,0,0,1100,342,31.09,345.0
3,3,17,3,0,1,1100,874,79.45,342.0
3,3,18,3,0,1,1100,920,83.64,874.0
3,3,19,3,0,1,1100,839,76.27,920.0
3,3,20,3,0,0,1100,762,69.27,839.0
3,3,21,3,0,0,1100,144,13.09,762.0
3,3,22,3,0,0,1100,223,20.27,144.0
3,3,23,3,0,0,1100,137,12.45,223.0
4,3,0,4,0,0,1100,59,5.36,137.0
4,3,1,4,0,0,1100,70,6.36,59.0
4,3,2,4,0,0,1100,42,3.82,70.0
4,3,3,4,0,0,1100,22,2.0,42.0
4,3,4,4,0,0,1100,22,2.0,22.0
4,3,5,4,0,0,1100,84,7.64,22.0
4,3,6,4,0,0,1100,512,46.55,84.0
4,3,7,4,0,0,1100,511,46.45,512.0
4,3,8,4,0,1,1100,708,64.36,511.0
4,3,9,4,0,1,1100,905,82.27,708.0
4,3,10,4,0,0,1100,370,33.64,905.0
4,3,11,4,0,0,1100,435,39.55,370.0
4,3,12,4,0,0,1100,397,36.09,435.0
4,3,13,4,0,0,1100,369,33.55,397.0
4,3,14,4,0,0,1100,357,32.45,369.0
4,3,15,4,0,0,1100,318,28.91,357.0
4,3,16,4,0,0,1100,296,26.91,318.0
4,3,17,4,0,1,1100,853,77.55,296.0
4,3,18,4,0,1,1100,771,70.09,853.0
4,3,19,4,0,1,1100,935,85.0,771.0
4,3,20,4,0,0,1100,647,58.82,935.0
4,3,21,4,0,0,1100,250,22.73,647.0
4,3,22,4,0,0,1100,163,14.82,250.0
4,3,23,4,0,0,1100,156,14.18,163.0
5,3,0,5,1,0,1100,22,2.0,156.0
5,3,1,5,1,0,1100,22,2.0,22.0
5,3,2,5,1,0,1100,79,7.18,22.0
5,3,3,5,1,0,1100,22,2.0,79.0
5,3,4,5,1,0,1100,70,6.36,22.0
5,3,5,5,1,0,1100,22,2.0,70.0
5,3,6,5,1,0,1100,248,22.55,22.0
5,3,7,5,1,0,1100,210,19.09,248.0
5,3,8,5,1,0,1100,403,36.64,210.0
5,3,9,5,1,0,1100,488,44.36,403.0
5,3,10,5,1,0,1100,140,12.73,488.0
5,3,11,5,1,0,1100,182,16.55,140.0
5,3,12,5,1,0,1100,156,14.18,182.0
5,3,13,5,1,0,1100,142,12.91,156.0
5,3,14,5,1,0,1100,148,13.45,142.0
5,3,15,5,1,0,1100,258,23.45,148.0
5,3,16,5,1,0,1100,161,14.64,258.0
5,3,17,5,1,0,1100,538,48.91,161.0
5,3,18,5,1,0,1100,494,44.91,538.0
5,3,19,5,1,0,1100,481,43.73,494.0
5,3,20,5,1,0,1100,306,27.82,481.0
5,3,21,5,1,0,1100,54,4.91,306.0
5,3,22,5,1,0,1100,145,13.18,54.0
5,3,23,5,1,0,1100,63,5.73,145.0
6,3,0,6,1,0,1100,54,4.91,63.0
6,3,1,6,1,0,1100,37,3.36,54.0
6,3,2,6,1,0,1100,138,12.55,37.0
6,3,3,6,1,0,1100,46,4.18,138.0
6,3,4,6,1,0,1100,68,6.18,46.0
6,3,5,6,1,0,1100,22,2.0,68.0
6,3,6,6,1,0,1100,192,17.45,22.0
6,3,7,6,1,0,1100,289,26.27,192.0
6,3,8,6,1,0,1100,528,48.0,289.0
6,3,9,6,1,0,1100,539,49.0,528.0
6,3,10,6,1,0,1100,203,18.45,539.0
6,3,11,6,1,0,1100,169,15.36,203.0
6,3,12,6,1,0,1100,217,19.73,169.0
6,3,13,6,1,0,1100,198,18.0,217.0
6,3,14,6,1,0,1100,199,18.09,198.0
6,3,15,6,1,0,1100,139,12.64,199.0
6,3,16,6,1,0,1100,160,14.55,139.0
6,3,17,6,1,0,1100,508,46.18,160.0
6,3,18,6,1,0,1100,488,44.36,508.0
6,3,19,6,1,0,1100,477,43.36,488.0
6,3,20,6,1,0,1100,380,34.55,477.0
6,3,21,6,1,0,1100,188,17.09,380.0
6,3,22,6,1,0,1100,81,7.36,188.0
6,3,23,6,1,0,1100,177,16.09,81.0
7,3,0,0,0,0,1100,69,6.27,177.0
7,3,1,0,0,0,1100,100,9.09,69.0
7,3,2,0,0,0,1100,152,13.82,100.0
7,3,3,0,0,0,1100,85,7.73,152.0
7,3,4,0,0,0,1100,46,4.18,85.0
7,3,5,0,0,0,1100,61,5.55,46.0
7,3,6,0,0,0,1100,483,43.91,61.0
7,3,7,0,0,0,1100,533,48.45,483.0
7,3,8,0,0,1,1100,794,72.18,533.0
7,3,9,0,0,1,1100,890,80.91,794.0
7,3,10,0,0,0,1100,360,32.73,890.0
7,3,11,0,0,0,1100,262,23.82,360.0
7,3,12,0,0,0,1100,457,41.55,262.0
7,3,13,0,0,0,1100,395,35.91,457.0
7,3,14,0,0,0,1100,377,34.27,395.0
7,3,15,0,0,0,1100,283,25.73,377.0
7,3,16,0,0,0,1100,395,35.91,283.0
7,3,17,0,0,1,1100,877,79.73,395.0
7,3,18,0,0,1,1100,868,78.91,877.0
7,3,19,0,0,1,1100,845,76.82,868.0
7,3,20,0,0,0,1100,640,58.18,845.0
7,3,21,0,0,0,1100,287,26.09,640.0
7,3,22,0,0,0,1100,137,12.45,287.0
7,3,23,0,0,0,1100,149,13.55,137.0
8,3,0,1,0,0,1100,22,2.0,149.0
8,3,1,1,0,0,1100,144,13.09,22.0
8,3,2,1,0,0,1100,22,2.0,144.0
8,3,3,1,0,0,1100,61,5.55,22.0
8,3,4,1,0,0,1100,84,7.64,61.0
8,3,5,1,0,0,1100,36,3.27,84.0
8,3,6,1,0,0,1100,419,38.09,36.0
8,3,7,1,0,0,1100,500,45.45,419.0
8,3,8,1,0,1,1100,818,74.36,500.0
8,3,9,1,0,1,1100,685,62.27,818.0
8,3,10,1,0,0,1100,371,33.73,685.0
8,3,11,1,0,0,1100,328,29.82,371.0
8,3,12,1,0,0,1100,341,31.0,328.0
8,3,13,1,0,0,1100,376,34.18,341.0
8,3,14,1,0,0,1100,341,31.0,376.0
8,3,15,1,0,0,1100,377,34.27,341.0
8,3,16,1,0,0,1100,373,33.91,377.0
8,3,17,1,0,1,1100,834,75.82,373.0
8,3,18,1,0,1,1100,731,66.45,834.0
8,3,19,1,0,1,1100,899,81.73,731.0
8,3,20,1,0,0,1100,582,52.91,899.0
8,3,21,1,0,0,1100,94,8.55,582.0
8,3,22,1,0,0,1100,289,26.27,94.0
8,3,23,1,0,0,1100,266,24.18,289.0
9,3,0,2,0,0,1100,22,2.0,266.0
9,3,1,2,0,0,1100,22,2.0,22.0
9,3,2,2,0,0,1100,97,8.82,22.0
9,3,3,2,0,0,1100,37,3.36,97.0
9,3,4,2,0,0,1100,61,5.55,37.0
9,3,5,2,0,0,1100,22,2.0,61.0
9,3,6,2,0,0,1100,582,52.91,22.0
9,3,7,2,0,0,1100,582,52.91,582.0
9,3,8,2,0,1,1100,742,67.45,582.0
9,3,9,2,0,1,1100,788,71.64,742.0
9,3,10,2,0,0,1100,342,31.09,788.0
9,3,11,2,0,0,1100,353,32.09,342.0
9,3,12,2,0,0,1100,369,33.55,353.0
9,3,13,2,0,0,1100,276,25.09,369.0
9,3,14,2,0,0,1100,339,30.82,276.0
9,3,15,2,0,0,1100,353,32.09,339.0
9,3,16,2,0,0,1100,326,29.64,353.0
9,3,17,2,0,1,1100,888,80.73,326.0
9,3,18,2,0,1,1100,985,89.55,888.0
9,3,19,2,0,1,1100,1004,91.27,985.0
9,3,20,2,0,0,1100,691,62.82,1004.0
9,3,21,2,0,0,1100,204,18.55,691.0
9,3,22,2,0,0,1100,215,19.55,204.0
9,3,23,2,0,0,1100,147,13.36,215.0
10,3,0,3,0,0,1100,162,14.73,147.0
10,3,1,3,0,0,1100,33,3.0,162.0
10,3,2,3,0,0,1100,36,3.27,33.0
10,3,3,3,0,0,1100,61,5.55,36.0
10,3,4,3,0,0,1100,70,6.36,61.0
10,3,5,3,0,0,1100,41,3.73,70.0
10,3,6,3,0,0,1100,562,51.09,41.0
10,3,7,3,0,0,1100,569,51.73,562.0
10,3,8,3,0,1,1100,751,68.27,569.0
10,3,9,3,0,1,1100,832,75.64,751.0
10,3,10,3,0,0,1100,415,37.73,832.0
10,3,11,3,0,0,1100,418,38.0,415.0
10,3,12,3,0,0,1100,289,26.27,418.0
10,3,13,3,0,0,1100,358,32.55,289.0
10,3,14,3,0,0,1100,299,27.18,358.0
10,3,15,3,0,0,1100,373,33.91,299.0
10,3,16,3,0,0,1100,400,36.36,373.0
10,3,17,3,0,1,1100,923,83.91,400.0
10,3,18,3,0,1,1100,830,75.45,923.0
10,3,19,3,0,1,1100,882,80.18,830.0
10,3,20,3,0,0,1100,735,66.82,882.0
10,3,21,3,0,0,1100,228,20.73,735.0
10,3,22,3,0,0,1100,246,22.36,228.0
10,3,23,3,0,0,1100,221,20.09,246.0
11,3,0,4,0,0,1100,52,4.73,221.0
11,3,1,4,0,0,1100,129,11.73,52.0
11,3,2,4,0,0,1100,22,2.0,129.0
11,3,3,4,0,0,1100,22,2.0,22.0
11,3,4,4,0,0,1100,22,2.0,22.0
11,3,5,4,0,0,1100,37,3.36,22.0
11,3,6,4,0,0,1100,520,47.27,37.0
11,3,7,4,0,0,1100,511,46.45,520.0
11,3,8,4,0,1,1100,933,84.82,511.0
11,3,9,4,0,1,1100,809,73.55,933.0
11,3,10,4,0,0,1100,432,39.27,809.0
11,3,11,4,0,0,1100,445,40.45,432.0
11,3,12,4,0,0,1100,367,33.36,445.0
11,3,13,4,0,0,1100,320,29.09,367.0
11,3,14,4,0,0,1100,319,29.0,320.0
11,3,15,4,0,0,1100,307,27.91,319.0
11,3,16,4,0,0,1100,292,26.55,307.0
11,3,17,4,0,1,1100,864,78.55,292.0
11,3,18,4,0,1,1100,857,77.91,864.0
11,3,19,4,0,1,1100,1011,91.91,857.0
11,3,20,4,0,0,1100,685,62.27,1011.0
11,3,21,4,0,0,1100,144,13.09,685.0
11,3,22,4,0,0,1100,116,10.55,144.0
11,3,23,4,0,0,1100,238,21.64,116.0
12,3,0,5,1,0,1100,94,8.55,238.0
12,3,1,5,1,0,1100,54,4.91,94.0
12,3,2,5,1,0,1100,22,2.0,54.0
12,3,3,5,1,0,1100,29,2.64,22.0
12,3,4,5,1,0,1100,22,2.0,29.0
12,3,5,5,1,0,1100,22,2.0,22.0
12,3,6,5,1,0,1100,214,19.45,22.0
12,3,7,5,1,0,1100,225,20.45,214.0
12,3,8,5,1,0,1100,493,44.82,225.0
12,3,9,5,1,0,1100,389,35.36,493.0
12,3,10,5,1,0,1100,261,23.73,389.0
12,3,11,5,1,0,1100,158,14.36,261.0
12,3,12,5,1,0,1100,103,9.36,158.0
12,3,13,5,1,0,1100,209,19.0,103.0
12,3,14,5,1,0,1100,218,19.82,209.0
12,3,15,5,1,0,1100,187,17.0,218.0
12,3,16,5,1,0,1100,141,12.82,187.0
12,3,17,5,1,0,1100,590,53.64,141.0
12,3,18,5,1,0,1100,520,47.27,590.0
12,3,19,5,1,0,1100,516,46.91,520.0
12,3,20,5,1,0,1100,305,27.73,516.0
12,3,21,5,1,0,1100,41,3.73,305.0
12,3,22,5,1,0,1100,111,10.09,41.0
12,3,23,5,1,0,1100,200,18.18,111.0
13,3,0,6,1,0,1100,108,9.82,200.0
13,3,1,6,1,0,1100,97,8.82,108.0
13,3,2,6,1,0,1100,49,4.45,97.0
13,3,3,6,1,0,1100,22,2.0,49.0
13,3,4,6,1,0,1100,27,2.45,22.0
13,3,5,6,1,0,1100,97,8.82,27.0
13,3,6,6,1,0,1100,307,27.91,97.0
13,3,7,6,1,0,1100,236,21.45,307.0
13,3,8,6,1,0,1100,386,35.09,236.0
13,3,9,6,1,0,1100,414,37.64,386.0
13,3,10,6,1,0,1100,222,20.18,414.0
13,3,11,6,1,0,1100,161,14.64,222.0
13,3,12,6,1,0,1100,152,13.82,161.0
13,3,13,6,1,0,1100,214,19.45,152.0
13,3,14,6,1,0,1100,159,14.45,214.0
13,3,15,6,1,0,1100,127,11.55,159.0
13,3,16,6,1,0,1100,222,20.18,127.0
13,3,17,6,1,0,1100,557,50.64,222.0
13,3,18,6,1,0,1100,533,48.45,557.0
13,3,19,6,1,0,1100,551,50.09,533.0
13,3,20,6,1,0,1100,369,33.55,551.0
13,3,21,6,1,0,1100,280,25.45,369.0
13,3,22,6,1,0,1100,109,9.91,280.0
13,3,23,6,1,0,1100,84,7.64,109.0
14,3,0,0,0,0,1100,40,3.64,84.0
14,3,1,0,0,0,1100,50,4.55,40.0
14,3,2,0,0,0,1100,83,7.55,50.0
14,3,3,0,0,0,1100,77,7.0,83.0
14,3,4,0,0,0,1100,63,5.73,77.0
14,3,5,0,0,0,1100,22,2.0,63.0
14,3,6,0,0,0,1100,516,46.91,22.0
14,3,7,0,0,0,1100,483,43.91,516.0
14,3,8,0,0,1,1100,836,76.0,483.0
14,3,9,0,0,1,1100,739,67.18,836.0
14,3,10,0,0,0,1100,377,34.27,739.0
14,3,11,0,0,0,1100,318,28.91,377.0
14,3,12,0,0,0,1100,334,30.36,318.0
14,3,13,0,0,0,1100,412,37.45,334.0
14,3,14,0,0,0,1100,320,29.09,412.0
14,3,15,0,0,0,1100,316,28.73,320.0
14,3,16,0,0,0,1100,402,36.55,316.0
14,3,17,0,0,1,1100,932,84.73,402.0
14,3,18,0,0,1,1100,846,76.91,932.0
14,3,19,0,0,1,1100,902,82.0,846.0
14,3,20,0,0,0,1100,549,49.91,902.0
14,3,21,0,0,0,1100,148,13.45,549.0
14,3,22,0,0,0,1100,137,12.45,148.0
14,3,23,0,0,0,1100,114,10.36,137.0
15,3,0,1,0,0,1100,78,7.09,114.0
15,3,1,1,0,0,1100,22,2.0,78.0
15,3,2,1,0,0,1100,55,5.0,22.0
15,3,3,1,0,0,1100,146,13.27,55.0
15,3,4,1,0,0,1100,109,9.91,146.0
15,3,5,1,0,0,1100,48,4.36,109.0
15,3,6,1,0,0,1100,474,43.09,48.0
15,3,7,1,0,0,1100,355,32.27,474.0
15,3,8,1,0,1,1100,882,80.18,355.0
15,3,9,1,0,1,1100,822,74.73,882.0
15,3,10,1,0,0,1100,337,30.64,822.0
15,3,11,1,0,0,1100,384,34.91,337.0
15,3,12,1,0,0,1100,436,39.64,384.0
15,3,13,1,0,0,1100,331,30.09,436.0
15,3,14,1,0,0,1100,403,36.64,331.0
15,3,15,1,0,0,1100,398,36.18,403.0
15,3,16,1,0,0,1100,190,17.27,398.0
15,3,17,1,0,1,1100,888,80.73,190.0
15,3,18,1,0,1,1100,855,77.73,888.0
15,3,19,1,0,1,1100,863,78.45,855.0
15,3,20,1,0,0,1100,646,58.73,863.0
15,3,21,1,0,0,1100,183,16.64,646.0
15,3,22,1,0,0,1100,254,23.09,183.0
15,3,23,1,0,0,1100,209,19.0,254.0
16,3,0,2,0,0,1100,22,2.0,209.0
16,3,1,2,0,0,1100,29,2.64,22.0
16,3,2,2,0,0,1100,65,5.91,29.0
16,3,3,2,0,0,1100,29,2.64,65.0
16,3,4,2,0,0,1100,22,2.0,29.0
16,3,5,2,0,0,1100,128,11.64,22.0
16,3,6,2,0,0,1100,528,48.0,128.0
16,3,7,2,0,0,1100,456,41.45,528.0
16,3,8,2,0,1,1100,878,79.82,456.0
16,3,9,2,0,1,1100,900,81.82,878.0
16,3,10,2,0,0,1100,415,37.73,900.0
16,3,11,2,0,0,1100,355,32.27,415.0
16,3,12,2,0,0,1100,346,31.45,355.0
16,3,13,2,0,0,1100,379,34.45,346.0
16,3,14,2,0,0,1100,384,34.91,379.0
16,3,15,2,0,0,1100,348,31.64,384.0
16,3,16,2,0,0,1100,294,26.73,348.0
16,3,17,2,0,1,1100,901,81.91,294.0
16,3,18,2,0,1,1100,918,83.45,901.0
16,3,19,2,0,1,1100,975,88.64,918.0
16,3,20,2,0,0,1100,623,56.64,975.0
16,3,21,2,0,0,1100,148,13.45,623.0
16,3,22,2,0,0,1100,189,17.18,148.0
16,3,23,2,0,0,1100,150,13.64,189.0
17,3,0,3,0,0,1100,22,2.0,150.0
17,3,1,3,0,0,1100,22,2.0,22.0
17,3,2,3,0,0,1100,22,2.0,22.0
17,3,3,3,0,0,1100,41,3.73,22.0
17,3,4,3,0,0,1100,22,2.0,41.0
17,3,5,3,0,0,1100,23,2.09,22.0
17,3,6,3,0,0,1100,468,42.55,23.0
17,3,7,3,0,0,1100,516,46.91,468.0
17,3,8,3,0,1,1100,914,83.09,516.0
17,3,9,3,0,1,1100,767,69.73,914.0
17,3,10,3,0,0,1100,341,31.0,767.0
17,3,11,3,0,0,1100,384,34.91,341.0
17,3,12,3,0,0,1100,399,36.27,384.0
17,3,13,3,0,0,1100,317,28.82,399.0
17,3,14,3,0,0,1100,322,29.27,317.0
17,3,15,3,0,0,1100,416,37.82,322.0
17,3,16,3,0,0,1100,318,28.91,416.0
17,3,17,3,0,1,1100,894,81.27,318.0
17,3,18,3,0,1,1100,803,73.0,894.0
17,3,19,3,0,1,1100,907,82.45,803.0
17,3,20,3,0,0,1100,715,65.0,907.0
17,3,21,3,0,0,1100,182,16.55,715.0
17,3,22,3,0,0,1100,137,12.45,182.0
17,3,23,3,0,0,1100,171,15.55,137.0
18,3,0,4,0,0,1100,22,2.0,171.0
18,3,1,4,0,0,1100,114,10.36,22.0
18,3,2,4,0,0,1100,22,2.0,114.0
18,3,3,4,0,0,1100,47,4.27,22.0
18,3,4,4,0,0,1100,22,2.0,47.0
18,3,5,4,0,0,1100,110,10.0,22.0
18,3,6,4,0,0,1100,612,55.64,110.0
18,3,7,4,0,0,1100,480,43.64,612.0
18,3,8,4,0,1,1100,891,81.0,480.0
18,3,9,4,0,1,1100,971,88.27,891.0
18,3,10,4,0,0,1100,324,29.45,971.0
18,3,11,4,0,0,1100,294,26.73,324.0
18,3,12,4,0,0,1100,394,35.82,294.0
18,3,13,4,0,0,1100,297,27.0,394.0
18,3,14,4,0,0,1100,333,30.27,297.0
18,3,15,4,0,0,1100,348,31.64,333.0
18,3,16,4,0,0,1100,364,33.09,348.0
18,3,17,4,0,1,1100,909,82.64,364.0
18,3,18,4,0,1,1100,876,79.64,909.0
18,3,19,4,0,1,1100,906,82.36,876.0
18,3,20,4,0,0,1100,646,58.73,906.0
18,3,21,4,0,0,1100,284,25.82,646.0
18,3,22,4,0,0,1100,151,13.73,284.0
18,3,23,4,0,0,1100,197,17.91,151.0
19,3,0,5,1,0,1100,130,11.82,197.0
19,3,1,5,1,0,1100,22,2.0,130.0
19,3,2,5,1,0,1100,22,2.0,22.0
19,3,3,5,1,0,1100,126,11.45,22.0
19,3,4,5,1,0,1100,50,4.55,126.0
19,3,5,5,1,0,1100,168,15.27,50.0
19,3,6,5,1,0,1100,285,25.91,168.0
19,3,7,5,1,0,1100,321,29.18,285.0
19,3,8,5,1,0,1100,490,44.55,321.0
19,3,9,5,1,0,1100,517,47.0,490.0
19,3,10,5,1,0,1100,242,22.0,517.0
19,3,11,5,1,0,1100,265,24.09,242.0
19,3,12,5,1,0,1100,159,14.45,265.0
19,3,13,5,1,0,1100,139,12.64,159.0
19,3,14,5,1,0,1100,248,22.55,139.0
19,3,15,5,1,0,1100,179,16.27,248.0
19,3,16,5,1,0,1100,147,13.36,179.0
19,3,17,5,1,0,1100,486,44.18,147.0
19,3,18,5,1,0,1100,562,51.09,486.0
19,3,19,5,1,0,1100,524,47.64,562.0
19,3,20,5,1,0,1100,355,32.27,524.0
19,3,21,5,1,0,1100,66,6.0,355.0
19,3,22,5,1,0,1100,99,9.0,66.0
19,3,23,5,1,0,1100,225,20.45,99.0
20,3,0,6,1,0,1100,71,6.45,225.0
20,3,1,6,1,0,1100,112,10.18,71.0
20,3,2,6,1,0,1100,40,3.64,112.0
20,3,3,6,1,0,1100,28,2.55,40.0
20,3,4,6,1,0,1100,48,4.36,28.0
20,3,5,6,1,0,1100,23,2.09,48.0
20,3,6,6,1,0,1100,237,21.55,23.0
20,3,7,6,1,0,1100,351,31.91,237.0
20,3,8,6,1,0,1100,437,39.73,351.0
20,3,9,6,1,0,1100,367,33.36,437.0
20,3,10,6,1,0,1100,162,14.73,367.0
20,3,11,6,1,0,1100,164,14.91,162.0
20,3,12,6,1,0,1100,173,15.73,164.0
20,3,13,6,1,0,1100,198,18.0,173.0
20,3,14,6,1,0,1100,178,16.18,198.0
20,3,15,6,1,0,1100,126,11.45,178.0
20,3,16,6,1,0,1100,195,17.73,126.0
20,3,17,6,1,0,1100,531,48.27,195.0
20,3,18,6,1,0,1100,422,38.36,531.0
20,3,19,6,1,0,1100,515,46.82,422.0
20,3,20,6,1,0,1100,395,35.91,515.0
20,3,21,6,1,0,1100,95,8.64,395.0
20,3,22,6,1,0,1100,113,10.27,95.0
20,3,23,6,1,0,1100,54,4.91,113.0
21,3,0,0,0,0,1100,102,9.27,54.0
21,3,1,0,0,0,1100,47,4.27,102.0
21,3,2,0,0,0,1100,22,2.0,47.0
21,3,3,0,0,0,1100,22,2.0,22.0
21,3,4,0,0,0,1100,22,2.0,22.0
21,3,5,0,0,0,1100,29,2.64,22.0
21,3,6,0,0,0,1100,491,44.64,29.0
21,3,7,0,0,0,1100,468,42.55,491.0
21,3,8,0,0,1,1100,829,75.36,468.0
21,3,9,0,0,1,1100,764,69.45,829.0
21,3,10,0,0,0,1100,332,30.18,764.0
21,3,11,0,0,0,1100,257,23.36,332.0
21,3,12,0,0,0,1100,311,28.27,257.0
21,3,13,0,0,0,1100,473,43.0,311.0
21,3,14,0,0,0,1100,330,30.0,473.0
21,3,15,0,0,0,1100,311,28.27,330.0
21,3,16,0,0,0,1100,302,27.45,311.0
21,3,17,0,0,1,1100,841,76.45,302.0
21,3,18,0,0,1,1100,926,84.18,841.0
21,3,19,0,0,1,1100,894,81.27,926.0
21,3,20,0,0,0,1100,565,51.36,894.0
21,3,21,0,0,0,1100,215,19.55,565.0
21,3,22,0,0,0,1100,132,12.0,215.0
21,3,23,0,0,0,1100,182,16.55,132.0
22,3,0,1,0,0,1100,22,2.0,182.0
22,3,1,1,0,0,1100,182,16.55,22.0
22,3,2,1,0,0,1100,34,3.09,182.0
22,3,3,1,0,0,1100,28,2.55,34.0
22,3,4,1,0,0,1100,45,4.09,28.0
22,3,5,1,0,0,1100,22,2.0,45.0
22,3,6,1,0,0,1100,488,44.36,22.0
22,3,7,1,0,0,1100,498,45.27,488.0
22,3,8,1,0,1,1100,762,69.27,498.0
22,3,9,1,0,1,1100,825,75.0,762.0
22,3,10,1,0,0,1100,312,28.36,825.0
22,3,11,1,0,0,1100,331,30.09,312.0
22,3,12,1,0,0,1100,320,29.09,331.0
22,3,13,1,0,0,1100,365,33.18,320.0
22,3,14,1,0,0,1100,361,32.82,365.0
22,3,15,1,0,0,1100,438,39.82,361.0
22,3,16,1,0,0,1100,389,35.36,438.0
22,3,17,1,0,1,1100,975,88.64,389.0
22,3,18,1,0,1,1100,887,80.64,975.0
22,3,19,1,0,1,1100,805,73.18,887.0
22,3,20,1,0,0,1100,673,61.18,805.0
22,3,21,1,0,0,1100,143,13.0,673.0
22,3,22,1,0,0,1100,94,8.55,143.0
22,3,23,1,0,0,1100,139,12.64,94.0
23,3,0,2,0,0,1100,93,8.45,139.0
23,3,1,2,0,0,1100,70,6.36,93.0
23,3,2,2,0,0,1100,62,5.64,70.0
23,3,3,2,0,0,1100,36,3.27,62.0
23,3,4,2,0,0,1100,191,17.36,36.0
23,3,5,2,0,0,1100,22,2.0,191.0
23,3,6,2,0,0,1100,508,46.18,22.0
23,3,7,2,0,0,1100,515,46.82,508.0
23,3,8,2,0,1,1100,875,79.55,515.0
23,3,9,2,0,1,1100,846,76.91,875.0
23,3,10,2,0,0,1100,311,28.27,846.0
23,3,11,2,0,0,1100,468,42.55,311.0
23,3,12,2,0,0,1100,371,33.73,468.0
23,3,13,2,0,0,1100,261,23.73,371.0
23,3,14,2,0,0,1100,340,30.91,261.0
23,3,15,2,0,0,1100,300,27.27,340.0
23,3,16,2,0,0,1100,319,29.0,300.0
23,3,17,2,0,1,1100,984,89.45,319.0
23,3,18,2,0,1,1100,919,83.55,984.0
23,3,19,2,0,1,1100,920,83.64,919.0
23,3,20,2,0,0,1100,554,50.36,920.0
23,3,21,2,0,0,1100,255,23.18,554.0
23,3,22,2,0,0,1100,210,19.09,255.0
23,3,23,2,0,0,1100,250,22.73,210.0
24,3,0,3,0,0,1100,112,10.18,250.0
24,3,1,3,0,0,1100,140,12.73,112.0
24,3,2,3,0,0,1100,45,4.09,140.0
24,3,3,3,0,0,1100,125,11.36,45.0
24,3,4,3,0,0,1100,22,2.0,125.0
24,3,5,3,0,0,1100,57,5.18,22.0
24,3,6,3,0,0,1100,511,46.45,57.0
24,3,7,3,0,0,1100,480,43.64,511.0
24,3,8,3,0,1,1100,776,70.55,480.0
24,3,9,3,0,1,1100,904,82.18,776.0
24,3,10,3,0,0,1100,349,31.73,904.0
24,3,11,3,0,0,1100,344,31.27,349.0
24,3,12,3,0,0,1100,361,32.82,344.0
24,3,13,3,0,0,1100,272,24.73,361.0
24,3,14,3,0,0,1100,254,23.09,272.0
24,3,15,3,0,0,1100,299,27.18,254.0
24,3,16,3,0,0,1100,400,36.36,299.0
24,3,17,3,0,1,1100,907,82.45,400.0
24,3,18,3,0,1,1100,878,79.82,907.0
24,3,19,3,0,1,1100,874,79.45,878.0
24,3,20,3,0,0,1100,635,57.73,874.0
24,3,21,3,0,0,1100,178,16.18,635.0
24,3,22,3,0,0,1100,161,14.64,178.0
24,3,23,3,0,0,1100,164,14.91,161.0
25,3,0,4,0,0,1100,76,6.91,164.0
25,3,1,4,0,0,1100,22,2.0,76.0
25,3,2,4,0,0,1100,76,6.91,22.0
25,3,3,4,0,0,1100,46,4.18,76.0
25,3,4,4,0,0,1100,71,6.45,46.0
25,3,5,4,0,0,1100,22,2.0,71.0
25,3,6,4,0,0,1100,431,39.18,22.0
25,3,7,4,0,0,1100,519,47.18,431.0
25,3,8,4,0,1,1100,878,79.82,519.0
25,3,9,4,0,1,1100,899,81.73,878.0
25,3,10,4,0,0,1100,401,36.45,899.0
25,3,11,4,0,0,1100,291,26.45,401.0
25,3,12,4,0,0,1100,334,30.36,291.0
25,3,13,4,0,0,1100,424,38.55,334.0
25,3,14,4,0,0,1100,413,37.55,424.0
25,3,15,4,0,0,1100,312,28.36,413.0
25,3,16,4,0,0,1100,345,31.36,312.0
25,3,17,4,0,1,1100,830,75.45,345.0
25,3,18,4,0,1,1100,835,75.91,830.0
25,3,19,4,0,1,1100,912,82.91,835.0
25,3,20,4,0,0,1100,672,61.09,912.0
25,3,21,4,0,0,1100,143,13.0,672.0
25,3,22,4,0,0,1100,166,15.09,143.0
25,3,23,4,0,0,1100,239,21.73,166.0
26,3,0,5,1,0,1100,25,2.27,239.0
26,3,1,5,1,0,1100,94,8.55,25.0
26,3,2,5,1,0,1100,22,2.0,94.0
26,3,3,5,1,0,1100,22,2.0,22.0
26,3,4,5,1,0,1100,43,3.91,22.0
26,3,5,5,1,0,1100,22,2.0,43.0
26,3,6,5,1,0,1100,237,21.55,22.0
26,3,7,5,1,0,1100,169,15.36,237.0
26,3,8,5,1,0,1100,385,35.0,169.0
26,3,9,5,1,0,1100,502,45.64,385.0
26,3,10,5,1,0,1100,244,22.18,502.0
26,3,11,5,1,0,1100,214,19.45,244.0
26,3,12,5,1,0,1100,233,21.18,214.0
26,3,13,5,1,0,1100,230,20.91,233.0
26,3,14,5,1,0,1100,163,14.82,230.0
26,3,15,5,1,0,1100,222,20.18,163.0
26,3,16,5,1,0,1100,201,18.27,222.0
26,3,17,5,1,0,1100,425,38.64,201.0
26,3,18,5,1,0,1100,473,43.0,425.0
26,3,19,5,1,0,1100,488,44.36,473.0
26,3,20,5,1,0,1100,334,30.36,488.0
26,3,21,5,1,0,1100,196,17.82,334.0
26,3,22,5,1,0,1100,248,22.55,196.0
26,3,23,5,1,0,1100,163,14.82,248.0
27,3,0,6,1,0,1100,32,2.91,163.0
27,3,1,6,1,0,1100,22,2.0,32.0
27,3,2,6,1,0,1100,22,2.0,22.0
27,3,3,6,1,0,1100,30,2.73,22.0
27,3,4,6,1,0,1100,22,2.0,30.0
27,3,5,6,1,0,1100,47,4.27,22.0
27,3,6,6,1,0,1100,293,26.64,47.0
27,3,7,6,1,0,1100,239,21.73,293.0
27,3,8,6,1,0,1100,432,39.27,239.0
27,3,9,6,1,0,1100,441,40.09,432.0
27,3,10,6,1,0,1100,172,15.64,441.0
27,3,11,6,1,0,1100,172,15.64,172.0
27,3,12,6,1,0,1100,129,11.73,172.0
27,3,13,6,1,0,1100,160,14.55,129.0
27,3,14,6,1,0,1100,226,20.55,160.0
27,3,15,6,1,0,1100,156,14.18,226.0
27,3,16,6,1,0,1100,228,20.73,156.0
27,3,17,6,1,0,1100,440,40.0,228.0
27,3,18,6,1,0,1100,526,47.82,440.0
27,3,19,6,1,0,1100,447,40.64,526.0
27,3,20,6,1,0,1100,428,38.91,447.0
27,3,21,6,1,0,1100,91,8.27,428.0
27,3,22,6,1,0,1100,71,6.45,91.0
27,3,23,6,1,0,1100,132,12.0,71.0
28,3,0,0,0,0,1100,64,5.82,132.0
28,3,1,0,0,0,1100,66,6.0,64.0
28,3,2,0,0,0,1100,22,2.0,66.0
28,3,3,0,0,0,1100,22,2.0,22.0
28,3,4,0,0,0,1100,22,2.0,22.0
28,3,5,0,0,0,1100,22,2.0,22.0
28,3,6,0,0,0,1100,530,48.18,22.0
28,3,7,0,0,0,1100,435,39.55,530.0
28,3,8,0,0,1,1100,868,78.91,435.0
28,3,9,0,0,1,1100,690,62.73,868.0
28,3,10,0,0,0,1100,297,27.0,690.0
28,3,11,0,0,0,1100,381,34.64,297.0
28,3,12,0,0,0,1100,379,34.45,381.0
28,3,13,0,0,0,1100,368,33.45,379.0
28,3,14,0,0,0,1100,298,27.09,368.0
28,3,15,0,0,0,1100,367,33.36,298.0
28,3,16,0,0,0,1100,403,36.64,367.0
28,3,17,0,0,1,1100,980,89.09,403.0
28,3,18,0,0,1,1100,883,80.27,980.0
28,3,19,0,0,1,1100,920,83.64,883.0
28,3,20,0,0,0,1100,592,53.82,920.0
28,3,21,0,0,0,1100,280,25.45,592.0
28,3,22,0,0,0,1100,139,12.64,280.0
28,3,23,0,0,0,1100,170,15.45,139.0
29,3,0,1,0,0,1100,44,4.0,170.0
29,3,1,1,0,0,1100,194,17.64,44.0
29,3,2,1,0,0,1100,22,2.0,194.0
29,3,3,1,0,0,1100,102,9.27,22.0
29,3,4,1,0,0,1100,92,8.36,102.0
29,3,5,1,0,0,1100,119,10.82,92.0
29,3,6,1,0,0,1100,471,42.82,119.0
29,3,7,1,0,0,1100,544,49.45,471.0
29,3,8,1,0,1,1100,843,76.64,544.0
29,3,9,1,0,1,1100,815,74.09,843.0
29,3,10,1,0,0,1100,342,31.09,815.0
29,3,11,1,0,0,1100,340,30.91,342.0
29,3,12,1,0,0,1100,371,33.73,340.0
29,3,13,1,0,0,1100,281,25.55,371.0
29,3,14,1,0,0,1100,325,29.55,281.0
29,3,15,1,0,0,1100,396,36.0,325.0
29,3,16,1,0,0,1100,336,30.55,396.0
29,3,17,1,0,1,1100,1009,91.73,336.0
29,3,18,1,0,1,1100,812,73.82,1009.0
29,3,19,1,0,1,1100,809,73.55,812.0
29,3,20,1,0,0,1100,598,54.36,809.0
29,3,21,1,0,0,1100,191,17.36,598.0
29,3,22,1,0,0,1100,246,22.36,191.0
29,3,23,1,0,0,1100,193,17.55,246.0
0,4,0,0,0,0,1800,218,12.11,218.0
0,4,1,0,0,0,1800,36,2.0,218.0
0,4,2,0,0,0,1800,36,2.0,36.0
0,4,3,0,0,0,1800,111,6.17,36.0
0,4,4,0,0,0,1800,36,2.0,111.0
0,4,5,0,0,0,1800,89,4.94,36.0
0,4,6,0,0,0,1800,780,43.33,89.0
0,4,7,0,0,0,1800,833,46.28,780.0
0,4,8,0,0,1,1800,1250,69.44,833.0
0,4,9,0,0,1,1800,1450,80.56,1250.0
0,4,10,0,0,0,1800,587,32.61,1450.0
0,4,11,0,0,0,1800,544,30.22,587.0
0,4,12,0,0,0,1800,610,33.89,544.0
0,4,13,0,0,0,1800,572,31.78,610.0
0,4,14,0,0,0,1800,625,34.72,572.0
0,4,15,0,0,0,1800,502,27.89,625.0
0,4,16,0,0,0,1800,644,35.78,502.0
0,4,17,0,0,1,1800,1497,83.17,644.0
0,4,18,0,0,1,1800,1458,81.0,1497.0
0,4,19,0,0,1,1800,1483,82.39,1458.0
0,4,20,0,0,0,1800,1107,61.5,1483.0
0,4,21,0,0,0,1800,353,19.61,1107.0
0,4,22,0,0,0,1800,263,14.61,353.0
0,4,23,0,0,0,1800,259,14.39,263.0
1,4,0,1,0,0,1800,117,6.5,259.0
1,4,1,1,0,0,1800,278,15.44,117.0
1,4,2,1,0,0,1800,245,13.61,278.0
1,4,3,1,0,0,1800,91,5.06,245.0
1,4,4,1,0,0,1800,168,9.33,91.0
1,4,5,1,0,0,1800,36,2.0,168.0
1,4,6,1,0,0,1800,855,47.5,36.0
1,4,7,1,0,0,1800,762,42.33,855.0
1,4,8,1,0,1,1800,1395,77.5,762.0
1,4,9,1,0,1,1800,1298,72.11,1395.0
1,4,10,1,0,0,1800,485,26.94,1298.0
1,4,11,1,0,0,1800,590,32.78,485.0
1,4,12,1,0,0,1800,696,38.67,590.0
1,4,13,1,0,0,1800,602,33.44,696.0
1,4,14,1,0,0,1800,547,30.39,602.0
1,4,15,1,0,0,1800,641,35.61,547.0
1,4,16,1,0,0,1800,689,38.28,641.0
1,4,17,1,0,1,1800,1501,83.39,689.0
1,4,18,1,0,1,1800,1419,78.83,1501.0
1,4,19,1,0,1,1800,1437,79.83,1419.0
1,4,20,1,0,0,1800,1004,55.78,1437.0
1,4,21,1,0,0,1800,408,22.67,1004.0
1,4,22,1,0,0,1800,379,21.06,408.0
1,4,23,1,0,0,1800,136,7.56,379.0
2,4,0,2,0,0,1800,147,8.17,136.0
2,4,1,2,0,0,1800,230,12.78,147.0
2,4,2,2,0,0,1800,175,9.72,230.0
2,4,3,2,0,0,1800,36,2.0,175.0
2,4,4,2,0,0,1800,135,7.5,36.0
2,4,5,2,0,0,1800,83,4.61,135.0
2,4,6,2,0,0,1800,827,45.94,83.0
2,4,7,2,0,0,1800,772,42.89,827.0
2,4,8,2,0,1,1800,1411,78.39,772.0
2,4,9,2,0,1,1800,1327,73.72,1411.0
2,4,10,2,0,0,1800,501,27.83,1327.0
2,4,11,2,0,0,1800,620,34.44,501.0
2,4,12,2,0,0,1800,682,37.89,620.0
2,4,13,2,0,0,1800,526,29.22,682.0
2,4,14,2,0,0,1800,369,20.5,526.0
2,4,15,2,0,0,1800,562,31.22,369.0
2,4,16,2,0,0,1800,630,35.0,562.0
2,4,17,2,0,1,1800,1315,73.06,630.0
2,4,18,2,0,1,1800,1396,77.56,1315.0
2,4,19,2,0,1,1800,1552,86.22,1396.0
2,4,20,2,0,0,1800,1245,69.17,1552.0
2,4,21,2,0,0,1800,344,19.11,1245.0
2,4,22,2,0,0,1800,347,19.28,344.0
2,4,23,2,0,0,1800,281,15.61,347.0
3,4,0,3,0,0,1800,267,14.83,281.0
3,4,1,3,0,0,1800,163,9.06,267.0
3,4,2,3,0,0,1800,125,6.94,163.0
3,4,3,3,0,0,1800,75,4.17,125.0
3,4,4,3,0,0,1800,92,5.11,75.0
3,4,5,3,0,0,1800,169,9.39,92.0
3,4,6,3,0,0,1800,804,44.67,169.0
3,4,7,3,0,0,1800,859,47.72,804.0
3,4,8,3,0,1,1800,1425,79.17,859.0
3,4,9,3,0,1,1800,1301,72.28,1425.0
3,4,10,3,0,0,1800,799,44.39,1301.0
3,4,11,3,0,0,1800,588,32.67,799.0
3,4,12,3,0,0,1800,484,26.89,588.0
3,4,13,3,0,0,1800,584,32.44,484.0
3,4,14,3,0,0,1800,642,35.67,584.0
3,4,15,3,0,0,1800,664,36.89,642.0
3,4,16,3,0,0,1800,610,33.89,664.0
3,4,17,3,0,1,1800,1423,79.06,610.0
3,4,18,3,0,1,1800,1526,84.78,1423.0
3,4,19,3,0,1,1800,1418,78.78,1526.0
3,4,20,3,0,0,1800,998,55.44,1418.0
3,4,21,3,0,0,1800,432,24.0,998.0
3,4,22,3,0,0,1800,518,28.78,432.0
3,4,23,3,0,0,1800,304,16.89,518.0
4,4,0,4,0,0,1800,36,2.0,304.0
4,4,1,4,0,0,1800,197,10.94,36.0
4,4,2,4,0,0,1800,82,4.56,197.0
4,4,3,4,0,0,1800,36,2.0,82.0
4,4,4,4,0,0,1800,80,4.44,36.0
4,4,5,4,0,0,1800,36,2.0,80.0
4,4,6,4,0,0,1800,796,44.22,36.0
4,4,7,4,0,0,1800,878,48.78,796.0
4,4,8,4,0,1,1800,1456,80.89,878.0
4,4,9,4,0,1,1800,1310,72.78,1456.0
4,4,10,4,0,0,1800,648,36.0,1310.0
4,4,11,4,0,0,1800,596,33.11,648.0
4,4,12,4,0,0,1800,506,28.11,596.0
4,4,13,4,0,0,1800,752,41.78,506.0
4,4,14,4,0,0,1800,535,29.72,752.0
4,4,15,4,0,0,1800,642,35.67,535.0
4,4,16,4,0,0,1800,596,33.11,642.0
4,4,17,4,0,1,1800,1504,83.56,596.0
4,4,18,4,0,1,1800,1534,85.22,1504.0
4,4,19,4,0,1,1800,1491,82.83,1534.0
4,4,20,4,0,0,1800,1157,64.28,1491.0
4,4,21,4,0,0,1800,469,26.06,1157.0
4,4,22,4,0,0,1800,341,18.94,469.0
4,4,23,4,0,0,1800,352,19.56,341.0
5,4,0,5,1,0,1800,36,2.0,352.0
5,4,1,5,1,0,1800,36,2.0,36.0
5,4,2,5,1,0,1800,70,3.89,36.0
5,4,3,5,1,0,1800,131,7.28,70.0
5,4,4,5,1,0,1800,36,2.0,131.0
5,4,5,5,1,0,1800,36,2.0,36.0
5,4,6,5,1,0,1800,435,24.17,36.0
5,4,7,5,1,0,1800,338,18.78,435.0
5,4,8,5,1,0,1800,778,43.22,338.0
5,4,9,5,1,0,1800,855,47.5,778.0
5,4,10,5,1,0,1800,253,14.06,855.0
5,4,11,5,1,0,1800,294,16.33,253.0
5,4,12,5,1,0,1800,389,21.61,294.0
5,4,13,5,1,0,1800,297,16.5,389.0
5,4,14,5,1,0,1800,227,12.61,297.0
5,4,15,5,1,0,1800,330,18.33,227.0
5,4,16,5,1,0,1800,325,18.06,330.0
5,4,17,5,1,0,1800,825,45.83,325.0
5,4,18,5,1,0,1800,819,45.5,825.0
5,4,19,5,1,0,1800,761,42.28,819.0
5,4,20,5,1,0,1800,680,37.78,761.0
5,4,21,5,1,0,1800,36,2.0,680.0
5,4,22,5,1,0,1800,231,12.83,36.0
5,4,23,5,1,0,1800,168,9.33,231.0
6,4,0,6,1,0,1800,147,8.17,168.0
6,4,1,6,1,0,1800,226,12.56,147.0
6,4,2,6,1,0,1800,36,2.0,226.0
6,4,3,6,1,0,1800,36,2.0,36.0
6,4,4,6,1,0,1800,36,2.0,36.0
6,4,5,6,1,0,1800,36,2.0,36.0
6,4,6,6,1,0,1800,444,24.67,36.0
6,4,7,6,1,0,1800,400,22.22,444.0
6,4,8,6,1,0,1800,669,37.17,400.0
6,4,9,6,1,0,1800,815,45.28,669.0
6,4,10,6,1,0,1800,356,19.78,815.0
6,4,11,6,1,0,1800,374,20.78,356.0
6,4,12,6,1,0,1800,264,14.67,374.0
6,4,13,6,1,0,1800,151,8.39,264.0
6,4,14,6,1,0,1800,357,19.83,151.0
6,4,15,6,1,0,1800,391,21.72,357.0
6,4,16,6,1,0,1800,287,15.94,391.0
6,4,17,6,1,0,1800,837,46.5,287.0
6,4,18,6,1,0,1800,786,43.67,837.0
6,4,19,6,1,0,1800,731,40.61,786.0
6,4,20,6,1,0,1800,467,25.94,731.0
6,4,21,6,1,0,1800,57,3.17,467.0
6,4,22,6,1,0,1800,308,17.11,57.0
6,4,23,6,1,0,1800,56,3.11,308.0
7,4,0,0,0,0,1800,52,2.89,56.0
7,4,1,0,0,0,1800,36,2.0,52.0
7,4,2,0,0,0,1800,116,6.44,36.0
7,4,3,0,0,0,1800,158,8.78,116.0
7,4,4,0,0,0,1800,191,10.61,158.0
7,4,5,0,0,0,1800,189,10.5,191.0
7,4,6,0,0,0,1800,809,44.94,189.0
7,4,7,0,0,0,1800,770,42.78,809.0
7,4,8,0,0,1,1800,1318,73.22,770.0
7,4,9,0,0,1,1800,1392,77.33,1318.0
7,4,10,0,0,0,1800,518,28.78,1392.0
7,4,11,0,0,0,1800,635,35.28,518.0
7,4,12,0,0,0,1800,659,36.61,635.0
7,4,13,0,0,0,1800,513,28.5,659.0
7,4,14,0,0,0,1800,487,27.06,513.0
7,4,15,0,0,0,1800,601,33.39,487.0
7,4,16,0,0,0,1800,510,28.33,601.0
7,4,17,0,0,1,1800,1452,80.67,510.0
7,4,18,0,0,1,1800,1374,76.33,1452.0
7,4,19,0,0,1,1800,1540,85.56,1374.0
7,4,20,0,0,0,1800,926,51.44,1540.0
7,4,21,0,0,0,1800,523,29.06,926.0
7,4,22,0,0,0,1800,343,19.06,523.0
7,4,23,0,0,0,1800,372,20.67,343.0
8,4,0,1,0,0,1800,122,6.78,372.0
8,4,1,1,0,0,1800,55,3.06,122.0
8,4,2,1,0,0,1800,149,8.28,55.0
8,4,3,1,0,0,1800,223,12.39,149.0
8,4,4,1,0,0,1800,63,3.5,223.0
8,4,5,1,0,0,1800,183,10.17,63.0
8,4,6,1,0,0,1800,988,54.89,183.0
8,4,7,1,0,0,1800,708,39.33,988.0
8,4,8,1,0,1,1800,1546,85.89,708.0
8,4,9,1,0,1,1800,1336,74.22,1546.0
8,4,10,1,0,0,1800,478,26.56,1336.0
8,4,11,1,0,0,1800,605,33.61,478.0
8,4,12,1,0,0,1800,519,28.83,605.0
8,4,13,1,0,0,1800,588,32.67,519.0
8,4,14,1,0,0,1800,604,33.56,588.0
8,4,15,1,0,0,1800,607,33.72,604.0
8,4,16,1,0,0,1800,534,29.67,607.0
8,4,17,1,0,1,1800,1500,83.33,534.0
8,4,18,1,0,1,1800,1424,79.11,1500.0
8,4,19,1,0,1,1800,1449,80.5,1424.0
8,4,20,1,0,0,1800,1023,56.83,1449.0
8,4,21,1,0,0,1800,290,16.11,1023.0
8,4,22,1,0,0,1800,461,25.61,290.0
8,4,23,1,0,0,1800,394,21.89,461.0
9,4,0,2,0,0,1800,176,9.78,394.0
9,4,1,2,0,0,1800,187,10.39,176.0
9,4,2,2,0,0,1800,145,8.06,187.0
9,4,3,2,0,0,1800,36,2.0,145.0
9,4,4,2,0,0,1800,36,2.0,36.0
9,4,5,2,0,0,1800,181,10.06,36.0
9,4,6,2,0,0,1800,861,47.83,181.0
9,4,7,2,0,0,1800,871,48.39,861.0
9,4,8,2,0,1,1800,1255,69.72,871.0
9,4,9,2,0,1,1800,1422,79.0,1255.0
9,4,10,2,0,0,1800,560,31.11,1422.0
9,4,11,2,0,0,1800,546,30.33,560.0
9,4,12,2,0,0,1800,604,33.56,546.0
9,4,13,2,0,0,1800,451,25.06,604.0
9,4,14,2,0,0,1800,516,28.67,451.0
9,4,15,2,0,0,1800,526,29.22,516.0
9,4,16,2,0,0,1800,561,31.17,526.0
9,4,17,2,0,1,1800,1441,80.06,561.0
9,4,18,2,0,1,1800,1300,72.22,1441.0
9,4,19,2,0,1,1800,1293,71.83,1300.0
9,4,20,2,0,0,1800,956,53.11,1293.0
9,4,21,2,0,0,1800,313,17.39,956.0
9,4,22,2,0,0,1800,341,18.94,313.0
9,4,23,2,0,0,1800,435,24.17,341.0
10,4,0,3,0,0,1800,81,4.5,435.0
10,4,1,3,0,0,1800,188,10.44,81.0
10,4,2,3,0,0,1800,147,8.17,188.0
10,4,3,3,0,0,1800,151,8.39,147.0
10,4,4,3,0,0,1800,109,6.06,151.0
10,4,5,3,0,0,1800,188,10.44,109.0
10,4,6,3,0,0,1800,905,50.28,188.0
10,4,7,3,0,0,1800,848,47.11,905.0
10,4,8,3,0,1,1800,1216,67.56,848.0
10,4,9,3,0,1,1800,1343,74.61,1216.0
10,4,10,3,0,0,1800,526,29.22,1343.0
10,4,11,3,0,0,1800,626,34.78,526.0
10,4,12,3,0,0,1800,461,25.61,626.0
10,4,13,3,0,0,1800,477,26.5,461.0
10,4,14,3,0,0,1800,575,31.94,477.0
10,4,15,3,0,0,1800,673,37.39,575.0
10,4,16,3,0,0,1800,443,24.61,673.0
10,4,17,3,0,1,1800,1392,77.33,443.0
10,4,18,3,0,1,1800,1325,73.61,1392.0
10,4,19,3,0,1,1800,1470,81.67,1325.0
10,4,20,3,0,0,1800,968,53.78,1470.0
10,4,21,3,0,0,1800,409,22.72,968.0
10,4,22,3,0,0,1800,392,21.78,409.0
10,4,23,3,0,0,1800,298,16.56,392.0
11,4,0,4,0,0,1800,150,8.33,298.0
11,4,1,4,0,0,1800,132,7.33,150.0
11,4,2,4,0,0,1800,148,8.22,132.0
11,4,3,4,0,0,1800,37,2.06,148.0
11,4,4,4,0,0,1800,151,8.39,37.0
11,4,5,4,0,0,1800,78,4.33,151.0
11,4,6,4,0,0,1800,827,45.94,78.0
11,4,7,4,0,0,1800,702,39.0,827.0
11,4,8,4,0,1,1800,1204,66.89,702.0
11,4,9,4,0,1,1800,1365,75.83,1204.0
11,4,10,4,0,0,1800,429,23.83,1365.0
11,4,11,4,0,0,1800,500,27.78,429.0
11,4,12,4,0,0,1800,595,33.06,500.0
11,4,13,4,0,0,1800,508,28.22,595.0
11,4,14,4,0,0,1800,480,26.67,508.0
11,4,15,4,0,0,1800,529,29.39,480.0
11,4,16,4,0,0,1800,479,26.61,529.0
11,4,17,4,0,1,1800,1487,82.61,479.0
11,4,18,4,0,1,1800,1503,83.5,1487.0
11,4,19,4,0,1,1800,1502,83.44,1503.0
11,4,20,4,0,0,1800,1026,57.0,1502.0
11,4,21,4,0,0,1800,317,17.61,1026.0
11,4,22,4,0,0,1800,305,16.94,317.0
11,4,23,4,0,0,1800,306,17.0,305.0
12,4,0,5,1,0,1800,36,2.0,306.0
12,4,1,5,1,0,1800,36,2.0,36.0
12,4,2,5,1,0,1800,36,2.0,36.0
12,4,3,5,1,0,1800,36,2.0,36.0
12,4,4,5,1,0,1800,62,3.44,36.0
12,4,5,5,1,0,1800,141,7.83,62.0
12,4,6,5,1,0,1800,220,12.22,141.0
12,4,7,5,1,0,1800,454,25.22,220.0
12,4,8,5,1,0,1800,818,45.44,454.0
12,4,9,5,1,0,1800,617,34.28,818.0
12,4,10,5,1,0,1800,360,20.0,617.0
12,4,11,5,1,0,1800,391,21.72,360.0
12,4,12,5,1,0,1800,349,19.39,391.0
12,4,13,5,1,0,1800,343,19.06,349.0
12,4,14,5,1,0,1800,232,12.89,343.0
12,4,15,5,1,0,1800,348,19.33,232.0
12,4,16,5,1,0,1800,331,18.39,348.0
12,4,17,5,1,0,1800,750,41.67,331.0
12,4,18,5,1,0,1800,606,33.67,750.0
12,4,19,5,1,0,1800,863,47.94,606.0
12,4,20,5,1,0,1800,648,36.0,863.0
12,4,21,5,1,0,1800,36,2.0,648.0
12,4,22,5,1,0,1800,234,13.0,36.0
12,4,23,5,1,0,1800,101,5.61,234.0
13,4,0,6,1,0,1800,36,2.0,101.0
13,4,1,6,1,0,1800,55,3.06,36.0
13,4,2,6,1,0,1800,76,4.22,55.0
13,4,3,6,1,0,1800,187,10.39,76.0
13,4,4,6,1,0,1800,81,4.5,187.0
13,4,5,6,1,0,1800,36,2.0,81.0
13,4,6,6,1,0,1800,447,24.83,36.0
13,4,7,6,1,0,1800,257,14.28,447.0
13,4,8,6,1,0,1800,693,38.5,257.0
13,4,9,6,1,0,1800,813,45.17,693.0
13,4,10,6,1,0,1800,367,20.39,813.0
13,4,11,6,1,0,1800,261,14.5,367.0
13,4,12,6,1,0,1800,190,10.56,261.0
13,4,13,6,1,0,1800,250,13.89,190.0
13,4,14,6,1,0,1800,300,16.67,250.0
13,4,15,6,1,0,1800,335,18.61,300.0
13,4,16,6,1,0,1800,439,24.39,335.0
13,4,17,6,1,0,1800,890,49.44,439.0
13,4,18,6,1,0,1800,889,49.39,890.0
13,4,19,6,1,0,1800,775,43.06,889.0
13,4,20,6,1,0,1800,565,31.39,775.0
13,4,21,6,1,0,1800,250,13.89,565.0
13,4,22,6,1,0,1800,156,8.67,250.0
13,4,23,6,1,0,1800,294,16.33,156.0
14,4,0,0,0,0,1800,36,2.0,294.0
14,4,1,0,0,0,1800,68,3.78,36.0
14,4,2,0,0,0,1800,36,2.0,68.0
14,4,3,0,0,0,1800,88,4.89,36.0
14,4,4,0,0,0,1800,88,4.89,88.0
14,4,5,0,0,0,1800,36,2.0,88.0
14,4,6,0,0,0,1800,850,47.22,36.0
14,4,7,0,0,0,1800,877,48.72,850.0
14,4,8,0,0,1,1800,1378,76.56,877.0
14,4,9,0,0,1,1800,1365,75.83,1378.0
14,4,10,0,0,0,1800,513,28.5,1365.0
14,4,11,0,0,0,1800,474,26.33,513.0
14,4,12,0,0,0,1800,483,26.83,474.0
14,4,13,0,0,0,1800,583,32.39,483.0
14,4,14,0,0,0,1800,433,24.06,583.0
14,4,15,0,0,0,1800,446,24.78,433.0
14,4,16,0,0,0,1800,620,34.44,446.0
14,4,17,0,0,1,1800,1520,84.44,620.0
14,4,18,0,0,1,1800,1474,81.89,1520.0
14,4,19,0,0,1,1800,1500,83.33,1474.0
14,4,20,0,0,0,1800,1002,55.67,1500.0
14,4,21,0,0,0,1800,161,8.94,1002.0
14,4,22,0,0,0,1800,317,17.61,161.0
14,4,23,0,0,0,1800,204,11.33,317.0
15,4,0,1,0,0,1800,89,4.94,204.0
15,4,1,1,0,0,1800,36,2.0,89.0
15,4,2,1,0,0,1800,49,2.72,36.0
15,4,3,1,0,0,1800,109,6.06,49.0
15,4,4,1,0,0,1800,36,2.0,109.0
15,4,5,1,0,0,1800,37,2.06,36.0
15,4,6,1,0,0,1800,997,55.39,37.0
15,4,7,1,0,0,1800,789,43.83,997.0
15,4,8,1,0,1,1800,1321,73.39,789.0
15,4,9,1,0,1,1800,1266,70.33,1321.0
15,4,10,1,0,0,1800,624,34.67,1266.0
15,4,11,1,0,0,1800,591,32.83,624.0
15,4,12,1,0,0,1800,602,33.44,591.0
15,4,13,1,0,0,1800,577,32.06,602.0
15,4,14,1,0,0,1800,575,31.94,577.0
15,4,15,1,0,0,1800,494,27.44,575.0
15,4,16,1,0,0,1800,689,38.28,494.0
15,4,17,1,0,1,1800,1582,87.89,689.0
15,4,18,1,0,1,1800,1712,95.11,1582.0
15,4,19,1,0,1,1800,1343,74.61,1712.0
15,4,20,1,0,0,1800,998,55.44,1343.0
15,4,21,1,0,0,1800,374,20.78,998.0
15,4,22,1,0,0,1800,306,17.0,374.0
15,4,23,1,0,0,1800,322,17.89,306.0
16,4,0,2,0,0,1800,36,2.0,322.0
16,4,1,2,0,0,1800,83,4.61,36.0
16,4,2,2,0,0,1800,93,5.17,83.0
16,4,3,2,0,0,1800,324,18.0,93.0
16,4,4,2,0,0,1800,188,10.44,324.0
16,4,5,2,0,0,1800,36,2.0,188.0
16,4,6,2,0,0,1800,721,40.06,36.0
16,4,7,2,0,0,1800,751,41.72,721.0
16,4,8,2,0,1,1800,1241,68.94,751.0
16,4,9,2,0,1,1800,1380,76.67,1241.0
16,4,10,2,0,0,1800,603,33.5,1380.0
16,4,11,2,0,0,1800,673,37.39,603.0
16,4,12,2,0,0,1800,428,23.78,673.0
16,4,13,2,0,0,1800,526,29.22,428.0
16,4,14,2,0,0,1800,373,20.72,526.0
16,4,15,2,0,0,1800,606,33.67,373.0
16,4,16,2,0,0,1800,517,28.72,606.0
16,4,17,2,0,1,1800,1444,80.22,517.0
16,4,18,2,0,1,1800,1377,76.5,1444.0
16,4,19,2,0,1,1800,1336,74.22,1377.0
16,4,20,2,0,0,1800,1267,70.39,1336.0
16,4,21,2,0,0,1800,203,11.28,1267.0
16,4,22,2,0,0,1800,245,13.61,203.0
16,4,23,2,0,0,1800,372,20.67,245.0
17,4,0,3,0,0,1800,99,5.5,372.0
17,4,1,3,0,0,1800,84,4.67,99.0
17,4,2,3,0,0,1800,36,2.0,84.0
17,4,3,3,0,0,1800,66,3.67,36.0
17,4,4,3,0,0,1800,256,14.22,66.0
17,4,5,3,0,0,1800,54,3.0,256.0
17,4,6,3,0,0,1800,692,38.44,54.0
17,4,7,3,0,0,1800,884,49.11,692.0
17,4,8,3,0,1,1800,1460,81.11,884.0
17,4,9,3,0,1,1800,1286,71.44,1460.0
17,4,10,3,0,0,1800,469,26.06,1286.0
17,4,11,3,0,0,1800,697,38.72,469.0
17,4,12,3,0,0,1800,668,37.11,697.0
17,4,13,3,0,0,1800,653,36.28,668.0
17,4,14,3,0,0,1800,541,30.06,653.0
17,4,15,3,0,0,1800,461,25.61,541.0
17,4,16,3,0,0,1800,628,34.89,461.0
17,4,17,3,0,1,1800,1539,85.5,628.0
17,4,18,3,0,1,1800,1398,77.67,1539.0
17,4,19,3,0,1,1800,1418,78.78,1398.0
17,4,20,3,0,0,1800,1065,59.17,1418.0
17,4,21,3,0,0,1800,369,20.5,1065.0
17,4,22,3,0,0,1800,268,14.89,369.0
17,4,23,3,0,0,1800,371,20.61,268.0
18,4,0,4,0,0,1800,51,2.83,371.0
18,4,1,4,0,0,1800,75,4.17,51.0
18,4,2,4,0,0,1800,53,2.94,75.0
18,4,3,4,0,0,1800,82,4.56,53.0
18,4,4,4,0,0,1800,65,3.61,82.0
18,4,5,4,0,0,1800,142,7.89,65.0
18,4,6,4,0,0,1800,767,42.61,142.0
18,4,7,4,0,0,1800,730,40.56,767.0
18,4,8,4,0,1,1800,1414,78.56,730.0
18,4,9,4,0,1,1800,1247,69.28,1414.0
18,4,10,4,0,0,1800,498,27.67,1247.0
18,4,11,4,0,0,1800,666,37.0,498.0
18,4,12,4,0,0,1800,323,17.94,666.0
18,4,13,4,0,0,1800,508,28.22,323.0
18,4,14,4,0,0,1800,608,33.78,508.0
18,4,15,4,0,0,1800,698,38.78,608.0
18,4,16,4,0,0,1800,342,19.0,698.0
18,4,17,4,0,1,1800,1722,95.67,342.0
18,4,18,4,0,1,1800,1490,82.78,1722.0
18,4,19,4,0,1,1800,1606,89.22,1490.0
18,4,20,4,0,0,1800,1029,57.17,1606.0
18,4,21,4,0,0,1800,298,16.56,1029.0
18,4,22,4,0,0,1800,134,7.44,298.0
18,4,23,4,0,0,1800,308,17.11,134.0
19,4,0,5,1,0,1800,36,2.0,308.0
19,4,1,5,1,0,1800,36,2.0,36.0
19,4,2,5,1,0,1800,36,2.0,36.0
19,4,3,5,1,0,1800,36,2.0,36.0
19,4,4,5,1,0,1800,36,2.0,36.0
19,4,5,5,1,0,1800,202,11.22,36.0
19,4,6,5,1,0,1800,444,24.67,202.0
19,4,7,5,1,0,1800,412,22.89,444.0
19,4,8,5,1,0,1800,726,40.33,412.0
19,4,9,5,1,0,1800,897,49.83,726.0
19,4,10,5,1,0,1800,408,22.67,897.0
19,4,11,5,1,0,1800,433,24.06,408.0
19,4,12,5,1,0,1800,314,17.44,433.0
19,4,13,5,1,0,1800,106,5.89,314.0
19,4,14,5,1,0,1800,341,18.94,106.0
19,4,15,5,1,0,1800,456,25.33,341.0
19,4,16,5,1,0,1800,253,14.06,456.0
19,4,17,5,1,0,1800,722,40.11,253.0
19,4,18,5,1,0,1800,716,39.78,722.0
19,4,19,5,1,0,1800,819,45.5,716.0
19,4,20,5,1,0,1800,427,23.72,819.0
19,4,21,5,1,0,1800,101,5.61,427.0
19,4,22,5,1,0,1800,232,12.89,101.0
19,4,23,5,1,0,1800,152,8.44,232.0
20,4,0,6,1,0,1800,36,2.0,152.0
20,4,1,6,1,0,1800,36,2.0,36.0
20,4,2,6,1,0,1800,109,6.06,36.0
20,4,3,6,1,0,1800,36,2.0,109.0
20,4,4,6,1,0,1800,166,9.22,36.0
20,4,5,6,1,0,1800,37,2.06,166.0
20,4,6,6,1,0,1800,357,19.83,37.0
20,4,7,6,1,0,1800,350,19.44,357.0
20,4,8,6,1,0,1800,779,43.28,350.0
20,4,9,6,1,0,1800,758,42.11,779.0
20,4,10,6,1,0,1800,417,23.17,758.0
20,4,11,6,1,0,1800,196,10.89,417.0
20,4,12,6,1,0,1800,240,13.33,196.0
20,4,13,6,1,0,1800,346,19.22,240.0
20,4,14,6,1,0,1800,347,19.28,346.0
20,4,15,6,1,0,1800,330,18.33,347.0
20,4,16,6,1,0,1800,382,21.22,330.0
20,4,17,6,1,0,1800,746,41.44,382.0
20,4,18,6,1,0,1800,916,50.89,746.0
20,4,19,6,1,0,1800,824,45.78,916.0
20,4,20,6,1,0,1800,588,32.67,824.0
20,4,21,6,1,0,1800,36,2.0,588.0
20,4,22,6,1,0,1800,138,7.67,36.0
20,4,23,6,1,0,1800,244,13.56,138.0
21,4,0,0,0,0,1800,159,8.83,244.0
21,4,1,0,0,0,1800,36,2.0,159.0
21,4,2,0,0,0,1800,71,3.94,36.0
21,4,3,0,0,0,1800,47,2.61,71.0
21,4,4,0,0,0,1800,36,2.0,47.0
21,4,5,0,0,0,1800,210,11.67,36.0
21,4,6,0,0,0,1800,853,47.39,210.0
21,4,7,0,0,0,1800,809,44.94,853.0
21,4,8,0,0,1,1800,1515,84.17,809.0
21,4,9,0,0,1,1800,1417,78.72,1515.0
21,4,10,0,0,0,1800,596,33.11,1417.0
21,4,11,0,0,0,1800,600,33.33,596.0
21,4,12,0,0,0,1800,620,34.44,600.0
21,4,13,0,0,0,1800,440,24.44,620.0
21,4,14,0,0,0,1800,606,33.67,440.0
21,4,15,0,0,0,1800,561,31.17,606.0
21,4,16,0,0,0,1800,584,32.44,561.0
21,4,17,0,0,1,1800,1417,78.72,584.0
21,4,18,0,0,1,1800,1433,79.61,1417.0
21,4,19,0,0,1,1800,1399,77.72,1433.0
21,4,20,0,0,0,1800,995,55.28,1399.0
21,4,21,0,0,0,1800,271,15.06,995.0
21,4,22,0,0,0,1800,232,12.89,271.0
21,4,23,0,0,0,1800,393,21.83,232.0
22,4,0,1,0,0,1800,197,10.94,393.0
22,4,1,1,0,0,1800,215,11.94,197.0
22,4,2,1,0,0,1800,36,2.0,215.0
22,4,3,1,0,0,1800,44,2.44,36.0
22,4,4,1,0,0,1800,251,13.94,44.0
22,4,5,1,0,0,1800,229,12.72,251.0
22,4,6,1,0,0,1800,804,44.67,229.0
22,4,7,1,0,0,1800,663,36.83,804.0
22,4,8,1,0,1,1800,1462,81.22,663.0
22,4,9,1,0,1,1800,1393,77.39,1462.0
22,4,10,1,0,0,1800,495,27.5,1393.0
22,4,11,1,0,0,1800,606,33.67,495.0
22,4,12,1,0,0,1800,398,22.11,606.0
22,4,13,1,0,0,1800,546,30.33,398.0
22,4,14,1,0,0,1800,731,40.61,546.0
22,4,15,1,0,0,1800,590,32.78,731.0
22,4,16,1,0,0,1800,565,31.39,590.0
22,4,17,1,0,1,1800,1526,84.78,565.0
22,4,18,1,0,1,1800,1466,81.44,1526.0
22,4,19,1,0,1,1800,1361,75.61,1466.0
22,4,20,1,0,0,1800,1093,60.72,1361.0
22,4,21,1,0,0,1800,469,26.06,1093.0
22,4,22,1,0,0,1800,231,12.83,469.0
22,4,23,1,0,0,1800,256,14.22,231.0
23,4,0,2,0,0,1800,36,2.0,256.0
23,4,1,2,0,0,1800,64,3.56,36.0
23,4,2,2,0,0,1800,36,2.0,64.0
23,4,3,2,0,0,1800,86,4.78,36.0
23,4,4,2,0,0,1800,36,2.0,86.0
23,4,5,2,0,0,1800,36,2.0,36.0
23,4,6,2,0,0,1800,590,32.78,36.0
23,4,7,2,0,0,1800,756,42.0,590.0
23,4,8,2,0,1,1800,1361,75.61,756.0
23,4,9,2,0,1,1800,1327,73.72,1361.0
23,4,10,2,0,0,1800,633,35.17,1327.0
23,4,11,2,0,0,1800,496,27.56,633.0
23,4,12,2,0,0,1800,467,25.94,496.0
23,4,13,2,0,0,1800,766,42.56,467.0
23,4,14,2,0,0,1800,517,28.72,766.0
23,4,15,2,0,0,1800,512,28.44,517.0
23,4,16,2,0,0,1800,475,26.39,512.0
23,4,17,2,0,1,1800,1487,82.61,475.0
23,4,18,2,0,1,1800,1458,81.0,1487.0
23,4,19,2,0,1,1800,1498,83.22,1458.0
23,4,20,2,0,0,1800,1109,61.61,1498.0
23,4,21,2,0,0,1800,227,12.61,1109.0
23,4,22,2,0,0,1800,308,17.11,227.0
23,4,23,2,0,0,1800,382,21.22,308.0
24,4,0,3,0,0,1800,97,5.39,382.0
24,4,1,3,0,0,1800,87,4.83,97.0
24,4,2,3,0,0,1800,188,10.44,87.0
24,4,3,3,0,0,1800,264,14.67,188.0
24,4,4,3,0,0,1800,138,7.67,264.0
24,4,5,3,0,0,1800,128,7.11,138.0
24,4,6,3,0,0,1800,640,35.56,128.0
24,4,7,3,0,0,1800,634,35.22,640.0
24,4,8,3,0,1,1800,1429,79.39,634.0
24,4,9,3,0,1,1800,1481,82.28,1429.0
24,4,10,3,0,0,1800,542,30.11,1481.0
24,4,11,3,0,0,1800,610,33.89,542.0
24,4,12,3,0,0,1800,508,28.22,610.0
24,4,13,3,0,0,1800,694,38.56,508.0
24,4,14,3,0,0,1800,386,21.44,694.0
24,4,15,3,0,0,1800,571,31.72,386.0
24,4,16,3,0,0,1800,532,29.56,571.0
24,4,17,3,0,1,1800,1362,75.67,532.0
24,4,18,3,0,1,1800,1483,82.39,1362.0
24,4,19,3,0,1,1800,1367,75.94,1483.0
24,4,20,3,0,0,1800,1084,60.22,1367.0
24,4,21,3,0,0,1800,409,22.72,1084.0
24,4,22,3,0,0,1800,443,24.61,409.0
24,4,23,3,0,0,1800,461,25.61,443.0
25,4,0,4,0,0,1800,36,2.0,461.0
25,4,1,4,0,0,1800,63,3.5,36.0
25,4,2,4,0,0,1800,36,2.0,63.0
25,4,3,4,0,0,1800,63,3.5,36.0
25,4,4,4,0,0,1800,36,2.0,63.0
25,4,5,4,0,0,1800,36,2.0,36.0
25,4,6,4,0,0,1800,925,51.39,36.0
25,4,7,4,0,0,1800,947,52.61,925.0
25,4,8,4,0,1,1800,1378,76.56,947.0
25,4,9,4,0,1,1800,1322,73.44,1378.0
25,4,10,4,0,0,1800,618,34.33,1322.0
25,4,11,4,0,0,1800,591,32.83,618.0
25,4,12,4,0,0,1800,597,33.17,591.0
25,4,13,4,0,0,1800,343,19.06,597.0
25,4,14,4,0,0,1800,614,34.11,343.0
25,4,15,4,0,0,1800,407,22.61,614.0
25,4,16,4,0,0,1800,467,25.94,407.0
25,4,17,4,0,1,1800,1707,94.83,467.0
25,4,18,4,0,1,1800,1550,86.11,1707.0
25,4,19,4,0,1,1800,1459,81.06,1550.0
25,4,20,4,0,0,1800,893,49.61,1459.0
25,4,21,4,0,0,1800,282,15.67,893.0
25,4,22,4,0,0,1800,402,22.33,282.0
25,4,23,4,0,0,1800,378,21.0,402.0
26,4,0,5,1,0,1800,57,3.17,378.0
26,4,1,5,1,0,1800,36,2.0,57.0
26,4,2,5,1,0,1800,41,2.28,36.0
26,4,3,5,1,0,1800,36,2.0,41.0
26,4,4,5,1,0,1800,54,3.0,36.0
26,4,5,5,1,0,1800,118,6.56,54.0
26,4,6,5,1,0,1800,466,25.89,118.0
26,4,7,5,1,0,1800,383,21.28,466.0
26,4,8,5,1,0,1800,782,43.44,383.0
26,4,9,5,1,0,1800,763,42.39,782.0
26,4,10,5,1,0,1800,289,16.06,763.0
26,4,11,5,1,0,1800,327,18.17,289.0
26,4,12,5,1,0,1800,260,14.44,327.0
26,4,13,5,1,0,1800,260,14.44,260.0
26,4,14,5,1,0,1800,64,3.56,260.0
26,4,15,5,1,0,1800,126,7.0,64.0
26,4,16,5,1,0,1800,277,15.39,126.0
26,4,17,5,1,0,1800,894,49.67,277.0
26,4,18,5,1,0,1800,739,41.06,894.0
26,4,19,5,1,0,1800,830,46.11,739.0
26,4,20,5,1,0,1800,599,33.28,830.0
26,4,21,5,1,0,1800,203,11.28,599.0
26,4,22,5,1,0,1800,157,8.72,203.0
26,4,23,5,1,0,1800,57,3.17,157.0
27,4,0,6,1,0,1800,46,2.56,57.0
27,4,1,6,1,0,1800,127,7.06,46.0
27,4,2,6,1,0,1800,74,4.11,127.0
27,4,3,6,1,0,1800,107,5.94,74.0
27,4,4,6,1,0,1800,73,4.06,107.0
27,4,5,6,1,0,1800,36,2.0,73.0
27,4,6,6,1,0,1800,546,30.33,36.0
27,4,7,6,1,0,1800,492,27.33,546.0
27,4,8,6,1,0,1800,644,35.78,492.0
27,4,9,6,1,0,1800,807,44.83,644.0
27,4,10,6,1,0,1800,437,24.28,807.0
27,4,11,6,1,0,1800,334,18.56,437.0
27,4,12,6,1,0,1800,308,17.11,334.0
27,4,13,6,1,0,1800,295,16.39,308.0
27,4,14,6,1,0,1800,246,13.67,295.0
27,4,15,6,1,0,1800,294,16.33,246.0
27,4,16,6,1,0,1800,290,16.11,294.0
27,4,17,6,1,0,1800,710,39.44,290.0
27,4,18,6,1,0,1800,667,37.06,710.0
27,4,19,6,1,0,1800,725,40.28,667.0
27,4,20,6,1,0,1800,584,32.44,725.0
27,4,21,6,1,0,1800,233,12.94,584.0
27,4,22,6,1,0,1800,79,4.39,233.0
27,4,23,6,1,0,1800,197,10.94,79.0
28,4,0,0,0,0,1800,222,12.33,197.0
28,4,1,0,0,0,1800,44,2.44,222.0
28,4,2,0,0,0,1800,89,4.94,44.0
28,4,3,0,0,0,1800,95,5.28,89.0
28,4,4,0,0,0,1800,36,2.0,95.0
28,4,5,0,0,0,1800,126,7.0,36.0
28,4,6,0,0,0,1800,842,46.78,126.0
28,4,7,0,0,0,1800,831,46.17,842.0
28,4,8,0,0,1,1800,1381,76.72,831.0
28,4,9,0,0,1,1800,1483,82.39,1381.0
28,4,10,0,0,0,1800,467,25.94,1483.0
28,4,11,0,0,0,1800,638,35.44,467.0
28,4,12,0,0,0,1800,552,30.67,638.0
28,4,13,0,0,0,1800,579,32.17,552.0
28,4,14,0,0,0,1800,551,30.61,579.0
28,4,15,0,0,0,1800,553,30.72,551.0
28,4,16,0,0,0,1800,542,30.11,553.0
28,4,17,0,0,1,1800,1410,78.33,542.0
28,4,18,0,0,1,1800,1380,76.67,1410.0
28,4,19,0,0,1,1800,1334,74.11,1380.0
28,4,20,0,0,0,1800,1061,58.94,1334.0
28,4,21,0,0,0,1800,299,16.61,1061.0
28,4,22,0,0,0,1800,276,15.33,299.0
28,4,23,0,0,0,1800,423,23.5,276.0
29,4,0,1,0,0,1800,36,2.0,423.0
29,4,1,1,0,0,1800,42,2.33,36.0
29,4,2,1,0,0,1800,36,2.0,42.0
29,4,3,1,0,0,1800,36,2.0,36.0
29,4,4,1,0,0,1800,87,4.83,36.0
29,4,5,1,0,0,1800,36,2.0,87.0
29,4,6,1,0,0,1800,883,49.06,36.0
29,4,7,1,0,0,1800,775,43.06,883.0
29,4,8,1,0,1,1800,1363,75.72,775.0
29,4,9,1,0,1,1800,1411,78.39,1363.0
29,4,10,1,0,0,1800,642,35.67,1411.0
29,4,11,1,0,0,1800,669,37.17,642.0
29,4,12,1,0,0,1800,688,38.22,669.0
29,4,13,1,0,0,1800,525,29.17,688.0
29,4,14,1,0,0,1800,417,23.17,525.0
29,4,15,1,0,0,1800,572,31.78,417.0
29,4,16,1,0,0,1800,637,35.39,572.0
29,4,17,1,0,1,1800,1504,83.56,637.0
29,4,18,1,0,1,1800,1284,71.33,1504.0
29,4,19,1,0,1,1800,1251,69.5,1284.0
29,4,20,1,0,0,1800,1017,56.5,1251.0
29,4,21,1,0,0,1800,360,20.0,1017.0
29,4,22,1,0,0,1800,445,24.72,360.0
29,4,23,1,0,0,1800,167,9.28,445.0
0,5,0,0,0,0,900,29,3.22,29.0
0,5,1,0,0,0,900,18,2.0,29.0
0,5,2,0,0,0,900,77,8.56,18.0
0,5,3,0,0,0,900,18,2.0,77.0
0,5,4,0,0,0,900,77,8.56,18.0
0,5,5,0,0,0,900,18,2.0,77.0
0,5,6,0,0,0,900,387,43.0,18.0
0,5,7,0,0,0,900,401,44.56,387.0
0,5,8,0,0,1,900,714,79.33,401.0
0,5,9,0,0,1,900,633,70.33,714.0
0,5,10,0,0,0,900,296,32.89,633.0
0,5,11,0,0,0,900,249,27.67,296.0
0,5,12,0,0,0,900,273,30.33,249.0
0,5,13,0,0,0,900,232,25.78,273.0
0,5,14,0,0,0,900,269,29.89,232.0
0,5,15,0,0,0,900,314,34.89,269.0
0,5,16,0,0,0,900,229,25.44,314.0
0,5,17,0,0,1,900,763,84.78,229.0
0,5,18,0,0,1,900,684,76.0,763.0
0,5,19,0,0,1,900,700,77.78,684.0
0,5,20,0,0,0,900,525,58.33,700.0
0,5,21,0,0,0,900,156,17.33,525.0
0,5,22,0,0,0,900,205,22.78,156.0
0,5,23,0,0,0,900,152,16.89,205.0
1,5,0,1,0,0,900,71,7.89,152.0
1,5,1,1,0,0,900,18,2.0,71.0
1,5,2,1,0,0,900,93,10.33,18.0
1,5,3,1,0,0,900,63,7.0,93.0
1,5,4,1,0,0,900,69,7.67,63.0
1,5,5,1,0,0,900,38,4.22,69.0
1,5,6,1,0,0,900,381,42.33,38.0
1,5,7,1,0,0,900,379,42.11,381.0
1,5,8,1,0,1,900,654,72.67,379.0
1,5,9,1,0,1,900,626,69.56,654.0
1,5,10,1,0,0,900,257,28.56,626.0
1,5,11,1,0,0,900,242,26.89,257.0
1,5,12,1,0,0,900,172,19.11,242.0
1,5,13,1,0,0,900,264,29.33,172.0
1,5,14,1,0,0,900,320,35.56,264.0
1,5,15,1,0,0,900,244,27.11,320.0
1,5,16,1,0,0,900,302,33.56,244.0
1,5,17,1,0,1,900,739,82.11,302.0
1,5,18,1,0,1,900,683,75.89,739.0
1,5,19,1,0,1,900,760,84.44,683.0
1,5,20,1,0,0,900,494,54.89,760.0
1,5,21,1,0,0,900,219,24.33,494.0
1,5,22,1,0,0,900,188,20.89,219.0
1,5,23,1,0,0,900,238,26.44,188.0
2,5,0,2,0,0,900,48,5.33,238.0
2,5,1,2,0,0,900,86,9.56,48.0
2,5,2,2,0,0,900,18,2.0,86.0
2,5,3,2,0,0,900,122,13.56,18.0
2,5,4,2,0,0,900,65,7.22,122.0
2,5,5,2,0,0,900,41,4.56,65.0
2,5,6,2,0,0,900,451,50.11,41.0
2,5,7,2,0,0,900,392,43.56,451.0
2,5,8,2,0,1,900,695,77.22,392.0
2,5,9,2,0,1,900,716,79.56,695.0
2,5,10,2,0,0,900,282,31.33,716.0
2,5,11,2,0,0,900,333,37.0,282.0
2,5,12,2,0,0,900,292,32.44,333.0
2,5,13,2,0,0,900,292,32.44,292.0
2,5,14,2,0,0,900,303,33.67,292.0
2,5,15,2,0,0,900,294,32.67,303.0
2,5,16,2,0,0,900,279,31.0,294.0
2,5,17,2,0,1,900,763,84.78,279.0
2,5,18,2,0,1,900,683,75.89,763.0
2,5,19,2,0,1,900,704,78.22,683.0
2,5,20,2,0,0,900,604,67.11,704.0
2,5,21,2,0,0,900,209,23.22,604.0
2,5,22,2,0,0,900,137,15.22,209.0
2,5,23,2,0,0,900,177,19.67,137.0
3,5,0,3,0,0,900,57,6.33,177.0
3,5,1,3,0,0,900,56,6.22,57.0
3,5,2,3,0,0,900,47,5.22,56.0
3,5,3,3,0,0,900,55,6.11,47.0
3,5,4,3,0,0,900,32,3.56,55.0
3,5,5,3,0,0,900,25,2.78,32.0
3,5,6,3,0,0,900,371,41.22,25.0
3,5,7,3,0,0,900,361,40.11,371.0
3,5,8,3,0,1,900,690,76.67,361.0
3,5,9,3,0,1,900,785,87.22,690.0
3,5,10,3,0,0,900,247,27.44,785.0
3,5,11,3,0,0,900,213,23.67,247.0
3,5,12,3,0,0,900,291,32.33,213.0
3,5,13,3,0,0,900,269,29.89,291.0
3,5,14,3,0,0,900,287,31.89,269.0
3,5,15,3,0,0,900,304,33.78,287.0
3,5,16,3,0,0,900,286,31.78,304.0
3,5,17,3,0,1,900,736,81.78,286.0
3,5,18,3,0,1,900,703,78.11,736.0
3,5,19,3,0,1,900,689,76.56,703.0
3,5,20,3,0,0,900,559,62.11,689.0
3,5,21,3,0,0,900,132,14.67,559.0
3,5,22,3,0,0,900,133,14.78,132.0
3,5,23,3,0,0,900,149,16.56,133.0
4,5,0,4,0,0,900,58,6.44,149.0
4,5,1,4,0,0,900,70,7.78,58.0
4,5,2,4,0,0,900,18,2.0,70.0
4,5,3,4,0,0,900,97,10.78,18.0
4,5,4,4,0,0,900,32,3.56,97.0
4,5,5,4,0,0,900,123,13.67,32.0
4,5,6,4,0,0,900,384,42.67,123.0
4,5,7,4,0,0,900,460,51.11,384.0
4,5,8,4,0,1,900,721,80.11,460.0
4,5,9,4,0,1,900,652,72.44,721.0
4,5,10,4,0,0,900,177,19.67,652.0
4,5,11,4,0,0,900,272,30.22,177.0
4,5,12,4,0,0,900,367,40.78,272.0
4,5,13,4,0,0,900,235,26.11,367.0
4,5,14,4,0,0,900,298,33.11,235.0
4,5,15,4,0,0,900,308,34.22,298.0
4,5,16,4,0,0,900,230,25.56,308.0
4,5,17,4,0,1,900,737,81.89,230.0
4,5,18,4,0,1,900,704,78.22,737.0
4,5,19,4,0,1,900,811,90.11,704.0
4,5,20,4,0,0,900,484,53.78,811.0
4,5,21,4,0,0,900,221,24.56,484.0
4,5,22,4,0,0,900,128,14.22,221.0
4,5,23,4,0,0,900,222,24.67,128.0
5,5,0,5,1,0,900,18,2.0,222.0
5,5,1,5,1,0,900,18,2.0,18.0
5,5,2,5,1,0,900,18,2.0,18.0
5,5,3,5,1,0,900,41,4.56,18.0
5,5,4,5,1,0,900,80,8.89,41.0
5,5,5,5,1,0,900,18,2.0,80.0
5,5,6,5,1,0,900,218,24.22,18.0
5,5,7,5,1,0,900,229,25.44,218.0
5,5,8,5,1,0,900,472,52.44,229.0
5,5,9,5,1,0,900,383,42.56,472.0
5,5,10,5,1,0,900,129,14.33,383.0
5,5,11,5,1,0,900,206,22.89,129.0
5,5,12,5,1,0,900,198,22.0,206.0
5,5,13,5,1,0,900,122,13.56,198.0
5,5,14,5,1,0,900,193,21.44,122.0
5,5,15,5,1,0,900,133,14.78,193.0
5,5,16,5,1,0,900,118,13.11,133.0
5,5,17,5,1,0,900,409,45.44,118.0
5,5,18,5,1,0,900,373,41.44,409.0
5,5,19,5,1,0,900,466,51.78,373.0
5,5,20,5,1,0,900,236,26.22,466.0
5,5,21,5,1,0,900,80,8.89,236.0
5,5,22,5,1,0,900,73,8.11,80.0
5,5,23,5,1,0,900,18,2.0,73.0
6,5,0,6,1,0,900,93,10.33,18.0
6,5,1,6,1,0,900,22,2.44,93.0
6,5,2,6,1,0,900,30,3.33,22.0
6,5,3,6,1,0,900,22,2.44,30.0
6,5,4,6,1,0,900,18,2.0,22.0
6,5,5,6,1,0,900,53,5.89,18.0
6,5,6,6,1,0,900,166,18.44,53.0
6,5,7,6,1,0,900,219,24.33,166.0
6,5,8,6,1,0,900,357,39.67,219.0
6,5,9,6,1,0,900,311,34.56,357.0
6,5,10,6,1,0,900,185,20.56,311.0
6,5,11,6,1,0,900,194,21.56,185.0
6,5,12,6,1,0,900,59,6.56,194.0
6,5,13,6,1,0,900,174,19.33,59.0
6,5,14,6,1,0,900,206,22.89,174.0
6,5,15,6,1,0,900,202,22.44,206.0
6,5,16,6,1,0,900,231,25.67,202.0
6,5,17,6,1,0,900,341,37.89,231.0
6,5,18,6,1,0,900,411,45.67,341.0
6,5,19,6,1,0,900,369,41.0,411.0
6,5,20,6,1,0,900,328,36.44,369.0
6,5,21,6,1,0,900,120,13.33,328.0
6,5,22,6,1,0,900,32,3.56,120.0
6,5,23,6,1,0,900,29,3.22,32.0
7,5,0,0,0,0,900,81,9.0,29.0
7,5,1,0,0,0,900,42,4.67,81.0
7,5,2,0,0,0,900,18,2.0,42.0
7,5,3,0,0,0,900,29,3.22,18.0
7,5,4,0,0,0,900,89,9.89,29.0
7,5,5,0,0,0,900,18,2.0,89.0
7,5,6,0,0,0,900,431,47.89,18.0
7,5,7,0,0,0,900,383,42.56,431.0
7,5,8,0,0,1,900,639,71.0,383.0
7,5,9,0,0,1,900,713,79.22,639.0
7,5,10,0,0,0,900,238,26.44,713.0
7,5,11,0,0,0,900,311,34.56,238.0
7,5,12,0,0,0,900,294,32.67,311.0
7,5,13,0,0,0,900,289,32.11,294.0
7,5,14,0,0,0,900,372,41.33,289.0
7,5,15,0,0,0,900,274,30.44,372.0
7,5,16,0,0,0,900,294,32.67,274.0
7,5,17,0,0,1,900,750,83.33,294.0
7,5,18,0,0,1,900,727,80.78,750.0
7,5,19,0,0,1,900,704,78.22,727.0
7,5,20,0,0,0,900,524,58.22,704.0
7,5,21,0,0,0,900,154,17.11,524.0
7,5,22,0,0,0,900,216,24.0,154.0
7,5,23,0,0,0,900,217,24.11,216.0
8,5,0,1,0,0,900,18,2.0,217.0
8,5,1,1,0,0,900,53,5.89,18.0
8,5,2,1,0,0,900,71,7.89,53.0
8,5,3,1,0,0,900,84,9.33,71.0
8,5,4,1,0,0,900,55,6.11,84.0
8,5,5,1,0,0,900,18,2.0,55.0
8,5,6,1,0,0,900,446,49.56,18.0
8,5,7,1,0,0,900,513,57.0,446.0
8,5,8,1,0,1,900,713,79.22,513.0
8,5,9,1,0,1,900,713,79.22,713.0
8,5,10,1,0,0,900,286,31.78,713.0
8,5,11,1,0,0,900,337,37.44,286.0
8,5,12,1,0,0,900,215,23.89,337.0
8,5,13,1,0,0,900,272,30.22,215.0
8,5,14,1,0,0,900,244,27.11,272.0
8,5,15,1,0,0,900,199,22.11,244.0
8,5,16,1,0,0,900,277,30.78,199.0
8,5,17,1,0,1,900,716,79.56,277.0
8,5,18,1,0,1,900,682,75.78,716.0
8,5,19,1,0,1,900,710,78.89,682.0
8,5,20,1,0,0,900,491,54.56,710.0
8,5,21,1,0,0,900,181,20.11,491.0
8,5,22,1,0,0,900,195,21.67,181.0
8,5,23,1,0,0,900,160,17.78,195.0
9,5,0,2,0,0,900,32,3.56,160.0
9,5,1,2,0,0,900,105,11.67,32.0
9,5,2,2,0,0,900,18,2.0,105.0
9,5,3,2,0,0,900,27,3.0,18.0
9,5,4,2,0,0,900,90,10.0,27.0
9,5,5,2,0,0,900,144,16.0,90.0
9,5,6,2,0,0,900,467,51.89,144.0
9,5,7,2,0,0,900,398,44.22,467.0
9,5,8,2,0,1,900,656,72.89,398.0
9,5,9,2,0,1,900,655,72.78,656.0
9,5,10,2,0,0,900,372,41.33,655.0
9,5,11,2,0,0,900,375,41.67,372.0
9,5,12,2,0,0,900,203,22.56,375.0
9,5,13,2,0,0,900,296,32.89,203.0
9,5,14,2,0,0,900,151,16.78,296.0
9,5,15,2,0,0,900,273,30.33,151.0
9,5,16,2,0,0,900,238,26.44,273.0
9,5,17,2,0,1,900,712,79.11,238.0
9,5,18,2,0,1,900,748,83.11,712.0
9,5,19,2,0,1,900,681,75.67,748.0
9,5,20,2,0,0,900,588,65.33,681.0
9,5,21,2,0,0,900,103,11.44,588.0
9,5,22,2,0,0,900,104,11.56,103.0
9,5,23,2,0,0,900,144,16.0,104.0
10,5,0,3,0,0,900,75,8.33,144.0
10,5,1,3,0,0,900,80,8.89,75.0
10,5,2,3,0,0,900,59,6.56,80.0
10,5,3,3,0,0,900,21,2.33,59.0
10,5,4,3,0,0,900,94,10.44,21.0
10,5,5,3,0,0,900,36,4.0,94.0
10,5,6,3,0,0,900,444,49.33,36.0
10,5,7,3,0,0,900,406,45.11,444.0
10,5,8,3,0,1,900,660,73.33,406.0
10,5,9,3,0,1,900,627,69.67,660.0
10,5,10,3,0,0,900,252,28.0,627.0
10,5,11,3,0,0,900,258,28.67,252.0
10,5,12,3,0,0,900,304,33.78,258.0
10,5,13,3,0,0,900,237,26.33,304.0
10,5,14,3,0,0,900,226,25.11,237.0
10,5,15,3,0,0,900,305,33.89,226.0
10,5,16,3,0,0,900,355,39.44,305.0
10,5,17,3,0,1,900,720,80.0,355.0
10,5,18,3,0,1,900,695,77.22,720.0
10,5,19,3,0,1,900,767,85.22,695.0
10,5,20,3,0,0,900,599,66.56,767.0
10,5,21,3,0,0,900,159,17.67,599.0
10,5,22,3,0,0,900,164,18.22,159.0
10,5,23,3,0,0,900,104,11.56,164.0
11,5,0,4,0,0,900,18,2.0,104.0
11,5,1,4,0,0,900,18,2.0,18.0
11,5,2,4,0,0,900,18,2.0,18.0
11,5,3,4,0,0,900,68,7.56,18.0
11,5,4,4,0,0,900,18,2.0,68.0
11,5,5,4,0,0,900,18,2.0,18.0
11,5,6,4,0,0,900,359,39.89,18.0
11,5,7,4,0,0,900,452,50.22,359.0
11,5,8,4,0,1,900,747,83.0,452.0
11,5,9,4,0,1,900,691,76.78,747.0
11,5,10,4,0,0,900,356,39.56,691.0
11,5,11,4,0,0,900,358,39.78,356.0
11,5,12,4,0,0,900,215,23.89,358.0
11,5,13,4,0,0,900,287,31.89,215.0
11,5,14,4,0,0,900,275,30.56,287.0
11,5,15,4,0,0,900,280,31.11,275.0
11,5,16,4,0,0,900,288,32.0,280.0
11,5,17,4,0,1,900,647,71.89,288.0
11,5,18,4,0,1,900,658,73.11,647.0
11,5,19,4,0,1,900,726,80.67,658.0
11,5,20,4,0,0,900,523,58.11,726.0
11,5,21,4,0,0,900,178,19.78,523.0
11,5,22,4,0,0,900,216,24.0,178.0
11,5,23,4,0,0,900,141,15.67,216.0
12,5,0,5,1,0,900,18,2.0,141.0
12,5,1,5,1,0,900,18,2.0,18.0
12,5,2,5,1,0,900,40,4.44,18.0
12,5,3,5,1,0,900,32,3.56,40.0
12,5,4,5,1,0,900,18,2.0,32.0
12,5,5,5,1,0,900,64,7.11,18.0
12,5,6,5,1,0,900,231,25.67,64.0
12,5,7,5,1,0,900,201,22.33,231.0
12,5,8,5,1,0,900,291,32.33,201.0
12,5,9,5,1,0,900,408,45.33,291.0
12,5,10,5,1,0,900,193,21.44,408.0
12,5,11,5,1,0,900,155,17.22,193.0
12,5,12,5,1,0,900,146,16.22,155.0
12,5,13,5,1,0,900,115,12.78,146.0
12,5,14,5,1,0,900,189,21.0,115.0
12,5,15,5,1,0,900,145,16.11,189.0
12,5,16,5,1,0,900,191,21.22,145.0
12,5,17,5,1,0,900,438,48.67,191.0
12,5,18,5,1,0,900,400,44.44,438.0
12,5,19,5,1,0,900,363,40.33,400.0
12,5,20,5,1,0,900,305,33.89,363.0
12,5,21,5,1,0,900,18,2.0,305.0
12,5,22,5,1,0,900,120,13.33,18.0
12,5,23,5,1,0,900,90,10.0,120.0
13,5,0,6,1,0,900,18,2.0,90.0
13,5,1,6,1,0,900,18,2.0,18.0
13,5,2,6,1,0,900,25,2.78,18.0
13,5,3,6,1,0,900,23,2.56,25.0
13,5,4,6,1,0,900,94,10.44,23.0
13,5,5,6,1,0,900,54,6.0,94.0
13,5,6,6,1,0,900,118,13.11,54.0
13,5,7,6,1,0,900,215,23.89,118.0
13,5,8,6,1,0,900,366,40.67,215.0
13,5,9,6,1,0,900,366,40.67,366.0
13,5,10,6,1,0,900,69,7.67,366.0
13,5,11,6,1,0,900,177,19.67,69.0
13,5,12,6,1,0,900,152,16.89,177.0
13,5,13,6,1,0,900,199,22.11,152.0
13,5,14,6,1,0,900,108,12.0,199.0
13,5,15,6,1,0,900,118,13.11,108.0
13,5,16,6,1,0,900,176,19.56,118.0
13,5,17,6,1,0,900,337,37.44,176.0
13,5,18,6,1,0,900,415,46.11,337.0
13,5,19,6,1,0,900,466,51.78,415.0
13,5,20,6,1,0,900,314,34.89,466.0
13,5,21,6,1,0,900,50,5.56,314.0
13,5,22,6,1,0,900,92,10.22,50.0
13,5,23,6,1,0,900,89,9.89,92.0
14,5,0,0,0,0,900,77,8.56,89.0
14,5,1,0,0,0,900,21,2.33,77.0
14,5,2,0,0,0,900,49,5.44,21.0
14,5,3,0,0,0,900,18,2.0,49.0
14,5,4,0,0,0,900,58,6.44,18.0
14,5,5,0,0,0,900,77,8.56,58.0
14,5,6,0,0,0,900,333,37.0,77.0
14,5,7,0,0,0,900,419,46.56,333.0
14,5,8,0,0,1,900,724,80.44,419.0
14,5,9,0,0,1,900,689,76.56,724.0
14,5,10,0,0,0,900,200,22.22,689.0
14,5,11,0,0,0,900,286,31.78,200.0
14,5,12,0,0,0,900,415,46.11,286.0
14,5,13,0,0,0,900,321,35.67,415.0
14,5,14,0,0,0,900,246,27.33,321.0
14,5,15,0,0,0,900,316,35.11,246.0
14,5,16,0,0,0,900,356,39.56,316.0
14,5,17,0,0,1,900,741,82.33,356.0
14,5,18,0,0,1,900,699,77.67,741.0
14,5,19,0,0,1,900,650,72.22,699.0
14,5,20,0,0,0,900,511,56.78,650.0
14,5,21,0,0,0,900,149,16.56,511.0
14,5,22,0,0,0,900,181,20.11,149.0
14,5,23,0,0,0,900,63,7.0,181.0
15,5,0,1,0,0,900,18,2.0,63.0
15,5,1,1,0,0,900,18,2.0,18.0
15,5,2,1,0,0,900,71,7.89,18.0
15,5,3,1,0,0,900,18,2.0,71.0
15,5,4,1,0,0,900,18,2.0,18.0
15,5,5,1,0,0,900,89,9.89,18.0
15,5,6,1,0,0,900,424,47.11,89.0
15,5,7,1,0,0,900,398,44.22,424.0
15,5,8,1,0,1,900,649,72.11,398.0
15,5,9,1,0,1,900,731,81.22,649.0
15,5,10,1,0,0,900,280,31.11,731.0
15,5,11,1,0,0,900,238,26.44,280.0
15,5,12,1,0,0,900,336,37.33,238.0
15,5,13,1,0,0,900,304,33.78,336.0
15,5,14,1,0,0,900,260,28.89,304.0
15,5,15,1,0,0,900,300,33.33,260.0
15,5,16,1,0,0,900,317,35.22,300.0
15,5,17,1,0,1,900,698,77.56,317.0
15,5,18,1,0,1,900,669,74.33,698.0
15,5,19,1,0,1,900,721,80.11,669.0
15,5,20,1,0,0,900,511,56.78,721.0
15,5,21,1,0,0,900,76,8.44,511.0
15,5,22,1,0,0,900,136,15.11,76.0
15,5,23,1,0,0,900,118,13.11,136.0
16,5,0,2,0,0,900,45,5.0,118.0
16,5,1,2,0,0,900,71,7.89,45.0
16,5,2,2,0,0,900,27,3.0,71.0
16,5,3,2,0,0,900,30,3.33,27.0
16,5,4,2,0,0,900,18,2.0,30.0
16,5,5,2,0,0,900,18,2.0,18.0
16,5,6,2,0,0,900,342,38.0,18.0
16,5,7,2,0,0,900,387,43.0,342.0
16,5,8,2,0,1,900,621,69.0,387.0
16,5,9,2,0,1,900,737,81.89,621.0
16,5,10,2,0,0,900,272,30.22,737.0
16,5,11,2,0,0,900,301,33.44,272.0
16,5,12,2,0,0,900,305,33.89,301.0
16,5,13,2,0,0,900,375,41.67,305.0
16,5,14,2,0,0,900,303,33.67,375.0
16,5,15,2,0,0,900,265,29.44,303.0
16,5,16,2,0,0,900,273,30.33,265.0
16,5,17,2,0,1,900,772,85.78,273.0
16,5,18,2,0,1,900,664,73.78,772.0
16,5,19,2,0,1,900,690,76.67,664.0
16,5,20,2,0,0,900,534,59.33,690.0
16,5,21,2,0,0,900,222,24.67,534.0
16,5,22,2,0,0,900,165,18.33,222.0
16,5,23,2,0,0,900,129,14.33,165.0
17,5,0,3,0,0,900,109,12.11,129.0
17,5,1,3,0,0,900,83,9.22,109.0
17,5,2,3,0,0,900,73,8.11,83.0
17,5,3,3,0,0,900,60,6.67,73.0
17,5,4,3,0,0,900,37,4.11,60.0
17,5,5,3,0,0,900,24,2.67,37.0
17,5,6,3,0,0,900,364,40.44,24.0
17,5,7,3,0,0,900,376,41.78,364.0
17,5,8,3,0,1,900,661,73.44,376.0
17,5,9,3,0,1,900,673,74.78,661.0
17,5,10,3,0,0,900,265,29.44,673.0
17,5,11,3,0,0,900,269,29.89,265.0
17,5,12,3,0,0,900,195,21.67,269.0
17,5,13,3,0,0,900,278,30.89,195.0
17,5,14,3,0,0,900,278,30.89,278.0
17,5,15,3,0,0,900,251,27.89,278.0
17,5,16,3,0,0,900,346,38.44,251.0
17,5,17,3,0,1,900,732,81.33,346.0
17,5,18,3,0,1,900,688,76.44,732.0
17,5,19,3,0,1,900,737,81.89,688.0
17,5,20,3,0,0,900,501,55.67,737.0
17,5,21,3,0,0,900,185,20.56,501.0
17,5,22,3,0,0,900,94,10.44,185.0
17,5,23,3,0,0,900,132,14.67,94.0
18,5,0,4,0,0,900,72,8.0,132.0
18,5,1,4,0,0,900,24,2.67,72.0
18,5,2,4,0,0,900,47,5.22,24.0
18,5,3,4,0,0,900,18,2.0,47.0
18,5,4,4,0,0,900,44,4.89,18.0
18,5,5,4,0,0,900,103,11.44,44.0
18,5,6,4,0,0,900,412,45.78,103.0
18,5,7,4,0,0,900,417,46.33,412.0
18,5,8,4,0,1,900,685,76.11,417.0
18,5,9,4,0,1,900,678,75.33,685.0
18,5,10,4,0,0,900,249,27.67,678.0
18,5,11,4,0,0,900,292,32.44,249.0
18,5,12,4,0,0,900,251,27.89,292.0
18,5,13,4,0,0,900,258,28.67,251.0
18,5,14,4,0,0,900,306,34.0,258.0
18,5,15,4,0,0,900,270,30.0,306.0
18,5,16,4,0,0,900,261,29.0,270.0
18,5,17,4,0,1,900,682,75.78,261.0
18,5,18,4,0,1,900,641,71.22,682.0
18,5,19,4,0,1,900,700,77.78,641.0
18,5,20,4,0,0,900,557,61.89,700.0
18,5,21,4,0,0,900,217,24.11,557.0
18,5,22,4,0,0,900,97,10.78,217.0
18,5,23,4,0,0,900,142,15.78,97.0
19,5,0,5,1,0,900,132,14.67,142.0
19,5,1,5,1,0,900,62,6.89,132.0
19,5,2,5,1,0,900,18,2.0,62.0
19,5,3,5,1,0,900,18,2.0,18.0
19,5,4,5,1,0,900,18,2.0,18.0
19,5,5,5,1,0,900,20,2.22,18.0
19,5,6,5,1,0,900,262,29.11,20.0
19,5,7,5,1,0,900,254,28.22,262.0
19,5,8,5,1,0,900,387,43.0,254.0
19,5,9,5,1,0,900,290,32.22,387.0
19,5,10,5,1,0,900,127,14.11,290.0
19,5,11,5,1,0,900,220,24.44,127.0
19,5,12,5,1,0,900,207,23.0,220.0
19,5,13,5,1,0,900,120,13.33,207.0
19,5,14,5,1,0,900,162,18.0,120.0
19,5,15,5,1,0,900,62,6.89,162.0
19,5,16,5,1,0,900,142,15.78,62.0
19,5,17,5,1,0,900,337,37.44,142.0
19,5,18,5,1,0,900,448,49.78,337.0
19,5,19,5,1,0,900,459,51.0,448.0
19,5,20,5,1,0,900,303,33.67,459.0
19,5,21,5,1,0,900,70,7.78,303.0
19,5,22,5,1,0,900,150,16.67,70.0
19,5,23,5,1,0,900,18,2.0,150.0
20,5,0,6,1,0,900,18,2.0,18.0
20,5,1,6,1,0,900,18,2.0,18.0
20,5,2,6,1,0,900,18,2.0,18.0
20,5,3,6,1,0,900,18,2.0,18.0
20,5,4,6,1,0,900,18,2.0,18.0
20,5,5,6,1,0,900,56,6.22,18.0
20,5,6,6,1,0,900,228,25.33,56.0
20,5,7,6,1,0,900,178,19.78,228.0
20,5,8,6,1,0,900,400,44.44,178.0
20,5,9,6,1,0,900,433,48.11,400.0
20,5,10,6,1,0,900,214,23.78,433.0
20,5,11,6,1,0,900,133,14.78,214.0
20,5,12,6,1,0,900,144,16.0,133.0
20,5,13,6,1,0,900,217,24.11,144.0
20,5,14,6,1,0,900,258,28.67,217.0
20,5,15,6,1,0,900,85,9.44,258.0
20,5,16,6,1,0,900,75,8.33,85.0
20,5,17,6,1,0,900,340,37.78,75.0
20,5,18,6,1,0,900,396,44.0,340.0
20,5,19,6,1,0,900,437,48.56,396.0
20,5,20,6,1,0,900,259,28.78,437.0
20,5,21,6,1,0,900,119,13.22,259.0
20,5,22,6,1,0,900,65,7.22,119.0
20,5,23,6,1,0,900,164,18.22,65.0
21,5,0,0,0,0,900,56,6.22,164.0
21,5,1,0,0,0,900,18,2.0,56.0
21,5,2,0,0,0,900,105,11.67,18.0
21,5,3,0,0,0,900,38,4.22,105.0
21,5,4,0,0,0,900,162,18.0,38.0
21,5,5,0,0,0,900,18,2.0,162.0
21,5,6,0,0,0,900,453,50.33,18.0
21,5,7,0,0,0,900,403,44.78,453.0
21,5,8,0,0,1,900,733,81.44,403.0
21,5,9,0,0,1,900,726,80.67,733.0
21,5,10,0,0,0,900,341,37.89,726.0
21,5,11,0,0,0,900,290,32.22,341.0
21,5,12,0,0,0,900,300,33.33,290.0
21,5,13,0,0,0,900,225,25.0,300.0
21,5,14,0,0,0,900,320,35.56,225.0
21,5,15,0,0,0,900,334,37.11,320.0
21,5,16,0,0,0,900,276,30.67,334.0
21,5,17,0,0,1,900,739,82.11,276.0
21,5,18,0,0,1,900,738,82.0,739.0
21,5,19,0,0,1,900,714,79.33,738.0
21,5,20,0,0,0,900,505,56.11,714.0
21,5,21,0,0,0,900,179,19.89,505.0
21,5,22,0,0,0,900,74,8.22,179.0
21,5,23,0,0,0,900,197,21.89,74.0
22,5,0,1,0,0,900,26,2.89,197.0
22,5,1,1,0,0,900,27,3.0,26.0
22,5,2,1,0,0,900,101,11.22,27.0
22,5,3,1,0,0,900,91,10.11,101.0
22,5,4,1,0,0,900,51,5.67,91.0
22,5,5,1,0,0,900,133,14.78,51.0
22,5,6,1,0,0,900,388,43.11,133.0
22,5,7,1,0,0,900,408,45.33,388.0
22,5,8,1,0,1,900,731,81.22,408.0
22,5,9,1,0,1,900,643,71.44,731.0
22,5,10,1,0,0,900,190,21.11,643.0
22,5,11,1,0,0,900,260,28.89,190.0
22,5,12,1,0,0,900,231,25.67,260.0
22,5,13,1,0,0,900,283,31.44,231.0
22,5,14,1,0,0,900,214,23.78,283.0
22,5,15,1,0,0,900,258,28.67,214.0
22,5,16,1,0,0,900,203,22.56,258.0
22,5,17,1,0,1,900,717,79.67,203.0
22,5,18,1,0,1,900,733,81.44,717.0
22,5,19,1,0,1,900,744,82.67,733.0
22,5,20,1,0,0,900,567,63.0,744.0
22,5,21,1,0,0,900,118,13.11,567.0
22,5,22,1,0,0,900,167,18.56,118.0
22,5,23,1,0,0,900,197,21.89,167.0
23,5,0,2,0,0,900,18,2.0,197.0
23,5,1,2,0,0,900,86,9.56,18.0
23,5,2,2,0,0,900,79,8.78,86.0
23,5,3,2,0,0,900,34,3.78,79.0
23,5,4,2,0,0,900,18,2.0,34.0
23,5,5,2,0,0,900,18,2.0,18.0
23,5,6,2,0,0,900,396,44.0,18.0
23,5,7,2,0,0,900,348,38.67,396.0
23,5,8,2,0,1,900,749,83.22,348.0
23,5,9,2,0,1,900,665,73.89,749.0
23,5,10,2,0,0,900,270,30.0,665.0
23,5,11,2,0,0,900,298,33.11,270.0
23,5,12,2,0,0,900,327,36.33,298.0
23,5,13,2,0,0,900,222,24.67,327.0
23,5,14,2,0,0,900,239,26.56,222.0
23,5,15,2,0,0,900,310,34.44,239.0
23,5,16,2,0,0,900,204,22.67,310.0
23,5,17,2,0,1,900,758,84.22,204.0
23,5,18,2,0,1,900,771,85.67,758.0
23,5,19,2,0,1,900,651,72.33,771.0
23,5,20,2,0,0,900,514,57.11,651.0
23,5,21,2,0,0,900,177,19.67,514.0
23,5,22,2,0,0,900,161,17.89,177.0
23,5,23,2,0,0,900,131,14.56,161.0
24,5,0,3,0,0,900,51,5.67,131.0
24,5,1,3,0,0,900,46,5.11,51.0
24,5,2,3,0,0,900,25,2.78,46.0
24,5,3,3,0,0,900,47,5.22,25.0
24,5,4,3,0,0,900,118,13.11,47.0
24,5,5,3,0,0,900,18,2.0,118.0
24,5,6,3,0,0,900,334,37.11,18.0
24,5,7,3,0,0,900,391,43.44,334.0
24,5,8,3,0,1,900,685,76.11,391.0
24,5,9,3,0,1,900,680,75.56,685.0
24,5,10,3,0,0,900,231,25.67,680.0
24,5,11,3,0,0,900,318,35.33,231.0
24,5,12,3,0,0,900,323,35.89,318.0
24,5,13,3,0,0,900,310,34.44,323.0
24,5,14,3,0,0,900,276,30.67,310.0
24,5,15,3,0,0,900,222,24.67,276.0
24,5,16,3,0,0,900,361,40.11,222.0
24,5,17,3,0,1,900,757,84.11,361.0
24,5,18,3,0,1,900,722,80.22,757.0
24,5,19,3,0,1,900,734,81.56,722.0
24,5,20,3,0,0,900,482,53.56,734.0
24,5,21,3,0,0,900,148,16.44,482.0
24,5,22,3,0,0,900,198,22.0,148.0
24,5,23,3,0,0,900,141,15.67,198.0
25,5,0,4,0,0,900,33,3.67,141.0
25,5,1,4,0,0,900,70,7.78,33.0
25,5,2,4,0,0,900,39,4.33,70.0
25,5,3,4,0,0,900,80,8.89,39.0
25,5,4,4,0,0,900,61,6.78,80.0
25,5,5,4,0,0,900,18,2.0,61.0
25,5,6,4,0,0,900,459,51.0,18.0
25,5,7,4,0,0,900,423,47.0,459.0
25,5,8,4,0,1,900,715,79.44,423.0
25,5,9,4,0,1,900,724,80.44,715.0
25,5,10,4,0,0,900,270,30.0,724.0
25,5,11,4,0,0,900,298,33.11,270.0
25,5,12,4,0,0,900,275,30.56,298.0
25,5,13,4,0,0,900,262,29.11,275.0
25,5,14,4,0,0,900,255,28.33,262.0
25,5,15,4,0,0,900,284,31.56,255.0
25,5,16,4,0,0,900,270,30.0,284.0
25,5,17,4,0,1,900,717,79.67,270.0
25,5,18,4,0,1,900,699,77.67,717.0
25,5,19,4,0,1,900,769,85.44,699.0
25,5,20,4,0,0,900,571,63.44,769.0
25,5,21,4,0,0,900,112,12.44,571.0
25,5,22,4,0,0,900,184,20.44,112.0
25,5,23,4,0,0,900,147,16.33,184.0
26,5,0,5,1,0,900,72,8.0,147.0
26,5,1,5,1,0,900,29,3.22,72.0
26,5,2,5,1,0,900,29,3.22,29.0
26,5,3,5,1,0,900,83,9.22,29.0
26,5,4,5,1,0,900,61,6.78,83.0
26,5,5,5,1,0,900,18,2.0,61.0
26,5,6,5,1,0,900,257,28.56,18.0
26,5,7,5,1,0,900,218,24.22,257.0
26,5,8,5,1,0,900,311,34.56,218.0
26,5,9,5,1,0,900,453,50.33,311.0
26,5,10,5,1,0,900,165,18.33,453.0
26,5,11,5,1,0,900,149,16.56,165.0
26,5,12,5,1,0,900,219,24.33,149.0
26,5,13,5,1,0,900,140,15.56,219.0
26,5,14,5,1,0,900,174,19.33,140.0
26,5,15,5,1,0,900,191,21.22,174.0
26,5,16,5,1,0,900,194,21.56,191.0
26,5,17,5,1,0,900,371,41.22,194.0
26,5,18,5,1,0,900,397,44.11,371.0
26,5,19,5,1,0,900,410,45.56,397.0
26,5,20,5,1,0,900,262,29.11,410.0
26,5,21,5,1,0,900,88,9.78,262.0
26,5,22,5,1,0,900,78,8.67,88.0
26,5,23,5,1,0,900,40,4.44,78.0
27,5,0,6,1,0,900,18,2.0,40.0
27,5,1,6,1,0,900,40,4.44,18.0
27,5,2,6,1,0,900,18,2.0,40.0
27,5,3,6,1,0,900,18,2.0,18.0
27,5,4,6,1,0,900,18,2.0,18.0
27,5,5,6,1,0,900,18,2.0,18.0
27,5,6,6,1,0,900,216,24.0,18.0
27,5,7,6,1,0,900,193,21.44,216.0
27,5,8,6,1,0,900,359,39.89,193.0
27,5,9,6,1,0,900,471,52.33,359.0
27,5,10,6,1,0,900,170,18.89,471.0
27,5,11,6,1,0,900,105,11.67,170.0
27,5,12,6,1,0,900,199,22.11,105.0
27,5,13,6,1,0,900,160,17.78,199.0
27,5,14,6,1,0,900,158,17.56,160.0
27,5,15,6,1,0,900,214,23.78,158.0
27,5,16,6,1,0,900,227,25.22,214.0
27,5,17,6,1,0,900,321,35.67,227.0
27,5,18,6,1,0,900,454,50.44,321.0
27,5,19,6,1,0,900,437,48.56,454.0
27,5,20,6,1,0,900,324,36.0,437.0
27,5,21,6,1,0,900,178,19.78,324.0
27,5,22,6,1,0,900,39,4.33,178.0
27,5,23,6,1,0,900,73,8.11,39.0
28,5,0,0,0,0,900,67,7.44,73.0
28,5,1,0,0,0,900,18,2.0,67.0
28,5,2,0,0,0,900,27,3.0,18.0
28,5,3,0,0,0,900,18,2.0,27.0
28,5,4,0,0,0,900,50,5.56,18.0
28,5,5,0,0,0,900,95,10.56,50.0
28,5,6,0,0,0,900,375,41.67,95.0
28,5,7,0,0,0,900,500,55.56,375.0
28,5,8,0,0,1,900,688,76.44,500.0
28,5,9,0,0,1,900,711,79.0,688.0
28,5,10,0,0,0,900,216,24.0,711.0
28,5,11,0,0,0,900,283,31.44,216.0
28,5,12,0,0,0,900,317,35.22,283.0
28,5,13,0,0,0,900,337,37.44,317.0
28,5,14,0,0,0,900,288,32.0,337.0
28,5,15,0,0,0,900,315,35.0,288.0
28,5,16,0,0,0,900,291,32.33,315.0
28,5,17,0,0,1,900,678,75.33,291.0
28,5,18,0,0,1,900,760,84.44,678.0
28,5,19,0,0,1,900,808,89.78,760.0
28,5,20,0,0,0,900,511,56.78,808.0
28,5,21,0,0,0,900,77,8.56,511.0
28,5,22,0,0,0,900,162,18.0,77.0
28,5,23,0,0,0,900,105,11.67,162.0
29,5,0,1,0,0,900,62,6.89,105.0
29,5,1,1,0,0,900,115,12.78,62.0
29,5,2,1,0,0,900,56,6.22,115.0
29,5,3,1,0,0,900,18,2.0,56.0
29,5,4,1,0,0,900,41,4.56,18.0
29,5,5,1,0,0,900,135,15.0,41.0
29,5,6,1,0,0,900,331,36.78,135.0
29,5,7,1,0,0,900,437,48.56,331.0
29,5,8,1,0,1,900,791,87.89,437.0
29,5,9,1,0,1,900,676,75.11,791.0
29,5,10,1,0,0,900,298,33.11,676.0
29,5,11,1,0,0,900,253,28.11,298.0
29,5,12,1,0,0,900,337,37.44,253.0
29,5,13,1,0,0,900,282,31.33,337.0
29,5,14,1,0,0,900,245,27.22,282.0
29,5,15,1,0,0,900,256,28.44,245.0
29,5,16,1,0,0,900,212,23.56,256.0
29,5,17,1,0,1,900,635,70.56,212.0
29,5,18,1,0,1,900,717,79.67,635.0
29,5,19,1,0,1,900,679,75.44,717.0
29,5,20,1,0,0,900,602,66.89,679.0
29,5,21,1,0,0,900,121,13.44,602.0
29,5,22,1,0,0,900,251,27.89,121.0
29,5,23,1,0,0,900,141,15.67,251.0
0,6,0,0,0,0,850,28,3.29,28.0
0,6,1,0,0,0,850,100,11.76,28.0
0,6,2,0,0,0,850,17,2.0,100.0
0,6,3,0,0,0,850,52,6.12,17.0
0,6,4,0,0,0,850,95,11.18,52.0
0,6,5,0,0,0,850,28,3.29,95.0
0,6,6,0,0,0,850,320,37.65,28.0
0,6,7,0,0,0,850,300,35.29,320.0
0,6,8,0,0,1,850,743,87.41,300.0
0,6,9,0,0,1,850,659,77.53,743.0
0,6,10,0,0,0,850,237,27.88,659.0
0,6,11,0,0,0,850,229,26.94,237.0
0,6,12,0,0,0,850,298,35.06,229.0
0,6,13,0,0,0,850,282,33.18,298.0
0,6,14,0,0,0,850,300,35.29,282.0
0,6,15,0,0,0,850,236,27.76,300.0
0,6,16,0,0,0,850,253,29.76,236.0
0,6,17,0,0,1,850,649,76.35,253.0
0,6,18,0,0,1,850,708,83.29,649.0
0,6,19,0,0,1,850,679,79.88,708.0
0,6,20,0,0,0,850,502,59.06,679.0
0,6,21,0,0,0,850,157,18.47,502.0
0,6,22,0,0,0,850,146,17.18,157.0
0,6,23,0,0,0,850,166,19.53,146.0
1,6,0,1,0,0,850,21,2.47,166.0
1,6,1,1,0,0,850,17,2.0,21.0
1,6,2,1,0,0,850,18,2.12,17.0
1,6,3,1,0,0,850,68,8.0,18.0
1,6,4,1,0,0,850,96,11.29,68.0
1,6,5,1,0,0,850,54,6.35,96.0
1,6,6,1,0,0,850,348,40.94,54.0
1,6,7,1,0,0,850,370,43.53,348.0
1,6,8,1,0,1,850,589,69.29,370.0
1,6,9,1,0,1,850,689,81.06,589.0
1,6,10,1,0,0,850,299,35.18,689.0
1,6,11,1,0,0,850,294,34.59,299.0
1,6,12,1,0,0,850,233,27.41,294.0
1,6,13,1,0,0,850,280,32.94,233.0
1,6,14,1,0,0,850,173,20.35,280.0
1,6,15,1,0,0,850,270,31.76,173.0
1,6,16,1,0,0,850,347,40.82,270.0
1,6,17,1,0,1,850,654,76.94,347.0
1,6,18,1,0,1,850,618,72.71,654.0
1,6,19,1,0,1,850,767,90.24,618.0
1,6,20,1,0,0,850,501,58.94,767.0
1,6,21,1,0,0,850,183,21.53,501.0
1,6,22,1,0,0,850,139,16.35,183.0
1,6,23,1,0,0,850,161,18.94,139.0
2,6,0,2,0,0,850,30,3.53,161.0
2,6,1,2,0,0,850,17,2.0,30.0
2,6,2,2,0,0,850,150,17.65,17.0
2,6,3,2,0,0,850,68,8.0,150.0
2,6,4,2,0,0,850,84,9.88,68.0
2,6,5,2,0,0,850,78,9.18,84.0
2,6,6,2,0,0,850,319,37.53,78.0
2,6,7,2,0,0,850,325,38.24,319.0
2,6,8,2,0,1,850,671,78.94,325.0
2,6,9,2,0,1,850,658,77.41,671.0
2,6,10,2,0,0,850,344,40.47,658.0
2,6,11,2,0,0,850,302,35.53,344.0
2,6,12,2,0,0,850,269,31.65,302.0
2,6,13,2,0,0,850,313,36.82,269.0
2,6,14,2,0,0,850,246,28.94,313.0
2,6,15,2,0,0,850,257,30.24,246.0
2,6,16,2,0,0,850,328,38.59,257.0
2,6,17,2,0,1,850,721,84.82,328.0
2,6,18,2,0,1,850,676,79.53,721.0
2,6,19,2,0,1,850,744,87.53,676.0
2,6,20,2,0,0,850,515,60.59,744.0
2,6,21,2,0,0,850,224,26.35,515.0
2,6,22,2,0,0,850,124,14.59,224.0
2,6,23,2,0,0,850,151,17.76,124.0
3,6,0,3,0,0,850,56,6.59,151.0
3,6,1,3,0,0,850,80,9.41,56.0
3,6,2,3,0,0,850,53,6.24,80.0
3,6,3,3,0,0,850,51,6.0,53.0
3,6,4,3,0,0,850,38,4.47,51.0
3,6,5,3,0,0,850,17,2.0,38.0
3,6,6,3,0,0,850,370,43.53,17.0
3,6,7,3,0,0,850,386,45.41,370.0
3,6,8,3,0,1,850,651,76.59,386.0
3,6,9,3,0,1,850,599,70.47,651.0
3,6,10,3,0,0,850,337,39.65,599.0
3,6,11,3,0,0,850,281,33.06,337.0
3,6,12,3,0,0,850,207,24.35,281.0
3,6,13,3,0,0,850,273,32.12,207.0
3,6,14,3,0,0,850,263,30.94,273.0
3,6,15,3,0,0,850,266,31.29,263.0
3,6,16,3,0,0,850,183,21.53,266.0
3,6,17,3,0,1,850,695,81.76,183.0
3,6,18,3,0,1,850,578,68.0,695.0
3,6,19,3,0,1,850,681,80.12,578.0
3,6,20,3,0,0,850,509,59.88,681.0
3,6,21,3,0,0,850,108,12.71,509.0
3,6,22,3,0,0,850,192,22.59,108.0
3,6,23,3,0,0,850,166,19.53,192.0
4,6,0,4,0,0,850,17,2.0,166.0
4,6,1,4,0,0,850,32,3.76,17.0
4,6,2,4,0,0,850,65,7.65,32.0
4,6,3,4,0,0,850,17,2.0,65.0
4,6,4,4,0,0,850,18,2.12,17.0
4,6,5,4,0,0,850,90,10.59,18.0
4,6,6,4,0,0,850,314,36.94,90.0
4,6,7,4,0,0,850,378,44.47,314.0
4,6,8,4,0,1,850,638,75.06,378.0
4,6,9,4,0,1,850,658,77.41,638.0
4,6,10,4,0,0,850,224,26.35,658.0
4,6,11,4,0,0,850,255,30.0,224.0
4,6,12,4,0,0,850,313,36.82,255.0
4,6,13,4,0,0,850,268,31.53,313.0
4,6,14,4,0,0,850,255,30.0,268.0
4,6,15,4,0,0,850,257,30.24,255.0
4,6,16,4,0,0,850,318,37.41,257.0
4,6,17,4,0,1,850,703,82.71,318.0
4,6,18,4,0,1,850,684,80.47,703.0
4,6,19,4,0,1,850,679,79.88,684.0
4,6,20,4,0,0,850,507,59.65,679.0
4,6,21,4,0,0,850,222,26.12,507.0
4,6,22,4,0,0,850,96,11.29,222.0
4,6,23,4,0,0,850,73,8.59,96.0
5,6,0,5,1,0,850,17,2.0,73.0
5,6,1,5,1,0,850,17,2.0,17.0
5,6,2,5,1,0,850,36,4.24,17.0
5,6,3,5,1,0,850,17,2.0,36.0
5,6,4,5,1,0,850,17,2.0,17.0
5,6,5,5,1,0,850,62,7.29,17.0
5,6,6,5,1,0,850,194,22.82,62.0
5,6,7,5,1,0,850,284,33.41,194.0
5,6,8,5,1,0,850,318,37.41,284.0
5,6,9,5,1,0,850,370,43.53,318.0
5,6,10,5,1,0,850,205,24.12,370.0
5,6,11,5,1,0,850,172,20.24,205.0
5,6,12,5,1,0,850,169,19.88,172.0
5,6,13,5,1,0,850,118,13.88,169.0
5,6,14,5,1,0,850,139,16.35,118.0
5,6,15,5,1,0,850,181,21.29,139.0
5,6,16,5,1,0,850,194,22.82,181.0
5,6,17,5,1,0,850,414,48.71,194.0
5,6,18,5,1,0,850,365,42.94,414.0
5,6,19,5,1,0,850,392,46.12,365.0
5,6,20,5,1,0,850,343,40.35,392.0
5,6,21,5,1,0,850,186,21.88,343.0
5,6,22,5,1,0,850,59,6.94,186.0
5,6,23,5,1,0,850,76,8.94,59.0
6,6,0,6,1,0,850,17,2.0,76.0
6,6,1,6,1,0,850,17,2.0,17.0
6,6,2,6,1,0,850,17,2.0,17.0
6,6,3,6,1,0,850,17,2.0,17.0
6,6,4,6,1,0,850,77,9.06,17.0
6,6,5,6,1,0,850,25,2.94,77.0
6,6,6,6,1,0,850,225,26.47,25.0
6,6,7,6,1,0,850,225,26.47,225.0
6,6,8,6,1,0,850,377,44.35,225.0
6,6,9,6,1,0,850,402,47.29,377.0
6,6,10,6,1,0,850,165,19.41,402.0
6,6,11,6,1,0,850,134,15.76,165.0
6,6,12,6,1,0,850,193,22.71,134.0
6,6,13,6,1,0,850,103,12.12,193.0
6,6,14,6,1,0,850,208,24.47,103.0
6,6,15,6,1,0,850,68,8.0,208.0
6,6,16,6,1,0,850,204,24.0,68.0
6,6,17,6,1,0,850,423,49.76,204.0
6,6,18,6,1,0,850,362,42.59,423.0
6,6,19,6,1,0,850,339,39.88,362.0
6,6,20,6,1,0,850,311,36.59,339.0
6,6,21,6,1,0,850,58,6.82,311.0
6,6,22,6,1,0,850,118,13.88,58.0
6,6,23,6,1,0,850,104,12.24,118.0
7,6,0,0,0,0,850,58,6.82,104.0
7,6,1,0,0,0,850,17,2.0,58.0
7,6,2,0,0,0,850,60,7.06,17.0
7,6,3,0,0,0,850,39,4.59,60.0
7,6,4,0,0,0,850,17,2.0,39.0
7,6,5,0,0,0,850,17,2.0,17.0
7,6,6,0,0,0,850,410,48.24,17.0
7,6,7,0,0,0,850,395,46.47,410.0
7,6,8,0,0,1,850,616,72.47,395.0
7,6,9,0,0,1,850,600,70.59,616.0
7,6,10,0,0,0,850,184,21.65,600.0
7,6,11,0,0,0,850,224,26.35,184.0
7,6,12,0,0,0,850,312,36.71,224.0
7,6,13,0,0,0,850,350,41.18,312.0
7,6,14,0,0,0,850,245,28.82,350.0
7,6,15,0,0,0,850,342,40.24,245.0
7,6,16,0,0,0,850,302,35.53,342.0
7,6,17,0,0,1,850,725,85.29,302.0
7,6,18,0,0,1,850,652,76.71,725.0
7,6,19,0,0,1,850,683,80.35,652.0
7,6,20,0,0,0,850,569,66.94,683.0
7,6,21,0,0,0,850,165,19.41,569.0
7,6,22,0,0,0,850,131,15.41,165.0
7,6,23,0,0,0,850,125,14.71,131.0
8,6,0,1,0,0,850,17,2.0,125.0
8,6,1,1,0,0,850,36,4.24,17.0
8,6,2,1,0,0,850,116,13.65,36.0
8,6,3,1,0,0,850,75,8.82,116.0
8,6,4,1,0,0,850,17,2.0,75.0
8,6,5,1,0,0,850,17,2.0,17.0
8,6,6,1,0,0,850,386,45.41,17.0
8,6,7,1,0,0,850,446,52.47,386.0
8,6,8,1,0,1,850,593,69.76,446.0
8,6,9,1,0,1,850,701,82.47,593.0
8,6,10,1,0,0,850,286,33.65,701.0
8,6,11,1,0,0,850,209,24.59,286.0
8,6,12,1,0,0,850,281,33.06,209.0
8,6,13,1,0,0,850,318,37.41,281.0
8,6,14,1,0,0,850,322,37.88,318.0
8,6,15,1,0,0,850,218,25.65,322.0
8,6,16,1,0,0,850,299,35.18,218.0
8,6,17,1,0,1,850,724,85.18,299.0
8,6,18,1,0,1,850,619,72.82,724.0
8,6,19,1,0,1,850,648,76.24,619.0
8,6,20,1,0,0,850,553,65.06,648.0
8,6,21,1,0,0,850,160,18.82,553.0
8,6,22,1,0,0,850,228,26.82,160.0
8,6,23,1,0,0,850,135,15.88,228.0
9,6,0,2,0,0,850,71,8.35,135.0
9,6,1,2,0,0,850,28,3.29,71.0
9,6,2,2,0,0,850,95,11.18,28.0
9,6,3,2,0,0,850,98,11.53,95.0
9,6,4,2,0,0,850,83,9.76,98.0
9,6,5,2,0,0,850,46,5.41,83.0
9,6,6,2,0,0,850,325,38.24,46.0
9,6,7,2,0,0,850,360,42.35,325.0
9,6,8,2,0,1,850,733,86.24,360.0
9,6,9,2,0,1,850,742,87.29,733.0
9,6,10,2,0,0,850,208,24.47,742.0
9,6,11,2,0,0,850,239,28.12,208.0
9,6,12,2,0,0,850,312,36.71,239.0
9,6,13,2,0,0,850,273,32.12,312.0
9,6,14,2,0,0,850,355,41.76,273.0
9,6,15,2,0,0,850,263,30.94,355.0
9,6,16,2,0,0,850,245,28.82,263.0
9,6,17,2,0,1,850,738,86.82,245.0
9,6,18,2,0,1,850,708,83.29,738.0
9,6,19,2,0,1,850,752,88.47,708.0
9,6,20,2,0,0,850,510,60.0,752.0
9,6,21,2,0,0,850,162,19.06,510.0
9,6,22,2,0,0,850,165,19.41,162.0
9,6,23,2,0,0,850,198,23.29,165.0
10,6,0,3,0,0,850,17,2.0,198.0
10,6,1,3,0,0,850,17,2.0,17.0
10,6,2,3,0,0,850,49,5.76,17.0
10,6,3,3,0,0,850,55,6.47,49.0
10,6,4,3,0,0,850,17,2.0,55.0
10,6,5,3,0,0,850,17,2.0,17.0
10,6,6,3,0,0,850,369,43.41,17.0
10,6,7,3,0,0,850,321,37.76,369.0
10,6,8,3,0,1,850,675,79.41,321.0
10,6,9,3,0,1,850,619,72.82,675.0
10,6,10,3,0,0,850,184,21.65,619.0
10,6,11,3,0,0,850,310,36.47,184.0
10,6,12,3,0,0,850,244,28.71,310.0
10,6,13,3,0,0,850,208,24.47,244.0
10,6,14,3,0,0,850,191,22.47,208.0
10,6,15,3,0,0,850,259,30.47,191.0
10,6,16,3,0,0,850,302,35.53,259.0
10,6,17,3,0,1,850,669,78.71,302.0
10,6,18,3,0,1,850,739,86.94,669.0
10,6,19,3,0,1,850,717,84.35,739.0
10,6,20,3,0,0,850,483,56.82,717.0
10,6,21,3,0,0,850,231,27.18,483.0
10,6,22,3,0,0,850,169,19.88,231.0
10,6,23,3,0,0,850,174,20.47,169.0
11,6,0,4,0,0,850,53,6.24,174.0
11,6,1,4,0,0,850,96,11.29,53.0
11,6,2,4,0,0,850,39,4.59,96.0
11,6,3,4,0,0,850,39,4.59,39.0
11,6,4,4,0,0,850,24,2.82,39.0
11,6,5,4,0,0,850,46,5.41,24.0
11,6,6,4,0,0,850,391,46.0,46.0
11,6,7,4,0,0,850,406,47.76,391.0
11,6,8,4,0,1,850,640,75.29,406.0
11,6,9,4,0,1,850,586,68.94,640.0
11,6,10,4,0,0,850,251,29.53,586.0
11,6,11,4,0,0,850,257,30.24,251.0
11,6,12,4,0,0,850,155,18.24,257.0
11,6,13,4,0,0,850,268,31.53,155.0
11,6,14,4,0,0,850,288,33.88,268.0
11,6,15,4,0,0,850,284,33.41,288.0
11,6,16,4,0,0,850,241,28.35,284.0
11,6,17,4,0,1,850,586,68.94,241.0
11,6,18,4,0,1,850,638,75.06,586.0
11,6,19,4,0,1,850,734,86.35,638.0
11,6,20,4,0,0,850,518,60.94,734.0
11,6,21,4,0,0,850,241,28.35,518.0
11,6,22,4,0,0,850,88,10.35,241.0
11,6,23,4,0,0,850,154,18.12,88.0
12,6,0,5,1,0,850,65,7.65,154.0
12,6,1,5,1,0,850,61,7.18,65.0
12,6,2,5,1,0,850,51,6.0,61.0
12,6,3,5,1,0,850,17,2.0,51.0
12,6,4,5,1,0,850,17,2.0,17.0
12,6,5,5,1,0,850,41,4.82,17.0
12,6,6,5,1,0,850,236,27.76,41.0
12,6,7,5,1,0,850,134,15.76,236.0
12,6,8,5,1,0,850,325,38.24,134.0
12,6,9,5,1,0,850,408,48.0,325.0
12,6,10,5,1,0,850,169,19.88,408.0
12,6,11,5,1,0,850,164,19.29,169.0
12,6,12,5,1,0,850,163,19.18,164.0
12,6,13,5,1,0,850,126,14.82,163.0
12,6,14,5,1,0,850,120,14.12,126.0
12,6,15,5,1,0,850,206,24.24,120.0
12,6,16,5,1,0,850,123,14.47,206.0
12,6,17,5,1,0,850,387,45.53,123.0
12,6,18,5,1,0,850,385,45.29,387.0
12,6,19,5,1,0,850,381,44.82,385.0
12,6,20,5,1,0,850,327,38.47,381.0
12,6,21,5,1,0,850,118,13.88,327.0
12,6,22,5,1,0,850,175,20.59,118.0
12,6,23,5,1,0,850,111,13.06,175.0
13,6,0,6,1,0,850,49,5.76,111.0
13,6,1,6,1,0,850,17,2.0,49.0
13,6,2,6,1,0,850,19,2.24,17.0
13,6,3,6,1,0,850,17,2.0,19.0
13,6,4,6,1,0,850,17,2.0,17.0
13,6,5,6,1,0,850,17,2.0,17.0
13,6,6,6,1,0,850,243,28.59,17.0
13,6,7,6,1,0,850,199,23.41,243.0
13,6,8,6,1,0,850,289,34.0,199.0
13,6,9,6,1,0,850,350,41.18,289.0
13,6,10,6,1,0,850,151,17.76,350.0
13,6,11,6,1,0,850,35,4.12,151.0
13,6,12,6,1,0,850,75,8.82,35.0
13,6,13,6,1,0,850,189,22.24,75.0
13,6,14,6,1,0,850,146,17.18,189.0
13,6,15,6,1,0,850,125,14.71,146.0
13,6,16,6,1,0,850,125,14.71,125.0
13,6,17,6,1,0,850,403,47.41,125.0
13,6,18,6,1,0,850,319,37.53,403.0
13,6,19,6,1,0,850,443,52.12,319.0
13,6,20,6,1,0,850,343,40.35,443.0
13,6,21,6,1,0,850,66,7.76,343.0
13,6,22,6,1,0,850,62,7.29,66.0
13,6,23,6,1,0,850,31,3.65,62.0
14,6,0,0,0,0,850,83,9.76,31.0
14,6,1,0,0,0,850,25,2.94,83.0
14,6,2,0,0,0,850,42,4.94,25.0
14,6,3,0,0,0,850,17,2.0,42.0
14,6,4,0,0,0,850,46,5.41,17.0
14,6,5,0,0,0,850,17,2.0,46.0
14,6,6,0,0,0,850,384,45.18,17.0
14,6,7,0,0,0,850,479,56.35,384.0
14,6,8,0,0,1,850,691,81.29,479.0
14,6,9,0,0,1,850,659,77.53,691.0
14,6,10,0,0,0,850,249,29.29,659.0
14,6,11,0,0,0,850,272,32.0,249.0
14,6,12,0,0,0,850,222,26.12,272.0
14,6,13,0,0,0,850,263,30.94,222.0
14,6,14,0,0,0,850,219,25.76,263.0
14,6,15,0,0,0,850,322,37.88,219.0
14,6,16,0,0,0,850,285,33.53,322.0
14,6,17,0,0,1,850,679,79.88,285.0
14,6,18,0,0,1,850,677,79.65,679.0
14,6,19,0,0,1,850,665,78.24,677.0
14,6,20,0,0,0,850,568,66.82,665.0
14,6,21,0,0,0,850,151,17.76,568.0
14,6,22,0,0,0,850,184,21.65,151.0
14,6,23,0,0,0,850,123,14.47,184.0
15,6,0,1,0,0,850,38,4.47,123.0
15,6,1,1,0,0,850,39,4.59,38.0
15,6,2,1,0,0,850,17,2.0,39.0
15,6,3,1,0,0,850,19,2.24,17.0
15,6,4,1,0,0,850,37,4.35,19.0
15,6,5,1,0,0,850,121,14.24,37.0
15,6,6,1,0,0,850,328,38.59,121.0
15,6,7,1,0,0,850,388,45.65,328.0
15,6,8,1,0,1,850,624,73.41,388.0
15,6,9,1,0,1,850,722,84.94,624.0
15,6,10,1,0,0,850,206,24.24,722.0
15,6,11,1,0,0,850,267,31.41,206.0
15,6,12,1,0,0,850,236,27.76,267.0
15,6,13,1,0,0,850,259,30.47,236.0
15,6,14,1,0,0,850,159,18.71,259.0
15,6,15,1,0,0,850,236,27.76,159.0
15,6,16,1,0,0,850,193,22.71,236.0
15,6,17,1,0,1,850,686,80.71,193.0
15,6,18,1,0,1,850,689,81.06,686.0
15,6,19,1,0,1,850,691,81.29,689.0
15,6,20,1,0,0,850,408,48.0,691.0
15,6,21,1,0,0,850,134,15.76,408.0
15,6,22,1,0,0,850,141,16.59,134.0
15,6,23,1,0,0,850,151,17.76,141.0
16,6,0,2,0,0,850,24,2.82,151.0
16,6,1,2,0,0,850,17,2.0,24.0
16,6,2,2,0,0,850,33,3.88,17.0
16,6,3,2,0,0,850,85,10.0,33.0
16,6,4,2,0,0,850,17,2.0,85.0
16,6,5,2,0,0,850,53,6.24,17.0
16,6,6,2,0,0,850,306,36.0,53.0
16,6,7,2,0,0,850,355,41.76,306.0
16,6,8,2,0,1,850,721,84.82,355.0
16,6,9,2,0,1,850,647,76.12,721.0
16,6,10,2,0,0,850,229,26.94,647.0
16,6,11,2,0,0,850,226,26.59,229.0
16,6,12,2,0,0,850,303,35.65,226.0
16,6,13,2,0,0,850,233,27.41,303.0
16,6,14,2,0,0,850,240,28.24,233.0
16,6,15,2,0,0,850,290,34.12,240.0
16,6,16,2,0,0,850,303,35.65,290.0
16,6,17,2,0,1,850,699,82.24,303.0
16,6,18,2,0,1,850,691,81.29,699.0
16,6,19,2,0,1,850,747,87.88,691.0
16,6,20,2,0,0,850,485,57.06,747.0
16,6,21,2,0,0,850,218,25.65,485.0
16,6,22,2,0,0,850,184,21.65,218.0
16,6,23,2,0,0,850,197,23.18,184.0
17,6,0,3,0,0,850,17,2.0,197.0
17,6,1,3,0,0,850,17,2.0,17.0
17,6,2,3,0,0,850,57,6.71,17.0
17,6,3,3,0,0,850,17,2.0,57.0
17,6,4,3,0,0,850,17,2.0,17.0
17,6,5,3,0,0,850,17,2.0,17.0
17,6,6,3,0,0,850,312,36.71,17.0
17,6,7,3,0,0,850,394,46.35,312.0
17,6,8,3,0,1,850,671,78.94,394.0
17,6,9,3,0,1,850,710,83.53,671.0
17,6,10,3,0,0,850,271,31.88,710.0
17,6,11,3,0,0,850,257,30.24,271.0
17,6,12,3,0,0,850,309,36.35,257.0
17,6,13,3,0,0,850,320,37.65,309.0
17,6,14,3,0,0,850,271,31.88,320.0
17,6,15,3,0,0,850,385,45.29,271.0
17,6,16,3,0,0,850,343,40.35,385.0
17,6,17,3,0,1,850,775,91.18,343.0
17,6,18,3,0,1,850,722,84.94,775.0
17,6,19,3,0,1,850,707,83.18,722.0
17,6,20,3,0,0,850,518,60.94,707.0
17,6,21,3,0,0,850,72,8.47,518.0
17,6,22,3,0,0,850,110,12.94,72.0
17,6,23,3,0,0,850,154,18.12,110.0
18,6,0,4,0,0,850,144,16.94,154.0
18,6,1,4,0,0,850,90,10.59,144.0
18,6,2,4,0,0,850,17,2.0,90.0
18,6,3,4,0,0,850,62,7.29,17.0
18,6,4,4,0,0,850,22,2.59,62.0
18,6,5,4,0,0,850,25,2.94,22.0
18,6,6,4,0,0,850,431,50.71,25.0
18,6,7,4,0,0,850,373,43.88,431.0
18,6,8,4,0,1,850,577,67.88,373.0
18,6,9,4,0,1,850,549,64.59,577.0
18,6,10,4,0,0,850,251,29.53,549.0
18,6,11,4,0,0,850,278,32.71,251.0
18,6,12,4,0,0,850,228,26.82,278.0
18,6,13,4,0,0,850,254,29.88,228.0
18,6,14,4,0,0,850,221,26.0,254.0
18,6,15,4,0,0,850,313,36.82,221.0
18,6,16,4,0,0,850,318,37.41,313.0
18,6,17,4,0,1,850,615,72.35,318.0
18,6,18,4,0,1,850,587,69.06,615.0
18,6,19,4,0,1,850,687,80.82,587.0
18,6,20,4,0,0,850,479,56.35,687.0
18,6,21,4,0,0,850,112,13.18,479.0
18,6,22,4,0,0,850,160,18.82,112.0
18,6,23,4,0,0,850,171,20.12,160.0
19,6,0,5,1,0,850,39,4.59,171.0
19,6,1,5,1,0,850,17,2.0,39.0
19,6,2,5,1,0,850,17,2.0,17.0
19,6,3,5,1,0,850,63,7.41,17.0
19,6,4,5,1,0,850,33,3.88,63.0
19,6,5,5,1,0,850,31,3.65,33.0
19,6,6,5,1,0,850,230,27.06,31.0
19,6,7,5,1,0,850,153,18.0,230.0
19,6,8,5,1,0,850,380,44.71,153.0
19,6,9,5,1,0,850,301,35.41,380.0
19,6,10,5,1,0,850,134,15.76,301.0
19,6,11,5,1,0,850,159,18.71,134.0
19,6,12,5,1,0,850,164,19.29,159.0
19,6,13,5,1,0,850,179,21.06,164.0
19,6,14,5,1,0,850,73,8.59,179.0
19,6,15,5,1,0,850,198,23.29,73.0
19,6,16,5,1,0,850,57,6.71,198.0
19,6,17,5,1,0,850,369,43.41,57.0
19,6,18,5,1,0,850,360,42.35,369.0
19,6,19,5,1,0,850,375,44.12,360.0
19,6,20,5,1,0,850,293,34.47,375.0
19,6,21,5,1,0,850,95,11.18,293.0
19,6,22,5,1,0,850,99,11.65,95.0
19,6,23,5,1,0,850,90,10.59,99.0
20,6,0,6,1,0,850,27,3.18,90.0
20,6,1,6,1,0,850,68,8.0,27.0
20,6,2,6,1,0,850,75,8.82,68.0
20,6,3,6,1,0,850,35,4.12,75.0
20,6,4,6,1,0,850,17,2.0,35.0
20,6,5,6,1,0,850,17,2.0,17.0
20,6,6,6,1,0,850,192,22.59,17.0
20,6,7,6,1,0,850,191,22.47,192.0
20,6,8,6,1,0,850,387,45.53,191.0
20,6,9,6,1,0,850,332,39.06,387.0
20,6,10,6,1,0,850,183,21.53,332.0
20,6,11,6,1,0,850,156,18.35,183.0
20,6,12,6,1,0,850,160,18.82,156.0
20,6,13,6,1,0,850,120,14.12,160.0
20,6,14,6,1,0,850,72,8.47,120.0
20,6,15,6,1,0,850,148,17.41,72.0
20,6,16,6,1,0,850,211,24.82,148.0
20,6,17,6,1,0,850,352,41.41,211.0
20,6,18,6,1,0,850,452,53.18,352.0
20,6,19,6,1,0,850,367,43.18,452.0
20,6,20,6,1,0,850,178,20.94,367.0
20,6,21,6,1,0,850,126,14.82,178.0
20,6,22,6,1,0,850,38,4.47,126.0
20,6,23,6,1,0,850,98,11.53,38.0
21,6,0,0,0,0,850,17,2.0,98.0
21,6,1,0,0,0,850,88,10.35,17.0
21,6,2,0,0,0,850,17,2.0,88.0
21,6,3,0,0,0,850,48,5.65,17.0
21,6,4,0,0,0,850,74,8.71,48.0
21,6,5,0,0,0,850,17,2.0,74.0
21,6,6,0,0,0,850,368,43.29,17.0
21,6,7,0,0,0,850,414,48.71,368.0
21,6,8,0,0,1,850,688,80.94,414.0
21,6,9,0,0,1,850,688,80.94,688.0
21,6,10,0,0,0,850,296,34.82,688.0
21,6,11,0,0,0,850,333,39.18,296.0
21,6,12,0,0,0,850,233,27.41,333.0
21,6,13,0,0,0,850,323,38.0,233.0
21,6,14,0,0,0,850,293,34.47,323.0
21,6,15,0,0,0,850,272,32.0,293.0
21,6,16,0,0,0,850,244,28.71,272.0
21,6,17,0,0,1,850,713,83.88,244.0
21,6,18,0,0,1,850,653,76.82,713.0
21,6,19,0,0,1,850,773,90.94,653.0
21,6,20,0,0,0,850,454,53.41,773.0
21,6,21,0,0,0,850,96,11.29,454.0
21,6,22,0,0,0,850,129,15.18,96.0
21,6,23,0,0,0,850,167,19.65,129.0
22,6,0,1,0,0,850,63,7.41,167.0
22,6,1,1,0,0,850,17,2.0,63.0
22,6,2,1,0,0,850,127,14.94,17.0
22,6,3,1,0,0,850,106,12.47,127.0
22,6,4,1,0,0,850,17,2.0,106.0
22,6,5,1,0,0,850,36,4.24,17.0
22,6,6,1,0,0,850,439,51.65,36.0
22,6,7,1,0,0,850,364,42.82,439.0
22,6,8,1,0,1,850,683,80.35,364.0
22,6,9,1,0,1,850,654,76.94,683.0
22,6,10,1,0,0,850,274,32.24,654.0
22,6,11,1,0,0,850,223,26.24,274.0
22,6,12,1,0,0,850,183,21.53,223.0
22,6,13,1,0,0,850,316,37.18,183.0
22,6,14,1,0,0,850,262,30.82,316.0
22,6,15,1,0,0,850,287,33.76,262.0
22,6,16,1,0,0,850,394,46.35,287.0
22,6,17,1,0,1,850,550,64.71,394.0
22,6,18,1,0,1,850,730,85.88,550.0
22,6,19,1,0,1,850,714,84.0,730.0
22,6,20,1,0,0,850,476,56.0,714.0
22,6,21,1,0,0,850,162,19.06,476.0
22,6,22,1,0,0,850,213,25.06,162.0
22,6,23,1,0,0,850,90,10.59,213.0
23,6,0,2,0,0,850,78,9.18,90.0
23,6,1,2,0,0,850,100,11.76,78.0
23,6,2,2,0,0,850,70,8.24,100.0
23,6,3,2,0,0,850,29,3.41,70.0
23,6,4,2,0,0,850,52,6.12,29.0
23,6,5,2,0,0,850,66,7.76,52.0
23,6,6,2,0,0,850,373,43.88,66.0
23,6,7,2,0,0,850,399,46.94,373.0
23,6,8,2,0,1,850,549,64.59,399.0
23,6,9,2,0,1,850,662,77.88,549.0
23,6,10,2,0,0,850,274,32.24,662.0
23,6,11,2,0,0,850,193,22.71,274.0
23,6,12,2,0,0,850,251,29.53,193.0
23,6,13,2,0,0,850,254,29.88,251.0
23,6,14,2,0,0,850,299,35.18,254.0
23,6,15,2,0,0,850,267,31.41,299.0
23,6,16,2,0,0,850,222,26.12,267.0
23,6,17,2,0,1,850,674,79.29,222.0
23,6,18,2,0,1,850,696,81.88,674.0
23,6,19,2,0,1,850,657,77.29,696.0
23,6,20,2,0,0,850,520,61.18,657.0
23,6,21,2,0,0,850,136,16.0,520.0
23,6,22,2,0,0,850,111,13.06,136.0
23,6,23,2,0,0,850,96,11.29,111.0
24,6,0,3,0,0,850,17,2.0,96.0
24,6,1,3,0,0,850,136,16.0,17.0
24,6,2,3,0,0,850,76,8.94,136.0
24,6,3,3,0,0,850,59,6.94,76.0
24,6,4,3,0,0,850,66,7.76,59.0
24,6,5,3,0,0,850,25,2.94,66.0
24,6,6,3,0,0,850,355,41.76,25.0
24,6,7,3,0,0,850,419,49.29,355.0
24,6,8,3,0,1,850,630,74.12,419.0
24,6,9,3,0,1,850,619,72.82,630.0
24,6,10,3,0,0,850,190,22.35,619.0
24,6,11,3,0,0,850,273,32.12,190.0
24,6,12,3,0,0,850,209,24.59,273.0
24,6,13,3,0,0,850,237,27.88,209.0
24,6,14,3,0,0,850,239,28.12,237.0
24,6,15,3,0,0,850,312,36.71,239.0
24,6,16,3,0,0,850,285,33.53,312.0
24,6,17,3,0,1,850,683,80.35,285.0
24,6,18,3,0,1,850,706,83.06,683.0
24,6,19,3,0,1,850,672,79.06,706.0
24,6,20,3,0,0,850,490,57.65,672.0
24,6,21,3,0,0,850,172,20.24,490.0
24,6,22,3,0,0,850,114,13.41,172.0
24,6,23,3,0,0,850,221,26.0,114.0
25,6,0,4,0,0,850,17,2.0,221.0
25,6,1,4,0,0,850,46,5.41,17.0
25,6,2,4,0,0,850,55,6.47,46.0
25,6,3,4,0,0,850,56,6.59,55.0
25,6,4,4,0,0,850,22,2.59,56.0
25,6,5,4,0,0,850,33,3.88,22.0
25,6,6,4,0,0,850,389,45.76,33.0
25,6,7,4,0,0,850,461,54.24,389.0
25,6,8,4,0,1,850,652,76.71,461.0
25,6,9,4,0,1,850,650,76.47,652.0
25,6,10,4,0,0,850,248,29.18,650.0
25,6,11,4,0,0,850,221,26.0,248.0
25,6,12,4,0,0,850,264,31.06,221.0
25,6,13,4,0,0,850,338,39.76,264.0
25,6,14,4,0,0,850,318,37.41,338.0
25,6,15,4,0,0,850,265,31.18,318.0
25,6,16,4,0,0,850,235,27.65,265.0
25,6,17,4,0,1,850,606,71.29,235.0
25,6,18,4,0,1,850,609,71.65,606.0
25,6,19,4,0,1,850,659,77.53,609.0
25,6,20,4,0,0,850,537,63.18,659.0
25,6,21,4,0,0,850,133,15.65,537.0
25,6,22,4,0,0,850,145,17.06,133.0
25,6,23,4,0,0,850,166,19.53,145.0
26,6,0,5,1,0,850,17,2.0,166.0
26,6,1,5,1,0,850,20,2.35,17.0
26,6,2,5,1,0,850,50,5.88,20.0
26,6,3,5,1,0,850,19,2.24,50.0
26,6,4,5,1,0,850,22,2.59,19.0
26,6,5,5,1,0,850,17,2.0,22.0
26,6,6,5,1,0,850,179,21.06,17.0
26,6,7,5,1,0,850,227,26.71,179.0
26,6,8,5,1,0,850,412,48.47,227.0
26,6,9,5,1,0,850,346,40.71,412.0
26,6,10,5,1,0,850,90,10.59,346.0
26,6,11,5,1,0,850,181,21.29,90.0
26,6,12,5,1,0,850,141,16.59,181.0
26,6,13,5,1,0,850,133,15.65,141.0
26,6,14,5,1,0,850,111,13.06,133.0
26,6,15,5,1,0,850,184,21.65,111.0
26,6,16,5,1,0,850,212,24.94,184.0
26,6,17,5,1,0,850,394,46.35,212.0
26,6,18,5,1,0,850,318,37.41,394.0
26,6,19,5,1,0,850,426,50.12,318.0
26,6,20,5,1,0,850,327,38.47,426.0
26,6,21,5,1,0,850,67,7.88,327.0
26,6,22,5,1,0,850,50,5.88,67.0
26,6,23,5,1,0,850,39,4.59,50.0
27,6,0,6,1,0,850,17,2.0,39.0
27,6,1,6,1,0,850,17,2.0,17.0
27,6,2,6,1,0,850,65,7.65,17.0
27,6,3,6,1,0,850,17,2.0,65.0
27,6,4,6,1,0,850,29,3.41,17.0
27,6,5,6,1,0,850,60,7.06,29.0
27,6,6,6,1,0,850,219,25.76,60.0
27,6,7,6,1,0,850,167,19.65,219.0
27,6,8,6,1,0,850,347,40.82,167.0
27,6,9,6,1,0,850,383,45.06,347.0
27,6,10,6,1,0,850,146,17.18,383.0
27,6,11,6,1,0,850,200,23.53,146.0
27,6,12,6,1,0,850,93,10.94,200.0
27,6,13,6,1,0,850,103,12.12,93.0
27,6,14,6,1,0,850,152,17.88,103.0
27,6,15,6,1,0,850,184,21.65,152.0
27,6,16,6,1,0,850,168,19.76,184.0
27,6,17,6,1,0,850,359,42.24,168.0
27,6,18,6,1,0,850,433,50.94,359.0
27,6,19,6,1,0,850,417,49.06,433.0
27,6,20,6,1,0,850,336,39.53,417.0
27,6,21,6,1,0,850,89,10.47,336.0
27,6,22,6,1,0,850,102,12.0,89.0
27,6,23,6,1,0,850,65,7.65,102.0
28,6,0,0,0,0,850,45,5.29,65.0
28,6,1,0,0,0,850,97,11.41,45.0
28,6,2,0,0,0,850,43,5.06,97.0
28,6,3,0,0,0,850,52,6.12,43.0
28,6,4,0,0,0,850,85,10.0,52.0
28,6,5,0,0,0,850,17,2.0,85.0
28,6,6,0,0,0,850,373,43.88,17.0
28,6,7,0,0,0,850,346,40.71,373.0
28,6,8,0,0,1,850,701,82.47,346.0
28,6,9,0,0,1,850,706,83.06,701.0
28,6,10,0,0,0,850,273,32.12,706.0
28,6,11,0,0,0,850,244,28.71,273.0
28,6,12,0,0,0,850,284,33.41,244.0
28,6,13,0,0,0,850,282,33.18,284.0
28,6,14,0,0,0,850,256,30.12,282.0
28,6,15,0,0,0,850,271,31.88,256.0
28,6,16,0,0,0,850,211,24.82,271.0
28,6,17,0,0,1,850,669,78.71,211.0
28,6,18,0,0,1,850,797,93.76,669.0
28,6,19,0,0,1,850,655,77.06,797.0
28,6,20,0,0,0,850,491,57.76,655.0
28,6,21,0,0,0,850,150,17.65,491.0
28,6,22,0,0,0,850,144,16.94,150.0
28,6,23,0,0,0,850,135,15.88,144.0
29,6,0,1,0,0,850,46,5.41,135.0
29,6,1,1,0,0,850,17,2.0,46.0
29,6,2,1,0,0,850,17,2.0,17.0
29,6,3,1,0,0,850,17,2.0,17.0
29,6,4,1,0,0,850,70,8.24,17.0
29,6,5,1,0,0,850,20,2.35,70.0
29,6,6,1,0,0,850,330,38.82,20.0
29,6,7,1,0,0,850,353,41.53,330.0
29,6,8,1,0,1,850,588,69.18,353.0
29,6,9,1,0,1,850,603,70.94,588.0
29,6,10,1,0,0,850,289,34.0,603.0
29,6,11,1,0,0,850,259,30.47,289.0
29,6,12,1,0,0,850,255,30.0,259.0
29,6,13,1,0,0,850,279,32.82,255.0
29,6,14,1,0,0,850,329,38.71,279.0
29,6,15,1,0,0,850,300,35.29,329.0
29,6,16,1,0,0,850,231,27.18,300.0
29,6,17,1,0,1,850,664,78.12,231.0
29,6,18,1,0,1,850,623,73.29,664.0
29,6,19,1,0,1,850,621,73.06,623.0
29,6,20,1,0,0,850,494,58.12,621.0
29,6,21,1,0,0,850,192,22.59,494.0
29,6,22,1,0,0,850,162,19.06,192.0
29,6,23,1,0,0,850,142,16.71,162.0
0,7,0,0,0,0,1300,161,12.38,161.0
0,7,1,0,0,0,1300,43,3.31,161.0
0,7,2,0,0,0,1300,72,5.54,43.0
0,7,3,0,0,0,1300,33,2.54,72.0
0,7,4,0,0,0,1300,53,4.08,33.0
0,7,5,0,0,0,1300,81,6.23,53.0
0,7,6,0,0,0,1300,604,46.46,81.0
0,7,7,0,0,0,1300,583,44.85,604.0
0,7,8,0,0,1,1300,930,71.54,583.0
0,7,9,0,0,1,1300,1079,83.0,930.0
0,7,10,0,0,0,1300,530,40.77,1079.0
0,7,11,0,0,0,1300,356,27.38,530.0
0,7,12,0,0,0,1300,440,33.85,356.0
0,7,13,0,0,0,1300,445,34.23,440.0
0,7,14,0,0,0,1300,359,27.62,445.0
0,7,15,0,0,0,1300,423,32.54,359.0
0,7,16,0,0,0,1300,378,29.08,423.0
0,7,17,0,0,1,1300,1049,80.69,378.0
0,7,18,0,0,1,1300,1065,81.92,1049.0
0,7,19,0,0,1,1300,1020,78.46,1065.0
0,7,20,0,0,0,1300,843,64.85,1020.0
0,7,21,0,0,0,1300,272,20.92,843.0
0,7,22,0,0,0,1300,180,13.85,272.0
0,7,23,0,0,0,1300,329,25.31,180.0
1,7,0,1,0,0,1300,73,5.62,329.0
1,7,1,1,0,0,1300,26,2.0,73.0
1,7,2,1,0,0,1300,26,2.0,26.0
1,7,3,1,0,0,1300,26,2.0,26.0
1,7,4,1,0,0,1300,26,2.0,26.0
1,7,5,1,0,0,1300,56,4.31,26.0
1,7,6,1,0,0,1300,578,44.46,56.0
1,7,7,1,0,0,1300,435,33.46,578.0
1,7,8,1,0,1,1300,952,73.23,435.0
1,7,9,1,0,1,1300,1118,86.0,952.0
1,7,10,1,0,0,1300,442,34.0,1118.0
1,7,11,1,0,0,1300,301,23.15,442.0
1,7,12,1,0,0,1300,447,34.38,301.0
1,7,13,1,0,0,1300,544,41.85,447.0
1,7,14,1,0,0,1300,424,32.62,544.0
1,7,15,1,0,0,1300,378,29.08,424.0
1,7,16,1,0,0,1300,359,27.62,378.0
1,7,17,1,0,1,1300,1083,83.31,359.0
1,7,18,1,0,1,1300,1106,85.08,1083.0
1,7,19,1,0,1,1300,1126,86.62,1106.0
1,7,20,1,0,0,1300,743,57.15,1126.0
1,7,21,1,0,0,1300,160,12.31,743.0
1,7,22,1,0,0,1300,255,19.62,160.0
1,7,23,1,0,0,1300,227,17.46,255.0
2,7,0,2,0,0,1300,59,4.54,227.0
2,7,1,2,0,0,1300,26,2.0,59.0
2,7,2,2,0,0,1300,90,6.92,26.0
2,7,3,2,0,0,1300,26,2.0,90.0
2,7,4,2,0,0,1300,112,8.62,26.0
2,7,5,2,0,0,1300,26,2.0,112.0
2,7,6,2,0,0,1300,602,46.31,26.0
2,7,7,2,0,0,1300,525,40.38,602.0
2,7,8,2,0,1,1300,1013,77.92,525.0
2,7,9,2,0,1,1300,895,68.85,1013.0
2,7,10,2,0,0,1300,375,28.85,895.0
2,7,11,2,0,0,1300,442,34.0,375.0
2,7,12,2,0,0,1300,321,24.69,442.0
2,7,13,2,0,0,1300,342,26.31,321.0
2,7,14,2,0,0,1300,343,26.38,342.0
2,7,15,2,0,0,1300,432,33.23,343.0
2,7,16,2,0,0,1300,365,28.08,432.0
2,7,17,2,0,1,1300,1080,83.08,365.0
2,7,18,2,0,1,1300,1169,89.92,1080.0
2,7,19,2,0,1,1300,1065,81.92,1169.0
2,7,20,2,0,0,1300,762,58.62,1065.0
2,7,21,2,0,0,1300,204,15.69,762.0
2,7,22,2,0,0,1300,232,17.85,204.0
2,7,23,2,0,0,1300,265,20.38,232.0
3,7,0,3,0,0,1300,125,9.62,265.0
3,7,1,3,0,0,1300,26,2.0,125.0
3,7,2,3,0,0,1300,214,16.46,26.0
3,7,3,3,0,0,1300,85,6.54,214.0
3,7,4,3,0,0,1300,26,2.0,85.0
3,7,5,3,0,0,1300,207,15.92,26.0
3,7,6,3,0,0,1300,474,36.46,207.0
3,7,7,3,0,0,1300,498,38.31,474.0
3,7,8,3,0,1,1300,948,72.92,498.0
3,7,9,3,0,1,1300,1014,78.0,948.0
3,7,10,3,0,0,1300,518,39.85,1014.0
3,7,11,3,0,0,1300,463,35.62,518.0
3,7,12,3,0,0,1300,402,30.92,463.0
3,7,13,3,0,0,1300,399,30.69,402.0
3,7,14,3,0,0,1300,469,36.08,399.0
3,7,15,3,0,0,1300,462,35.54,469.0
3,7,16,3,0,0,1300,348,26.77,462.0
3,7,17,3,0,1,1300,1053,81.0,348.0
3,7,18,3,0,1,1300,1017,78.23,1053.0
3,7,19,3,0,1,1300,1164,89.54,1017.0
3,7,20,3,0,0,1300,845,65.0,1164.0
3,7,21,3,0,0,1300,268,20.62,845.0
3,7,22,3,0,0,1300,237,18.23,268.0
3,7,23,3,0,0,1300,287,22.08,237.0
4,7,0,4,0,0,1300,26,2.0,287.0
4,7,1,4,0,0,1300,26,2.0,26.0
4,7,2,4,0,0,1300,50,3.85,26.0
4,7,3,4,0,0,1300,224,17.23,50.0
4,7,4,4,0,0,1300,103,7.92,224.0
4,7,5,4,0,0,1300,96,7.38,103.0
4,7,6,4,0,0,1300,618,47.54,96.0
4,7,7,4,0,0,1300,571,43.92,618.0
4,7,8,4,0,1,1300,998,76.77,571.0
4,7,9,4,0,1,1300,1069,82.23,998.0
4,7,10,4,0,0,1300,449,34.54,1069.0
4,7,11,4,0,0,1300,307,23.62,449.0
4,7,12,4,0,0,1300,380,29.23,307.0
4,7,13,4,0,0,1300,501,38.54,380.0
4,7,14,4,0,0,1300,420,32.31,501.0
4,7,15,4,0,0,1300,385,29.62,420.0
4,7,16,4,0,0,1300,379,29.15,385.0
4,7,17,4,0,1,1300,1084,83.38,379.0
4,7,18,4,0,1,1300,1074,82.62,1084.0
4,7,19,4,0,1,1300,1030,79.23,1074.0
4,7,20,4,0,0,1300,823,63.31,1030.0
4,7,21,4,0,0,1300,282,21.69,823.0
4,7,22,4,0,0,1300,194,14.92,282.0
4,7,23,4,0,0,1300,241,18.54,194.0
5,7,0,5,1,0,1300,49,3.77,241.0
5,7,1,5,1,0,1300,37,2.85,49.0
5,7,2,5,1,0,1300,26,2.0,37.0
5,7,3,5,1,0,1300,147,11.31,26.0
5,7,4,5,1,0,1300,99,7.62,147.0
5,7,5,5,1,0,1300,137,10.54,99.0
5,7,6,5,1,0,1300,304,23.38,137.0
5,7,7,5,1,0,1300,466,35.85,304.0
5,7,8,5,1,0,1300,382,29.38,466.0
5,7,9,5,1,0,1300,521,40.08,382.0
5,7,10,5,1,0,1300,86,6.62,521.0
5,7,11,5,1,0,1300,34,2.62,86.0
5,7,12,5,1,0,1300,272,20.92,34.0
5,7,13,5,1,0,1300,215,16.54,272.0
5,7,14,5,1,0,1300,208,16.0,215.0
5,7,15,5,1,0,1300,161,12.38,208.0
5,7,16,5,1,0,1300,225,17.31,161.0
5,7,17,5,1,0,1300,570,43.85,225.0
5,7,18,5,1,0,1300,619,47.62,570.0
5,7,19,5,1,0,1300,598,46.0,619.0
5,7,20,5,1,0,1300,359,27.62,598.0
5,7,21,5,1,0,1300,179,13.77,359.0
5,7,22,5,1,0,1300,135,10.38,179.0
5,7,23,5,1,0,1300,236,18.15,135.0
6,7,0,6,1,0,1300,26,2.0,236.0
6,7,1,6,1,0,1300,26,2.0,26.0
6,7,2,6,1,0,1300,59,4.54,26.0
6,7,3,6,1,0,1300,71,5.46,59.0
6,7,4,6,1,0,1300,124,9.54,71.0
6,7,5,6,1,0,1300,70,5.38,124.0
6,7,6,6,1,0,1300,379,29.15,70.0
6,7,7,6,1,0,1300,290,22.31,379.0
6,7,8,6,1,0,1300,597,45.92,290.0
6,7,9,6,1,0,1300,482,37.08,597.0
6,7,10,6,1,0,1300,279,21.46,482.0
6,7,11,6,1,0,1300,220,16.92,279.0
6,7,12,6,1,0,1300,194,14.92,220.0
6,7,13,6,1,0,1300,137,10.54,194.0
6,7,14,6,1,0,1300,201,15.46,137.0
6,7,15,6,1,0,1300,164,12.62,201.0
6,7,16,6,1,0,1300,140,10.77,164.0
6,7,17,6,1,0,1300,655,50.38,140.0
6,7,18,6,1,0,1300,570,43.85,655.0
6,7,19,6,1,0,1300,525,40.38,570.0
6,7,20,6,1,0,1300,368,28.31,525.0
6,7,21,6,1,0,1300,240,18.46,368.0
6,7,22,6,1,0,1300,110,8.46,240.0
6,7,23,6,1,0,1300,164,12.62,110.0
7,7,0,0,0,0,1300,85,6.54,164.0
7,7,1,0,0,0,1300,26,2.0,85.0
7,7,2,0,0,0,1300,26,2.0,26.0
7,7,3,0,0,0,1300,26,2.0,26.0
7,7,4,0,0,0,1300,26,2.0,26.0
7,7,5,0,0,0,1300,98,7.54,26.0
7,7,6,0,0,0,1300,537,41.31,98.0
7,7,7,0,0,0,1300,615,47.31,537.0
7,7,8,0,0,1,1300,970,74.62,615.0
7,7,9,0,0,1,1300,936,72.0,970.0
7,7,10,0,0,0,1300,432,33.23,936.0
7,7,11,0,0,0,1300,393,30.23,432.0
7,7,12,0,0,0,1300,418,32.15,393.0
7,7,13,0,0,0,1300,376,28.92,418.0
7,7,14,0,0,0,1300,387,29.77,376.0
7,7,15,0,0,0,1300,511,39.31,387.0
7,7,16,0,0,0,1300,407,31.31,511.0
7,7,17,0,0,1,1300,1010,77.69,407.0
7,7,18,0,0,1,1300,1090,83.85,1010.0
7,7,19,0,0,1,1300,1011,77.77,1090.0
7,7,20,0,0,0,1300,841,64.69,1011.0
7,7,21,0,0,0,1300,135,10.38,841.0
7,7,22,0,0,0,1300,187,14.38,135.0
7,7,23,0,0,0,1300,263,20.23,187.0
8,7,0,1,0,0,1300,26,2.0,263.0
8,7,1,1,0,0,1300,30,2.31,26.0
8,7,2,1,0,0,1300,47,3.62,30.0
8,7,3,1,0,0,1300,28,2.15,47.0
8,7,4,1,0,0,1300,64,4.92,28.0
8,7,5,1,0,0,1300,26,2.0,64.0
8,7,6,1,0,0,1300,667,51.31,26.0
8,7,7,1,0,0,1300,624,48.0,667.0
8,7,8,1,0,1,1300,1026,78.92,624.0
8,7,9,1,0,1,1300,964,74.15,1026.0
8,7,10,1,0,0,1300,387,29.77,964.0
8,7,11,1,0,0,1300,363,27.92,387.0
8,7,12,1,0,0,1300,523,40.23,363.0
8,7,13,1,0,0,1300,418,32.15,523.0
8,7,14,1,0,0,1300,477,36.69,418.0
8,7,15,1,0,0,1300,391,30.08,477.0
8,7,16,1,0,0,1300,285,21.92,391.0
8,7,17,1,0,1,1300,914,70.31,285.0
8,7,18,1,0,1,1300,972,74.77,914.0
8,7,19,1,0,1,1300,1092,84.0,972.0
8,7,20,1,0,0,1300,682,52.46,1092.0
8,7,21,1,0,0,1300,261,20.08,682.0
8,7,22,1,0,0,1300,126,9.69,261.0
8,7,23,1,0,0,1300,102,7.85,126.0
9,7,0,2,0,0,1300,87,6.69,102.0
9,7,1,2,0,0,1300,61,4.69,87.0
9,7,2,2,0,0,1300,134,10.31,61.0
9,7,3,2,0,0,1300,26,2.0,134.0
9,7,4,2,0,0,1300,93,7.15,26.0
9,7,5,2,0,0,1300,26,2.0,93.0
9,7,6,2,0,0,1300,496,38.15,26.0
9,7,7,2,0,0,1300,562,43.23,496.0
9,7,8,2,0,1,1300,960,73.85,562.0
9,7,9,2,0,1,1300,1071,82.38,960.0
9,7,10,2,0,0,1300,442,34.0,1071.0
9,7,11,2,0,0,1300,383,29.46,442.0
9,7,12,2,0,0,1300,425,32.69,383.0
9,7,13,2,0,0,1300,369,28.38,425.0
9,7,14,2,0,0,1300,480,36.92,369.0
9,7,15,2,0,0,1300,404,31.08,480.0
9,7,16,2,0,0,1300,508,39.08,404.0
9,7,17,2,0,1,1300,1012,77.85,508.0
9,7,18,2,0,1,1300,1001,77.0,1012.0
9,7,19,2,0,1,1300,1173,90.23,1001.0
9,7,20,2,0,0,1300,805,61.92,1173.0
9,7,21,2,0,0,1300,184,14.15,805.0
9,7,22,2,0,0,1300,179,13.77,184.0
9,7,23,2,0,0,1300,273,21.0,179.0
10,7,0,3,0,0,1300,26,2.0,273.0
10,7,1,3,0,0,1300,81,6.23,26.0
10,7,2,3,0,0,1300,36,2.77,81.0
10,7,3,3,0,0,1300,94,7.23,36.0
10,7,4,3,0,0,1300,106,8.15,94.0
10,7,5,3,0,0,1300,32,2.46,106.0
10,7,6,3,0,0,1300,547,42.08,32.0
10,7,7,3,0,0,1300,499,38.38,547.0
10,7,8,3,0,1,1300,1026,78.92,499.0
10,7,9,3,0,1,1300,1028,79.08,1026.0
10,7,10,3,0,0,1300,416,32.0,1028.0
10,7,11,3,0,0,1300,377,29.0,416.0
10,7,12,3,0,0,1300,430,33.08,377.0
10,7,13,3,0,0,1300,305,23.46,430.0
10,7,14,3,0,0,1300,384,29.54,305.0
10,7,15,3,0,0,1300,375,28.85,384.0
10,7,16,3,0,0,1300,480,36.92,375.0
10,7,17,3,0,1,1300,1001,77.0,480.0
10,7,18,3,0,1,1300,1114,85.69,1001.0
10,7,19,3,0,1,1300,1090,83.85,1114.0
10,7,20,3,0,0,1300,846,65.08,1090.0
10,7,21,3,0,0,1300,248,19.08,846.0
10,7,22,3,0,0,1300,315,24.23,248.0
10,7,23,3,0,0,1300,179,13.77,315.0
11,7,0,4,0,0,1300,78,6.0,179.0
11,7,1,4,0,0,1300,165,12.69,78.0
11,7,2,4,0,0,1300,26,2.0,165.0
11,7,3,4,0,0,1300,26,2.0,26.0
11,7,4,4,0,0,1300,26,2.0,26.0
11,7,5,4,0,0,1300,108,8.31,26.0
11,7,6,4,0,0,1300,680,52.31,108.0
11,7,7,4,0,0,1300,539,41.46,680.0
11,7,8,4,0,1,1300,1050,80.77,539.0
11,7,9,4,0,1,1300,943,72.54,1050.0
11,7,10,4,0,0,1300,393,30.23,943.0
11,7,11,4,0,0,1300,409,31.46,393.0
11,7,12,4,0,0,1300,434,33.38,409.0
11,7,13,4,0,0,1300,440,33.85,434.0
11,7,14,4,0,0,1300,408,31.38,440.0
11,7,15,4,0,0,1300,426,32.77,408.0
11,7,16,4,0,0,1300,441,33.92,426.0
11,7,17,4,0,1,1300,1107,85.15,441.0
11,7,18,4,0,1,1300,1146,88.15,1107.0
11,7,19,4,0,1,1300,1066,82.0,1146.0
11,7,20,4,0,0,1300,779,59.92,1066.0
11,7,21,4,0,0,1300,135,10.38,779.0
11,7,22,4,0,0,1300,165,12.69,135.0
11,7,23,4,0,0,1300,120,9.23,165.0
12,7,0,5,1,0,1300,26,2.0,120.0
12,7,1,5,1,0,1300,44,3.38,26.0
12,7,2,5,1,0,1300,46,3.54,44.0
12,7,3,5,1,0,1300,26,2.0,46.0
12,7,4,5,1,0,1300,26,2.0,26.0
12,7,5,5,1,0,1300,101,7.77,26.0
12,7,6,5,1,0,1300,338,26.0,101.0
12,7,7,5,1,0,1300,176,13.54,338.0
12,7,8,5,1,0,1300,489,37.62,176.0
12,7,9,5,1,0,1300,667,51.31,489.0
12,7,10,5,1,0,1300,195,15.0,667.0
12,7,11,5,1,0,1300,162,12.46,195.0
12,7,12,5,1,0,1300,270,20.77,162.0
12,7,13,5,1,0,1300,295,22.69,270.0
12,7,14,5,1,0,1300,239,18.38,295.0
12,7,15,5,1,0,1300,279,21.46,239.0
12,7,16,5,1,0,1300,280,21.54,279.0
12,7,17,5,1,0,1300,515,39.62,280.0
12,7,18,5,1,0,1300,561,43.15,515.0
12,7,19,5,1,0,1300,447,34.38,561.0
12,7,20,5,1,0,1300,374,28.77,447.0
12,7,21,5,1,0,1300,137,10.54,374.0
12,7,22,5,1,0,1300,108,8.31,137.0
12,7,23,5,1,0,1300,26,2.0,108.0
13,7,0,6,1,0,1300,26,2.0,26.0
13,7,1,6,1,0,1300,26,2.0,26.0
13,7,2,6,1,0,1300,187,14.38,26.0
13,7,3,6,1,0,1300,28,2.15,187.0
13,7,4,6,1,0,1300,41,3.15,28.0
13,7,5,6,1,0,1300,75,5.77,41.0
13,7,6,6,1,0,1300,320,24.62,75.0
13,7,7,6,1,0,1300,295,22.69,320.0
13,7,8,6,1,0,1300,498,38.31,295.0
13,7,9,6,1,0,1300,535,41.15,498.0
13,7,10,6,1,0,1300,194,14.92,535.0
13,7,11,6,1,0,1300,390,30.0,194.0
13,7,12,6,1,0,1300,237,18.23,390.0
13,7,13,6,1,0,1300,314,24.15,237.0
13,7,14,6,1,0,1300,115,8.85,314.0
13,7,15,6,1,0,1300,311,23.92,115.0
13,7,16,6,1,0,1300,196,15.08,311.0
13,7,17,6,1,0,1300,565,43.46,196.0
13,7,18,6,1,0,1300,566,43.54,565.0
13,7,19,6,1,0,1300,573,44.08,566.0
13,7,20,6,1,0,1300,403,31.0,573.0
13,7,21,6,1,0,1300,99,7.62,403.0
13,7,22,6,1,0,1300,26,2.0,99.0
13,7,23,6,1,0,1300,210,16.15,26.0
14,7,0,0,0,0,1300,26,2.0,210.0
14,7,1,0,0,0,1300,126,9.69,26.0
14,7,2,0,0,0,1300,61,4.69,126.0
14,7,3,0,0,0,1300,26,2.0,61.0
14,7,4,0,0,0,1300,26,2.0,26.0
14,7,5,0,0,0,1300,30,2.31,26.0
14,7,6,0,0,0,1300,616,47.38,30.0
14,7,7,0,0,0,1300,529,40.69,616.0
14,7,8,0,0,1,1300,961,73.92,529.0
14,7,9,0,0,1,1300,965,74.23,961.0
14,7,10,0,0,0,1300,476,36.62,965.0
14,7,11,0,0,0,1300,339,26.08,476.0
14,7,12,0,0,0,1300,381,29.31,339.0
14,7,13,0,0,0,1300,354,27.23,381.0
14,7,14,0,0,0,1300,382,29.38,354.0
14,7,15,0,0,0,1300,577,44.38,382.0
14,7,16,0,0,0,1300,330,25.38,577.0
14,7,17,0,0,1,1300,1032,79.38,330.0
14,7,18,0,0,1,1300,954,73.38,1032.0
14,7,19,0,0,1,1300,1036,79.69,954.0
14,7,20,0,0,0,1300,742,57.08,1036.0
14,7,21,0,0,0,1300,241,18.54,742.0
14,7,22,0,0,0,1300,401,30.85,241.0
14,7,23,0,0,0,1300,244,18.77,401.0
15,7,0,1,0,0,1300,26,2.0,244.0
15,7,1,1,0,0,1300,26,2.0,26.0
15,7,2,1,0,0,1300,54,4.15,26.0
15,7,3,1,0,0,1300,65,5.0,54.0
15,7,4,1,0,0,1300,77,5.92,65.0
15,7,5,1,0,0,1300,87,6.69,77.0
15,7,6,1,0,0,1300,576,44.31,87.0
15,7,7,1,0,0,1300,632,48.62,576.0
15,7,8,1,0,1,1300,1067,82.08,632.0
15,7,9,1,0,1,1300,1103,84.85,1067.0
15,7,10,1,0,0,1300,414,31.85,1103.0
15,7,11,1,0,0,1300,374,28.77,414.0
15,7,12,1,0,0,1300,367,28.23,374.0
15,7,13,1,0,0,1300,402,30.92,367.0
15,7,14,1,0,0,1300,398,30.62,402.0
15,7,15,1,0,0,1300,465,35.77,398.0
15,7,16,1,0,0,1300,370,28.46,465.0
15,7,17,1,0,1,1300,993,76.38,370.0
15,7,18,1,0,1,1300,1064,81.85,993.0
15,7,19,1,0,1,1300,939,72.23,1064.0
15,7,20,1,0,0,1300,823,63.31,939.0
15,7,21,1,0,0,1300,345,26.54,823.0
15,7,22,1,0,0,1300,271,20.85,345.0
15,7,23,1,0,0,1300,153,11.77,271.0
16,7,0,2,0,0,1300,99,7.62,153.0
16,7,1,2,0,0,1300,26,2.0,99.0
16,7,2,2,0,0,1300,259,19.92,26.0
16,7,3,2,0,0,1300,152,11.69,259.0
16,7,4,2,0,0,1300,51,3.92,152.0
16,7,5,2,0,0,1300,26,2.0,51.0
16,7,6,2,0,0,1300,440,33.85,26.0
16,7,7,2,0,0,1300,598,46.0,440.0
16,7,8,2,0,1,1300,946,72.77,598.0
16,7,9,2,0,1,1300,830,63.85,946.0
16,7,10,2,0,0,1300,461,35.46,830.0
16,7,11,2,0,0,1300,357,27.46,461.0
16,7,12,2,0,0,1300,370,28.46,357.0
16,7,13,2,0,0,1300,546,42.0,370.0
16,7,14,2,0,0,1300,516,39.69,546.0
16,7,15,2,0,0,1300,429,33.0,516.0
16,7,16,2,0,0,1300,388,29.85,429.0
16,7,17,2,0,1,1300,1078,82.92,388.0
16,7,18,2,0,1,1300,1109,85.31,1078.0
16,7,19,2,0,1,1300,1119,86.08,1109.0
16,7,20,2,0,0,1300,706,54.31,1119.0
16,7,21,2,0,0,1300,254,19.54,706.0
16,7,22,2,0,0,1300,159,12.23,254.0
16,7,23,2,0,0,1300,151,11.62,159.0
17,7,0,3,0,0,1300,134,10.31,151.0
17,7,1,3,0,0,1300,55,4.23,134.0
17,7,2,3,0,0,1300,48,3.69,55.0
17,7,3,3,0,0,1300,67,5.15,48.0
17,7,4,3,0,0,1300,85,6.54,67.0
17,7,5,3,0,0,1300,26,2.0,85.0
17,7,6,3,0,0,1300,585,45.0,26.0
17,7,7,3,0,0,1300,561,43.15,585.0
17,7,8,3,0,1,1300,1029,79.15,561.0
17,7,9,3,0,1,1300,1044,80.31,1029.0
17,7,10,3,0,0,1300,468,36.0,1044.0
17,7,11,3,0,0,1300,504,38.77,468.0
17,7,12,3,0,0,1300,356,27.38,504.0
17,7,13,3,0,0,1300,409,31.46,356.0
17,7,14,3,0,0,1300,454,34.92,409.0
17,7,15,3,0,0,1300,342,26.31,454.0
17,7,16,3,0,0,1300,393,30.23,342.0
17,7,17,3,0,1,1300,959,73.77,393.0
17,7,18,3,0,1,1300,1060,81.54,959.0
17,7,19,3,0,1,1300,1046,80.46,1060.0
17,7,20,3,0,0,1300,707,54.38,1046.0
17,7,21,3,0,0,1300,225,17.31,707.0
17,7,22,3,0,0,1300,157,12.08,225.0
17,7,23,3,0,0,1300,213,16.38,157.0
18,7,0,4,0,0,1300,43,3.31,213.0
18,7,1,4,0,0,1300,26,2.0,43.0
18,7,2,4,0,0,1300,168,12.92,26.0
18,7,3,4,0,0,1300,88,6.77,168.0
18,7,4,4,0,0,1300,26,2.0,88.0
18,7,5,4,0,0,1300,145,11.15,26.0
18,7,6,4,0,0,1300,545,41.92,145.0
18,7,7,4,0,0,1300,508,39.08,545.0
18,7,8,4,0,1,1300,941,72.38,508.0
18,7,9,4,0,1,1300,1007,77.46,941.0
18,7,10,4,0,0,1300,434,33.38,1007.0
18,7,11,4,0,0,1300,387,29.77,434.0
18,7,12,4,0,0,1300,328,25.23,387.0
18,7,13,4,0,0,1300,426,32.77,328.0
18,7,14,4,0,0,1300,474,36.46,426.0
18,7,15,4,0,0,1300,502,38.62,474.0
18,7,16,4,0,0,1300,357,27.46,502.0
18,7,17,4,0,1,1300,1027,79.0,357.0
18,7,18,4,0,1,1300,1075,82.69,1027.0
18,7,19,4,0,1,1300,1055,81.15,1075.0
18,7,20,4,0,0,1300,823,63.31,1055.0
18,7,21,4,0,0,1300,175,13.46,823.0
18,7,22,4,0,0,1300,106,8.15,175.0
18,7,23,4,0,0,1300,185,14.23,106.0
19,7,0,5,1,0,1300,38,2.92,185.0
19,7,1,5,1,0,1300,152,11.69,38.0
19,7,2,5,1,0,1300,67,5.15,152.0
19,7,3,5,1,0,1300,261,20.08,67.0
19,7,4,5,1,0,1300,26,2.0,261.0
19,7,5,5,1,0,1300,26,2.0,26.0
19,7,6,5,1,0,1300,415,31.92,26.0
19,7,7,5,1,0,1300,397,30.54,415.0
19,7,8,5,1,0,1300,509,39.15,397.0
19,7,9,5,1,0,1300,632,48.62,509.0
19,7,10,5,1,0,1300,275,21.15,632.0
19,7,11,5,1,0,1300,227,17.46,275.0
19,7,12,5,1,0,1300,245,18.85,227.0
19,7,13,5,1,0,1300,198,15.23,245.0
19,7,14,5,1,0,1300,207,15.92,198.0
19,7,15,5,1,0,1300,164,12.62,207.0
19,7,16,5,1,0,1300,234,18.0,164.0
19,7,17,5,1,0,1300,570,43.85,234.0
19,7,18,5,1,0,1300,693,53.31,570.0
19,7,19,5,1,0,1300,567,43.62,693.0
19,7,20,5,1,0,1300,456,35.08,567.0
19,7,21,5,1,0,1300,124,9.54,456.0
19,7,22,5,1,0,1300,205,15.77,124.0
19,7,23,5,1,0,1300,130,10.0,205.0
20,7,0,6,1,0,1300,50,3.85,130.0
20,7,1,6,1,0,1300,26,2.0,50.0
20,7,2,6,1,0,1300,26,2.0,26.0
20,7,3,6,1,0,1300,26,2.0,26.0
20,7,4,6,1,0,1300,88,6.77,26.0
20,7,5,6,1,0,1300,121,9.31,88.0
20,7,6,6,1,0,1300,268,20.62,121.0
20,7,7,6,1,0,1300,272,20.92,268.0
20,7,8,6,1,0,1300,623,47.92,272.0
20,7,9,6,1,0,1300,573,44.08,623.0
20,7,10,6,1,0,1300,245,18.85,573.0
20,7,11,6,1,0,1300,229,17.62,245.0
20,7,12,6,1,0,1300,204,15.69,229.0
20,7,13,6,1,0,1300,262,20.15,204.0
20,7,14,6,1,0,1300,276,21.23,262.0
20,7,15,6,1,0,1300,132,10.15,276.0
20,7,16,6,1,0,1300,275,21.15,132.0
20,7,17,6,1,0,1300,577,44.38,275.0
20,7,18,6,1,0,1300,433,33.31,577.0
20,7,19,6,1,0,1300,528,40.62,433.0
20,7,20,6,1,0,1300,431,33.15,528.0
20,7,21,6,1,0,1300,26,2.0,431.0
20,7,22,6,1,0,1300,100,7.69,26.0
20,7,23,6,1,0,1300,253,19.46,100.0
21,7,0,0,0,0,1300,35,2.69,253.0
21,7,1,0,0,0,1300,101,7.77,35.0
21,7,2,0,0,0,1300,26,2.0,101.0
21,7,3,0,0,0,1300,26,2.0,26.0
21,7,4,0,0,0,1300,130,10.0,26.0
21,7,5,0,0,0,1300,64,4.92,130.0
21,7,6,0,0,0,1300,683,52.54,64.0
21,7,7,0,0,0,1300,454,34.92,683.0
21,7,8,0,0,1,1300,962,74.0,454.0
21,7,9,0,0,1,1300,922,70.92,962.0
21,7,10,0,0,0,1300,363,27.92,922.0
21,7,11,0,0,0,1300,425,32.69,363.0
21,7,12,0,0,0,1300,501,38.54,425.0
21,7,13,0,0,0,1300,455,35.0,501.0
21,7,14,0,0,0,1300,477,36.69,455.0
21,7,15,0,0,0,1300,357,27.46,477.0
21,7,16,0,0,0,1300,437,33.62,357.0
21,7,17,0,0,1,1300,1108,85.23,437.0
21,7,18,0,0,1,1300,1098,84.46,1108.0
21,7,19,0,0,1,1300,1033,79.46,1098.0
21,7,20,0,0,0,1300,816,62.77,1033.0
21,7,21,0,0,0,1300,218,16.77,816.0
21,7,22,0,0,0,1300,320,24.62,218.0
21,7,23,0,0,0,1300,270,20.77,320.0
22,7,0,1,0,0,1300,26,2.0,270.0
22,7,1,1,0,0,1300,77,5.92,26.0
22,7,2,1,0,0,1300,55,4.23,77.0
22,7,3,1,0,0,1300,100,7.69,55.0
22,7,4,1,0,0,1300,72,5.54,100.0
22,7,5,1,0,0,1300,26,2.0,72.0
22,7,6,1,0,0,1300,537,41.31,26.0
22,7,7,1,0,0,1300,682,52.46,537.0
22,7,8,1,0,1,1300,953,73.31,682.0
22,7,9,1,0,1,1300,1004,77.23,953.0
22,7,10,1,0,0,1300,404,31.08,1004.0
22,7,11,1,0,0,1300,464,35.69,404.0
22,7,12,1,0,0,1300,407,31.31,464.0
22,7,13,1,0,0,1300,332,25.54,407.0
22,7,14,1,0,0,1300,350,26.92,332.0
22,7,15,1,0,0,1300,374,28.77,350.0
22,7,16,1,0,0,1300,522,40.15,374.0
22,7,17,1,0,1,1300,1072,82.46,522.0
22,7,18,1,0,1,1300,1094,84.15,1072.0
22,7,19,1,0,1,1300,1094,84.15,1094.0
22,7,20,1,0,0,1300,732,56.31,1094.0
22,7,21,1,0,0,1300,233,17.92,732.0
22,7,22,1,0,0,1300,306,23.54,233.0
22,7,23,1,0,0,1300,302,23.23,306.0
23,7,0,2,0,0,1300,68,5.23,302.0
23,7,1,2,0,0,1300,27,2.08,68.0
23,7,2,2,0,0,1300,46,3.54,27.0
23,7,3,2,0,0,1300,132,10.15,46.0
23,7,4,2,0,0,1300,34,2.62,132.0
23,7,5,2,0,0,1300,75,5.77,34.0
23,7,6,2,0,0,1300,496,38.15,75.0
23,7,7,2,0,0,1300,577,44.38,496.0
23,7,8,2,0,1,1300,1127,86.69,577.0
23,7,9,2,0,1,1300,1055,81.15,1127.0
23,7,10,2,0,0,1300,419,32.23,1055.0
23,7,11,2,0,0,1300,439,33.77,419.0
23,7,12,2,0,0,1300,448,34.46,439.0
23,7,13,2,0,0,1300,407,31.31,448.0
23,7,14,2,0,0,1300,444,34.15,407.0
23,7,15,2,0,0,1300,447,34.38,444.0
23,7,16,2,0,0,1300,388,29.85,447.0
23,7,17,2,0,1,1300,964,74.15,388.0
23,7,18,2,0,1,1300,1030,79.23,964.0
23,7,19,2,0,1,1300,1079,83.0,1030.0
23,7,20,2,0,0,1300,881,67.77,1079.0
23,7,21,2,0,0,1300,184,14.15,881.0
23,7,22,2,0,0,1300,136,10.46,184.0
23,7,23,2,0,0,1300,215,16.54,136.0
24,7,0,3,0,0,1300,26,2.0,215.0
24,7,1,3,0,0,1300,26,2.0,26.0
24,7,2,3,0,0,1300,71,5.46,26.0
24,7,3,3,0,0,1300,71,5.46,71.0
24,7,4,3,0,0,1300,71,5.46,71.0
24,7,5,3,0,0,1300,70,5.38,71.0
24,7,6,3,0,0,1300,598,46.0,70.0
24,7,7,3,0,0,1300,620,47.69,598.0
24,7,8,3,0,1,1300,1060,81.54,620.0
24,7,9,3,0,1,1300,1056,81.23,1060.0
24,7,10,3,0,0,1300,376,28.92,1056.0
24,7,11,3,0,0,1300,431,33.15,376.0
24,7,12,3,0,0,1300,339,26.08,431.0
24,7,13,3,0,0,1300,456,35.08,339.0
24,7,14,3,0,0,1300,423,32.54,456.0
24,7,15,3,0,0,1300,414,31.85,423.0
24,7,16,3,0,0,1300,431,33.15,414.0
24,7,17,3,0,1,1300,1066,82.0,431.0
24,7,18,3,0,1,1300,1167,89.77,1066.0
24,7,19,3,0,1,1300,1064,81.85,1167.0
24,7,20,3,0,0,1300,747,57.46,1064.0
24,7,21,3,0,0,1300,224,17.23,747.0
24,7,22,3,0,0,1300,253,19.46,224.0
24,7,23,3,0,0,1300,291,22.38,253.0
25,7,0,4,0,0,1300,45,3.46,291.0
25,7,1,4,0,0,1300,163,12.54,45.0
25,7,2,4,0,0,1300,60,4.62,163.0
25,7,3,4,0,0,1300,26,2.0,60.0
25,7,4,4,0,0,1300,26,2.0,26.0
25,7,5,4,0,0,1300,162,12.46,26.0
25,7,6,4,0,0,1300,502,38.62,162.0
25,7,7,4,0,0,1300,620,47.69,502.0
25,7,8,4,0,1,1300,1031,79.31,620.0
25,7,9,4,0,1,1300,982,75.54,1031.0
25,7,10,4,0,0,1300,429,33.0,982.0
25,7,11,4,0,0,1300,412,31.69,429.0
25,7,12,4,0,0,1300,298,22.92,412.0
25,7,13,4,0,0,1300,378,29.08,298.0
25,7,14,4,0,0,1300,487,37.46,378.0
25,7,15,4,0,0,1300,451,34.69,487.0
25,7,16,4,0,0,1300,434,33.38,451.0
25,7,17,4,0,1,1300,1150,88.46,434.0
25,7,18,4,0,1,1300,1025,78.85,1150.0
25,7,19,4,0,1,1300,1074,82.62,1025.0
25,7,20,4,0,0,1300,814,62.62,1074.0
25,7,21,4,0,0,1300,207,15.92,814.0
25,7,22,4,0,0,1300,324,24.92,207.0
25,7,23,4,0,0,1300,265,20.38,324.0
26,7,0,5,1,0,1300,26,2.0,265.0
26,7,1,5,1,0,1300,26,2.0,26.0
26,7,2,5,1,0,1300,73,5.62,26.0
26,7,3,5,1,0,1300,26,2.0,73.0
26,7,4,5,1,0,1300,26,2.0,26.0
26,7,5,5,1,0,1300,26,2.0,26.0
26,7,6,5,1,0,1300,372,28.62,26.0
26,7,7,5,1,0,1300,424,32.62,372.0
26,7,8,5,1,0,1300,536,41.23,424.0
26,7,9,5,1,0,1300,632,48.62,536.0
26,7,10,5,1,0,1300,345,26.54,632.0
26,7,11,5,1,0,1300,305,23.46,345.0
26,7,12,5,1,0,1300,268,20.62,305.0
26,7,13,5,1,0,1300,173,13.31,268.0
26,7,14,5,1,0,1300,120,9.23,173.0
26,7,15,5,1,0,1300,204,15.69,120.0
26,7,16,5,1,0,1300,43,3.31,204.0
26,7,17,5,1,0,1300,546,42.0,43.0
26,7,18,5,1,0,1300,574,44.15,546.0
26,7,19,5,1,0,1300,623,47.92,574.0
26,7,20,5,1,0,1300,410,31.54,623.0
26,7,21,5,1,0,1300,38,2.92,410.0
26,7,22,5,1,0,1300,136,10.46,38.0
26,7,23,5,1,0,1300,172,13.23,136.0
27,7,0,6,1,0,1300,32,2.46,172.0
27,7,1,6,1,0,1300,26,2.0,32.0
27,7,2,6,1,0,1300,82,6.31,26.0
27,7,3,6,1,0,1300,50,3.85,82.0
27,7,4,6,1,0,1300,44,3.38,50.0
27,7,5,6,1,0,1300,64,4.92,44.0
27,7,6,6,1,0,1300,329,25.31,64.0
27,7,7,6,1,0,1300,268,20.62,329.0
27,7,8,6,1,0,1300,564,43.38,268.0
27,7,9,6,1,0,1300,577,44.38,564.0
27,7,10,6,1,0,1300,348,26.77,577.0
27,7,11,6,1,0,1300,284,21.85,348.0
27,7,12,6,1,0,1300,266,20.46,284.0
27,7,13,6,1,0,1300,239,18.38,266.0
27,7,14,6,1,0,1300,245,18.85,239.0
27,7,15,6,1,0,1300,240,18.46,245.0
27,7,16,6,1,0,1300,193,14.85,240.0
27,7,17,6,1,0,1300,546,42.0,193.0
27,7,18,6,1,0,1300,449,34.54,546.0
27,7,19,6,1,0,1300,634,48.77,449.0
27,7,20,6,1,0,1300,434,33.38,634.0
27,7,21,6,1,0,1300,114,8.77,434.0
27,7,22,6,1,0,1300,114,8.77,114.0
27,7,23,6,1,0,1300,56,4.31,114.0
28,7,0,0,0,0,1300,26,2.0,56.0
28,7,1,0,0,0,1300,71,5.46,26.0
28,7,2,0,0,0,1300,87,6.69,71.0
28,7,3,0,0,0,1300,26,2.0,87.0
28,7,4,0,0,0,1300,26,2.0,26.0
28,7,5,0,0,0,1300,47,3.62,26.0
28,7,6,0,0,0,1300,579,44.54,47.0
28,7,7,0,0,0,1300,567,43.62,579.0
28,7,8,0,0,1,1300,1093,84.08,567.0
28,7,9,0,0,1,1300,981,75.46,1093.0
28,7,10,0,0,0,1300,484,37.23,981.0
28,7,11,0,0,0,1300,474,36.46,484.0
28,7,12,0,0,0,1300,381,29.31,474.0
28,7,13,0,0,0,1300,405,31.15,381.0
28,7,14,0,0,0,1300,256,19.69,405.0
28,7,15,0,0,0,1300,375,28.85,256.0
28,7,16,0,0,0,1300,418,32.15,375.0
28,7,17,0,0,1,1300,922,70.92,418.0
28,7,18,0,0,1,1300,1085,83.46,922.0
28,7,19,0,0,1,1300,1038,79.85,1085.0
28,7,20,0,0,0,1300,680,52.31,1038.0
28,7,21,0,0,0,1300,228,17.54,680.0
28,7,22,0,0,0,1300,316,24.31,228.0
28,7,23,0,0,0,1300,300,23.08,316.0
29,7,0,1,0,0,1300,108,8.31,300.0
29,7,1,1,0,0,1300,26,2.0,108.0
29,7,2,1,0,0,1300,26,2.0,26.0
29,7,3,1,0,0,1300,64,4.92,26.0
29,7,4,1,0,0,1300,33,2.54,64.0
29,7,5,1,0,0,1300,67,5.15,33.0
29,7,6,1,0,0,1300,656,50.46,67.0
29,7,7,1,0,0,1300,493,37.92,656.0
29,7,8,1,0,1,1300,1078,82.92,493.0
29,7,9,1,0,1,1300,1176,90.46,1078.0
29,7,10,1,0,0,1300,441,33.92,1176.0
29,7,11,1,0,0,1300,482,37.08,441.0
29,7,12,1,0,0,1300,493,37.92,482.0
29,7,13,1,0,0,1300,370,28.46,493.0
29,7,14,1,0,0,1300,502,38.62,370.0
29,7,15,1,0,0,1300,405,31.15,502.0
29,7,16,1,0,0,1300,303,23.31,405.0
29,7,17,1,0,1,1300,1092,84.0,303.0
29,7,18,1,0,1,1300,1056,81.23,1092.0
29,7,19,1,0,1,1300,1074,82.62,1056.0
29,7,20,1,0,0,1300,748,57.54,1074.0
29,7,21,1,0,0,1300,262,20.15,748.0
29,7,22,1,0,0,1300,131,10.08,262.0
29,7,23,1,0,0,1300,201,15.46,131.0
0,8,0,0,0,0,1800,150,8.33,150.0
0,8,1,0,0,0,1800,87,4.83,150.0
0,8,2,0,0,0,1800,36,2.0,87.0
0,8,3,0,0,0,1800,36,2.0,36.0
0,8,4,0,0,0,1800,171,9.5,36.0
0,8,5,0,0,0,1800,214,11.89,171.0
0,8,6,0,0,0,1800,833,46.28,214.0
0,8,7,0,0,0,1800,815,45.28,833.0
0,8,8,0,0,1,1800,1326,73.67,815.0
0,8,9,0,0,1,1800,1232,68.44,1326.0
0,8,10,0,0,0,1800,609,33.83,1232.0
0,8,11,0,0,0,1800,560,31.11,609.0
0,8,12,0,0,0,1800,560,31.11,560.0
0,8,13,0,0,0,1800,664,36.89,560.0
0,8,14,0,0,0,1800,545,30.28,664.0
0,8,15,0,0,0,1800,571,31.72,545.0
0,8,16,0,0,0,1800,508,28.22,571.0
0,8,17,0,0,1,1800,1166,64.78,508.0
0,8,18,0,0,1,1800,1403,77.94,1166.0
0,8,19,0,0,1,1800,1404,78.0,1403.0
0,8,20,0,0,0,1800,999,55.5,1404.0
0,8,21,0,0,0,1800,250,13.89,999.0
0,8,22,0,0,0,1800,295,16.39,250.0
0,8,23,0,0,0,1800,401,22.28,295.0
1,8,0,1,0,0,1800,82,4.56,401.0
1,8,1,1,0,0,1800,36,2.0,82.0
1,8,2,1,0,0,1800,202,11.22,36.0
1,8,3,1,0,0,1800,36,2.0,202.0
1,8,4,1,0,0,1800,142,7.89,36.0
1,8,5,1,0,0,1800,36,2.0,142.0
1,8,6,1,0,0,1800,716,39.78,36.0
1,8,7,1,0,0,1800,673,37.39,716.0
1,8,8,1,0,1,1800,1279,71.06,673.0
1,8,9,1,0,1,1800,1251,69.5,1279.0
1,8,10,1,0,0,1800,479,26.61,1251.0
1,8,11,1,0,0,1800,561,31.17,479.0
1,8,12,1,0,0,1800,548,30.44,561.0
1,8,13,1,0,0,1800,645,35.83,548.0
1,8,14,1,0,0,1800,636,35.33,645.0
1,8,15,1,0,0,1800,610,33.89,636.0
1,8,16,1,0,0,1800,454,25.22,610.0
1,8,17,1,0,1,1800,1627,90.39,454.0
1,8,18,1,0,1,1800,1464,81.33,1627.0
1,8,19,1,0,1,1800,1433,79.61,1464.0
1,8,20,1,0,0,1800,1188,66.0,1433.0
1,8,21,1,0,0,1800,276,15.33,1188.0
1,8,22,1,0,0,1800,211,11.72,276.0
1,8,23,1,0,0,1800,274,15.22,211.0
2,8,0,2,0,0,1800,112,6.22,274.0
2,8,1,2,0,0,1800,36,2.0,112.0
2,8,2,2,0,0,1800,97,5.39,36.0
2,8,3,2,0,0,1800,137,7.61,97.0
2,8,4,2,0,0,1800,122,6.78,137.0
2,8,5,2,0,0,1800,89,4.94,122.0
2,8,6,2,0,0,1800,890,49.44,89.0
2,8,7,2,0,0,1800,719,39.94,890.0
2,8,8,2,0,1,1800,1597,88.72,719.0
2,8,9,2,0,1,1800,1516,84.22,1597.0
2,8,10,2,0,0,1800,587,32.61,1516.0
2,8,11,2,0,0,1800,663,36.83,587.0
2,8,12,2,0,0,1800,634,35.22,663.0
2,8,13,2,0,0,1800,578,32.11,634.0
2,8,14,2,0,0,1800,630,35.0,578.0
2,8,15,2,0,0,1800,454,25.22,630.0
2,8,16,2,0,0,1800,729,40.5,454.0
2,8,17,2,0,1,1800,1370,76.11,729.0
2,8,18,2,0,1,1800,1515,84.17,1370.0
2,8,19,2,0,1,1800,1644,91.33,1515.0
2,8,20,2,0,0,1800,1063,59.06,1644.0
2,8,21,2,0,0,1800,421,23.39,1063.0
2,8,22,2,0,0,1800,429,23.83,421.0
2,8,23,2,0,0,1800,330,18.33,429.0
3,8,0,3,0,0,1800,102,5.67,330.0
3,8,1,3,0,0,1800,268,14.89,102.0
3,8,2,3,0,0,1800,75,4.17,268.0
3,8,3,3,0,0,1800,226,12.56,75.0
3,8,4,3,0,0,1800,36,2.0,226.0
3,8,5,3,0,0,1800,36,2.0,36.0
3,8,6,3,0,0,1800,801,44.5,36.0
3,8,7,3,0,0,1800,755,41.94,801.0
3,8,8,3,0,1,1800,1317,73.17,755.0
3,8,9,3,0,1,1800,1434,79.67,1317.0
3,8,10,3,0,0,1800,517,28.72,1434.0
3,8,11,3,0,0,1800,387,21.5,517.0
3,8,12,3,0,0,1800,485,26.94,387.0
3,8,13,3,0,0,1800,630,35.0,485.0
3,8,14,3,0,0,1800,540,30.0,630.0
3,8,15,3,0,0,1800,692,38.44,540.0
3,8,16,3,0,0,1800,554,30.78,692.0
3,8,17,3,0,1,1800,1497,83.17,554.0
3,8,18,3,0,1,1800,1493,82.94,1497.0
3,8,19,3,0,1,1800,1334,74.11,1493.0
3,8,20,3,0,0,1800,1193,66.28,1334.0
3,8,21,3,0,0,1800,430,23.89,1193.0
3,8,22,3,0,0,1800,348,19.33,430.0
3,8,23,3,0,0,1800,401,22.28,348.0
4,8,0,4,0,0,1800,133,7.39,401.0
4,8,1,4,0,0,1800,62,3.44,133.0
4,8,2,4,0,0,1800,118,6.56,62.0
4,8,3,4,0,0,1800,36,2.0,118.0
4,8,4,4,0,0,1800,166,9.22,36.0
4,8,5,4,0,0,1800,60,3.33,166.0
4,8,6,4,0,0,1800,762,42.33,60.0
4,8,7,4,0,0,1800,730,40.56,762.0
4,8,8,4,0,1,1800,1423,79.06,730.0
4,8,9,4,0,1,1800,1285,71.39,1423.0
4,8,10,4,0,0,1800,752,41.78,1285.0
4,8,11,4,0,0,1800,646,35.89,752.0
4,8,12,4,0,0,1800,682,37.89,646.0
4,8,13,4,0,0,1800,559,31.06,682.0
4,8,14,4,0,0,1800,685,38.06,559.0
4,8,15,4,0,0,1800,531,29.5,685.0
4,8,16,4,0,0,1800,585,32.5,531.0
4,8,17,4,0,1,1800,1515,84.17,585.0
4,8,18,4,0,1,1800,1475,81.94,1515.0
4,8,19,4,0,1,1800,1456,80.89,1475.0
4,8,20,4,0,0,1800,1098,61.0,1456.0
4,8,21,4,0,0,1800,330,18.33,1098.0
4,8,22,4,0,0,1800,320,17.78,330.0
4,8,23,4,0,0,1800,309,17.17,320.0
5,8,0,5,1,0,1800,90,5.0,309.0
5,8,1,5,1,0,1800,36,2.0,90.0
5,8,2,5,1,0,1800,54,3.0,36.0
5,8,3,5,1,0,1800,36,2.0,54.0
5,8,4,5,1,0,1800,145,8.06,36.0
5,8,5,5,1,0,1800,36,2.0,145.0
5,8,6,5,1,0,1800,589,32.72,36.0
5,8,7,5,1,0,1800,502,27.89,589.0
5,8,8,5,1,0,1800,731,40.61,502.0
5,8,9,5,1,0,1800,781,43.39,731.0
5,8,10,5,1,0,1800,594,33.0,781.0
5,8,11,5,1,0,1800,370,20.56,594.0
5,8,12,5,1,0,1800,358,19.89,370.0
5,8,13,5,1,0,1800,240,13.33,358.0
5,8,14,5,1,0,1800,131,7.28,240.0
5,8,15,5,1,0,1800,354,19.67,131.0
5,8,16,5,1,0,1800,311,17.28,354.0
5,8,17,5,1,0,1800,837,46.5,311.0
5,8,18,5,1,0,1800,910,50.56,837.0
5,8,19,5,1,0,1800,857,47.61,910.0
5,8,20,5,1,0,1800,636,35.33,857.0
5,8,21,5,1,0,1800,176,9.78,636.0
5,8,22,5,1,0,1800,317,17.61,176.0
5,8,23,5,1,0,1800,180,10.0,317.0
6,8,0,6,1,0,1800,36,2.0,180.0
6,8,1,6,1,0,1800,36,2.0,36.0
6,8,2,6,1,0,1800,46,2.56,36.0
6,8,3,6,1,0,1800,123,6.83,46.0
6,8,4,6,1,0,1800,36,2.0,123.0
6,8,5,6,1,0,1800,222,12.33,36.0
6,8,6,6,1,0,1800,407,22.61,222.0
6,8,7,6,1,0,1800,384,21.33,407.0
6,8,8,6,1,0,1800,734,40.78,384.0
6,8,9,6,1,0,1800,722,40.11,734.0
6,8,10,6,1,0,1800,256,14.22,722.0
6,8,11,6,1,0,1800,175,9.72,256.0
6,8,12,6,1,0,1800,234,13.0,175.0
6,8,13,6,1,0,1800,174,9.67,234.0
6,8,14,6,1,0,1800,192,10.67,174.0
6,8,15,6,1,0,1800,177,9.83,192.0
6,8,16,6,1,0,1800,386,21.44,177.0
6,8,17,6,1,0,1800,781,43.39,386.0
6,8,18,6,1,0,1800,876,48.67,781.0
6,8,19,6,1,0,1800,795,44.17,876.0
6,8,20,6,1,0,1800,582,32.33,795.0
6,8,21,6,1,0,1800,357,19.83,582.0
6,8,22,6,1,0,1800,153,8.5,357.0
6,8,23,6,1,0,1800,227,12.61,153.0
7,8,0,0,0,0,1800,135,7.5,227.0
7,8,1,0,0,0,1800,61,3.39,135.0
7,8,2,0,0,0,1800,81,4.5,61.0
7,8,3,0,0,0,1800,54,3.0,81.0
7,8,4,0,0,0,1800,62,3.44,54.0
7,8,5,0,0,0,1800,36,2.0,62.0
7,8,6,0,0,0,1800,817,45.39,36.0
7,8,7,0,0,0,1800,827,45.94,817.0
7,8,8,0,0,1,1800,1250,69.44,827.0
7,8,9,0,0,1,1800,1430,79.44,1250.0
7,8,10,0,0,0,1800,426,23.67,1430.0
7,8,11,0,0,0,1800,563,31.28,426.0
7,8,12,0,0,0,1800,569,31.61,563.0
7,8,13,0,0,0,1800,471,26.17,569.0
7,8,14,0,0,0,1800,597,33.17,471.0
7,8,15,0,0,0,1800,525,29.17,597.0
7,8,16,0,0,0,1800,607,33.72,525.0
7,8,17,0,0,1,1800,1349,74.94,607.0
7,8,18,0,0,1,1800,1297,72.06,1349.0
7,8,19,0,0,1,1800,1614,89.67,1297.0
7,8,20,0,0,0,1800,1047,58.17,1614.0
7,8,21,0,0,0,1800,456,25.33,1047.0
7,8,22,0,0,0,1800,303,16.83,456.0
7,8,23,0,0,0,1800,136,7.56,303.0
8,8,0,1,0,0,1800,205,11.39,136.0
8,8,1,1,0,0,1800,36,2.0,205.0
8,8,2,1,0,0,1800,141,7.83,36.0
8,8,3,1,0,0,1800,36,2.0,141.0
8,8,4,1,0,0,1800,36,2.0,36.0
8,8,5,1,0,0,1800,36,2.0,36.0
8,8,6,1,0,0,1800,733,40.72,36.0
8,8,7,1,0,0,1800,816,45.33,733.0
8,8,8,1,0,1,1800,1237,68.72,816.0
8,8,9,1,0,1,1800,1339,74.39,1237.0
8,8,10,1,0,0,1800,582,32.33,1339.0
8,8,11,1,0,0,1800,541,30.06,582.0
8,8,12,1,0,0,1800,568,31.56,541.0
8,8,13,1,0,0,1800,389,21.61,568.0
8,8,14,1,0,0,1800,619,34.39,389.0
8,8,15,1,0,0,1800,539,29.94,619.0
8,8,16,1,0,0,1800,685,38.06,539.0
8,8,17,1,0,1,1800,1449,80.5,685.0
8,8,18,1,0,1,1800,1467,81.5,1449.0
8,8,19,1,0,1,1800,1339,74.39,1467.0
8,8,20,1,0,0,1800,1133,62.94,1339.0
8,8,21,1,0,0,1800,344,19.11,1133.0
8,8,22,1,0,0,1800,276,15.33,344.0
8,8,23,1,0,0,1800,227,12.61,276.0
9,8,0,2,0,0,1800,36,2.0,227.0
9,8,1,2,0,0,1800,36,2.0,36.0
9,8,2,2,0,0,1800,93,5.17,36.0
9,8,3,2,0,0,1800,195,10.83,93.0
9,8,4,2,0,0,1800,113,6.28,195.0
9,8,5,2,0,0,1800,36,2.0,113.0
9,8,6,2,0,0,1800,796,44.22,36.0
9,8,7,2,0,0,1800,848,47.11,796.0
9,8,8,2,0,1,1800,1392,77.33,848.0
9,8,9,2,0,1,1800,1396,77.56,1392.0
9,8,10,2,0,0,1800,701,38.94,1396.0
9,8,11,2,0,0,1800,746,41.44,701.0
9,8,12,2,0,0,1800,691,38.39,746.0
9,8,13,2,0,0,1800,579,32.17,691.0
9,8,14,2,0,0,1800,533,29.61,579.0
9,8,15,2,0,0,1800,571,31.72,533.0
9,8,16,2,0,0,1800,626,34.78,571.0
9,8,17,2,0,1,1800,1462,81.22,626.0
9,8,18,2,0,1,1800,1496,83.11,1462.0
9,8,19,2,0,1,1800,1448,80.44,1496.0
9,8,20,2,0,0,1800,1184,65.78,1448.0
9,8,21,2,0,0,1800,126,7.0,1184.0
9,8,22,2,0,0,1800,266,14.78,126.0
9,8,23,2,0,0,1800,531,29.5,266.0
10,8,0,3,0,0,1800,178,9.89,531.0
10,8,1,3,0,0,1800,36,2.0,178.0
10,8,2,3,0,0,1800,114,6.33,36.0
10,8,3,3,0,0,1800,121,6.72,114.0
10,8,4,3,0,0,1800,134,7.44,121.0
10,8,5,3,0,0,1800,97,5.39,134.0
10,8,6,3,0,0,1800,839,46.61,97.0
10,8,7,3,0,0,1800,835,46.39,839.0
10,8,8,3,0,1,1800,1473,81.83,835.0
10,8,9,3,0,1,1800,1405,78.06,1473.0
10,8,10,3,0,0,1800,750,41.67,1405.0
10,8,11,3,0,0,1800,496,27.56,750.0
10,8,12,3,0,0,1800,487,27.06,496.0
10,8,13,3,0,0,1800,457,25.39,487.0
10,8,14,3,0,0,1800,555,30.83,457.0
10,8,15,3,0,0,1800,660,36.67,555.0
10,8,16,3,0,0,1800,525,29.17,660.0
10,8,17,3,0,1,1800,1457,80.94,525.0
10,8,18,3,0,1,1800,1479,82.17,1457.0
10,8,19,3,0,1,1800,1386,77.0,1479.0
10,8,20,3,0,0,1800,926,51.44,1386.0
10,8,21,3,0,0,1800,292,16.22,926.0
10,8,22,3,0,0,1800,204,11.33,292.0
10,8,23,3,0,0,1800,520,28.89,204.0
11,8,0,4,0,0,1800,36,2.0,520.0
11,8,1,4,0,0,1800,364,20.22,36.0
11,8,2,4,0,0,1800,52,2.89,364.0
11,8,3,4,0,0,1800,36,2.0,52.0
11,8,4,4,0,0,1800,57,3.17,36.0
11,8,5,4,0,0,1800,36,2.0,57.0
11,8,6,4,0,0,1800,850,47.22,36.0
11,8,7,4,0,0,1800,671,37.28,850.0
11,8,8,4,0,1,1800,1384,76.89,671.0
11,8,9,4,0,1,1800,1498,83.22,1384.0
11,8,10,4,0,0,1800,396,22.0,1498.0
11,8,11,4,0,0,1800,663,36.83,396.0
11,8,12,4,0,0,1800,558,31.0,663.0
11,8,13,4,0,0,1800,542,30.11,558.0
11,8,14,4,0,0,1800,594,33.0,542.0
11,8,15,4,0,0,1800,682,37.89,594.0
11,8,16,4,0,0,1800,310,17.22,682.0
11,8,17,4,0,1,1800,1457,80.94,310.0
11,8,18,4,0,1,1800,1426,79.22,1457.0
11,8,19,4,0,1,1800,1476,82.0,1426.0
11,8,20,4,0,0,1800,873,48.5,1476.0
11,8,21,4,0,0,1800,428,23.78,873.0
11,8,22,4,0,0,1800,335,18.61,428.0
11,8,23,4,0,0,1800,368,20.44,335.0
12,8,0,5,1,0,1800,125,6.94,368.0
12,8,1,5,1,0,1800,219,12.17,125.0
12,8,2,5,1,0,1800,36,2.0,219.0
12,8,3,5,1,0,1800,36,2.0,36.0
12,8,4,5,1,0,1800,36,2.0,36.0
12,8,5,5,1,0,1800,36,2.0,36.0
12,8,6,5,1,0,1800,270,15.0,36.0
12,8,7,5,1,0,1800,465,25.83,270.0
12,8,8,5,1,0,1800,766,42.56,465.0
12,8,9,5,1,0,1800,833,46.28,766.0
12,8,10,5,1,0,1800,379,21.06,833.0
12,8,11,5,1,0,1800,258,14.33,379.0
12,8,12,5,1,0,1800,335,18.61,258.0
12,8,13,5,1,0,1800,356,19.78,335.0
12,8,14,5,1,0,1800,284,15.78,356.0
12,8,15,5,1,0,1800,390,21.67,284.0
12,8,16,5,1,0,1800,201,11.17,390.0
12,8,17,5,1,0,1800,801,44.5,201.0
12,8,18,5,1,0,1800,918,51.0,801.0
12,8,19,5,1,0,1800,931,51.72,918.0
12,8,20,5,1,0,1800,513,28.5,931.0
12,8,21,5,1,0,1800,157,8.72,513.0
12,8,22,5,1,0,1800,93,5.17,157.0
12,8,23,5,1,0,1800,221,12.28,93.0
13,8,0,6,1,0,1800,36,2.0,221.0
13,8,1,6,1,0,1800,104,5.78,36.0
13,8,2,6,1,0,1800,151,8.39,104.0
13,8,3,6,1,0,1800,36,2.0,151.0
13,8,4,6,1,0,1800,36,2.0,36.0
13,8,5,6,1,0,1800,105,5.83,36.0
13,8,6,6,1,0,1800,553,30.72,105.0
13,8,7,6,1,0,1800,435,24.17,553.0
13,8,8,6,1,0,1800,816,45.33,435.0
13,8,9,6,1,0,1800,681,37.83,816.0
13,8,10,6,1,0,1800,243,13.5,681.0
13,8,11,6,1,0,1800,359,19.94,243.0
13,8,12,6,1,0,1800,308,17.11,359.0
13,8,13,6,1,0,1800,235,13.06,308.0
13,8,14,6,1,0,1800,211,11.72,235.0
13,8,15,6,1,0,1800,386,21.44,211.0
13,8,16,6,1,0,1800,333,18.5,386.0
13,8,17,6,1,0,1800,809,44.94,333.0
13,8,18,6,1,0,1800,897,49.83,809.0
13,8,19,6,1,0,1800,711,39.5,897.0
13,8,20,6,1,0,1800,585,32.5,711.0
13,8,21,6,1,0,1800,36,2.0,585.0
13,8,22,6,1,0,1800,361,20.06,36.0
13,8,23,6,1,0,1800,243,13.5,361.0
14,8,0,0,0,0,1800,79,4.39,243.0
14,8,1,0,0,0,1800,50,2.78,79.0
14,8,2,0,0,0,1800,174,9.67,50.0
14,8,3,0,0,0,1800,36,2.0,174.0
14,8,4,0,0,0,1800,85,4.72,36.0
14,8,5,0,0,0,1800,57,3.17,85.0
14,8,6,0,0,0,1800,875,48.61,57.0
14,8,7,0,0,0,1800,856,47.56,875.0
14,8,8,0,0,1,1800,1363,75.72,856.0
14,8,9,0,0,1,1800,1358,75.44,1363.0
14,8,10,0,0,0,1800,536,29.78,1358.0
14,8,11,0,0,0,1800,551,30.61,536.0
14,8,12,0,0,0,1800,604,33.56,551.0
14,8,13,0,0,0,1800,634,35.22,604.0
14,8,14,0,0,0,1800,500,27.78,634.0
14,8,15,0,0,0,1800,459,25.5,500.0
14,8,16,0,0,0,1800,689,38.28,459.0
14,8,17,0,0,1,1800,1535,85.28,689.0
14,8,18,0,0,1,1800,1438,79.89,1535.0
14,8,19,0,0,1,1800,1481,82.28,1438.0
14,8,20,0,0,0,1800,854,47.44,1481.0
14,8,21,0,0,0,1800,329,18.28,854.0
14,8,22,0,0,0,1800,121,6.72,329.0
14,8,23,0,0,0,1800,333,18.5,121.0
15,8,0,1,0,0,1800,184,10.22,333.0
15,8,1,1,0,0,1800,164,9.11,184.0
15,8,2,1,0,0,1800,187,10.39,164.0
15,8,3,1,0,0,1800,234,13.0,187.0
15,8,4,1,0,0,1800,103,5.72,234.0
15,8,5,1,0,0,1800,88,4.89,103.0
15,8,6,1,0,0,1800,751,41.72,88.0
15,8,7,1,0,0,1800,867,48.17,751.0
15,8,8,1,0,1,1800,1378,76.56,867.0
15,8,9,1,0,1,1800,1487,82.61,1378.0
15,8,10,1,0,0,1800,661,36.72,1487.0
15,8,11,1,0,0,1800,536,29.78,661.0
15,8,12,1,0,0,1800,320,17.78,536.0
15,8,13,1,0,0,1800,547,30.39,320.0
15,8,14,1,0,0,1800,537,29.83,547.0
15,8,15,1,0,0,1800,580,32.22,537.0
15,8,16,1,0,0,1800,708,39.33,580.0
15,8,17,1,0,1,1800,1458,81.0,708.0
15,8,18,1,0,1,1800,1579,87.72,1458.0
15,8,19,1,0,1,1800,1487,82.61,1579.0
15,8,20,1,0,0,1800,1079,59.94,1487.0
15,8,21,1,0,0,1800,254,14.11,1079.0
15,8,22,1,0,0,1800,451,25.06,254.0
15,8,23,1,0,0,1800,449,24.94,451.0
16,8,0,2,0,0,1800,73,4.06,449.0
16,8,1,2,0,0,1800,122,6.78,73.0
16,8,2,2,0,0,1800,57,3.17,122.0
16,8,3,2,0,0,1800,100,5.56,57.0
16,8,4,2,0,0,1800,84,4.67,100.0
16,8,5,2,0,0,1800,36,2.0,84.0
16,8,6,2,0,0,1800,763,42.39,36.0
16,8,7,2,0,0,1800,842,46.78,763.0
16,8,8,2,0,1,1800,1301,72.28,842.0
16,8,9,2,0,1,1800,1363,75.72,1301.0
16,8,10,2,0,0,1800,398,22.11,1363.0
16,8,11,2,0,0,1800,576,32.0,398.0
16,8,12,2,0,0,1800,671,37.28,576.0
16,8,13,2,0,0,1800,570,31.67,671.0
16,8,14,2,0,0,1800,623,34.61,570.0
16,8,15,2,0,0,1800,477,26.5,623.0
16,8,16,2,0,0,1800,424,23.56,477.0
16,8,17,2,0,1,1800,1682,93.44,424.0
16,8,18,2,0,1,1800,1305,72.5,1682.0
16,8,19,2,0,1,1800,1425,79.17,1305.0
16,8,20,2,0,0,1800,1151,63.94,1425.0
16,8,21,2,0,0,1800,433,24.06,1151.0
16,8,22,2,0,0,1800,331,18.39,433.0
16,8,23,2,0,0,1800,367,20.39,331.0
17,8,0,3,0,0,1800,215,11.94,367.0
17,8,1,3,0,0,1800,79,4.39,215.0
17,8,2,3,0,0,1800,36,2.0,79.0
17,8,3,3,0,0,1800,46,2.56,36.0
17,8,4,3,0,0,1800,186,10.33,46.0
17,8,5,3,0,0,1800,287,15.94,186.0
17,8,6,3,0,0,1800,702,39.0,287.0
17,8,7,3,0,0,1800,793,44.06,702.0
17,8,8,3,0,1,1800,1434,79.67,793.0
17,8,9,3,0,1,1800,1362,75.67,1434.0
17,8,10,3,0,0,1800,550,30.56,1362.0
17,8,11,3,0,0,1800,612,34.0,550.0
17,8,12,3,0,0,1800,644,35.78,612.0
17,8,13,3,0,0,1800,532,29.56,644.0
17,8,14,3,0,0,1800,526,29.22,532.0
17,8,15,3,0,0,1800,445,24.72,526.0
17,8,16,3,0,0,1800,359,19.94,445.0
17,8,17,3,0,1,1800,1411,78.39,359.0
17,8,18,3,0,1,1800,1342,74.56,1411.0
17,8,19,3,0,1,1800,1295,71.94,1342.0
17,8,20,3,0,0,1800,1188,66.0,1295.0
17,8,21,3,0,0,1800,199,11.06,1188.0
17,8,22,3,0,0,1800,413,22.94,199.0
17,8,23,3,0,0,1800,335,18.61,413.0
18,8,0,4,0,0,1800,36,2.0,335.0
18,8,1,4,0,0,1800,120,6.67,36.0
18,8,2,4,0,0,1800,93,5.17,120.0
18,8,3,4,0,0,1800,219,12.17,93.0
18,8,4,4,0,0,1800,36,2.0,219.0
18,8,5,4,0,0,1800,63,3.5,36.0
18,8,6,4,0,0,1800,719,39.94,63.0
18,8,7,4,0,0,1800,942,52.33,719.0
18,8,8,4,0,1,1800,1393,77.39,942.0
18,8,9,4,0,1,1800,1409,78.28,1393.0
18,8,10,4,0,0,1800,448,24.89,1409.0
18,8,11,4,0,0,1800,499,27.72,448.0
18,8,12,4,0,0,1800,547,30.39,499.0
18,8,13,4,0,0,1800,631,35.06,547.0
18,8,14,4,0,0,1800,668,37.11,631.0
18,8,15,4,0,0,1800,696,38.67,668.0
18,8,16,4,0,0,1800,546,30.33,696.0
18,8,17,4,0,1,1800,1316,73.11,546.0
18,8,18,4,0,1,1800,1502,83.44,1316.0
18,8,19,4,0,1,1800,1258,69.89,1502.0
18,8,20,4,0,0,1800,951,52.83,1258.0
18,8,21,4,0,0,1800,112,6.22,951.0
18,8,22,4,0,0,1800,190,10.56,112.0
18,8,23,4,0,0,1800,220,12.22,190.0
19,8,0,5,1,0,1800,87,4.83,220.0
19,8,1,5,1,0,1800,218,12.11,87.0
19,8,2,5,1,0,1800,36,2.0,218.0
19,8,3,5,1,0,1800,36,2.0,36.0
19,8,4,5,1,0,1800,36,2.0,36.0
19,8,5,5,1,0,1800,83,4.61,36.0
19,8,6,5,1,0,1800,404,22.44,83.0
19,8,7,5,1,0,1800,313,17.39,404.0
19,8,8,5,1,0,1800,750,41.67,313.0
19,8,9,5,1,0,1800,732,40.67,750.0
19,8,10,5,1,0,1800,264,14.67,732.0
19,8,11,5,1,0,1800,390,21.67,264.0
19,8,12,5,1,0,1800,210,11.67,390.0
19,8,13,5,1,0,1800,353,19.61,210.0
19,8,14,5,1,0,1800,309,17.17,353.0
19,8,15,5,1,0,1800,188,10.44,309.0
19,8,16,5,1,0,1800,142,7.89,188.0
19,8,17,5,1,0,1800,811,45.06,142.0
19,8,18,5,1,0,1800,769,42.72,811.0
19,8,19,5,1,0,1800,855,47.5,769.0
19,8,20,5,1,0,1800,340,18.89,855.0
19,8,21,5,1,0,1800,227,12.61,340.0
19,8,22,5,1,0,1800,91,5.06,227.0
19,8,23,5,1,0,1800,170,9.44,91.0
20,8,0,6,1,0,1800,178,9.89,170.0
20,8,1,6,1,0,1800,36,2.0,178.0
20,8,2,6,1,0,1800,69,3.83,36.0
20,8,3,6,1,0,1800,139,7.72,69.0
20,8,4,6,1,0,1800,51,2.83,139.0
20,8,5,6,1,0,1800,221,12.28,51.0
20,8,6,6,1,0,1800,350,19.44,221.0
20,8,7,6,1,0,1800,465,25.83,350.0
20,8,8,6,1,0,1800,794,44.11,465.0
20,8,9,6,1,0,1800,833,46.28,794.0
20,8,10,6,1,0,1800,291,16.17,833.0
20,8,11,6,1,0,1800,276,15.33,291.0
20,8,12,6,1,0,1800,340,18.89,276.0
20,8,13,6,1,0,1800,301,16.72,340.0
20,8,14,6,1,0,1800,229,12.72,301.0
20,8,15,6,1,0,1800,353,19.61,229.0
20,8,16,6,1,0,1800,268,14.89,353.0
20,8,17,6,1,0,1800,695,38.61,268.0
20,8,18,6,1,0,1800,819,45.5,695.0
20,8,19,6,1,0,1800,747,41.5,819.0
20,8,20,6,1,0,1800,509,28.28,747.0
20,8,21,6,1,0,1800,194,10.78,509.0
20,8,22,6,1,0,1800,36,2.0,194.0
20,8,23,6,1,0,1800,40,2.22,36.0
21,8,0,0,0,0,1800,36,2.0,40.0
21,8,1,0,0,0,1800,78,4.33,36.0
21,8,2,0,0,0,1800,36,2.0,78.0
21,8,3,0,0,0,1800,36,2.0,36.0
21,8,4,0,0,0,1800,125,6.94,36.0
21,8,5,0,0,0,1800,41,2.28,125.0
21,8,6,0,0,0,1800,617,34.28,41.0
21,8,7,0,0,0,1800,840,46.67,617.0
21,8,8,0,0,1,1800,1425,79.17,840.0
21,8,9,0,0,1,1800,1317,73.17,1425.0
21,8,10,0,0,0,1800,673,37.39,1317.0
21,8,11,0,0,0,1800,530,29.44,673.0
21,8,12,0,0,0,1800,593,32.94,530.0
21,8,13,0,0,0,1800,474,26.33,593.0
21,8,14,0,0,0,1800,475,26.39,474.0
21,8,15,0,0,0,1800,483,26.83,475.0
21,8,16,0,0,0,1800,722,40.11,483.0
21,8,17,0,0,1,1800,1413,78.5,722.0
21,8,18,0,0,1,1800,1450,80.56,1413.0
21,8,19,0,0,1,1800,1490,82.78,1450.0
21,8,20,0,0,0,1800,1125,62.5,1490.0
21,8,21,0,0,0,1800,439,24.39,1125.0
21,8,22,0,0,0,1800,313,17.39,439.0
21,8,23,0,0,0,1800,304,16.89,313.0
22,8,0,1,0,0,1800,93,5.17,304.0
22,8,1,1,0,0,1800,36,2.0,93.0
22,8,2,1,0,0,1800,275,15.28,36.0
22,8,3,1,0,0,1800,36,2.0,275.0
22,8,4,1,0,0,1800,49,2.72,36.0
22,8,5,1,0,0,1800,65,3.61,49.0
22,8,6,1,0,0,1800,743,41.28,65.0
22,8,7,1,0,0,1800,937,52.06,743.0
22,8,8,1,0,1,1800,1313,72.94,937.0
22,8,9,1,0,1,1800,1241,68.94,1313.0
22,8,10,1,0,0,1800,669,37.17,1241.0
22,8,11,1,0,0,1800,557,30.94,669.0
22,8,12,1,0,0,1800,640,35.56,557.0
22,8,13,1,0,0,1800,604,33.56,640.0
22,8,14,1,0,0,1800,621,34.5,604.0
22,8,15,1,0,0,1800,521,28.94,621.0
22,8,16,1,0,0,1800,632,35.11,521.0
22,8,17,1,0,1,1800,1457,80.94,632.0
22,8,18,1,0,1,1800,1644,91.33,1457.0
22,8,19,1,0,1,1800,1387,77.06,1644.0
22,8,20,1,0,0,1800,1249,69.39,1387.0
22,8,21,1,0,0,1800,308,17.11,1249.0
22,8,22,1,0,0,1800,344,19.11,308.0
22,8,23,1,0,0,1800,276,15.33,344.0
23,8,0,2,0,0,1800,36,2.0,276.0
23,8,1,2,0,0,1800,36,2.0,36.0
23,8,2,2,0,0,1800,156,8.67,36.0
23,8,3,2,0,0,1800,94,5.22,156.0
23,8,4,2,0,0,1800,109,6.06,94.0
23,8,5,2,0,0,1800,36,2.0,109.0
23,8,6,2,0,0,1800,726,40.33,36.0
23,8,7,2,0,0,1800,951,52.83,726.0
23,8,8,2,0,1,1800,1223,67.94,951.0
23,8,9,2,0,1,1800,1323,73.5,1223.0
23,8,10,2,0,0,1800,584,32.44,1323.0
23,8,11,2,0,0,1800,487,27.06,584.0
23,8,12,2,0,0,1800,693,38.5,487.0
23,8,13,2,0,0,1800,739,41.06,693.0
23,8,14,2,0,0,1800,675,37.5,739.0
23,8,15,2,0,0,1800,588,32.67,675.0
23,8,16,2,0,0,1800,586,32.56,588.0
23,8,17,2,0,1,1800,1396,77.56,586.0
23,8,18,2,0,1,1800,1651,91.72,1396.0
23,8,19,2,0,1,1800,1494,83.0,1651.0
23,8,20,2,0,0,1800,860,47.78,1494.0
23,8,21,2,0,0,1800,556,30.89,860.0
23,8,22,2,0,0,1800,389,21.61,556.0
23,8,23,2,0,0,1800,460,25.56,389.0
24,8,0,3,0,0,1800,61,3.39,460.0
24,8,1,3,0,0,1800,152,8.44,61.0
24,8,2,3,0,0,1800,121,6.72,152.0
24,8,3,3,0,0,1800,128,7.11,121.0
24,8,4,3,0,0,1800,117,6.5,128.0
24,8,5,3,0,0,1800,105,5.83,117.0
24,8,6,3,0,0,1800,788,43.78,105.0
24,8,7,3,0,0,1800,865,48.06,788.0
24,8,8,3,0,1,1800,1393,77.39,865.0
24,8,9,3,0,1,1800,1483,82.39,1393.0
24,8,10,3,0,0,1800,647,35.94,1483.0
24,8,11,3,0,0,1800,574,31.89,647.0
24,8,12,3,0,0,1800,597,33.17,574.0
24,8,13,3,0,0,1800,560,31.11,597.0
24,8,14,3,0,0,1800,578,32.11,560.0
24,8,15,3,0,0,1800,407,22.61,578.0
24,8,16,3,0,0,1800,555,30.83,407.0
24,8,17,3,0,1,1800,1370,76.11,555.0
24,8,18,3,0,1,1800,1412,78.44,1370.0
24,8,19,3,0,1,1800,1460,81.11,1412.0
24,8,20,3,0,0,1800,1069,59.39,1460.0
24,8,21,3,0,0,1800,347,19.28,1069.0
24,8,22,3,0,0,1800,319,17.72,347.0
24,8,23,3,0,0,1800,310,17.22,319.0
25,8,0,4,0,0,1800,169,9.39,310.0
25,8,1,4,0,0,1800,36,2.0,169.0
25,8,2,4,0,0,1800,202,11.22,36.0
25,8,3,4,0,0,1800,74,4.11,202.0
25,8,4,4,0,0,1800,132,7.33,74.0
25,8,5,4,0,0,1800,68,3.78,132.0
25,8,6,4,0,0,1800,699,38.83,68.0
25,8,7,4,0,0,1800,905,50.28,699.0
25,8,8,4,0,1,1800,1303,72.39,905.0
25,8,9,4,0,1,1800,1399,77.72,1303.0
25,8,10,4,0,0,1800,618,34.33,1399.0
25,8,11,4,0,0,1800,623,34.61,618.0
25,8,12,4,0,0,1800,602,33.44,623.0
25,8,13,4,0,0,1800,522,29.0,602.0
25,8,14,4,0,0,1800,591,32.83,522.0
25,8,15,4,0,0,1800,573,31.83,591.0
25,8,16,4,0,0,1800,477,26.5,573.0
25,8,17,4,0,1,1800,1512,84.0,477.0
25,8,18,4,0,1,1800,1493,82.94,1512.0
25,8,19,4,0,1,1800,1316,73.11,1493.0
25,8,20,4,0,0,1800,1086,60.33,1316.0
25,8,21,4,0,0,1800,332,18.44,1086.0
25,8,22,4,0,0,1800,304,16.89,332.0
25,8,23,4,0,0,1800,233,12.94,304.0
26,8,0,5,1,0,1800,164,9.11,233.0
26,8,1,5,1,0,1800,36,2.0,164.0
26,8,2,5,1,0,1800,36,2.0,36.0
26,8,3,5,1,0,1800,94,5.22,36.0
26,8,4,5,1,0,1800,36,2.0,94.0
26,8,5,5,1,0,1800,36,2.0,36.0
26,8,6,5,1,0,1800,450,25.0,36.0
26,8,7,5,1,0,1800,278,15.44,450.0
26,8,8,5,1,0,1800,864,48.0,278.0
26,8,9,5,1,0,1800,773,42.94,864.0
26,8,10,5,1,0,1800,418,23.22,773.0
26,8,11,5,1,0,1800,174,9.67,418.0
26,8,12,5,1,0,1800,378,21.0,174.0
26,8,13,5,1,0,1800,363,20.17,378.0
26,8,14,5,1,0,1800,379,21.06,363.0
26,8,15,5,1,0,1800,424,23.56,379.0
26,8,16,5,1,0,1800,350,19.44,424.0
26,8,17,5,1,0,1800,818,45.44,350.0
26,8,18,5,1,0,1800,936,52.0,818.0
26,8,19,5,1,0,1800,819,45.5,936.0
26,8,20,5,1,0,1800,544,30.22,819.0
26,8,21,5,1,0,1800,267,14.83,544.0
26,8,22,5,1,0,1800,233,12.94,267.0
26,8,23,5,1,0,1800,62,3.44,233.0
27,8,0,6,1,0,1800,36,2.0,62.0
27,8,1,6,1,0,1800,36,2.0,36.0
27,8,2,6,1,0,1800,36,2.0,36.0
27,8,3,6,1,0,1800,36,2.0,36.0
27,8,4,6,1,0,1800,195,10.83,36.0
27,8,5,6,1,0,1800,252,14.0,195.0
27,8,6,6,1,0,1800,445,24.72,252.0
27,8,7,6,1,0,1800,404,22.44,445.0
27,8,8,6,1,0,1800,779,43.28,404.0
27,8,9,6,1,0,1800,805,44.72,779.0
27,8,10,6,1,0,1800,189,10.5,805.0
27,8,11,6,1,0,1800,279,15.5,189.0
27,8,12,6,1,0,1800,520,28.89,279.0
27,8,13,6,1,0,1800,157,8.72,520.0
27,8,14,6,1,0,1800,389,21.61,157.0
27,8,15,6,1,0,1800,231,12.83,389.0
27,8,16,6,1,0,1800,310,17.22,231.0
27,8,17,6,1,0,1800,849,47.17,310.0
27,8,18,6,1,0,1800,738,41.0,849.0
27,8,19,6,1,0,1800,683,37.94,738.0
27,8,20,6,1,0,1800,556,30.89,683.0
27,8,21,6,1,0,1800,154,8.56,556.0
27,8,22,6,1,0,1800,36,2.0,154.0
27,8,23,6,1,0,1800,267,14.83,36.0
28,8,0,0,0,0,1800,36,2.0,267.0
28,8,1,0,0,0,1800,36,2.0,36.0
28,8,2,0,0,0,1800,120,6.67,36.0
28,8,3,0,0,0,1800,36,2.0,120.0
28,8,4,0,0,0,1800,67,3.72,36.0
28,8,5,0,0,0,1800,106,5.89,67.0
28,8,6,0,0,0,1800,859,47.72,106.0
28,8,7,0,0,0,1800,906,50.33,859.0
28,8,8,0,0,1,1800,1241,68.94,906.0
28,8,9,0,0,1,1800,1191,66.17,1241.0
28,8,10,0,0,0,1800,550,30.56,1191.0
28,8,11,0,0,0,1800,614,34.11,550.0
28,8,12,0,0,0,1800,555,30.83,614.0
28,8,13,0,0,0,1800,660,36.67,555.0
28,8,14,0,0,0,1800,708,39.33,660.0
28,8,15,0,0,0,1800,515,28.61,708.0
28,8,16,0,0,0,1800,611,33.94,515.0
28,8,17,0,0,1,1800,1399,77.72,611.0
28,8,18,0,0,1,1800,1278,71.0,1399.0
28,8,19,0,0,1,1800,1487,82.61,1278.0
28,8,20,0,0,0,1800,1015,56.39,1487.0
28,8,21,0,0,0,1800,431,23.94,1015.0
28,8,22,0,0,0,1800,343,19.06,431.0
28,8,23,0,0,0,1800,352,19.56,343.0
29,8,0,1,0,0,1800,36,2.0,352.0
29,8,1,1,0,0,1800,36,2.0,36.0
29,8,2,1,0,0,1800,184,10.22,36.0
29,8,3,1,0,0,1800,36,2.0,184.0
29,8,4,1,0,0,1800,36,2.0,36.0
29,8,5,1,0,0,1800,36,2.0,36.0
29,8,6,1,0,0,1800,704,39.11,36.0
29,8,7,1,0,0,1800,693,38.5,704.0
29,8,8,1,0,1,1800,1436,79.78,693.0
29,8,9,1,0,1,1800,1333,74.06,1436.0
29,8,10,1,0,0,1800,646,35.89,1333.0
29,8,11,1,0,0,1800,691,38.39,646.0
29,8,12,1,0,0,1800,502,27.89,691.0
29,8,13,1,0,0,1800,663,36.83,502.0
29,8,14,1,0,0,1800,487,27.06,663.0
29,8,15,1,0,0,1800,488,27.11,487.0
29,8,16,1,0,0,1800,543,30.17,488.0
29,8,17,1,0,1,1800,1420,78.89,543.0
29,8,18,1,0,1,1800,1525,84.72,1420.0
29,8,19,1,0,1,1800,1411,78.39,1525.0
29,8,20,1,0,0,1800,968,53.78,1411.0
29,8,21,1,0,0,1800,295,16.39,968.0
29,8,22,1,0,0,1800,296,16.44,295.0
29,8,23,1,0,0,1800,328,18.22,296.0
0,9,0,0,0,0,1000,21,2.1,21.0
0,9,1,0,0,0,1000,20,2.0,21.0
0,9,2,0,0,0,1000,20,2.0,20.0
0,9,3,0,0,0,1000,75,7.5,20.0
0,9,4,0,0,0,1000,63,6.3,75.0
0,9,5,0,0,0,1000,20,2.0,63.0
0,9,6,0,0,0,1000,450,45.0,20.0
0,9,7,0,0,0,1000,573,57.3,450.0
0,9,8,0,0,1,1000,769,76.9,573.0
0,9,9,0,0,1,1000,774,77.4,769.0
0,9,10,0,0,0,1000,255,25.5,774.0
0,9,11,0,0,0,1000,332,33.2,255.0
0,9,12,0,0,0,1000,272,27.2,332.0
0,9,13,0,0,0,1000,367,36.7,272.0
0,9,14,0,0,0,1000,290,29.0,367.0
0,9,15,0,0,0,1000,282,28.2,290.0
0,9,16,0,0,0,1000,403,40.3,282.0
0,9,17,0,0,1,1000,758,75.8,403.0
0,9,18,0,0,1,1000,813,81.3,758.0
0,9,19,0,0,1,1000,852,85.2,813.0
0,9,20,0,0,0,1000,612,61.2,852.0
0,9,21,0,0,0,1000,284,28.4,612.0
0,9,22,0,0,0,1000,200,20.0,284.0
0,9,23,0,0,0,1000,172,17.2,200.0
1,9,0,1,0,0,1000,49,4.9,172.0
1,9,1,1,0,0,1000,20,2.0,49.0
1,9,2,1,0,0,1000,39,3.9,20.0
1,9,3,1,0,0,1000,108,10.8,39.0
1,9,4,1,0,0,1000,97,9.7,108.0
1,9,5,1,0,0,1000,40,4.0,97.0
1,9,6,1,0,0,1000,422,42.2,40.0
1,9,7,1,0,0,1000,518,51.8,422.0
1,9,8,1,0,1,1000,849,84.9,518.0
1,9,9,1,0,1,1000,793,79.3,849.0
1,9,10,1,0,0,1000,319,31.9,793.0
1,9,11,1,0,0,1000,254,25.4,319.0
1,9,12,1,0,0,1000,333,33.3,254.0
1,9,13,1,0,0,1000,298,29.8,333.0
1,9,14,1,0,0,1000,241,24.1,298.0
1,9,15,1,0,0,1000,331,33.1,241.0
1,9,16,1,0,0,1000,226,22.6,331.0
1,9,17,1,0,1,1000,877,87.7,226.0
1,9,18,1,0,1,1000,745,74.5,877.0
1,9,19,1,0,1,1000,754,75.4,745.0
1,9,20,1,0,0,1000,452,45.2,754.0
1,9,21,1,0,0,1000,204,20.4,452.0
1,9,22,1,0,0,1000,226,22.6,204.0
1,9,23,1,0,0,1000,199,19.9,226.0
2,9,0,2,0,0,1000,20,2.0,199.0
2,9,1,2,0,0,1000,46,4.6,20.0
2,9,2,2,0,0,1000,20,2.0,46.0
2,9,3,2,0,0,1000,93,9.3,20.0
2,9,4,2,0,0,1000,41,4.1,93.0
2,9,5,2,0,0,1000,21,2.1,41.0
2,9,6,2,0,0,1000,454,45.4,21.0
2,9,7,2,0,0,1000,411,41.1,454.0
2,9,8,2,0,1,1000,733,73.3,411.0
2,9,9,2,0,1,1000,854,85.4,733.0
2,9,10,2,0,0,1000,314,31.4,854.0
2,9,11,2,0,0,1000,373,37.3,314.0
2,9,12,2,0,0,1000,347,34.7,373.0
2,9,13,2,0,0,1000,279,27.9,347.0
2,9,14,2,0,0,1000,327,32.7,279.0
2,9,15,2,0,0,1000,387,38.7,327.0
2,9,16,2,0,0,1000,312,31.2,387.0
2,9,17,2,0,1,1000,807,80.7,312.0
2,9,18,2,0,1,1000,781,78.1,807.0
2,9,19,2,0,1,1000,775,77.5,781.0
2,9,20,2,0,0,1000,615,61.5,775.0
2,9,21,2,0,0,1000,178,17.8,615.0
2,9,22,2,0,0,1000,207,20.7,178.0
2,9,23,2,0,0,1000,115,11.5,207.0
3,9,0,3,0,0,1000,32,3.2,115.0
3,9,1,3,0,0,1000,38,3.8,32.0
3,9,2,3,0,0,1000,55,5.5,38.0
3,9,3,3,0,0,1000,67,6.7,55.0
3,9,4,3,0,0,1000,124,12.4,67.0
3,9,5,3,0,0,1000,20,2.0,124.0
3,9,6,3,0,0,1000,400,40.0,20.0
3,9,7,3,0,0,1000,465,46.5,400.0
3,9,8,3,0,1,1000,694,69.4,465.0
3,9,9,3,0,1,1000,785,78.5,694.0
3,9,10,3,0,0,1000,343,34.3,785.0
3,9,11,3,0,0,1000,333,33.3,343.0
3,9,12,3,0,0,1000,278,27.8,333.0
3,9,13,3,0,0,1000,362,36.2,278.0
3,9,14,3,0,0,1000,328,32.8,362.0
3,9,15,3,0,0,1000,342,34.2,328.0
3,9,16,3,0,0,1000,254,25.4,342.0
3,9,17,3,0,1,1000,869,86.9,254.0
3,9,18,3,0,1,1000,736,73.6,869.0
3,9,19,3,0,1,1000,729,72.9,736.0
3,9,20,3,0,0,1000,586,58.6,729.0
3,9,21,3,0,0,1000,215,21.5,586.0
3,9,22,3,0,0,1000,256,25.6,215.0
3,9,23,3,0,0,1000,150,15.0,256.0
4,9,0,4,0,0,1000,106,10.6,150.0
4,9,1,4,0,0,1000,20,2.0,106.0
4,9,2,4,0,0,1000,20,2.0,20.0
4,9,3,4,0,0,1000,54,5.4,20.0
4,9,4,4,0,0,1000,49,4.9,54.0
4,9,5,4,0,0,1000,20,2.0,49.0
4,9,6,4,0,0,1000,391,39.1,20.0
4,9,7,4,0,0,1000,408,40.8,391.0
4,9,8,4,0,1,1000,686,68.6,408.0
4,9,9,4,0,1,1000,768,76.8,686.0
4,9,10,4,0,0,1000,316,31.6,768.0
4,9,11,4,0,0,1000,311,31.1,316.0
4,9,12,4,0,0,1000,318,31.8,311.0
4,9,13,4,0,0,1000,337,33.7,318.0
4,9,14,4,0,0,1000,264,26.4,337.0
4,9,15,4,0,0,1000,268,26.8,264.0
4,9,16,4,0,0,1000,329,32.9,268.0
4,9,17,4,0,1,1000,865,86.5,329.0
4,9,18,4,0,1,1000,845,84.5,865.0
4,9,19,4,0,1,1000,794,79.4,845.0
4,9,20,4,0,0,1000,594,59.4,794.0
4,9,21,4,0,0,1000,99,9.9,594.0
4,9,22,4,0,0,1000,158,15.8,99.0
4,9,23,4,0,0,1000,213,21.3,158.0
5,9,0,5,1,0,1000,20,2.0,213.0
5,9,1,5,1,0,1000,20,2.0,20.0
5,9,2,5,1,0,1000,23,2.3,20.0
5,9,3,5,1,0,1000,70,7.0,23.0
5,9,4,5,1,0,1000,20,2.0,70.0
5,9,5,5,1,0,1000,20,2.0,20.0
5,9,6,5,1,0,1000,275,27.5,20.0
5,9,7,5,1,0,1000,272,27.2,275.0
5,9,8,5,1,0,1000,475,47.5,272.0
5,9,9,5,1,0,1000,403,40.3,475.0
5,9,10,5,1,0,1000,226,22.6,403.0
5,9,11,5,1,0,1000,182,18.2,226.0
5,9,12,5,1,0,1000,141,14.1,182.0
5,9,13,5,1,0,1000,157,15.7,141.0
5,9,14,5,1,0,1000,205,20.5,157.0
5,9,15,5,1,0,1000,198,19.8,205.0
5,9,16,5,1,0,1000,156,15.6,198.0
5,9,17,5,1,0,1000,440,44.0,156.0
5,9,18,5,1,0,1000,438,43.8,440.0
5,9,19,5,1,0,1000,388,38.8,438.0
5,9,20,5,1,0,1000,305,30.5,388.0
5,9,21,5,1,0,1000,85,8.5,305.0
5,9,22,5,1,0,1000,37,3.7,85.0
5,9,23,5,1,0,1000,110,11.0,37.0
6,9,0,6,1,0,1000,20,2.0,110.0
6,9,1,6,1,0,1000,93,9.3,20.0
6,9,2,6,1,0,1000,20,2.0,93.0
6,9,3,6,1,0,1000,20,2.0,20.0
6,9,4,6,1,0,1000,20,2.0,20.0
6,9,5,6,1,0,1000,20,2.0,20.0
6,9,6,6,1,0,1000,117,11.7,20.0
6,9,7,6,1,0,1000,249,24.9,117.0
6,9,8,6,1,0,1000,390,39.0,249.0
6,9,9,6,1,0,1000,433,43.3,390.0
6,9,10,6,1,0,1000,145,14.5,433.0
6,9,11,6,1,0,1000,155,15.5,145.0
6,9,12,6,1,0,1000,207,20.7,155.0
6,9,13,6,1,0,1000,228,22.8,207.0
6,9,14,6,1,0,1000,152,15.2,228.0
6,9,15,6,1,0,1000,140,14.0,152.0
6,9,16,6,1,0,1000,213,21.3,140.0
6,9,17,6,1,0,1000,443,44.3,213.0
6,9,18,6,1,0,1000,423,42.3,443.0
6,9,19,6,1,0,1000,409,40.9,423.0
6,9,20,6,1,0,1000,355,35.5,409.0
6,9,21,6,1,0,1000,60,6.0,355.0
6,9,22,6,1,0,1000,138,13.8,60.0
6,9,23,6,1,0,1000,86,8.6,138.0
7,9,0,0,0,0,1000,147,14.7,86.0
7,9,1,0,0,0,1000,29,2.9,147.0
7,9,2,0,0,0,1000,61,6.1,29.0
7,9,3,0,0,0,1000,42,4.2,61.0
7,9,4,0,0,0,1000,20,2.0,42.0
7,9,5,0,0,0,1000,20,2.0,20.0
7,9,6,0,0,0,1000,472,47.2,20.0
7,9,7,0,0,0,1000,465,46.5,472.0
7,9,8,0,0,1,1000,765,76.5,465.0
7,9,9,0,0,1,1000,717,71.7,765.0
7,9,10,0,0,0,1000,319,31.9,717.0
7,9,11,0,0,0,1000,308,30.8,319.0
7,9,12,0,0,0,1000,297,29.7,308.0
7,9,13,0,0,0,1000,389,38.9,297.0
7,9,14,0,0,0,1000,392,39.2,389.0
7,9,15,0,0,0,1000,307,30.7,392.0
7,9,16,0,0,0,1000,289,28.9,307.0
7,9,17,0,0,1,1000,757,75.7,289.0
7,9,18,0,0,1,1000,792,79.2,757.0
7,9,19,0,0,1,1000,793,79.3,792.0
7,9,20,0,0,0,1000,632,63.2,793.0
7,9,21,0,0,0,1000,121,12.1,632.0
7,9,22,0,0,0,1000,238,23.8,121.0
7,9,23,0,0,0,1000,150,15.0,238.0
8,9,0,1,0,0,1000,25,2.5,150.0
8,9,1,1,0,0,1000,61,6.1,25.0
8,9,2,1,0,0,1000,49,4.9,61.0
8,9,3,1,0,0,1000,92,9.2,49.0
8,9,4,1,0,0,1000,35,3.5,92.0
8,9,5,1,0,0,1000,20,2.0,35.0
8,9,6,1,0,0,1000,477,47.7,20.0
8,9,7,1,0,0,1000,439,43.9,477.0
8,9,8,1,0,1,1000,819,81.9,439.0
8,9,9,1,0,1,1000,822,82.2,819.0
8,9,10,1,0,0,1000,266,26.6,822.0
8,9,11,1,0,0,1000,275,27.5,266.0
8,9,12,1,0,0,1000,326,32.6,275.0
8,9,13,1,0,0,1000,259,25.9,326.0
8,9,14,1,0,0,1000,308,30.8,259.0
8,9,15,1,0,0,1000,254,25.4,308.0
8,9,16,1,0,0,1000,318,31.8,254.0
8,9,17,1,0,1,1000,779,77.9,318.0
8,9,18,1,0,1,1000,876,87.6,779.0
8,9,19,1,0,1,1000,848,84.8,876.0
8,9,20,1,0,0,1000,629,62.9,848.0
8,9,21,1,0,0,1000,243,24.3,629.0
8,9,22,1,0,0,1000,143,14.3,243.0
8,9,23,1,0,0,1000,275,27.5,143.0
9,9,0,2,0,0,1000,56,5.6,275.0
9,9,1,2,0,0,1000,103,10.3,56.0
9,9,2,2,0,0,1000,48,4.8,103.0
9,9,3,2,0,0,1000,61,6.1,48.0
9,9,4,2,0,0,1000,133,13.3,61.0
9,9,5,2,0,0,1000,57,5.7,133.0
9,9,6,2,0,0,1000,475,47.5,57.0
9,9,7,2,0,0,1000,453,45.3,475.0
9,9,8,2,0,1,1000,785,78.5,453.0
9,9,9,2,0,1,1000,816,81.6,785.0
9,9,10,2,0,0,1000,428,42.8,816.0
9,9,11,2,0,0,1000,273,27.3,428.0
9,9,12,2,0,0,1000,337,33.7,273.0
9,9,13,2,0,0,1000,394,39.4,337.0
9,9,14,2,0,0,1000,315,31.5,394.0
9,9,15,2,0,0,1000,261,26.1,315.0
9,9,16,2,0,0,1000,268,26.8,261.0
9,9,17,2,0,1,1000,812,81.2,268.0
9,9,18,2,0,1,1000,873,87.3,812.0
9,9,19,2,0,1,1000,748,74.8,873.0
9,9,20,2,0,0,1000,529,52.9,748.0
9,9,21,2,0,0,1000,239,23.9,529.0
9,9,22,2,0,0,1000,139,13.9,239.0
9,9,23,2,0,0,1000,106,10.6,139.0
10,9,0,3,0,0,1000,20,2.0,106.0
10,9,1,3,0,0,1000,47,4.7,20.0
10,9,2,3,0,0,1000,38,3.8,47.0
10,9,3,3,0,0,1000,20,2.0,38.0
10,9,4,3,0,0,1000,37,3.7,20.0
10,9,5,3,0,0,1000,106,10.6,37.0
10,9,6,3,0,0,1000,496,49.6,106.0
10,9,7,3,0,0,1000,343,34.3,496.0
10,9,8,3,0,1,1000,705,70.5,343.0
10,9,9,3,0,1,1000,773,77.3,705.0
10,9,10,3,0,0,1000,328,32.8,773.0
10,9,11,3,0,0,1000,277,27.7,328.0
10,9,12,3,0,0,1000,324,32.4,277.0
10,9,13,3,0,0,1000,322,32.2,324.0
10,9,14,3,0,0,1000,295,29.5,322.0
10,9,15,3,0,0,1000,243,24.3,295.0
10,9,16,3,0,0,1000,307,30.7,243.0
10,9,17,3,0,1,1000,799,79.9,307.0
10,9,18,3,0,1,1000,733,73.3,799.0
10,9,19,3,0,1,1000,714,71.4,733.0
10,9,20,3,0,0,1000,614,61.4,714.0
10,9,21,3,0,0,1000,99,9.9,614.0
10,9,22,3,0,0,1000,162,16.2,99.0
10,9,23,3,0,0,1000,208,20.8,162.0
11,9,0,4,0,0,1000,145,14.5,208.0
11,9,1,4,0,0,1000,20,2.0,145.0
11,9,2,4,0,0,1000,127,12.7,20.0
11,9,3,4,0,0,1000,54,5.4,127.0
11,9,4,4,0,0,1000,124,12.4,54.0
11,9,5,4,0,0,1000,59,5.9,124.0
11,9,6,4,0,0,1000,498,49.8,59.0
11,9,7,4,0,0,1000,442,44.2,498.0
11,9,8,4,0,1,1000,821,82.1,442.0
11,9,9,4,0,1,1000,809,80.9,821.0
11,9,10,4,0,0,1000,292,29.2,809.0
11,9,11,4,0,0,1000,378,37.8,292.0
11,9,12,4,0,0,1000,289,28.9,378.0
11,9,13,4,0,0,1000,223,22.3,289.0
11,9,14,4,0,0,1000,405,40.5,223.0
11,9,15,4,0,0,1000,193,19.3,405.0
11,9,16,4,0,0,1000,272,27.2,193.0
11,9,17,4,0,1,1000,868,86.8,272.0
11,9,18,4,0,1,1000,882,88.2,868.0
11,9,19,4,0,1,1000,755,75.5,882.0
11,9,20,4,0,0,1000,528,52.8,755.0
11,9,21,4,0,0,1000,228,22.8,528.0
11,9,22,4,0,0,1000,130,13.0,228.0
11,9,23,4,0,0,1000,199,19.9,130.0
12,9,0,5,1,0,1000,109,10.9,199.0
12,9,1,5,1,0,1000,76,7.6,109.0
12,9,2,5,1,0,1000,54,5.4,76.0
12,9,3,5,1,0,1000,31,3.1,54.0
12,9,4,5,1,0,1000,32,3.2,31.0
12,9,5,5,1,0,1000,42,4.2,32.0
12,9,6,5,1,0,1000,229,22.9,42.0
12,9,7,5,1,0,1000,219,21.9,229.0
12,9,8,5,1,0,1000,444,44.4,219.0
12,9,9,5,1,0,1000,478,47.8,444.0
12,9,10,5,1,0,1000,103,10.3,478.0
12,9,11,5,1,0,1000,150,15.0,103.0
12,9,12,5,1,0,1000,206,20.6,150.0
12,9,13,5,1,0,1000,277,27.7,206.0
12,9,14,5,1,0,1000,162,16.2,277.0
12,9,15,5,1,0,1000,124,12.4,162.0
12,9,16,5,1,0,1000,245,24.5,124.0
12,9,17,5,1,0,1000,484,48.4,245.0
12,9,18,5,1,0,1000,466,46.6,484.0
12,9,19,5,1,0,1000,419,41.9,466.0
12,9,20,5,1,0,1000,376,37.6,419.0
12,9,21,5,1,0,1000,168,16.8,376.0
12,9,22,5,1,0,1000,111,11.1,168.0
12,9,23,5,1,0,1000,46,4.6,111.0
13,9,0,6,1,0,1000,20,2.0,46.0
13,9,1,6,1,0,1000,53,5.3,20.0
13,9,2,6,1,0,1000,60,6.0,53.0
13,9,3,6,1,0,1000,48,4.8,60.0
13,9,4,6,1,0,1000,20,2.0,48.0
13,9,5,6,1,0,1000,43,4.3,20.0
13,9,6,6,1,0,1000,192,19.2,43.0
13,9,7,6,1,0,1000,260,26.0,192.0
13,9,8,6,1,0,1000,492,49.2,260.0
13,9,9,6,1,0,1000,420,42.0,492.0
13,9,10,6,1,0,1000,240,24.0,420.0
13,9,11,6,1,0,1000,180,18.0,240.0
13,9,12,6,1,0,1000,180,18.0,180.0
13,9,13,6,1,0,1000,197,19.7,180.0
13,9,14,6,1,0,1000,206,20.6,197.0
13,9,15,6,1,0,1000,181,18.1,206.0
13,9,16,6,1,0,1000,108,10.8,181.0
13,9,17,6,1,0,1000,409,40.9,108.0
13,9,18,6,1,0,1000,442,44.2,409.0
13,9,19,6,1,0,1000,341,34.1,442.0
13,9,20,6,1,0,1000,331,33.1,341.0
13,9,21,6,1,0,1000,82,8.2,331.0
13,9,22,6,1,0,1000,106,10.6,82.0
13,9,23,6,1,0,1000,125,12.5,106.0
14,9,0,0,0,0,1000,101,10.1,125.0
14,9,1,0,0,0,1000,20,2.0,101.0
14,9,2,0,0,0,1000,61,6.1,20.0
14,9,3,0,0,0,1000,130,13.0,61.0
14,9,4,0,0,0,1000,20,2.0,130.0
14,9,5,0,0,0,1000,41,4.1,20.0
14,9,6,0,0,0,1000,415,41.5,41.0
14,9,7,0,0,0,1000,423,42.3,415.0
14,9,8,0,0,1,1000,726,72.6,423.0
14,9,9,0,0,1,1000,783,78.3,726.0
14,9,10,0,0,0,1000,272,27.2,783.0
14,9,11,0,0,0,1000,334,33.4,272.0
14,9,12,0,0,0,1000,345,34.5,334.0
14,9,13,0,0,0,1000,347,34.7,345.0
14,9,14,0,0,0,1000,233,23.3,347.0
14,9,15,0,0,0,1000,349,34.9,233.0
14,9,16,0,0,0,1000,284,28.4,349.0
14,9,17,0,0,1,1000,837,83.7,284.0
14,9,18,0,0,1,1000,800,80.0,837.0
14,9,19,0,0,1,1000,869,86.9,800.0
14,9,20,0,0,0,1000,485,48.5,869.0
14,9,21,0,0,0,1000,133,13.3,485.0
14,9,22,0,0,0,1000,210,21.0,133.0
14,9,23,0,0,0,1000,187,18.7,210.0
15,9,0,1,0,0,1000,34,3.4,187.0
15,9,1,1,0,0,1000,40,4.0,34.0
15,9,2,1,0,0,1000,62,6.2,40.0
15,9,3,1,0,0,1000,20,2.0,62.0
15,9,4,1,0,0,1000,28,2.8,20.0
15,9,5,1,0,0,1000,46,4.6,28.0
15,9,6,1,0,0,1000,340,34.0,46.0
15,9,7,1,0,0,1000,462,46.2,340.0
15,9,8,1,0,1,1000,756,75.6,462.0
15,9,9,1,0,1,1000,755,75.5,756.0
15,9,10,1,0,0,1000,313,31.3,755.0
15,9,11,1,0,0,1000,296,29.6,313.0
15,9,12,1,0,0,1000,374,37.4,296.0
15,9,13,1,0,0,1000,363,36.3,374.0
15,9,14,1,0,0,1000,334,33.4,363.0
15,9,15,1,0,0,1000,329,32.9,334.0
15,9,16,1,0,0,1000,387,38.7,329.0
15,9,17,1,0,1,1000,736,73.6,387.0
15,9,18,1,0,1,1000,827,82.7,736.0
15,9,19,1,0,1,1000,757,75.7,827.0
15,9,20,1,0,0,1000,546,54.6,757.0
15,9,21,1,0,0,1000,149,14.9,546.0
15,9,22,1,0,0,1000,148,14.8,149.0
15,9,23,1,0,0,1000,112,11.2,148.0
16,9,0,2,0,0,1000,55,5.5,112.0
16,9,1,2,0,0,1000,149,14.9,55.0
16,9,2,2,0,0,1000,70,7.0,149.0
16,9,3,2,0,0,1000,20,2.0,70.0
16,9,4,2,0,0,1000,53,5.3,20.0
16,9,5,2,0,0,1000,20,2.0,53.0
16,9,6,2,0,0,1000,434,43.4,20.0
16,9,7,2,0,0,1000,404,40.4,434.0
16,9,8,2,0,1,1000,651,65.1,404.0
16,9,9,2,0,1,1000,818,81.8,651.0
16,9,10,2,0,0,1000,347,34.7,818.0
16,9,11,2,0,0,1000,199,19.9,347.0
16,9,12,2,0,0,1000,231,23.1,199.0
16,9,13,2,0,0,1000,246,24.6,231.0
16,9,14,2,0,0,1000,326,32.6,246.0
16,9,15,2,0,0,1000,340,34.0,326.0
16,9,16,2,0,0,1000,372,37.2,340.0
16,9,17,2,0,1,1000,796,79.6,372.0
16,9,18,2,0,1,1000,851,85.1,796.0
16,9,19,2,0,1,1000,852,85.2,851.0
16,9,20,2,0,0,1000,628,62.8,852.0
16,9,21,2,0,0,1000,186,18.6,628.0
16,9,22,2,0,0,1000,191,19.1,186.0
16,9,23,2,0,0,1000,136,13.6,191.0
17,9,0,3,0,0,1000,20,2.0,136.0
17,9,1,3,0,0,1000,79,7.9,20.0
17,9,2,3,0,0,1000,49,4.9,79.0
17,9,3,3,0,0,1000,20,2.0,49.0
17,9,4,3,0,0,1000,43,4.3,20.0
17,9,5,3,0,0,1000,138,13.8,43.0
17,9,6,3,0,0,1000,436,43.6,138.0
17,9,7,3,0,0,1000,325,32.5,436.0
17,9,8,3,0,1,1000,680,68.0,325.0
17,9,9,3,0,1,1000,780,78.0,680.0
17,9,10,3,0,0,1000,254,25.4,780.0
17,9,11,3,0,0,1000,336,33.6,254.0
17,9,12,3,0,0,1000,311,31.1,336.0
17,9,13,3,0,0,1000,380,38.0,311.0
17,9,14,3,0,0,1000,321,32.1,380.0
17,9,15,3,0,0,1000,351,35.1,321.0
17,9,16,3,0,0,1000,273,27.3,351.0
17,9,17,3,0,1,1000,803,80.3,273.0
17,9,18,3,0,1,1000,854,85.4,803.0
17,9,19,3,0,1,1000,826,82.6,854.0
17,9,20,3,0,0,1000,652,65.2,826.0
17,9,21,3,0,0,1000,225,22.5,652.0
17,9,22,3,0,0,1000,145,14.5,225.0
17,9,23,3,0,0,1000,60,6.0,145.0
18,9,0,4,0,0,1000,65,6.5,60.0
18,9,1,4,0,0,1000,20,2.0,65.0
18,9,2,4,0,0,1000,20,2.0,20.0
18,9,3,4,0,0,1000,107,10.7,20.0
18,9,4,4,0,0,1000,64,6.4,107.0
18,9,5,4,0,0,1000,118,11.8,64.0
18,9,6,4,0,0,1000,462,46.2,118.0
18,9,7,4,0,0,1000,418,41.8,462.0
18,9,8,4,0,1,1000,725,72.5,418.0
18,9,9,4,0,1,1000,763,76.3,725.0
18,9,10,4,0,0,1000,295,29.5,763.0
18,9,11,4,0,0,1000,331,33.1,295.0
18,9,12,4,0,0,1000,334,33.4,331.0
18,9,13,4,0,0,1000,312,31.2,334.0
18,9,14,4,0,0,1000,258,25.8,312.0
18,9,15,4,0,0,1000,329,32.9,258.0
18,9,16,4,0,0,1000,262,26.2,329.0
18,9,17,4,0,1,1000,735,73.5,262.0
18,9,18,4,0,1,1000,913,91.3,735.0
18,9,19,4,0,1,1000,751,75.1,913.0
18,9,20,4,0,0,1000,530,53.0,751.0
18,9,21,4,0,0,1000,263,26.3,530.0
18,9,22,4,0,0,1000,179,17.9,263.0
18,9,23,4,0,0,1000,185,18.5,179.0
19,9,0,5,1,0,1000,151,15.1,185.0
19,9,1,5,1,0,1000,37,3.7,151.0
19,9,2,5,1,0,1000,20,2.0,37.0
19,9,3,5,1,0,1000,47,4.7,20.0
19,9,4,5,1,0,1000,20,2.0,47.0
19,9,5,5,1,0,1000,20,2.0,20.0
19,9,6,5,1,0,1000,226,22.6,20.0
19,9,7,5,1,0,1000,214,21.4,226.0
19,9,8,5,1,0,1000,417,41.7,214.0
19,9,9,5,1,0,1000,387,38.7,417.0
19,9,10,5,1,0,1000,172,17.2,387.0
19,9,11,5,1,0,1000,209,20.9,172.0
19,9,12,5,1,0,1000,115,11.5,209.0
19,9,13,5,1,0,1000,97,9.7,115.0
19,9,14,5,1,0,1000,270,27.0,97.0
19,9,15,5,1,0,1000,232,23.2,270.0
19,9,16,5,1,0,1000,175,17.5,232.0
19,9,17,5,1,0,1000,430,43.0,175.0
19,9,18,5,1,0,1000,403,40.3,430.0
19,9,19,5,1,0,1000,450,45.0,403.0
19,9,20,5,1,0,1000,390,39.0,450.0
19,9,21,5,1,0,1000,32,3.2,390.0
19,9,22,5,1,0,1000,78,7.8,32.0
19,9,23,5,1,0,1000,148,14.8,78.0
20,9,0,6,1,0,1000,20,2.0,148.0
20,9,1,6,1,0,1000,180,18.0,20.0
20,9,2,6,1,0,1000,20,2.0,180.0
20,9,3,6,1,0,1000,73,7.3,20.0
20,9,4,6,1,0,1000,33,3.3,73.0
20,9,5,6,1,0,1000,22,2.2,33.0
20,9,6,6,1,0,1000,211,21.1,22.0
20,9,7,6,1,0,1000,150,15.0,211.0
20,9,8,6,1,0,1000,351,35.1,150.0
20,9,9,6,1,0,1000,375,37.5,351.0
20,9,10,6,1,0,1000,113,11.3,375.0
20,9,11,6,1,0,1000,77,7.7,113.0
20,9,12,6,1,0,1000,195,19.5,77.0
20,9,13,6,1,0,1000,164,16.4,195.0
20,9,14,6,1,0,1000,172,17.2,164.0
20,9,15,6,1,0,1000,127,12.7,172.0
20,9,16,6,1,0,1000,235,23.5,127.0
20,9,17,6,1,0,1000,387,38.7,235.0
20,9,18,6,1,0,1000,541,54.1,387.0
20,9,19,6,1,0,1000,445,44.5,541.0
20,9,20,6,1,0,1000,281,28.1,445.0
20,9,21,6,1,0,1000,121,12.1,281.0
20,9,22,6,1,0,1000,62,6.2,121.0
20,9,23,6,1,0,1000,41,4.1,62.0
21,9,0,0,0,0,1000,103,10.3,41.0
21,9,1,0,0,0,1000,113,11.3,103.0
21,9,2,0,0,0,1000,94,9.4,113.0
21,9,3,0,0,0,1000,25,2.5,94.0
21,9,4,0,0,0,1000,20,2.0,25.0
21,9,5,0,0,0,1000,45,4.5,20.0
21,9,6,0,0,0,1000,487,48.7,45.0
21,9,7,0,0,0,1000,435,43.5,487.0
21,9,8,0,0,1,1000,753,75.3,435.0
21,9,9,0,0,1,1000,814,81.4,753.0
21,9,10,0,0,0,1000,300,30.0,814.0
21,9,11,0,0,0,1000,315,31.5,300.0
21,9,12,0,0,0,1000,351,35.1,315.0
21,9,13,0,0,0,1000,345,34.5,351.0
21,9,14,0,0,0,1000,303,30.3,345.0
21,9,15,0,0,0,1000,292,29.2,303.0
21,9,16,0,0,0,1000,396,39.6,292.0
21,9,17,0,0,1,1000,824,82.4,396.0
21,9,18,0,0,1,1000,796,79.6,824.0
21,9,19,0,0,1,1000,837,83.7,796.0
21,9,20,0,0,0,1000,527,52.7,837.0
21,9,21,0,0,0,1000,177,17.7,527.0
21,9,22,0,0,0,1000,112,11.2,177.0
21,9,23,0,0,0,1000,207,20.7,112.0
22,9,0,1,0,0,1000,60,6.0,207.0
22,9,1,1,0,0,1000,67,6.7,60.0
22,9,2,1,0,0,1000,49,4.9,67.0
22,9,3,1,0,0,1000,20,2.0,49.0
22,9,4,1,0,0,1000,61,6.1,20.0
22,9,5,1,0,0,1000,80,8.0,61.0
22,9,6,1,0,0,1000,556,55.6,80.0
22,9,7,1,0,0,1000,489,48.9,556.0
22,9,8,1,0,1,1000,700,70.0,489.0
22,9,9,1,0,1,1000,814,81.4,700.0
22,9,10,1,0,0,1000,332,33.2,814.0
22,9,11,1,0,0,1000,290,29.0,332.0
22,9,12,1,0,0,1000,370,37.0,290.0
22,9,13,1,0,0,1000,314,31.4,370.0
22,9,14,1,0,0,1000,234,23.4,314.0
22,9,15,1,0,0,1000,239,23.9,234.0
22,9,16,1,0,0,1000,277,27.7,239.0
22,9,17,1,0,1,1000,816,81.6,277.0
22,9,18,1,0,1,1000,920,92.0,816.0
22,9,19,1,0,1,1000,761,76.1,920.0
22,9,20,1,0,0,1000,572,57.2,761.0
22,9,21,1,0,0,1000,246,24.6,572.0
22,9,22,1,0,0,1000,163,16.3,246.0
22,9,23,1,0,0,1000,160,16.0,163.0
23,9,0,2,0,0,1000,20,2.0,160.0
23,9,1,2,0,0,1000,51,5.1,20.0
23,9,2,2,0,0,1000,20,2.0,51.0
23,9,3,2,0,0,1000,80,8.0,20.0
23,9,4,2,0,0,1000,74,7.4,80.0
23,9,5,2,0,0,1000,23,2.3,74.0
23,9,6,2,0,0,1000,490,49.0,23.0
23,9,7,2,0,0,1000,432,43.2,490.0
23,9,8,2,0,1,1000,733,73.3,432.0
23,9,9,2,0,1,1000,721,72.1,733.0
23,9,10,2,0,0,1000,313,31.3,721.0
23,9,11,2,0,0,1000,283,28.3,313.0
23,9,12,2,0,0,1000,254,25.4,283.0
23,9,13,2,0,0,1000,248,24.8,254.0
23,9,14,2,0,0,1000,226,22.6,248.0
23,9,15,2,0,0,1000,338,33.8,226.0
23,9,16,2,0,0,1000,365,36.5,338.0
23,9,17,2,0,1,1000,809,80.9,365.0
23,9,18,2,0,1,1000,805,80.5,809.0
23,9,19,2,0,1,1000,870,87.0,805.0
23,9,20,2,0,0,1000,550,55.0,870.0
23,9,21,2,0,0,1000,200,20.0,550.0
23,9,22,2,0,0,1000,214,21.4,200.0
23,9,23,2,0,0,1000,237,23.7,214.0
24,9,0,3,0,0,1000,57,5.7,237.0
24,9,1,3,0,0,1000,128,12.8,57.0
24,9,2,3,0,0,1000,66,6.6,128.0
24,9,3,3,0,0,1000,39,3.9,66.0
24,9,4,3,0,0,1000,115,11.5,39.0
24,9,5,3,0,0,1000,61,6.1,115.0
24,9,6,3,0,0,1000,523,52.3,61.0
24,9,7,3,0,0,1000,431,43.1,523.0
24,9,8,3,0,1,1000,767,76.7,431.0
24,9,9,3,0,1,1000,706,70.6,767.0
24,9,10,3,0,0,1000,377,37.7,706.0
24,9,11,3,0,0,1000,349,34.9,377.0
24,9,12,3,0,0,1000,340,34.0,349.0
24,9,13,3,0,0,1000,300,30.0,340.0
24,9,14,3,0,0,1000,234,23.4,300.0
24,9,15,3,0,0,1000,299,29.9,234.0
24,9,16,3,0,0,1000,311,31.1,299.0
24,9,17,3,0,1,1000,818,81.8,311.0
24,9,18,3,0,1,1000,724,72.4,818.0
24,9,19,3,0,1,1000,760,76.0,724.0
24,9,20,3,0,0,1000,601,60.1,760.0
24,9,21,3,0,0,1000,168,16.8,601.0
24,9,22,3,0,0,1000,211,21.1,168.0
24,9,23,3,0,0,1000,89,8.9,211.0
25,9,0,4,0,0,1000,60,6.0,89.0
25,9,1,4,0,0,1000,89,8.9,60.0
25,9,2,4,0,0,1000,83,8.3,89.0
25,9,3,4,0,0,1000,28,2.8,83.0
25,9,4,4,0,0,1000,119,11.9,28.0
25,9,5,4,0,0,1000,60,6.0,119.0
25,9,6,4,0,0,1000,455,45.5,60.0
25,9,7,4,0,0,1000,433,43.3,455.0
25,9,8,4,0,1,1000,793,79.3,433.0
25,9,9,4,0,1,1000,745,74.5,793.0
25,9,10,4,0,0,1000,384,38.4,745.0
25,9,11,4,0,0,1000,257,25.7,384.0
25,9,12,4,0,0,1000,310,31.0,257.0
25,9,13,4,0,0,1000,300,30.0,310.0
25,9,14,4,0,0,1000,269,26.9,300.0
25,9,15,4,0,0,1000,308,30.8,269.0
25,9,16,4,0,0,1000,381,38.1,308.0
25,9,17,4,0,1,1000,771,77.1,381.0
25,9,18,4,0,1,1000,786,78.6,771.0
25,9,19,4,0,1,1000,830,83.0,786.0
25,9,20,4,0,0,1000,596,59.6,830.0
25,9,21,4,0,0,1000,99,9.9,596.0
25,9,22,4,0,0,1000,181,18.1,99.0
25,9,23,4,0,0,1000,188,18.8,181.0
26,9,0,5,1,0,1000,73,7.3,188.0
26,9,1,5,1,0,1000,20,2.0,73.0
26,9,2,5,1,0,1000,20,2.0,20.0
26,9,3,5,1,0,1000,20,2.0,20.0
26,9,4,5,1,0,1000,20,2.0,20.0
26,9,5,5,1,0,1000,28,2.8,20.0
26,9,6,5,1,0,1000,299,29.9,28.0
26,9,7,5,1,0,1000,222,22.2,299.0
26,9,8,5,1,0,1000,396,39.6,222.0
26,9,9,5,1,0,1000,369,36.9,396.0
26,9,10,5,1,0,1000,163,16.3,369.0
26,9,11,5,1,0,1000,143,14.3,163.0
26,9,12,5,1,0,1000,141,14.1,143.0
26,9,13,5,1,0,1000,242,24.2,141.0
26,9,14,5,1,0,1000,119,11.9,242.0
26,9,15,5,1,0,1000,230,23.0,119.0
26,9,16,5,1,0,1000,101,10.1,230.0
26,9,17,5,1,0,1000,490,49.0,101.0
26,9,18,5,1,0,1000,414,41.4,490.0
26,9,19,5,1,0,1000,521,52.1,414.0
26,9,20,5,1,0,1000,275,27.5,521.0
26,9,21,5,1,0,1000,60,6.0,275.0
26,9,22,5,1,0,1000,159,15.9,60.0
26,9,23,5,1,0,1000,82,8.2,159.0
27,9,0,6,1,0,1000,20,2.0,82.0
27,9,1,6,1,0,1000,34,3.4,20.0
27,9,2,6,1,0,1000,20,2.0,34.0
27,9,3,6,1,0,1000,20,2.0,20.0
27,9,4,6,1,0,1000,20,2.0,20.0
27,9,5,6,1,0,1000,20,2.0,20.0
27,9,6,6,1,0,1000,193,19.3,20.0
27,9,7,6,1,0,1000,229,22.9,193.0
27,9,8,6,1,0,1000,379,37.9,229.0
27,9,9,6,1,0,1000,367,36.7,379.0
27,9,10,6,1,0,1000,117,11.7,367.0
27,9,11,6,1,0,1000,162,16.2,117.0
27,9,12,6,1,0,1000,226,22.6,162.0
27,9,13,6,1,0,1000,225,22.5,226.0
27,9,14,6,1,0,1000,110,11.0,225.0
27,9,15,6,1,0,1000,125,12.5,110.0
27,9,16,6,1,0,1000,176,17.6,125.0
27,9,17,6,1,0,1000,457,45.7,176.0
27,9,18,6,1,0,1000,470,47.0,457.0
27,9,19,6,1,0,1000,422,42.2,470.0
27,9,20,6,1,0,1000,236,23.6,422.0
27,9,21,6,1,0,1000,105,10.5,236.0
27,9,22,6,1,0,1000,122,12.2,105.0
27,9,23,6,1,0,1000,121,12.1,122.0
28,9,0,0,0,0,1000,83,8.3,121.0
28,9,1,0,0,0,1000,20,2.0,83.0
28,9,2,0,0,0,1000,20,2.0,20.0
28,9,3,0,0,0,1000,31,3.1,20.0
28,9,4,0,0,0,1000,20,2.0,31.0
28,9,5,0,0,0,1000,39,3.9,20.0
28,9,6,0,0,0,1000,525,52.5,39.0
28,9,7,0,0,0,1000,449,44.9,525.0
28,9,8,0,0,1,1000,765,76.5,449.0
28,9,9,0,0,1,1000,786,78.6,765.0
28,9,10,0,0,0,1000,239,23.9,786.0
28,9,11,0,0,0,1000,276,27.6,239.0
28,9,12,0,0,0,1000,307,30.7,276.0
28,9,13,0,0,0,1000,326,32.6,307.0
28,9,14,0,0,0,1000,369,36.9,326.0
28,9,15,0,0,0,1000,355,35.5,369.0
28,9,16,0,0,0,1000,340,34.0,355.0
28,9,17,0,0,1,1000,761,76.1,340.0
28,9,18,0,0,1,1000,791,79.1,761.0
28,9,19,0,0,1,1000,781,78.1,791.0
28,9,20,0,0,0,1000,675,67.5,781.0
28,9,21,0,0,0,1000,180,18.0,675.0
28,9,22,0,0,0,1000,222,22.2,180.0
28,9,23,0,0,0,1000,177,17.7,222.0
29,9,0,1,0,0,1000,27,2.7,177.0
29,9,1,1,0,0,1000,20,2.0,27.0
29,9,2,1,0,0,1000,140,14.0,20.0
29,9,3,1,0,0,1000,20,2.0,140.0
29,9,4,1,0,0,1000,69,6.9,20.0
29,9,5,1,0,0,1000,41,4.1,69.0
29,9,6,1,0,0,1000,359,35.9,41.0
29,9,7,1,0,0,1000,376,37.6,359.0
29,9,8,1,0,1,1000,741,74.1,376.0
29,9,9,1,0,1,1000,654,65.4,741.0
29,9,10,1,0,0,1000,329,32.9,654.0
29,9,11,1,0,0,1000,280,28.0,329.0
29,9,12,1,0,0,1000,361,36.1,280.0
29,9,13,1,0,0,1000,304,30.4,361.0
29,9,14,1,0,0,1000,348,34.8,304.0
29,9,15,1,0,0,1000,268,26.8,348.0
29,9,16,1,0,0,1000,375,37.5,268.0
29,9,17,1,0,1,1000,873,87.3,375.0
29,9,18,1,0,1,1000,884,88.4,873.0
29,9,19,1,0,1,1000,783,78.3,884.0
29,9,20,1,0,0,1000,490,49.0,783.0
29,9,21,1,0,0,1000,260,26.0,490.0
29,9,22,1,0,0,1000,199,19.9,260.0
29,9,23,1,0,0,1000,202,20.2,199.0
0,10,0,0,0,0,800,65,8.12,65.0
0,10,1,0,0,0,800,22,2.75,65.0
0,10,2,0,0,0,800,51,6.38,22.0
0,10,3,0,0,0,800,85,10.62,51.0
0,10,4,0,0,0,800,18,2.25,85.0
0,10,5,0,0,0,800,16,2.0,18.0
0,10,6,0,0,0,800,430,53.75,16.0
0,10,7,0,0,0,800,432,54.0,430.0
0,10,8,0,0,1,800,727,90.88,432.0
0,10,9,0,0,1,800,758,94.75,727.0
0,10,10,0,0,0,800,334,41.75,758.0
0,10,11,0,0,0,800,319,39.88,334.0
0,10,12,0,0,0,800,247,30.88,319.0
0,10,13,0,0,0,800,252,31.5,247.0
0,10,14,0,0,0,800,311,38.88,252.0
0,10,15,0,0,0,800,393,49.12,311.0
0,10,16,0,0,0,800,324,40.5,393.0
0,10,17,0,0,1,800,781,97.62,324.0
0,10,18,0,0,1,800,776,97.0,781.0
0,10,19,0,0,1,800,806,100.75,776.0
0,10,20,0,0,0,800,563,70.38,806.0
0,10,21,0,0,0,800,135,16.88,563.0
0,10,22,0,0,0,800,153,19.12,135.0
0,10,23,0,0,0,800,175,21.88,153.0
1,10,0,1,0,0,800,16,2.0,175.0
1,10,1,1,0,0,800,16,2.0,16.0
1,10,2,1,0,0,800,93,11.62,16.0
1,10,3,1,0,0,800,57,7.12,93.0
1,10,4,1,0,0,800,16,2.0,57.0
1,10,5,1,0,0,800,16,2.0,16.0
1,10,6,1,0,0,800,392,49.0,16.0
1,10,7,1,0,0,800,505,63.12,392.0
1,10,8,1,0,1,800,783,97.88,505.0
1,10,9,1,0,1,800,721,90.12,783.0
1,10,10,1,0,0,800,338,42.25,721.0
1,10,11,1,0,0,800,281,35.12,338.0
1,10,12,1,0,0,800,283,35.38,281.0
1,10,13,1,0,0,800,356,44.5,283.0
1,10,14,1,0,0,800,353,44.12,356.0
1,10,15,1,0,0,800,349,43.62,353.0
1,10,16,1,0,0,800,367,45.88,349.0
1,10,17,1,0,1,800,855,106.88,367.0
1,10,18,1,0,1,800,740,92.5,855.0
1,10,19,1,0,1,800,894,111.75,740.0
1,10,20,1,0,0,800,615,76.88,894.0
1,10,21,1,0,0,800,127,15.88,615.0
1,10,22,1,0,0,800,168,21.0,127.0
1,10,23,1,0,0,800,174,21.75,168.0
2,10,0,2,0,0,800,16,2.0,174.0
2,10,1,2,0,0,800,64,8.0,16.0
2,10,2,2,0,0,800,72,9.0,64.0
2,10,3,2,0,0,800,68,8.5,72.0
2,10,4,2,0,0,800,16,2.0,68.0
2,10,5,2,0,0,800,26,3.25,16.0
2,10,6,2,0,0,800,482,60.25,26.0
2,10,7,2,0,0,800,438,54.75,482.0
2,10,8,2,0,1,800,726,90.75,438.0
2,10,9,2,0,1,800,723,90.38,726.0
2,10,10,2,0,0,800,355,44.38,723.0
2,10,11,2,0,0,800,363,45.38,355.0
2,10,12,2,0,0,800,394,49.25,363.0
2,10,13,2,0,0,800,355,44.38,394.0
2,10,14,2,0,0,800,285,35.62,355.0
2,10,15,2,0,0,800,304,38.0,285.0
2,10,16,2,0,0,800,250,31.25,304.0
2,10,17,2,0,1,800,791,98.88,250.0
2,10,18,2,0,1,800,814,101.75,791.0
2,10,19,2,0,1,800,861,107.62,814.0
2,10,20,2,0,0,800,531,66.38,861.0
2,10,21,2,0,0,800,169,21.12,531.0
2,10,22,2,0,0,800,161,20.12,169.0
2,10,23,2,0,0,800,215,26.88,161.0
3,10,0,3,0,0,800,36,4.5,215.0
3,10,1,3,0,0,800,88,11.0,36.0
3,10,2,3,0,0,800,86,10.75,88.0
3,10,3,3,0,0,800,34,4.25,86.0
3,10,4,3,0,0,800,16,2.0,34.0
3,10,5,3,0,0,800,84,10.5,16.0
3,10,6,3,0,0,800,395,49.38,84.0
3,10,7,3,0,0,800,376,47.0,395.0
3,10,8,3,0,1,800,817,102.12,376.0
3,10,9,3,0,1,800,740,92.5,817.0
3,10,10,3,0,0,800,373,46.62,740.0
3,10,11,3,0,0,800,357,44.62,373.0
3,10,12,3,0,0,800,357,44.62,357.0
3,10,13,3,0,0,800,276,34.5,357.0
3,10,14,3,0,0,800,320,40.0,276.0
3,10,15,3,0,0,800,308,38.5,320.0
3,10,16,3,0,0,800,331,41.38,308.0
3,10,17,3,0,1,800,829,103.62,331.0
3,10,18,3,0,1,800,799,99.88,829.0
3,10,19,3,0,1,800,850,106.25,799.0
3,10,20,3,0,0,800,541,67.62,850.0
3,10,21,3,0,0,800,215,26.88,541.0
3,10,22,3,0,0,800,196,24.5,215.0
3,10,23,3,0,0,800,169,21.12,196.0
4,10,0,4,0,0,800,44,5.5,169.0
4,10,1,4,0,0,800,20,2.5,44.0
4,10,2,4,0,0,800,26,3.25,20.0
4,10,3,4,0,0,800,105,13.12,26.0
4,10,4,4,0,0,800,103,12.88,105.0
4,10,5,4,0,0,800,29,3.62,103.0
4,10,6,4,0,0,800,325,40.62,29.0
4,10,7,4,0,0,800,430,53.75,325.0
4,10,8,4,0,1,800,726,90.75,430.0
4,10,9,4,0,1,800,765,95.62,726.0
4,10,10,4,0,0,800,278,34.75,765.0
4,10,11,4,0,0,800,300,37.5,278.0
4,10,12,4,0,0,800,342,42.75,300.0
4,10,13,4,0,0,800,265,33.12,342.0
4,10,14,4,0,0,800,353,44.12,265.0
4,10,15,4,0,0,800,372,46.5,353.0
4,10,16,4,0,0,800,297,37.12,372.0
4,10,17,4,0,1,800,808,101.0,297.0
4,10,18,4,0,1,800,774,96.75,808.0
4,10,19,4,0,1,800,823,102.88,774.0
4,10,20,4,0,0,800,612,76.5,823.0
4,10,21,4,0,0,800,166,20.75,612.0
4,10,22,4,0,0,800,148,18.5,166.0
4,10,23,4,0,0,800,184,23.0,148.0
5,10,0,5,1,0,800,60,7.5,184.0
5,10,1,5,1,0,800,30,3.75,60.0
5,10,2,5,1,0,800,16,2.0,30.0
5,10,3,5,1,0,800,64,8.0,16.0
5,10,4,5,1,0,800,16,2.0,64.0
5,10,5,5,1,0,800,23,2.88,16.0
5,10,6,5,1,0,800,230,28.75,23.0
5,10,7,5,1,0,800,169,21.12,230.0
5,10,8,5,1,0,800,489,61.12,169.0
5,10,9,5,1,0,800,436,54.5,489.0
5,10,10,5,1,0,800,178,22.25,436.0
5,10,11,5,1,0,800,168,21.0,178.0
5,10,12,5,1,0,800,186,23.25,168.0
5,10,13,5,1,0,800,93,11.62,186.0
5,10,14,5,1,0,800,119,14.88,93.0
5,10,15,5,1,0,800,211,26.38,119.0
5,10,16,5,1,0,800,175,21.88,211.0
5,10,17,5,1,0,800,446,55.75,175.0
5,10,18,5,1,0,800,417,52.12,446.0
5,10,19,5,1,0,800,477,59.62,417.0
5,10,20,5,1,0,800,338,42.25,477.0
5,10,21,5,1,0,800,97,12.12,338.0
5,10,22,5,1,0,800,38,4.75,97.0
5,10,23,5,1,0,800,46,5.75,38.0
6,10,0,6,1,0,800,42,5.25,46.0
6,10,1,6,1,0,800,16,2.0,42.0
6,10,2,6,1,0,800,43,5.38,16.0
6,10,3,6,1,0,800,16,2.0,43.0
6,10,4,6,1,0,800,64,8.0,16.0
6,10,5,6,1,0,800,88,11.0,64.0
6,10,6,6,1,0,800,249,31.13,88.0
6,10,7,6,1,0,800,198,24.75,249.0
6,10,8,6,1,0,800,468,58.5,198.0
6,10,9,6,1,0,800,491,61.38,468.0
6,10,10,6,1,0,800,125,15.62,491.0
6,10,11,6,1,0,800,205,25.62,125.0
6,10,12,6,1,0,800,153,19.12,205.0
6,10,13,6,1,0,800,144,18.0,153.0
6,10,14,6,1,0,800,179,22.38,144.0
6,10,15,6,1,0,800,166,20.75,179.0
6,10,16,6,1,0,800,123,15.38,166.0
6,10,17,6,1,0,800,374,46.75,123.0
6,10,18,6,1,0,800,371,46.38,374.0
6,10,19,6,1,0,800,462,57.75,371.0
6,10,20,6,1,0,800,306,38.25,462.0
6,10,21,6,1,0,800,74,9.25,306.0
6,10,22,6,1,0,800,110,13.75,74.0
6,10,23,6,1,0,800,91,11.38,110.0
7,10,0,0,0,0,800,16,2.0,91.0
7,10,1,0,0,0,800,141,17.62,16.0
7,10,2,0,0,0,800,80,10.0,141.0
7,10,3,0,0,0,800,148,18.5,80.0
7,10,4,0,0,0,800,41,5.12,148.0
7,10,5,0,0,0,800,19,2.38,41.0
7,10,6,0,0,0,800,498,62.25,19.0
7,10,7,0,0,0,800,507,63.38,498.0
7,10,8,0,0,1,800,784,98.0,507.0
7,10,9,0,0,1,800,766,95.75,784.0
7,10,10,0,0,0,800,297,37.12,766.0
7,10,11,0,0,0,800,321,40.12,297.0
7,10,12,0,0,0,800,370,46.25,321.0
7,10,13,0,0,0,800,386,48.25,370.0
7,10,14,0,0,0,800,342,42.75,386.0
7,10,15,0,0,0,800,305,38.12,342.0
7,10,16,0,0,0,800,300,37.5,305.0
7,10,17,0,0,1,800,772,96.5,300.0
7,10,18,0,0,1,800,804,100.5,772.0
7,10,19,0,0,1,800,865,108.12,804.0
7,10,20,0,0,0,800,557,69.62,865.0
7,10,21,0,0,0,800,184,23.0,557.0
7,10,22,0,0,0,800,183,22.88,184.0
7,10,23,0,0,0,800,174,21.75,183.0
8,10,0,1,0,0,800,59,7.38,174.0
8,10,1,1,0,0,800,16,2.0,59.0
8,10,2,1,0,0,800,95,11.88,16.0
8,10,3,1,0,0,800,79,9.88,95.0
8,10,4,1,0,0,800,16,2.0,79.0
8,10,5,1,0,0,800,92,11.5,16.0
8,10,6,1,0,0,800,447,55.88,92.0
8,10,7,1,0,0,800,401,50.12,447.0
8,10,8,1,0,1,800,729,91.12,401.0
8,10,9,1,0,1,800,673,84.12,729.0
8,10,10,1,0,0,800,299,37.38,673.0
8,10,11,1,0,0,800,377,47.12,299.0
8,10,12,1,0,0,800,335,41.88,377.0
8,10,13,1,0,0,800,300,37.5,335.0
8,10,14,1,0,0,800,331,41.38,300.0
8,10,15,1,0,0,800,323,40.38,331.0
8,10,16,1,0,0,800,291,36.38,323.0
8,10,17,1,0,1,800,809,101.12,291.0
8,10,18,1,0,1,800,804,100.5,809.0
8,10,19,1,0,1,800,751,93.88,804.0
8,10,20,1,0,0,800,645,80.62,751.0
8,10,21,1,0,0,800,137,17.12,645.0
8,10,22,1,0,0,800,204,25.5,137.0
8,10,23,1,0,0,800,124,15.5,204.0
9,10,0,2,0,0,800,16,2.0,124.0
9,10,1,2,0,0,800,70,8.75,16.0
9,10,2,2,0,0,800,66,8.25,70.0
9,10,3,2,0,0,800,16,2.0,66.0
9,10,4,2,0,0,800,43,5.38,16.0
9,10,5,2,0,0,800,88,11.0,43.0
9,10,6,2,0,0,800,511,63.88,88.0
9,10,7,2,0,0,800,416,52.0,511.0
9,10,8,2,0,1,800,753,94.12,416.0
9,10,9,2,0,1,800,792,99.0,753.0
9,10,10,2,0,0,800,291,36.38,792.0
9,10,11,2,0,0,800,285,35.62,291.0
9,10,12,2,0,0,800,352,44.0,285.0
9,10,13,2,0,0,800,335,41.88,352.0
9,10,14,2,0,0,800,261,32.62,335.0
9,10,15,2,0,0,800,279,34.88,261.0
9,10,16,2,0,0,800,244,30.5,279.0
9,10,17,2,0,1,800,771,96.38,244.0
9,10,18,2,0,1,800,703,87.88,771.0
9,10,19,2,0,1,800,875,109.38,703.0
9,10,20,2,0,0,800,570,71.25,875.0
9,10,21,2,0,0,800,214,26.75,570.0
9,10,22,2,0,0,800,133,16.62,214.0
9,10,23,2,0,0,800,226,28.25,133.0
10,10,0,3,0,0,800,27,3.38,226.0
10,10,1,3,0,0,800,119,14.88,27.0
10,10,2,3,0,0,800,62,7.75,119.0
10,10,3,3,0,0,800,49,6.12,62.0
10,10,4,3,0,0,800,57,7.12,49.0
10,10,5,3,0,0,800,68,8.5,57.0
10,10,6,3,0,0,800,431,53.87,68.0
10,10,7,3,0,0,800,480,60.0,431.0
10,10,8,3,0,1,800,655,81.88,480.0
10,10,9,3,0,1,800,708,88.5,655.0
10,10,10,3,0,0,800,307,38.38,708.0
10,10,11,3,0,0,800,237,29.62,307.0
10,10,12,3,0,0,800,360,45.0,237.0
10,10,13,3,0,0,800,272,34.0,360.0
10,10,14,3,0,0,800,260,32.5,272.0
10,10,15,3,0,0,800,269,33.62,260.0
10,10,16,3,0,0,800,250,31.25,269.0
10,10,17,3,0,1,800,777,97.12,250.0
10,10,18,3,0,1,800,784,98.0,777.0
10,10,19,3,0,1,800,776,97.0,784.0
10,10,20,3,0,0,800,542,67.75,776.0
10,10,21,3,0,0,800,165,20.62,542.0
10,10,22,3,0,0,800,145,18.12,165.0
10,10,23,3,0,0,800,152,19.0,145.0
11,10,0,4,0,0,800,95,11.88,152.0
11,10,1,4,0,0,800,53,6.62,95.0
11,10,2,4,0,0,800,58,7.25,53.0
11,10,3,4,0,0,800,40,5.0,58.0
11,10,4,4,0,0,800,76,9.5,40.0
11,10,5,4,0,0,800,81,10.12,76.0
11,10,6,4,0,0,800,430,53.75,81.0
11,10,7,4,0,0,800,422,52.75,430.0
11,10,8,4,0,1,800,732,91.5,422.0
11,10,9,4,0,1,800,745,93.12,732.0
11,10,10,4,0,0,800,266,33.25,745.0
11,10,11,4,0,0,800,303,37.88,266.0
11,10,12,4,0,0,800,317,39.62,303.0
11,10,13,4,0,0,800,290,36.25,317.0
11,10,14,4,0,0,800,294,36.75,290.0
11,10,15,4,0,0,800,212,26.5,294.0
11,10,16,4,0,0,800,262,32.75,212.0
11,10,17,4,0,1,800,737,92.12,262.0
11,10,18,4,0,1,800,788,98.5,737.0
11,10,19,4,0,1,800,801,100.12,788.0
11,10,20,4,0,0,800,609,76.12,801.0
11,10,21,4,0,0,800,144,18.0,609.0
11,10,22,4,0,0,800,144,18.0,144.0
11,10,23,4,0,0,800,159,19.88,144.0
12,10,0,5,1,0,800,16,2.0,159.0
12,10,1,5,1,0,800,16,2.0,16.0
12,10,2,5,1,0,800,51,6.38,16.0
12,10,3,5,1,0,800,63,7.88,51.0
12,10,4,5,1,0,800,47,5.88,63.0
12,10,5,5,1,0,800,19,2.38,47.0
12,10,6,5,1,0,800,153,19.12,19.0
12,10,7,5,1,0,800,219,27.38,153.0
12,10,8,5,1,0,800,471,58.88,219.0
12,10,9,5,1,0,800,388,48.5,471.0
12,10,10,5,1,0,800,211,26.38,388.0
12,10,11,5,1,0,800,203,25.37,211.0
12,10,12,5,1,0,800,166,20.75,203.0
12,10,13,5,1,0,800,216,27.0,166.0
12,10,14,5,1,0,800,200,25.0,216.0
12,10,15,5,1,0,800,166,20.75,200.0
12,10,16,5,1,0,800,169,21.12,166.0
12,10,17,5,1,0,800,428,53.5,169.0
12,10,18,5,1,0,800,488,61.0,428.0
12,10,19,5,1,0,800,437,54.62,488.0
12,10,20,5,1,0,800,331,41.38,437.0
12,10,21,5,1,0,800,122,15.25,331.0
12,10,22,5,1,0,800,64,8.0,122.0
12,10,23,5,1,0,800,129,16.12,64.0
13,10,0,6,1,0,800,16,2.0,129.0
13,10,1,6,1,0,800,47,5.88,16.0
13,10,2,6,1,0,800,28,3.5,47.0
13,10,3,6,1,0,800,35,4.38,28.0
13,10,4,6,1,0,800,28,3.5,35.0
13,10,5,6,1,0,800,16,2.0,28.0
13,10,6,6,1,0,800,114,14.25,16.0
13,10,7,6,1,0,800,235,29.38,114.0
13,10,8,6,1,0,800,394,49.25,235.0
13,10,9,6,1,0,800,408,51.0,394.0
13,10,10,6,1,0,800,143,17.88,408.0
13,10,11,6,1,0,800,216,27.0,143.0
13,10,12,6,1,0,800,148,18.5,216.0
13,10,13,6,1,0,800,194,24.25,148.0
13,10,14,6,1,0,800,193,24.12,194.0
13,10,15,6,1,0,800,118,14.75,193.0
13,10,16,6,1,0,800,163,20.38,118.0
13,10,17,6,1,0,800,505,63.12,163.0
13,10,18,6,1,0,800,455,56.88,505.0
13,10,19,6,1,0,800,376,47.0,455.0
13,10,20,6,1,0,800,410,51.25,376.0
13,10,21,6,1,0,800,126,15.75,410.0
13,10,22,6,1,0,800,112,14.0,126.0
13,10,23,6,1,0,800,125,15.62,112.0
14,10,0,0,0,0,800,36,4.5,125.0
14,10,1,0,0,0,800,73,9.12,36.0
14,10,2,0,0,0,800,103,12.88,73.0
14,10,3,0,0,0,800,39,4.88,103.0
14,10,4,0,0,0,800,47,5.88,39.0
14,10,5,0,0,0,800,71,8.88,47.0
14,10,6,0,0,0,800,413,51.62,71.0
14,10,7,0,0,0,800,405,50.62,413.0
14,10,8,0,0,1,800,702,87.75,405.0
14,10,9,0,0,1,800,789,98.62,702.0
14,10,10,0,0,0,800,345,43.12,789.0
14,10,11,0,0,0,800,322,40.25,345.0
14,10,12,0,0,0,800,346,43.25,322.0
14,10,13,0,0,0,800,346,43.25,346.0
14,10,14,0,0,0,800,388,48.5,346.0
14,10,15,0,0,0,800,291,36.38,388.0
14,10,16,0,0,0,800,344,43.0,291.0
14,10,17,0,0,1,800,781,97.62,344.0
14,10,18,0,0,1,800,813,101.63,781.0
14,10,19,0,0,1,800,761,95.12,813.0
14,10,20,0,0,0,800,573,71.62,761.0
14,10,21,0,0,0,800,168,21.0,573.0
14,10,22,0,0,0,800,153,19.12,168.0
14,10,23,0,0,0,800,119,14.88,153.0
15,10,0,1,0,0,800,88,11.0,119.0
15,10,1,1,0,0,800,36,4.5,88.0
15,10,2,1,0,0,800,41,5.12,36.0
15,10,3,1,0,0,800,83,10.38,41.0
15,10,4,1,0,0,800,48,6.0,83.0
15,10,5,1,0,0,800,16,2.0,48.0
15,10,6,1,0,0,800,503,62.88,16.0
15,10,7,1,0,0,800,487,60.88,503.0
15,10,8,1,0,1,800,743,92.88,487.0
15,10,9,1,0,1,800,733,91.62,743.0
15,10,10,1,0,0,800,339,42.38,733.0
15,10,11,1,0,0,800,268,33.5,339.0
15,10,12,1,0,0,800,369,46.12,268.0
15,10,13,1,0,0,800,324,40.5,369.0
15,10,14,1,0,0,800,301,37.62,324.0
15,10,15,1,0,0,800,276,34.5,301.0
15,10,16,1,0,0,800,345,43.12,276.0
15,10,17,1,0,1,800,772,96.5,345.0
15,10,18,1,0,1,800,772,96.5,772.0
15,10,19,1,0,1,800,860,107.5,772.0
15,10,20,1,0,0,800,647,80.88,860.0
15,10,21,1,0,0,800,158,19.75,647.0
15,10,22,1,0,0,800,179,22.38,158.0
15,10,23,1,0,0,800,168,21.0,179.0
16,10,0,2,0,0,800,16,2.0,168.0
16,10,1,2,0,0,800,38,4.75,16.0
16,10,2,2,0,0,800,18,2.25,38.0
16,10,3,2,0,0,800,16,2.0,18.0
16,10,4,2,0,0,800,98,12.25,16.0
16,10,5,2,0,0,800,72,9.0,98.0
16,10,6,2,0,0,800,414,51.75,72.0
16,10,7,2,0,0,800,490,61.25,414.0
16,10,8,2,0,1,800,733,91.62,490.0
16,10,9,2,0,1,800,712,89.0,733.0
16,10,10,2,0,0,800,264,33.0,712.0
16,10,11,2,0,0,800,374,46.75,264.0
16,10,12,2,0,0,800,248,31.0,374.0
16,10,13,2,0,0,800,362,45.25,248.0
16,10,14,2,0,0,800,327,40.88,362.0
16,10,15,2,0,0,800,342,42.75,327.0
16,10,16,2,0,0,800,274,34.25,342.0
16,10,17,2,0,1,800,779,97.38,274.0
16,10,18,2,0,1,800,824,103.0,779.0
16,10,19,2,0,1,800,805,100.63,824.0
16,10,20,2,0,0,800,552,69.0,805.0
16,10,21,2,0,0,800,172,21.5,552.0
16,10,22,2,0,0,800,147,18.38,172.0
16,10,23,2,0,0,800,167,20.88,147.0
17,10,0,3,0,0,800,16,2.0,167.0
17,10,1,3,0,0,800,67,8.38,16.0
17,10,2,3,0,0,800,16,2.0,67.0
17,10,3,3,0,0,800,57,7.12,16.0
17,10,4,3,0,0,800,95,11.88,57.0
17,10,5,3,0,0,800,16,2.0,95.0
17,10,6,3,0,0,800,494,61.75,16.0
17,10,7,3,0,0,800,431,53.87,494.0
17,10,8,3,0,1,800,788,98.5,431.0
17,10,9,3,0,1,800,723,90.38,788.0
17,10,10,3,0,0,800,310,38.75,723.0
17,10,11,3,0,0,800,260,32.5,310.0
17,10,12,3,0,0,800,309,38.62,260.0
17,10,13,3,0,0,800,288,36.0,309.0
17,10,14,3,0,0,800,306,38.25,288.0
17,10,15,3,0,0,800,224,28.0,306.0
17,10,16,3,0,0,800,290,36.25,224.0
17,10,17,3,0,1,800,809,101.12,290.0
17,10,18,3,0,1,800,734,91.75,809.0
17,10,19,3,0,1,800,806,100.75,734.0
17,10,20,3,0,0,800,553,69.12,806.0
17,10,21,3,0,0,800,207,25.87,553.0
17,10,22,3,0,0,800,180,22.5,207.0
17,10,23,3,0,0,800,102,12.75,180.0
18,10,0,4,0,0,800,96,12.0,102.0
18,10,1,4,0,0,800,86,10.75,96.0
18,10,2,4,0,0,800,57,7.12,86.0
18,10,3,4,0,0,800,16,2.0,57.0
18,10,4,4,0,0,800,67,8.38,16.0
18,10,5,4,0,0,800,43,5.38,67.0
18,10,6,4,0,0,800,368,46.0,43.0
18,10,7,4,0,0,800,366,45.75,368.0
18,10,8,4,0,1,800,756,94.5,366.0
18,10,9,4,0,1,800,721,90.12,756.0
18,10,10,4,0,0,800,306,38.25,721.0
18,10,11,4,0,0,800,286,35.75,306.0
18,10,12,4,0,0,800,336,42.0,286.0
18,10,13,4,0,0,800,308,38.5,336.0
18,10,14,4,0,0,800,275,34.38,308.0
18,10,15,4,0,0,800,229,28.62,275.0
18,10,16,4,0,0,800,379,47.38,229.0
18,10,17,4,0,1,800,751,93.88,379.0
18,10,18,4,0,1,800,798,99.75,751.0
18,10,19,4,0,1,800,748,93.5,798.0
18,10,20,4,0,0,800,599,74.88,748.0
18,10,21,4,0,0,800,141,17.62,599.0
18,10,22,4,0,0,800,154,19.25,141.0
18,10,23,4,0,0,800,191,23.88,154.0
19,10,0,5,1,0,800,16,2.0,191.0
19,10,1,5,1,0,800,23,2.88,16.0
19,10,2,5,1,0,800,16,2.0,23.0
19,10,3,5,1,0,800,16,2.0,16.0
19,10,4,5,1,0,800,16,2.0,16.0
19,10,5,5,1,0,800,16,2.0,16.0
19,10,6,5,1,0,800,189,23.62,16.0
19,10,7,5,1,0,800,202,25.25,189.0
19,10,8,5,1,0,800,444,55.5,202.0
19,10,9,5,1,0,800,361,45.12,444.0
19,10,10,5,1,0,800,185,23.12,361.0
19,10,11,5,1,0,800,157,19.62,185.0
19,10,12,5,1,0,800,182,22.75,157.0
19,10,13,5,1,0,800,201,25.12,182.0
19,10,14,5,1,0,800,196,24.5,201.0
19,10,15,5,1,0,800,198,24.75,196.0
19,10,16,5,1,0,800,204,25.5,198.0
19,10,17,5,1,0,800,460,57.5,204.0
19,10,18,5,1,0,800,463,57.88,460.0
19,10,19,5,1,0,800,419,52.38,463.0
19,10,20,5,1,0,800,285,35.62,419.0
19,10,21,5,1,0,800,67,8.38,285.0
19,10,22,5,1,0,800,67,8.38,67.0
19,10,23,5,1,0,800,126,15.75,67.0
20,10,0,6,1,0,800,70,8.75,126.0
20,10,1,6,1,0,800,23,2.88,70.0
20,10,2,6,1,0,800,16,2.0,23.0
20,10,3,6,1,0,800,52,6.5,16.0
20,10,4,6,1,0,800,16,2.0,52.0
20,10,5,6,1,0,800,74,9.25,16.0
20,10,6,6,1,0,800,286,35.75,74.0
20,10,7,6,1,0,800,197,24.62,286.0
20,10,8,6,1,0,800,392,49.0,197.0
20,10,9,6,1,0,800,393,49.12,392.0
20,10,10,6,1,0,800,247,30.88,393.0
20,10,11,6,1,0,800,188,23.5,247.0
20,10,12,6,1,0,800,202,25.25,188.0
20,10,13,6,1,0,800,138,17.25,202.0
20,10,14,6,1,0,800,159,19.88,138.0
20,10,15,6,1,0,800,151,18.88,159.0
20,10,16,6,1,0,800,159,19.88,151.0
20,10,17,6,1,0,800,520,65.0,159.0
20,10,18,6,1,0,800,421,52.62,520.0
20,10,19,6,1,0,800,393,49.12,421.0
20,10,20,6,1,0,800,294,36.75,393.0
20,10,21,6,1,0,800,93,11.62,294.0
20,10,22,6,1,0,800,84,10.5,93.0
20,10,23,6,1,0,800,131,16.38,84.0
21,10,0,0,0,0,800,20,2.5,131.0
21,10,1,0,0,0,800,70,8.75,20.0
21,10,2,0,0,0,800,54,6.75,70.0
21,10,3,0,0,0,800,104,13.0,54.0
21,10,4,0,0,0,800,59,7.38,104.0
21,10,5,0,0,0,800,81,10.12,59.0
21,10,6,0,0,0,800,406,50.75,81.0
21,10,7,0,0,0,800,406,50.75,406.0
21,10,8,0,0,1,800,740,92.5,406.0
21,10,9,0,0,1,800,717,89.62,740.0
21,10,10,0,0,0,800,258,32.25,717.0
21,10,11,0,0,0,800,312,39.0,258.0
21,10,12,0,0,0,800,363,45.38,312.0
21,10,13,0,0,0,800,366,45.75,363.0
21,10,14,0,0,0,800,270,33.75,366.0
21,10,15,0,0,0,800,310,38.75,270.0
21,10,16,0,0,0,800,231,28.88,310.0
21,10,17,0,0,1,800,830,103.75,231.0
21,10,18,0,0,1,800,777,97.12,830.0
21,10,19,0,0,1,800,751,93.88,777.0
21,10,20,0,0,0,800,601,75.12,751.0
21,10,21,0,0,0,800,181,22.62,601.0
21,10,22,0,0,0,800,156,19.5,181.0
21,10,23,0,0,0,800,162,20.25,156.0
22,10,0,1,0,0,800,16,2.0,162.0
22,10,1,1,0,0,800,60,7.5,16.0
22,10,2,1,0,0,800,28,3.5,60.0
22,10,3,1,0,0,800,47,5.88,28.0
22,10,4,1,0,0,800,67,8.38,47.0
22,10,5,1,0,0,800,95,11.88,67.0
22,10,6,1,0,0,800,479,59.88,95.0
22,10,7,1,0,0,800,426,53.25,479.0
22,10,8,1,0,1,800,751,93.88,426.0
22,10,9,1,0,1,800,712,89.0,751.0
22,10,10,1,0,0,800,361,45.12,712.0
22,10,11,1,0,0,800,309,38.62,361.0
22,10,12,1,0,0,800,324,40.5,309.0
22,10,13,1,0,0,800,294,36.75,324.0
22,10,14,1,0,0,800,321,40.12,294.0
22,10,15,1,0,0,800,345,43.12,321.0
22,10,16,1,0,0,800,303,37.88,345.0
22,10,17,1,0,1,800,794,99.25,303.0
22,10,18,1,0,1,800,795,99.38,794.0
22,10,19,1,0,1,800,771,96.38,795.0
22,10,20,1,0,0,800,601,75.12,771.0
22,10,21,1,0,0,800,147,18.38,601.0
22,10,22,1,0,0,800,186,23.25,147.0
22,10,23,1,0,0,800,131,16.38,186.0
23,10,0,2,0,0,800,16,2.0,131.0
23,10,1,2,0,0,800,77,9.62,16.0
23,10,2,2,0,0,800,24,3.0,77.0
23,10,3,2,0,0,800,85,10.62,24.0
23,10,4,2,0,0,800,95,11.88,85.0
23,10,5,2,0,0,800,79,9.88,95.0
23,10,6,2,0,0,800,449,56.12,79.0
23,10,7,2,0,0,800,406,50.75,449.0
23,10,8,2,0,1,800,746,93.25,406.0
23,10,9,2,0,1,800,772,96.5,746.0
23,10,10,2,0,0,800,328,41.0,772.0
23,10,11,2,0,0,800,263,32.88,328.0
23,10,12,2,0,0,800,285,35.62,263.0
23,10,13,2,0,0,800,387,48.38,285.0
23,10,14,2,0,0,800,350,43.75,387.0
23,10,15,2,0,0,800,290,36.25,350.0
23,10,16,2,0,0,800,290,36.25,290.0
23,10,17,2,0,1,800,794,99.25,290.0
23,10,18,2,0,1,800,838,104.75,794.0
23,10,19,2,0,1,800,786,98.25,838.0
23,10,20,2,0,0,800,563,70.38,786.0
23,10,21,2,0,0,800,200,25.0,563.0
23,10,22,2,0,0,800,239,29.88,200.0
23,10,23,2,0,0,800,131,16.38,239.0
24,10,0,3,0,0,800,16,2.0,131.0
24,10,1,3,0,0,800,31,3.88,16.0
24,10,2,3,0,0,800,16,2.0,31.0
24,10,3,3,0,0,800,42,5.25,16.0
24,10,4,3,0,0,800,16,2.0,42.0
24,10,5,3,0,0,800,38,4.75,16.0
24,10,6,3,0,0,800,380,47.5,38.0
24,10,7,3,0,0,800,413,51.62,380.0
24,10,8,3,0,1,800,779,97.38,413.0
24,10,9,3,0,1,800,699,87.38,779.0
24,10,10,3,0,0,800,355,44.38,699.0
24,10,11,3,0,0,800,320,40.0,355.0
24,10,12,3,0,0,800,258,32.25,320.0
24,10,13,3,0,0,800,325,40.62,258.0
24,10,14,3,0,0,800,235,29.38,325.0
24,10,15,3,0,0,800,326,40.75,235.0
24,10,16,3,0,0,800,297,37.12,326.0
24,10,17,3,0,1,800,775,96.88,297.0
24,10,18,3,0,1,800,825,103.12,775.0
24,10,19,3,0,1,800,817,102.12,825.0
24,10,20,3,0,0,800,594,74.25,817.0
24,10,21,3,0,0,800,202,25.25,594.0
24,10,22,3,0,0,800,167,20.88,202.0
24,10,23,3,0,0,800,175,21.88,167.0
25,10,0,4,0,0,800,89,11.12,175.0
25,10,1,4,0,0,800,45,5.62,89.0
25,10,2,4,0,0,800,43,5.38,45.0
25,10,3,4,0,0,800,16,2.0,43.0
25,10,4,4,0,0,800,72,9.0,16.0
25,10,5,4,0,0,800,99,12.38,72.0
25,10,6,4,0,0,800,420,52.5,99.0
25,10,7,4,0,0,800,440,55.0,420.0
25,10,8,4,0,1,800,787,98.38,440.0
25,10,9,4,0,1,800,730,91.25,787.0
25,10,10,4,0,0,800,355,44.38,730.0
25,10,11,4,0,0,800,352,44.0,355.0
25,10,12,4,0,0,800,372,46.5,352.0
25,10,13,4,0,0,800,263,32.88,372.0
25,10,14,4,0,0,800,291,36.38,263.0
25,10,15,4,0,0,800,355,44.38,291.0
25,10,16,4,0,0,800,240,30.0,355.0
25,10,17,4,0,1,800,754,94.25,240.0
25,10,18,4,0,1,800,779,97.38,754.0
25,10,19,4,0,1,800,870,108.75,779.0
25,10,20,4,0,0,800,613,76.62,870.0
25,10,21,4,0,0,800,118,14.75,613.0
25,10,22,4,0,0,800,176,22.0,118.0
25,10,23,4,0,0,800,89,11.12,176.0
26,10,0,5,1,0,800,38,4.75,89.0
26,10,1,5,1,0,800,16,2.0,38.0
26,10,2,5,1,0,800,49,6.12,16.0
26,10,3,5,1,0,800,16,2.0,49.0
26,10,4,5,1,0,800,105,13.12,16.0
26,10,5,5,1,0,800,81,10.12,105.0
26,10,6,5,1,0,800,233,29.12,81.0
26,10,7,5,1,0,800,156,19.5,233.0
26,10,8,5,1,0,800,422,52.75,156.0
26,10,9,5,1,0,800,485,60.62,422.0
26,10,10,5,1,0,800,153,19.12,485.0
26,10,11,5,1,0,800,202,25.25,153.0
26,10,12,5,1,0,800,87,10.88,202.0
26,10,13,5,1,0,800,188,23.5,87.0
26,10,14,5,1,0,800,155,19.38,188.0
26,10,15,5,1,0,800,173,21.62,155.0
26,10,16,5,1,0,800,189,23.62,173.0
26,10,17,5,1,0,800,386,48.25,189.0
26,10,18,5,1,0,800,425,53.12,386.0
26,10,19,5,1,0,800,452,56.5,425.0
26,10,20,5,1,0,800,325,40.62,452.0
26,10,21,5,1,0,800,65,8.12,325.0
26,10,22,5,1,0,800,37,4.62,65.0
26,10,23,5,1,0,800,114,14.25,37.0
27,10,0,6,1,0,800,39,4.88,114.0
27,10,1,6,1,0,800,47,5.88,39.0
27,10,2,6,1,0,800,16,2.0,47.0
27,10,3,6,1,0,800,16,2.0,16.0
27,10,4,6,1,0,800,16,2.0,16.0
27,10,5,6,1,0,800,57,7.12,16.0
27,10,6,6,1,0,800,286,35.75,57.0
27,10,7,6,1,0,800,328,41.0,286.0
27,10,8,6,1,0,800,438,54.75,328.0
27,10,9,6,1,0,800,416,52.0,438.0
27,10,10,6,1,0,800,237,29.62,416.0
27,10,11,6,1,0,800,163,20.38,237.0
27,10,12,6,1,0,800,225,28.12,163.0
27,10,13,6,1,0,800,171,21.38,225.0
27,10,14,6,1,0,800,92,11.5,171.0
27,10,15,6,1,0,800,179,22.38,92.0
27,10,16,6,1,0,800,140,17.5,179.0
27,10,17,6,1,0,800,387,48.38,140.0
27,10,18,6,1,0,800,461,57.63,387.0
27,10,19,6,1,0,800,468,58.5,461.0
27,10,20,6,1,0,800,311,38.88,468.0
27,10,21,6,1,0,800,63,7.88,311.0
27,10,22,6,1,0,800,39,4.88,63.0
27,10,23,6,1,0,800,133,16.62,39.0
28,10,0,0,0,0,800,104,13.0,133.0
28,10,1,0,0,0,800,16,2.0,104.0
28,10,2,0,0,0,800,16,2.0,16.0
28,10,3,0,0,0,800,16,2.0,16.0
28,10,4,0,0,0,800,28,3.5,16.0
28,10,5,0,0,0,800,16,2.0,28.0
28,10,6,0,0,0,800,484,60.5,16.0
28,10,7,0,0,0,800,426,53.25,484.0
28,10,8,0,0,1,800,720,90.0,426.0
28,10,9,0,0,1,800,798,99.75,720.0
28,10,10,0,0,0,800,341,42.62,798.0
28,10,11,0,0,0,800,309,38.62,341.0
28,10,12,0,0,0,800,328,41.0,309.0
28,10,13,0,0,0,800,312,39.0,328.0
28,10,14,0,0,0,800,325,40.62,312.0
28,10,15,0,0,0,800,281,35.12,325.0
28,10,16,0,0,0,800,350,43.75,281.0
28,10,17,0,0,1,800,816,102.0,350.0
28,10,18,0,0,1,800,796,99.5,816.0
28,10,19,0,0,1,800,797,99.62,796.0
28,10,20,0,0,0,800,595,74.38,797.0
28,10,21,0,0,0,800,159,19.88,595.0
28,10,22,0,0,0,800,176,22.0,159.0
28,10,23,0,0,0,800,186,23.25,176.0
29,10,0,1,0,0,800,34,4.25,186.0
29,10,1,1,0,0,800,33,4.12,34.0
29,10,2,1,0,0,800,59,7.38,33.0
29,10,3,1,0,0,800,16,2.0,59.0
29,10,4,1,0,0,800,16,2.0,16.0
29,10,5,1,0,0,800,53,6.62,16.0
29,10,6,1,0,0,800,514,64.25,53.0
29,10,7,1,0,0,800,480,60.0,514.0
29,10,8,1,0,1,800,813,101.63,480.0
29,10,9,1,0,1,800,714,89.25,813.0
29,10,10,1,0,0,800,322,40.25,714.0
29,10,11,1,0,0,800,315,39.38,322.0
29,10,12,1,0,0,800,380,47.5,315.0
29,10,13,1,0,0,800,276,34.5,380.0
29,10,14,1,0,0,800,260,32.5,276.0
29,10,15,1,0,0,800,248,31.0,260.0
29,10,16,1,0,0,800,287,35.88,248.0
29,10,17,1,0,1,800,815,101.88,287.0
29,10,18,1,0,1,800,800,100.0,815.0
29,10,19,1,0,1,800,752,94.0,800.0
29,10,20,1,0,0,800,565,70.62,752.0
29,10,21,1,0,0,800,238,29.75,565.0
29,10,22,1,0,0,800,178,22.25,238.0
29,10,23,1,0,0,800,210,26.25,178.0
0,11,0,0,0,0,1100,24,2.18,24.0
0,11,1,0,0,0,1100,55,5.0,24.0
0,11,2,0,0,0,1100,90,8.18,55.0
0,11,3,0,0,0,1100,100,9.09,90.0
0,11,4,0,0,0,1100,69,6.27,100.0
0,11,5,0,0,0,1100,22,2.0,69.0
0,11,6,0,0,0,1100,417,37.91,22.0
0,11,7,0,0,0,1100,511,46.45,417.0
0,11,8,0,0,1,1100,756,68.73,511.0
0,11,9,0,0,1,1100,884,80.36,756.0
0,11,10,0,0,0,1100,292,26.55,884.0
0,11,11,0,0,0,1100,391,35.55,292.0
0,11,12,0,0,0,1100,321,29.18,391.0
0,11,13,0,0,0,1100,294,26.73,321.0
0,11,14,0,0,0,1100,473,43.0,294.0
0,11,15,0,0,0,1100,381,34.64,473.0
0,11,16,0,0,0,1100,277,25.18,381.0
0,11,17,0,0,1,1100,822,74.73,277.0
0,11,18,0,0,1,1100,897,81.55,822.0
0,11,19,0,0,1,1100,852,77.45,897.0
0,11,20,0,0,0,1100,631,57.36,852.0
0,11,21,0,0,0,1100,131,11.91,631.0
0,11,22,0,0,0,1100,152,13.82,131.0
0,11,23,0,0,0,1100,142,12.91,152.0
1,11,0,1,0,0,1100,50,4.55,142.0
1,11,1,1,0,0,1100,57,5.18,50.0
1,11,2,1,0,0,1100,22,2.0,57.0
1,11,3,1,0,0,1100,22,2.0,22.0
1,11,4,1,0,0,1100,22,2.0,22.0
1,11,5,1,0,0,1100,86,7.82,22.0
1,11,6,1,0,0,1100,603,54.82,86.0
1,11,7,1,0,0,1100,481,43.73,603.0
1,11,8,1,0,1,1100,841,76.45,481.0
1,11,9,1,0,1,1100,814,74.0,841.0
1,11,10,1,0,0,1100,254,23.09,814.0
1,11,11,1,0,0,1100,349,31.73,254.0
1,11,12,1,0,0,1100,351,31.91,349.0
1,11,13,1,0,0,1100,324,29.45,351.0
1,11,14,1,0,0,1100,365,33.18,324.0
1,11,15,1,0,0,1100,318,28.91,365.0
1,11,16,1,0,0,1100,382,34.73,318.0
1,11,17,1,0,1,1100,862,78.36,382.0
1,11,18,1,0,1,1100,872,79.27,862.0
1,11,19,1,0,1,1100,894,81.27,872.0
1,11,20,1,0,0,1100,712,64.73,894.0
1,11,21,1,0,0,1100,237,21.55,712.0
1,11,22,1,0,0,1100,169,15.36,237.0
1,11,23,1,0,0,1100,258,23.45,169.0
2,11,0,2,0,0,1100,60,5.45,258.0
2,11,1,2,0,0,1100,22,2.0,60.0
2,11,2,2,0,0,1100,22,2.0,22.0
2,11,3,2,0,0,1100,22,2.0,22.0
2,11,4,2,0,0,1100,73,6.64,22.0
2,11,5,2,0,0,1100,32,2.91,73.0
2,11,6,2,0,0,1100,466,42.36,32.0
2,11,7,2,0,0,1100,507,46.09,466.0
2,11,8,2,0,1,1100,807,73.36,507.0
2,11,9,2,0,1,1100,820,74.55,807.0
2,11,10,2,0,0,1100,485,44.09,820.0
2,11,11,2,0,0,1100,382,34.73,485.0
2,11,12,2,0,0,1100,329,29.91,382.0
2,11,13,2,0,0,1100,262,23.82,329.0
2,11,14,2,0,0,1100,276,25.09,262.0
2,11,15,2,0,0,1100,407,37.0,276.0
2,11,16,2,0,0,1100,353,32.09,407.0
2,11,17,2,0,1,1100,827,75.18,353.0
2,11,18,2,0,1,1100,967,87.91,827.0
2,11,19,2,0,1,1100,901,81.91,967.0
2,11,20,2,0,0,1100,629,57.18,901.0
2,11,21,2,0,0,1100,246,22.36,629.0
2,11,22,2,0,0,1100,240,21.82,246.0
2,11,23,2,0,0,1100,170,15.45,240.0
3,11,0,3,0,0,1100,45,4.09,170.0
3,11,1,3,0,0,1100,22,2.0,45.0
3,11,2,3,0,0,1100,110,10.0,22.0
3,11,3,3,0,0,1100,102,9.27,110.0
3,11,4,3,0,0,1100,22,2.0,102.0
3,11,5,3,0,0,1100,183,16.64,22.0
3,11,6,3,0,0,1100,504,45.82,183.0
3,11,7,3,0,0,1100,519,47.18,504.0
3,11,8,3,0,1,1100,773,70.27,519.0
3,11,9,3,0,1,1100,834,75.82,773.0
3,11,10,3,0,0,1100,325,29.55,834.0
3,11,11,3,0,0,1100,279,25.36,325.0
3,11,12,3,0,0,1100,406,36.91,279.0
3,11,13,3,0,0,1100,273,24.82,406.0
3,11,14,3,0,0,1100,309,28.09,273.0
3,11,15,3,0,0,1100,274,24.91,309.0
3,11,16,3,0,0,1100,430,39.09,274.0
3,11,17,3,0,1,1100,809,73.55,430.0
3,11,18,3,0,1,1100,890,80.91,809.0
3,11,19,3,0,1,1100,879,79.91,890.0
3,11,20,3,0,0,1100,668,60.73,879.0
3,11,21,3,0,0,1100,156,14.18,668.0
3,11,22,3,0,0,1100,227,20.64,156.0
3,11,23,3,0,0,1100,213,19.36,227.0
4,11,0,4,0,0,1100,66,6.0,213.0
4,11,1,4,0,0,1100,81,7.36,66.0
4,11,2,4,0,0,1100,89,8.09,81.0
4,11,3,4,0,0,1100,159,14.45,89.0
4,11,4,4,0,0,1100,22,2.0,159.0
4,11,5,4,0,0,1100,109,9.91,22.0
4,11,6,4,0,0,1100,493,44.82,109.0
4,11,7,4,0,0,1100,515,46.82,493.0
4,11,8,4,0,1,1100,885,80.45,515.0
4,11,9,4,0,1,1100,879,79.91,885.0
4,11,10,4,0,0,1100,336,30.55,879.0
4,11,11,4,0,0,1100,522,47.45,336.0
4,11,12,4,0,0,1100,373,33.91,522.0
4,11,13,4,0,0,1100,370,33.64,373.0
4,11,14,4,0,0,1100,418,38.0,370.0
4,11,15,4,0,0,1100,328,29.82,418.0
4,11,16,4,0,0,1100,378,34.36,328.0
4,11,17,4,0,1,1100,877,79.73,378.0
4,11,18,4,0,1,1100,919,83.55,877.0
4,11,19,4,0,1,1100,802,72.91,919.0
4,11,20,4,0,0,1100,494,44.91,802.0
4,11,21,4,0,0,1100,151,13.73,494.0
4,11,22,4,0,0,1100,120,10.91,151.0
4,11,23,4,0,0,1100,156,14.18,120.0
5,11,0,5,1,0,1100,22,2.0,156.0
5,11,1,5,1,0,1100,51,4.64,22.0
5,11,2,5,1,0,1100,22,2.0,51.0
5,11,3,5,1,0,1100,22,2.0,22.0
5,11,4,5,1,0,1100,22,2.0,22.0
5,11,5,5,1,0,1100,42,3.82,22.0
5,11,6,5,1,0,1100,310,28.18,42.0
5,11,7,5,1,0,1100,242,22.0,310.0
5,11,8,5,1,0,1100,395,35.91,242.0
5,11,9,5,1,0,1100,442,40.18,395.0
5,11,10,5,1,0,1100,187,17.0,442.0
5,11,11,5,1,0,1100,169,15.36,187.0
5,11,12,5,1,0,1100,234,21.27,169.0
5,11,13,5,1,0,1100,202,18.36,234.0
5,11,14,5,1,0,1100,193,17.55,202.0
5,11,15,5,1,0,1100,342,31.09,193.0
5,11,16,5,1,0,1100,235,21.36,342.0
5,11,17,5,1,0,1100,457,41.55,235.0
5,11,18,5,1,0,1100,490,44.55,457.0
5,11,19,5,1,0,1100,485,44.09,490.0
5,11,20,5,1,0,1100,323,29.36,485.0
5,11,21,5,1,0,1100,138,12.55,323.0
5,11,22,5,1,0,1100,117,10.64,138.0
5,11,23,5,1,0,1100,75,6.82,117.0
6,11,0,6,1,0,1100,81,7.36,75.0
6,11,1,6,1,0,1100,111,10.09,81.0
6,11,2,6,1,0,1100,126,11.45,111.0
6,11,3,6,1,0,1100,41,3.73,126.0
6,11,4,6,1,0,1100,22,2.0,41.0
6,11,5,6,1,0,1100,32,2.91,22.0
6,11,6,6,1,0,1100,296,26.91,32.0
6,11,7,6,1,0,1100,212,19.27,296.0
6,11,8,6,1,0,1100,558,50.73,212.0
6,11,9,6,1,0,1100,633,57.55,558.0
6,11,10,6,1,0,1100,214,19.45,633.0
6,11,11,6,1,0,1100,222,20.18,214.0
6,11,12,6,1,0,1100,248,22.55,222.0
6,11,13,6,1,0,1100,274,24.91,248.0
6,11,14,6,1,0,1100,137,12.45,274.0
6,11,15,6,1,0,1100,110,10.0,137.0
6,11,16,6,1,0,1100,235,21.36,110.0
6,11,17,6,1,0,1100,518,47.09,235.0
6,11,18,6,1,0,1100,586,53.27,518.0
6,11,19,6,1,0,1100,571,51.91,586.0
6,11,20,6,1,0,1100,412,37.45,571.0
6,11,21,6,1,0,1100,156,14.18,412.0
6,11,22,6,1,0,1100,140,12.73,156.0
6,11,23,6,1,0,1100,126,11.45,140.0
7,11,0,0,0,0,1100,75,6.82,126.0
7,11,1,0,0,0,1100,73,6.64,75.0
7,11,2,0,0,0,1100,22,2.0,73.0
7,11,3,0,0,0,1100,22,2.0,22.0
7,11,4,0,0,0,1100,117,10.64,22.0
7,11,5,0,0,0,1100,39,3.55,117.0
7,11,6,0,0,0,1100,533,48.45,39.0
7,11,7,0,0,0,1100,553,50.27,533.0
7,11,8,0,0,1,1100,791,71.91,553.0
7,11,9,0,0,1,1100,766,69.64,791.0
7,11,10,0,0,0,1100,383,34.82,766.0
7,11,11,0,0,0,1100,425,38.64,383.0
7,11,12,0,0,0,1100,301,27.36,425.0
7,11,13,0,0,0,1100,346,31.45,301.0
7,11,14,0,0,0,1100,369,33.55,346.0
7,11,15,0,0,0,1100,321,29.18,369.0
7,11,16,0,0,0,1100,335,30.45,321.0
7,11,17,0,0,1,1100,871,79.18,335.0
7,11,18,0,0,1,1100,901,81.91,871.0
7,11,19,0,0,1,1100,935,85.0,901.0
7,11,20,0,0,0,1100,549,49.91,935.0
7,11,21,0,0,0,1100,137,12.45,549.0
7,11,22,0,0,0,1100,168,15.27,137.0
7,11,23,0,0,0,1100,147,13.36,168.0
8,11,0,1,0,0,1100,57,5.18,147.0
8,11,1,1,0,0,1100,90,8.18,57.0
8,11,2,1,0,0,1100,22,2.0,90.0
8,11,3,1,0,0,1100,130,11.82,22.0
8,11,4,1,0,0,1100,115,10.45,130.0
8,11,5,1,0,0,1100,35,3.18,115.0
8,11,6,1,0,0,1100,509,46.27,35.0
8,11,7,1,0,0,1100,499,45.36,509.0
8,11,8,1,0,1,1100,836,76.0,499.0
8,11,9,1,0,1,1100,820,74.55,836.0
8,11,10,1,0,0,1100,380,34.55,820.0
8,11,11,1,0,0,1100,299,27.18,380.0
8,11,12,1,0,0,1100,276,25.09,299.0
8,11,13,1,0,0,1100,363,33.0,276.0
8,11,14,1,0,0,1100,307,27.91,363.0
8,11,15,1,0,0,1100,360,32.73,307.0
8,11,16,1,0,0,1100,341,31.0,360.0
8,11,17,1,0,1,1100,916,83.27,341.0
8,11,18,1,0,1,1100,857,77.91,916.0
8,11,19,1,0,1,1100,849,77.18,857.0
8,11,20,1,0,0,1100,620,56.36,849.0
8,11,21,1,0,0,1100,160,14.55,620.0
8,11,22,1,0,0,1100,140,12.73,160.0
8,11,23,1,0,0,1100,208,18.91,140.0
9,11,0,2,0,0,1100,82,7.45,208.0
9,11,1,2,0,0,1100,156,14.18,82.0
9,11,2,2,0,0,1100,22,2.0,156.0
9,11,3,2,0,0,1100,22,2.0,22.0
9,11,4,2,0,0,1100,22,2.0,22.0
9,11,5,2,0,0,1100,75,6.82,22.0
9,11,6,2,0,0,1100,533,48.45,75.0
9,11,7,2,0,0,1100,485,44.09,533.0
9,11,8,2,0,1,1100,837,76.09,485.0
9,11,9,2,0,1,1100,810,73.64,837.0
9,11,10,2,0,0,1100,373,33.91,810.0
9,11,11,2,0,0,1100,338,30.73,373.0
9,11,12,2,0,0,1100,372,33.82,338.0
9,11,13,2,0,0,1100,283,25.73,372.0
9,11,14,2,0,0,1100,439,39.91,283.0
9,11,15,2,0,0,1100,275,25.0,439.0
9,11,16,2,0,0,1100,328,29.82,275.0
9,11,17,2,0,1,1100,815,74.09,328.0
9,11,18,2,0,1,1100,918,83.45,815.0
9,11,19,2,0,1,1100,978,88.91,918.0
9,11,20,2,0,0,1100,614,55.82,978.0
9,11,21,2,0,0,1100,200,18.18,614.0
9,11,22,2,0,0,1100,314,28.55,200.0
9,11,23,2,0,0,1100,261,23.73,314.0
10,11,0,3,0,0,1100,51,4.64,261.0
10,11,1,3,0,0,1100,22,2.0,51.0
10,11,2,3,0,0,1100,22,2.0,22.0
10,11,3,3,0,0,1100,69,6.27,22.0
10,11,4,3,0,0,1100,106,9.64,69.0
10,11,5,3,0,0,1100,22,2.0,106.0
10,11,6,3,0,0,1100,553,50.27,22.0
10,11,7,3,0,0,1100,486,44.18,553.0
10,11,8,3,0,1,1100,888,80.73,486.0
10,11,9,3,0,1,1100,831,75.55,888.0
10,11,10,3,0,0,1100,364,33.09,831.0
10,11,11,3,0,0,1100,372,33.82,364.0
10,11,12,3,0,0,1100,378,34.36,372.0
10,11,13,3,0,0,1100,374,34.0,378.0
10,11,14,3,0,0,1100,324,29.45,374.0
10,11,15,3,0,0,1100,324,29.45,324.0
10,11,16,3,0,0,1100,317,28.82,324.0
10,11,17,3,0,1,1100,850,77.27,317.0
10,11,18,3,0,1,1100,907,82.45,850.0
10,11,19,3,0,1,1100,946,86.0,907.0
10,11,20,3,0,0,1100,565,51.36,946.0
10,11,21,3,0,0,1100,179,16.27,565.0
10,11,22,3,0,0,1100,218,19.82,179.0
10,11,23,3,0,0,1100,164,14.91,218.0
11,11,0,4,0,0,1100,27,2.45,164.0
11,11,1,4,0,0,1100,22,2.0,27.0
11,11,2,4,0,0,1100,22,2.0,22.0
11,11,3,4,0,0,1100,22,2.0,22.0
11,11,4,4,0,0,1100,96,8.73,22.0
11,11,5,4,0,0,1100,26,2.36,96.0
11,11,6,4,0,0,1100,536,48.73,26.0
11,11,7,4,0,0,1100,501,45.55,536.0
11,11,8,4,0,1,1100,781,71.0,501.0
11,11,9,4,0,1,1100,854,77.64,781.0
11,11,10,4,0,0,1100,313,28.45,854.0
11,11,11,4,0,0,1100,325,29.55,313.0
11,11,12,4,0,0,1100,343,31.18,325.0
11,11,13,4,0,0,1100,390,35.45,343.0
11,11,14,4,0,0,1100,361,32.82,390.0
11,11,15,4,0,0,1100,319,29.0,361.0
11,11,16,4,0,0,1100,332,30.18,319.0
11,11,17,4,0,1,1100,919,83.55,332.0
11,11,18,4,0,1,1100,789,71.73,919.0
11,11,19,4,0,1,1100,947,86.09,789.0
11,11,20,4,0,0,1100,636,57.82,947.0
11,11,21,4,0,0,1100,209,19.0,636.0
11,11,22,4,0,0,1100,174,15.82,209.0
11,11,23,4,0,0,1100,253,23.0,174.0
12,11,0,5,1,0,1100,64,5.82,253.0
12,11,1,5,1,0,1100,28,2.55,64.0
12,11,2,5,1,0,1100,44,4.0,28.0
12,11,3,5,1,0,1100,62,5.64,44.0
12,11,4,5,1,0,1100,55,5.0,62.0
12,11,5,5,1,0,1100,73,6.64,55.0
12,11,6,5,1,0,1100,347,31.55,73.0
12,11,7,5,1,0,1100,310,28.18,347.0
12,11,8,5,1,0,1100,435,39.55,310.0
12,11,9,5,1,0,1100,399,36.27,435.0
12,11,10,5,1,0,1100,124,11.27,399.0
12,11,11,5,1,0,1100,282,25.64,124.0
12,11,12,5,1,0,1100,125,11.36,282.0
12,11,13,5,1,0,1100,253,23.0,125.0
12,11,14,5,1,0,1100,133,12.09,253.0
12,11,15,5,1,0,1100,174,15.82,133.0
12,11,16,5,1,0,1100,157,14.27,174.0
12,11,17,5,1,0,1100,555,50.45,157.0
12,11,18,5,1,0,1100,478,43.45,555.0
12,11,19,5,1,0,1100,473,43.0,478.0
12,11,20,5,1,0,1100,268,24.36,473.0
12,11,21,5,1,0,1100,197,17.91,268.0
12,11,22,5,1,0,1100,190,17.27,197.0
12,11,23,5,1,0,1100,55,5.0,190.0
13,11,0,6,1,0,1100,22,2.0,55.0
13,11,1,6,1,0,1100,22,2.0,22.0
13,11,2,6,1,0,1100,82,7.45,22.0
13,11,3,6,1,0,1100,79,7.18,82.0
13,11,4,6,1,0,1100,87,7.91,79.0
13,11,5,6,1,0,1100,40,3.64,87.0
13,11,6,6,1,0,1100,287,26.09,40.0
13,11,7,6,1,0,1100,202,18.36,287.0
13,11,8,6,1,0,1100,504,45.82,202.0
13,11,9,6,1,0,1100,476,43.27,504.0
13,11,10,6,1,0,1100,146,13.27,476.0
13,11,11,6,1,0,1100,319,29.0,146.0
13,11,12,6,1,0,1100,359,32.64,319.0
13,11,13,6,1,0,1100,164,14.91,359.0
13,11,14,6,1,0,1100,169,15.36,164.0
13,11,15,6,1,0,1100,202,18.36,169.0
13,11,16,6,1,0,1100,250,22.73,202.0
13,11,17,6,1,0,1100,547,49.73,250.0
13,11,18,6,1,0,1100,472,42.91,547.0
13,11,19,6,1,0,1100,414,37.64,472.0
13,11,20,6,1,0,1100,238,21.64,414.0
13,11,21,6,1,0,1100,38,3.45,238.0
13,11,22,6,1,0,1100,105,9.55,38.0
13,11,23,6,1,0,1100,240,21.82,105.0
14,11,0,0,0,0,1100,89,8.09,240.0
14,11,1,0,0,0,1100,38,3.45,89.0
14,11,2,0,0,0,1100,22,2.0,38.0
14,11,3,0,0,0,1100,30,2.73,22.0
14,11,4,0,0,0,1100,23,2.09,30.0
14,11,5,0,0,0,1100,22,2.0,23.0
14,11,6,0,0,0,1100,463,42.09,22.0
14,11,7,0,0,0,1100,494,44.91,463.0
14,11,8,0,0,1,1100,858,78.0,494.0
14,11,9,0,0,1,1100,733,66.64,858.0
14,11,10,0,0,0,1100,328,29.82,733.0
14,11,11,0,0,0,1100,374,34.0,328.0
14,11,12,0,0,0,1100,445,40.45,374.0
14,11,13,0,0,0,1100,345,31.36,445.0
14,11,14,0,0,0,1100,415,37.73,345.0
14,11,15,0,0,0,1100,389,35.36,415.0
14,11,16,0,0,0,1100,433,39.36,389.0
14,11,17,0,0,1,1100,950,86.36,433.0
14,11,18,0,0,1,1100,903,82.09,950.0
14,11,19,0,0,1,1100,863,78.45,903.0
14,11,20,0,0,0,1100,677,61.55,863.0
14,11,21,0,0,0,1100,115,10.45,677.0
14,11,22,0,0,0,1100,165,15.0,115.0
14,11,23,0,0,0,1100,242,22.0,165.0
15,11,0,1,0,0,1100,22,2.0,242.0
15,11,1,1,0,0,1100,85,7.73,22.0
15,11,2,1,0,0,1100,22,2.0,85.0
15,11,3,1,0,0,1100,126,11.45,22.0
15,11,4,1,0,0,1100,132,12.0,126.0
15,11,5,1,0,0,1100,90,8.18,132.0
15,11,6,1,0,0,1100,533,48.45,90.0
15,11,7,1,0,0,1100,411,37.36,533.0
15,11,8,1,0,1,1100,912,82.91,411.0
15,11,9,1,0,1,1100,749,68.09,912.0
15,11,10,1,0,0,1100,288,26.18,749.0
15,11,11,1,0,0,1100,238,21.64,288.0
15,11,12,1,0,0,1100,316,28.73,238.0
15,11,13,1,0,0,1100,358,32.55,316.0
15,11,14,1,0,0,1100,328,29.82,358.0
15,11,15,1,0,0,1100,385,35.0,328.0
15,11,16,1,0,0,1100,336,30.55,385.0
15,11,17,1,0,1,1100,812,73.82,336.0
15,11,18,1,0,1,1100,838,76.18,812.0
15,11,19,1,0,1,1100,919,83.55,838.0
15,11,20,1,0,0,1100,648,58.91,919.0
15,11,21,1,0,0,1100,131,11.91,648.0
15,11,22,1,0,0,1100,216,19.64,131.0
15,11,23,1,0,0,1100,140,12.73,216.0
16,11,0,2,0,0,1100,153,13.91,140.0
16,11,1,2,0,0,1100,82,7.45,153.0
16,11,2,2,0,0,1100,65,5.91,82.0
16,11,3,2,0,0,1100,87,7.91,65.0
16,11,4,2,0,0,1100,36,3.27,87.0
16,11,5,2,0,0,1100,22,2.0,36.0
16,11,6,2,0,0,1100,563,51.18,22.0
16,11,7,2,0,0,1100,441,40.09,563.0
16,11,8,2,0,1,1100,828,75.27,441.0
16,11,9,2,0,1,1100,820,74.55,828.0
16,11,10,2,0,0,1100,415,37.73,820.0
16,11,11,2,0,0,1100,370,33.64,415.0
16,11,12,2,0,0,1100,354,32.18,370.0
16,11,13,2,0,0,1100,353,32.09,354.0
16,11,14,2,0,0,1100,291,26.45,353.0
16,11,15,2,0,0,1100,355,32.27,291.0
16,11,16,2,0,0,1100,343,31.18,355.0
16,11,17,2,0,1,1100,897,81.55,343.0
16,11,18,2,0,1,1100,943,85.73,897.0
16,11,19,2,0,1,1100,973,88.45,943.0
16,11,20,2,0,0,1100,675,61.36,973.0
16,11,21,2,0,0,1100,179,16.27,675.0
16,11,22,2,0,0,1100,165,15.0,179.0
16,11,23,2,0,0,1100,141,12.82,165.0
17,11,0,3,0,0,1100,66,6.0,141.0
17,11,1,3,0,0,1100,37,3.36,66.0
17,11,2,3,0,0,1100,57,5.18,37.0
17,11,3,3,0,0,1100,35,3.18,57.0
17,11,4,3,0,0,1100,109,9.91,35.0
17,11,5,3,0,0,1100,136,12.36,109.0
17,11,6,3,0,0,1100,560,50.91,136.0
17,11,7,3,0,0,1100,548,49.82,560.0
17,11,8,3,0,1,1100,810,73.64,548.0
17,11,9,3,0,1,1100,849,77.18,810.0
17,11,10,3,0,0,1100,352,32.0,849.0
17,11,11,3,0,0,1100,383,34.82,352.0
17,11,12,3,0,0,1100,336,30.55,383.0
17,11,13,3,0,0,1100,268,24.36,336.0
17,11,14,3,0,0,1100,295,26.82,268.0
17,11,15,3,0,0,1100,333,30.27,295.0
17,11,16,3,0,0,1100,332,30.18,333.0
17,11,17,3,0,1,1100,960,87.27,332.0
17,11,18,3,0,1,1100,909,82.64,960.0
17,11,19,3,0,1,1100,853,77.55,909.0
17,11,20,3,0,0,1100,608,55.27,853.0
17,11,21,3,0,0,1100,148,13.45,608.0
17,11,22,3,0,0,1100,177,16.09,148.0
17,11,23,3,0,0,1100,231,21.0,177.0
18,11,0,4,0,0,1100,55,5.0,231.0
18,11,1,4,0,0,1100,35,3.18,55.0
18,11,2,4,0,0,1100,30,2.73,35.0
18,11,3,4,0,0,1100,94,8.55,30.0
18,11,4,4,0,0,1100,48,4.36,94.0
18,11,5,4,0,0,1100,88,8.0,48.0
18,11,6,4,0,0,1100,479,43.55,88.0
18,11,7,4,0,0,1100,568,51.64,479.0
18,11,8,4,0,1,1100,878,79.82,568.0
18,11,9,4,0,1,1100,728,66.18,878.0
18,11,10,4,0,0,1100,286,26.0,728.0
18,11,11,4,0,0,1100,446,40.55,286.0
18,11,12,4,0,0,1100,359,32.64,446.0
18,11,13,4,0,0,1100,354,32.18,359.0
18,11,14,4,0,0,1100,412,37.45,354.0
18,11,15,4,0,0,1100,371,33.73,412.0
18,11,16,4,0,0,1100,438,39.82,371.0
18,11,17,4,0,1,1100,840,76.36,438.0
18,11,18,4,0,1,1100,936,85.09,840.0
18,11,19,4,0,1,1100,936,85.09,936.0
18,11,20,4,0,0,1100,638,58.0,936.0
18,11,21,4,0,0,1100,191,17.36,638.0
18,11,22,4,0,0,1100,307,27.91,191.0
18,11,23,4,0,0,1100,133,12.09,307.0
19,11,0,5,1,0,1100,22,2.0,133.0
19,11,1,5,1,0,1100,83,7.55,22.0
19,11,2,5,1,0,1100,37,3.36,83.0
19,11,3,5,1,0,1100,22,2.0,37.0
19,11,4,5,1,0,1100,22,2.0,22.0
19,11,5,5,1,0,1100,22,2.0,22.0
19,11,6,5,1,0,1100,248,22.55,22.0
19,11,7,5,1,0,1100,175,15.91,248.0
19,11,8,5,1,0,1100,404,36.73,175.0
19,11,9,5,1,0,1100,432,39.27,404.0
19,11,10,5,1,0,1100,233,21.18,432.0
19,11,11,5,1,0,1100,212,19.27,233.0
19,11,12,5,1,0,1100,115,10.45,212.0
19,11,13,5,1,0,1100,160,14.55,115.0
19,11,14,5,1,0,1100,275,25.0,160.0
19,11,15,5,1,0,1100,259,23.55,275.0
19,11,16,5,1,0,1100,164,14.91,259.0
19,11,17,5,1,0,1100,468,42.55,164.0
19,11,18,5,1,0,1100,466,42.36,468.0
19,11,19,5,1,0,1100,518,47.09,466.0
19,11,20,5,1,0,1100,391,35.55,518.0
19,11,21,5,1,0,1100,102,9.27,391.0
19,11,22,5,1,0,1100,126,11.45,102.0
19,11,23,5,1,0,1100,125,11.36,126.0
20,11,0,6,1,0,1100,157,14.27,125.0
20,11,1,6,1,0,1100,22,2.0,157.0
20,11,2,6,1,0,1100,65,5.91,22.0
20,11,3,6,1,0,1100,127,11.55,65.0
20,11,4,6,1,0,1100,22,2.0,127.0
20,11,5,6,1,0,1100,22,2.0,22.0
20,11,6,6,1,0,1100,235,21.36,22.0
20,11,7,6,1,0,1100,356,32.36,235.0
20,11,8,6,1,0,1100,624,56.73,356.0
20,11,9,6,1,0,1100,406,36.91,624.0
20,11,10,6,1,0,1100,148,13.45,406.0
20,11,11,6,1,0,1100,299,27.18,148.0
20,11,12,6,1,0,1100,261,23.73,299.0
20,11,13,6,1,0,1100,282,25.64,261.0
20,11,14,6,1,0,1100,167,15.18,282.0
20,11,15,6,1,0,1100,206,18.73,167.0
20,11,16,6,1,0,1100,165,15.0,206.0
20,11,17,6,1,0,1100,442,40.18,165.0
20,11,18,6,1,0,1100,477,43.36,442.0
20,11,19,6,1,0,1100,462,42.0,477.0
20,11,20,6,1,0,1100,449,40.82,462.0
20,11,21,6,1,0,1100,65,5.91,449.0
20,11,22,6,1,0,1100,142,12.91,65.0
20,11,23,6,1,0,1100,123,11.18,142.0
21,11,0,0,0,0,1100,22,2.0,123.0
21,11,1,0,0,0,1100,22,2.0,22.0
21,11,2,0,0,0,1100,42,3.82,22.0
21,11,3,0,0,0,1100,22,2.0,42.0
21,11,4,0,0,0,1100,108,9.82,22.0
21,11,5,0,0,0,1100,22,2.0,108.0
21,11,6,0,0,0,1100,570,51.82,22.0
21,11,7,0,0,0,1100,454,41.27,570.0
21,11,8,0,0,1,1100,864,78.55,454.0
21,11,9,0,0,1,1100,825,75.0,864.0
21,11,10,0,0,0,1100,337,30.64,825.0
21,11,11,0,0,0,1100,254,23.09,337.0
21,11,12,0,0,0,1100,347,31.55,254.0
21,11,13,0,0,0,1100,344,31.27,347.0
21,11,14,0,0,0,1100,325,29.55,344.0
21,11,15,0,0,0,1100,412,37.45,325.0
21,11,16,0,0,0,1100,378,34.36,412.0
21,11,17,0,0,1,1100,955,86.82,378.0
21,11,18,0,0,1,1100,887,80.64,955.0
21,11,19,0,0,1,1100,843,76.64,887.0
21,11,20,0,0,0,1100,727,66.09,843.0
21,11,21,0,0,0,1100,224,20.36,727.0
21,11,22,0,0,0,1100,116,10.55,224.0
21,11,23,0,0,0,1100,198,18.0,116.0
22,11,0,1,0,0,1100,82,7.45,198.0
22,11,1,1,0,0,1100,22,2.0,82.0
22,11,2,1,0,0,1100,22,2.0,22.0
22,11,3,1,0,0,1100,67,6.09,22.0
22,11,4,1,0,0,1100,116,10.55,67.0
22,11,5,1,0,0,1100,80,7.27,116.0
22,11,6,1,0,0,1100,363,33.0,80.0
22,11,7,1,0,0,1100,604,54.91,363.0
22,11,8,1,0,1,1100,782,71.09,604.0
22,11,9,1,0,1,1100,846,76.91,782.0
22,11,10,1,0,0,1100,308,28.0,846.0
22,11,11,1,0,0,1100,491,44.64,308.0
22,11,12,1,0,0,1100,293,26.64,491.0
22,11,13,1,0,0,1100,395,35.91,293.0
22,11,14,1,0,0,1100,311,28.27,395.0
22,11,15,1,0,0,1100,325,29.55,311.0
22,11,16,1,0,0,1100,316,28.73,325.0
22,11,17,1,0,1,1100,818,74.36,316.0
22,11,18,1,0,1,1100,679,61.73,818.0
22,11,19,1,0,1,1100,904,82.18,679.0
22,11,20,1,0,0,1100,643,58.45,904.0
22,11,21,1,0,0,1100,123,11.18,643.0
22,11,22,1,0,0,1100,169,15.36,123.0
22,11,23,1,0,0,1100,218,19.82,169.0
23,11,0,2,0,0,1100,44,4.0,218.0
23,11,1,2,0,0,1100,93,8.45,44.0
23,11,2,2,0,0,1100,22,2.0,93.0
23,11,3,2,0,0,1100,70,6.36,22.0
23,11,4,2,0,0,1100,22,2.0,70.0
23,11,5,2,0,0,1100,68,6.18,22.0
23,11,6,2,0,0,1100,500,45.45,68.0
23,11,7,2,0,0,1100,544,49.45,500.0
23,11,8,2,0,1,1100,833,75.73,544.0
23,11,9,2,0,1,1100,839,76.27,833.0
23,11,10,2,0,0,1100,302,27.45,839.0
23,11,11,2,0,0,1100,386,35.09,302.0
23,11,12,2,0,0,1100,342,31.09,386.0
23,11,13,2,0,0,1100,388,35.27,342.0
23,11,14,2,0,0,1100,484,44.0,388.0
23,11,15,2,0,0,1100,359,32.64,484.0
23,11,16,2,0,0,1100,297,27.0,359.0
23,11,17,2,0,1,1100,996,90.55,297.0
23,11,18,2,0,1,1100,868,78.91,996.0
23,11,19,2,0,1,1100,913,83.0,868.0
23,11,20,2,0,0,1100,723,65.73,913.0
23,11,21,2,0,0,1100,260,23.64,723.0
23,11,22,2,0,0,1100,154,14.0,260.0
23,11,23,2,0,0,1100,133,12.09,154.0
24,11,0,3,0,0,1100,22,2.0,133.0
24,11,1,3,0,0,1100,96,8.73,22.0
24,11,2,3,0,0,1100,22,2.0,96.0
24,11,3,3,0,0,1100,99,9.0,22.0
24,11,4,3,0,0,1100,43,3.91,99.0
24,11,5,3,0,0,1100,28,2.55,43.0
24,11,6,3,0,0,1100,453,41.18,28.0
24,11,7,3,0,0,1100,564,51.27,453.0
24,11,8,3,0,1,1100,820,74.55,564.0
24,11,9,3,0,1,1100,853,77.55,820.0
24,11,10,3,0,0,1100,301,27.36,853.0
24,11,11,3,0,0,1100,350,31.82,301.0
24,11,12,3,0,0,1100,325,29.55,350.0
24,11,13,3,0,0,1100,305,27.73,325.0
24,11,14,3,0,0,1100,362,32.91,305.0
24,11,15,3,0,0,1100,328,29.82,362.0
24,11,16,3,0,0,1100,329,29.91,328.0
24,11,17,3,0,1,1100,848,77.09,329.0
24,11,18,3,0,1,1100,983,89.36,848.0
24,11,19,3,0,1,1100,888,80.73,983.0
24,11,20,3,0,0,1100,656,59.64,888.0
24,11,21,3,0,0,1100,113,10.27,656.0
24,11,22,3,0,0,1100,181,16.45,113.0
24,11,23,3,0,0,1100,203,18.45,181.0
25,11,0,4,0,0,1100,68,6.18,203.0
25,11,1,4,0,0,1100,87,7.91,68.0
25,11,2,4,0,0,1100,61,5.55,87.0
25,11,3,4,0,0,1100,22,2.0,61.0
25,11,4,4,0,0,1100,100,9.09,22.0
25,11,5,4,0,0,1100,27,2.45,100.0
25,11,6,4,0,0,1100,476,43.27,27.0
25,11,7,4,0,0,1100,545,49.55,476.0
25,11,8,4,0,1,1100,908,82.55,545.0
25,11,9,4,0,1,1100,747,67.91,908.0
25,11,10,4,0,0,1100,316,28.73,747.0
25,11,11,4,0,0,1100,325,29.55,316.0
25,11,12,4,0,0,1100,294,26.73,325.0
25,11,13,4,0,0,1100,252,22.91,294.0
25,11,14,4,0,0,1100,362,32.91,252.0
25,11,15,4,0,0,1100,274,24.91,362.0
25,11,16,4,0,0,1100,302,27.45,274.0
25,11,17,4,0,1,1100,928,84.36,302.0
25,11,18,4,0,1,1100,953,86.64,928.0
25,11,19,4,0,1,1100,836,76.0,953.0
25,11,20,4,0,0,1100,749,68.09,836.0
25,11,21,4,0,0,1100,217,19.73,749.0
25,11,22,4,0,0,1100,146,13.27,217.0
25,11,23,4,0,0,1100,224,20.36,146.0
26,11,0,5,1,0,1100,22,2.0,224.0
26,11,1,5,1,0,1100,47,4.27,22.0
26,11,2,5,1,0,1100,66,6.0,47.0
26,11,3,5,1,0,1100,22,2.0,66.0
26,11,4,5,1,0,1100,74,6.73,22.0
26,11,5,5,1,0,1100,22,2.0,74.0
26,11,6,5,1,0,1100,293,26.64,22.0
26,11,7,5,1,0,1100,273,24.82,293.0
26,11,8,5,1,0,1100,474,43.09,273.0
26,11,9,5,1,0,1100,517,47.0,474.0
26,11,10,5,1,0,1100,247,22.45,517.0
26,11,11,5,1,0,1100,164,14.91,247.0
26,11,12,5,1,0,1100,210,19.09,164.0
26,11,13,5,1,0,1100,196,17.82,210.0
26,11,14,5,1,0,1100,271,24.64,196.0
26,11,15,5,1,0,1100,165,15.0,271.0
26,11,16,5,1,0,1100,197,17.91,165.0
26,11,17,5,1,0,1100,452,41.09,197.0
26,11,18,5,1,0,1100,396,36.0,452.0
26,11,19,5,1,0,1100,561,51.0,396.0
26,11,20,5,1,0,1100,364,33.09,561.0
26,11,21,5,1,0,1100,163,14.82,364.0
26,11,22,5,1,0,1100,95,8.64,163.0
26,11,23,5,1,0,1100,105,9.55,95.0
27,11,0,6,1,0,1100,22,2.0,105.0
27,11,1,6,1,0,1100,63,5.73,22.0
27,11,2,6,1,0,1100,22,2.0,63.0
27,11,3,6,1,0,1100,114,10.36,22.0
27,11,4,6,1,0,1100,72,6.55,114.0
27,11,5,6,1,0,1100,22,2.0,72.0
27,11,6,6,1,0,1100,288,26.18,22.0
27,11,7,6,1,0,1100,330,30.0,288.0
27,11,8,6,1,0,1100,427,38.82,330.0
27,11,9,6,1,0,1100,461,41.91,427.0
27,11,10,6,1,0,1100,193,17.55,461.0
27,11,11,6,1,0,1100,147,13.36,193.0
27,11,12,6,1,0,1100,202,18.36,147.0
27,11,13,6,1,0,1100,161,14.64,202.0
27,11,14,6,1,0,1100,159,14.45,161.0
27,11,15,6,1,0,1100,228,20.73,159.0
27,11,16,6,1,0,1100,140,12.73,228.0
27,11,17,6,1,0,1100,468,42.55,140.0
27,11,18,6,1,0,1100,452,41.09,468.0
27,11,19,6,1,0,1100,492,44.73,452.0
27,11,20,6,1,0,1100,399,36.27,492.0
27,11,21,6,1,0,1100,115,10.45,399.0
27,11,22,6,1,0,1100,116,10.55,115.0
27,11,23,6,1,0,1100,91,8.27,116.0
28,11,0,0,0,0,1100,25,2.27,91.0
28,11,1,0,0,0,1100,22,2.0,25.0
28,11,2,0,0,0,1100,187,17.0,22.0
28,11,3,0,0,0,1100,23,2.09,187.0
28,11,4,0,0,0,1100,51,4.64,23.0
28,11,5,0,0,0,1100,77,7.0,51.0
28,11,6,0,0,0,1100,416,37.82,77.0
28,11,7,0,0,0,1100,526,47.82,416.0
28,11,8,0,0,1,1100,824,74.91,526.0
28,11,9,0,0,1,1100,892,81.09,824.0
28,11,10,0,0,0,1100,439,39.91,892.0
28,11,11,0,0,0,1100,272,24.73,439.0
28,11,12,0,0,0,1100,326,29.64,272.0
28,11,13,0,0,0,1100,363,33.0,326.0
28,11,14,0,0,0,1100,451,41.0,363.0
28,11,15,0,0,0,1100,396,36.0,451.0
28,11,16,0,0,0,1100,303,27.55,396.0
28,11,17,0,0,1,1100,853,77.55,303.0
28,11,18,0,0,1,1100,895,81.36,853.0
28,11,19,0,0,1,1100,922,83.82,895.0
28,11,20,0,0,0,1100,506,46.0,922.0
28,11,21,0,0,0,1100,255,23.18,506.0
28,11,22,0,0,0,1100,256,23.27,255.0
28,11,23,0,0,0,1100,207,18.82,256.0
29,11,0,1,0,0,1100,74,6.73,207.0
29,11,1,1,0,0,1100,22,2.0,74.0
29,11,2,1,0,0,1100,110,10.0,22.0
29,11,3,1,0,0,1100,35,3.18,110.0
29,11,4,1,0,0,1100,22,2.0,35.0
29,11,5,1,0,0,1100,44,4.0,22.0
29,11,6,1,0,0,1100,418,38.0,44.0
29,11,7,1,0,0,1100,411,37.36,418.0
29,11,8,1,0,1,1100,739,67.18,411.0
29,11,9,1,0,1,1100,771,70.09,739.0
29,11,10,1,0,0,1100,411,37.36,771.0
29,11,11,1,0,0,1100,362,32.91,411.0
29,11,12,1,0,0,1100,413,37.55,362.0
29,11,13,1,0,0,1100,358,32.55,413.0
29,11,14,1,0,0,1100,423,38.45,358.0
29,11,15,1,0,0,1100,318,28.91,423.0
29,11,16,1,0,0,1100,318,28.91,318.0
29,11,17,1,0,1,1100,852,77.45,318.0
29,11,18,1,0,1,1100,880,80.0,852.0
29,11,19,1,0,1,1100,713,64.82,880.0
29,11,20,1,0,0,1100,661,60.09,713.0
29,11,21,1,0,0,1100,249,22.64,661.0
29,11,22,1,0,0,1100,129,11.73,249.0
29,11,23,1,0,0,1100,182,16.55,129.0
0,12,0,0,0,0,1250,27,2.16,27.0
0,12,1,0,0,0,1250,25,2.0,27.0
0,12,2,0,0,0,1250,66,5.28,25.0
0,12,3,0,0,0,1250,25,2.0,66.0
0,12,4,0,0,0,1250,152,12.16,25.0
0,12,5,0,0,0,1250,113,9.04,152.0
0,12,6,0,0,0,1250,536,42.88,113.0
0,12,7,0,0,0,1250,560,44.8,536.0
0,12,8,0,0,1,1250,960,76.8,560.0
0,12,9,0,0,1,1250,878,70.24,960.0
0,12,10,0,0,0,1250,442,35.36,878.0
0,12,11,0,0,0,1250,394,31.52,442.0
0,12,12,0,0,0,1250,447,35.76,394.0
0,12,13,0,0,0,1250,425,34.0,447.0
0,12,14,0,0,0,1250,277,22.16,425.0
0,12,15,0,0,0,1250,267,21.36,277.0
0,12,16,0,0,0,1250,451,36.08,267.0
0,12,17,0,0,1,1250,1114,89.12,451.0
0,12,18,0,0,1,1250,1053,84.24,1114.0
0,12,19,0,0,1,1250,1068,85.44,1053.0
0,12,20,0,0,0,1250,799,63.92,1068.0
0,12,21,0,0,0,1250,297,23.76,799.0
0,12,22,0,0,0,1250,240,19.2,297.0
0,12,23,0,0,0,1250,223,17.84,240.0
1,12,0,1,0,0,1250,87,6.96,223.0
1,12,1,1,0,0,1250,77,6.16,87.0
1,12,2,1,0,0,1250,25,2.0,77.0
1,12,3,1,0,0,1250,153,12.24,25.0
1,12,4,1,0,0,1250,25,2.0,153.0
1,12,5,1,0,0,1250,79,6.32,25.0
1,12,6,1,0,0,1250,564,45.12,79.0
1,12,7,1,0,0,1250,598,47.84,564.0
1,12,8,1,0,1,1250,1048,83.84,598.0
1,12,9,1,0,1,1250,919,73.52,1048.0
1,12,10,1,0,0,1250,427,34.16,919.0
1,12,11,1,0,0,1250,339,27.12,427.0
1,12,12,1,0,0,1250,384,30.72,339.0
1,12,13,1,0,0,1250,266,21.28,384.0
1,12,14,1,0,0,1250,367,29.36,266.0
1,12,15,1,0,0,1250,376,30.08,367.0
1,12,16,1,0,0,1250,390,31.2,376.0
1,12,17,1,0,1,1250,950,76.0,390.0
1,12,18,1,0,1,1250,1116,89.28,950.0
1,12,19,1,0,1,1250,1013,81.04,1116.0
1,12,20,1,0,0,1250,601,48.08,1013.0
1,12,21,1,0,0,1250,209,16.72,601.0
1,12,22,1,0,0,1250,290,23.2,209.0
1,12,23,1,0,0,1250,232,18.56,290.0
2,12,0,2,0,0,1250,25,2.0,232.0
2,12,1,2,0,0,1250,67,5.36,25.0
2,12,2,2,0,0,1250,63,5.04,67.0
2,12,3,2,0,0,1250,25,2.0,63.0
2,12,4,2,0,0,1250,69,5.52,25.0
2,12,5,2,0,0,1250,70,5.6,69.0
2,12,6,2,0,0,1250,650,52.0,70.0
2,12,7,2,0,0,1250,659,52.72,650.0
2,12,8,2,0,1,1250,921,73.68,659.0
2,12,9,2,0,1,1250,974,77.92,921.0
2,12,10,2,0,0,1250,360,28.8,974.0
2,12,11,2,0,0,1250,383,30.64,360.0
2,12,12,2,0,0,1250,407,32.56,383.0
2,12,13,2,0,0,1250,358,28.64,407.0
2,12,14,2,0,0,1250,448,35.84,358.0
2,12,15,2,0,0,1250,415,33.2,448.0
2,12,16,2,0,0,1250,351,28.08,415.0
2,12,17,2,0,1,1250,1106,88.48,351.0
2,12,18,2,0,1,1250,1070,85.6,1106.0
2,12,19,2,0,1,1250,971,77.68,1070.0
2,12,20,2,0,0,1250,626,50.08,971.0
2,12,21,2,0,0,1250,265,21.2,626.0
2,12,22,2,0,0,1250,46,3.68,265.0
2,12,23,2,0,0,1250,127,10.16,46.0
3,12,0,3,0,0,1250,53,4.24,127.0
3,12,1,3,0,0,1250,94,7.52,53.0
3,12,2,3,0,0,1250,130,10.4,94.0
3,12,3,3,0,0,1250,130,10.4,130.0
3,12,4,3,0,0,1250,25,2.0,130.0
3,12,5,3,0,0,1250,142,11.36,25.0
3,12,6,3,0,0,1250,649,51.92,142.0
3,12,7,3,0,0,1250,561,44.88,649.0
3,12,8,3,0,1,1250,912,72.96,561.0
3,12,9,3,0,1,1250,958,76.64,912.0
3,12,10,3,0,0,1250,381,30.48,958.0
3,12,11,3,0,0,1250,498,39.84,381.0
3,12,12,3,0,0,1250,431,34.48,498.0
3,12,13,3,0,0,1250,278,22.24,431.0
3,12,14,3,0,0,1250,455,36.4,278.0
3,12,15,3,0,0,1250,327,26.16,455.0
3,12,16,3,0,0,1250,469,37.52,327.0
3,12,17,3,0,1,1250,852,68.16,469.0
3,12,18,3,0,1,1250,1048,83.84,852.0
3,12,19,3,0,1,1250,970,77.6,1048.0
3,12,20,3,0,0,1250,688,55.04,970.0
3,12,21,3,0,0,1250,136,10.88,688.0
3,12,22,3,0,0,1250,292,23.36,136.0
3,12,23,3,0,0,1250,209,16.72,292.0
4,12,0,4,0,0,1250,162,12.96,209.0
4,12,1,4,0,0,1250,160,12.8,162.0
4,12,2,4,0,0,1250,32,2.56,160.0
4,12,3,4,0,0,1250,185,14.8,32.0
4,12,4,4,0,0,1250,44,3.52,185.0
4,12,5,4,0,0,1250,174,13.92,44.0
4,12,6,4,0,0,1250,673,53.84,174.0
4,12,7,4,0,0,1250,619,49.52,673.0
4,12,8,4,0,1,1250,877,70.16,619.0
4,12,9,4,0,1,1250,967,77.36,877.0
4,12,10,4,0,0,1250,479,38.32,967.0
4,12,11,4,0,0,1250,412,32.96,479.0
4,12,12,4,0,0,1250,340,27.2,412.0
4,12,13,4,0,0,1250,382,30.56,340.0
4,12,14,4,0,0,1250,386,30.88,382.0
4,12,15,4,0,0,1250,469,37.52,386.0
4,12,16,4,0,0,1250,364,29.12,469.0
4,12,17,4,0,1,1250,1054,84.32,364.0
4,12,18,4,0,1,1250,996,79.68,1054.0
4,12,19,4,0,1,1250,946,75.68,996.0
4,12,20,4,0,0,1250,773,61.84,946.0
4,12,21,4,0,0,1250,360,28.8,773.0
4,12,22,4,0,0,1250,219,17.52,360.0
4,12,23,4,0,0,1250,205,16.4,219.0
5,12,0,5,1,0,1250,40,3.2,205.0
5,12,1,5,1,0,1250,25,2.0,40.0
5,12,2,5,1,0,1250,25,2.0,25.0
5,12,3,5,1,0,1250,117,9.36,25.0
5,12,4,5,1,0,1250,25,2.0,117.0
5,12,5,5,1,0,1250,25,2.0,25.0
5,12,6,5,1,0,1250,288,23.04,25.0
5,12,7,5,1,0,1250,260,20.8,288.0
5,12,8,5,1,0,1250,556,44.48,260.0
5,12,9,5,1,0,1250,549,43.92,556.0
5,12,10,5,1,0,1250,234,18.72,549.0
5,12,11,5,1,0,1250,286,22.88,234.0
5,12,12,5,1,0,1250,263,21.04,286.0
5,12,13,5,1,0,1250,216,17.28,263.0
5,12,14,5,1,0,1250,233,18.64,216.0
5,12,15,5,1,0,1250,241,19.28,233.0
5,12,16,5,1,0,1250,162,12.96,241.0
5,12,17,5,1,0,1250,404,32.32,162.0
5,12,18,5,1,0,1250,594,47.52,404.0
5,12,19,5,1,0,1250,598,47.84,594.0
5,12,20,5,1,0,1250,392,31.36,598.0
5,12,21,5,1,0,1250,49,3.92,392.0
5,12,22,5,1,0,1250,126,10.08,49.0
5,12,23,5,1,0,1250,100,8.0,126.0
6,12,0,6,1,0,1250,26,2.08,100.0
6,12,1,6,1,0,1250,25,2.0,26.0
6,12,2,6,1,0,1250,25,2.0,25.0
6,12,3,6,1,0,1250,25,2.0,25.0
6,12,4,6,1,0,1250,80,6.4,25.0
6,12,5,6,1,0,1250,25,2.0,80.0
6,12,6,6,1,0,1250,334,26.72,25.0
6,12,7,6,1,0,1250,351,28.08,334.0
6,12,8,6,1,0,1250,587,46.96,351.0
6,12,9,6,1,0,1250,563,45.04,587.0
6,12,10,6,1,0,1250,265,21.2,563.0
6,12,11,6,1,0,1250,247,19.76,265.0
6,12,12,6,1,0,1250,255,20.4,247.0
6,12,13,6,1,0,1250,183,14.64,255.0
6,12,14,6,1,0,1250,156,12.48,183.0
6,12,15,6,1,0,1250,158,12.64,156.0
6,12,16,6,1,0,1250,312,24.96,158.0
6,12,17,6,1,0,1250,592,47.36,312.0
6,12,18,6,1,0,1250,643,51.44,592.0
6,12,19,6,1,0,1250,520,41.6,643.0
6,12,20,6,1,0,1250,549,43.92,520.0
6,12,21,6,1,0,1250,99,7.92,549.0
6,12,22,6,1,0,1250,184,14.72,99.0
6,12,23,6,1,0,1250,129,10.32,184.0
7,12,0,0,0,0,1250,25,2.0,129.0
7,12,1,0,0,0,1250,25,2.0,25.0
7,12,2,0,0,0,1250,61,4.88,25.0
7,12,3,0,0,0,1250,147,11.76,61.0
7,12,4,0,0,0,1250,27,2.16,147.0
7,12,5,0,0,0,1250,25,2.0,27.0
7,12,6,0,0,0,1250,611,48.88,25.0
7,12,7,0,0,0,1250,574,45.92,611.0
7,12,8,0,0,1,1250,1051,84.08,574.0
7,12,9,0,0,1,1250,1009,80.72,1051.0
7,12,10,0,0,0,1250,374,29.92,1009.0
7,12,11,0,0,0,1250,461,36.88,374.0
7,12,12,0,0,0,1250,489,39.12,461.0
7,12,13,0,0,0,1250,456,36.48,489.0
7,12,14,0,0,0,1250,422,33.76,456.0
7,12,15,0,0,0,1250,405,32.4,422.0
7,12,16,0,0,0,1250,347,27.76,405.0
7,12,17,0,0,1,1250,964,77.12,347.0
7,12,18,0,0,1,1250,1180,94.4,964.0
7,12,19,0,0,1,1250,1042,83.36,1180.0
7,12,20,0,0,0,1250,673,53.84,1042.0
7,12,21,0,0,0,1250,188,15.04,673.0
7,12,22,0,0,0,1250,255,20.4,188.0
7,12,23,0,0,0,1250,166,13.28,255.0
8,12,0,1,0,0,1250,25,2.0,166.0
8,12,1,1,0,0,1250,30,2.4,25.0
8,12,2,1,0,0,1250,102,8.16,30.0
8,12,3,1,0,0,1250,25,2.0,102.0
8,12,4,1,0,0,1250,104,8.32,25.0
8,12,5,1,0,0,1250,78,6.24,104.0
8,12,6,1,0,0,1250,642,51.36,78.0
8,12,7,1,0,0,1250,578,46.24,642.0
8,12,8,1,0,1,1250,1039,83.12,578.0
8,12,9,1,0,1,1250,968,77.44,1039.0
8,12,10,1,0,0,1250,403,32.24,968.0
8,12,11,1,0,0,1250,359,28.72,403.0
8,12,12,1,0,0,1250,500,40.0,359.0
8,12,13,1,0,0,1250,390,31.2,500.0
8,12,14,1,0,0,1250,447,35.76,390.0
8,12,15,1,0,0,1250,381,30.48,447.0
8,12,16,1,0,0,1250,391,31.28,381.0
8,12,17,1,0,1,1250,968,77.44,391.0
8,12,18,1,0,1,1250,1040,83.2,968.0
8,12,19,1,0,1,1250,920,73.6,1040.0
8,12,20,1,0,0,1250,775,62.0,920.0
8,12,21,1,0,0,1250,176,14.08,775.0
8,12,22,1,0,0,1250,272,21.76,176.0
8,12,23,1,0,0,1250,287,22.96,272.0
9,12,0,2,0,0,1250,74,5.92,287.0
9,12,1,2,0,0,1250,25,2.0,74.0
9,12,2,2,0,0,1250,58,4.64,25.0
9,12,3,2,0,0,1250,161,12.88,58.0
9,12,4,2,0,0,1250,84,6.72,161.0
9,12,5,2,0,0,1250,56,4.48,84.0
9,12,6,2,0,0,1250,547,43.76,56.0
9,12,7,2,0,0,1250,567,45.36,547.0
9,12,8,2,0,1,1250,881,70.48,567.0
9,12,9,2,0,1,1250,905,72.4,881.0
9,12,10,2,0,0,1250,429,34.32,905.0
9,12,11,2,0,0,1250,446,35.68,429.0
9,12,12,2,0,0,1250,477,38.16,446.0
9,12,13,2,0,0,1250,386,30.88,477.0
9,12,14,2,0,0,1250,512,40.96,386.0
9,12,15,2,0,0,1250,454,36.32,512.0
9,12,16,2,0,0,1250,380,30.4,454.0
9,12,17,2,0,1,1250,1032,82.56,380.0
9,12,18,2,0,1,1250,856,68.48,1032.0
9,12,19,2,0,1,1250,1054,84.32,856.0
9,12,20,2,0,0,1250,633,50.64,1054.0
9,12,21,2,0,0,1250,239,19.12,633.0
9,12,22,2,0,0,1250,308,24.64,239.0
9,12,23,2,0,0,1250,164,13.12,308.0
10,12,0,3,0,0,1250,63,5.04,164.0
10,12,1,3,0,0,1250,25,2.0,63.0
10,12,2,3,0,0,1250,44,3.52,25.0
10,12,3,3,0,0,1250,56,4.48,44.0
10,12,4,3,0,0,1250,110,8.8,56.0
10,12,5,3,0,0,1250,211,16.88,110.0
10,12,6,3,0,0,1250,653,52.24,211.0
10,12,7,3,0,0,1250,765,61.2,653.0
10,12,8,3,0,1,1250,904,72.32,765.0
10,12,9,3,0,1,1250,820,65.6,904.0
10,12,10,3,0,0,1250,393,31.44,820.0
10,12,11,3,0,0,1250,279,22.32,393.0
10,12,12,3,0,0,1250,367,29.36,279.0
10,12,13,3,0,0,1250,395,31.6,367.0
10,12,14,3,0,0,1250,410,32.8,395.0
10,12,15,3,0,0,1250,471,37.68,410.0
10,12,16,3,0,0,1250,424,33.92,471.0
10,12,17,3,0,1,1250,1032,82.56,424.0
10,12,18,3,0,1,1250,1023,81.84,1032.0
10,12,19,3,0,1,1250,1099,87.92,1023.0
10,12,20,3,0,0,1250,744,59.52,1099.0
10,12,21,3,0,0,1250,285,22.8,744.0
10,12,22,3,0,0,1250,301,24.08,285.0
10,12,23,3,0,0,1250,219,17.52,301.0
11,12,0,4,0,0,1250,25,2.0,219.0
11,12,1,4,0,0,1250,90,7.2,25.0
11,12,2,4,0,0,1250,54,4.32,90.0
11,12,3,4,0,0,1250,26,2.08,54.0
11,12,4,4,0,0,1250,25,2.0,26.0
11,12,5,4,0,0,1250,100,8.0,25.0
11,12,6,4,0,0,1250,579,46.32,100.0
11,12,7,4,0,0,1250,539,43.12,579.0
11,12,8,4,0,1,1250,1045,83.6,539.0
11,12,9,4,0,1,1250,937,74.96,1045.0
11,12,10,4,0,0,1250,385,30.8,937.0
11,12,11,4,0,0,1250,390,31.2,385.0
11,12,12,4,0,0,1250,464,37.12,390.0
11,12,13,4,0,0,1250,375,30.0,464.0
11,12,14,4,0,0,1250,361,28.88,375.0
11,12,15,4,0,0,1250,462,36.96,361.0
11,12,16,4,0,0,1250,360,28.8,462.0
11,12,17,4,0,1,1250,1129,90.32,360.0
11,12,18,4,0,1,1250,1068,85.44,1129.0
11,12,19,4,0,1,1250,960,76.8,1068.0
11,12,20,4,0,0,1250,698,55.84,960.0
11,12,21,4,0,0,1250,196,15.68,698.0
11,12,22,4,0,0,1250,139,11.12,196.0
11,12,23,4,0,0,1250,154,12.32,139.0
12,12,0,5,1,0,1250,25,2.0,154.0
12,12,1,5,1,0,1250,27,2.16,25.0
12,12,2,5,1,0,1250,25,2.0,27.0
12,12,3,5,1,0,1250,25,2.0,25.0
12,12,4,5,1,0,1250,82,6.56,25.0
12,12,5,5,1,0,1250,25,2.0,82.0
12,12,6,5,1,0,1250,241,19.28,25.0
12,12,7,5,1,0,1250,382,30.56,241.0
12,12,8,5,1,0,1250,494,39.52,382.0
12,12,9,5,1,0,1250,579,46.32,494.0
12,12,10,5,1,0,1250,234,18.72,579.0
12,12,11,5,1,0,1250,166,13.28,234.0
12,12,12,5,1,0,1250,282,22.56,166.0
12,12,13,5,1,0,1250,129,10.32,282.0
12,12,14,5,1,0,1250,338,27.04,129.0
12,12,15,5,1,0,1250,153,12.24,338.0
12,12,16,5,1,0,1250,197,15.76,153.0
12,12,17,5,1,0,1250,620,49.6,197.0
12,12,18,5,1,0,1250,615,49.2,620.0
12,12,19,5,1,0,1250,628,50.24,615.0
12,12,20,5,1,0,1250,368,29.44,628.0
12,12,21,5,1,0,1250,36,2.88,368.0
12,12,22,5,1,0,1250,106,8.48,36.0
12,12,23,5,1,0,1250,167,13.36,106.0
13,12,0,6,1,0,1250,46,3.68,167.0
13,12,1,6,1,0,1250,118,9.44,46.0
13,12,2,6,1,0,1250,63,5.04,118.0
13,12,3,6,1,0,1250,25,2.0,63.0
13,12,4,6,1,0,1250,25,2.0,25.0
13,12,5,6,1,0,1250,25,2.0,25.0
13,12,6,6,1,0,1250,327,26.16,25.0
13,12,7,6,1,0,1250,339,27.12,327.0
13,12,8,6,1,0,1250,406,32.48,339.0
13,12,9,6,1,0,1250,531,42.48,406.0
13,12,10,6,1,0,1250,221,17.68,531.0
13,12,11,6,1,0,1250,270,21.6,221.0
13,12,12,6,1,0,1250,301,24.08,270.0
13,12,13,6,1,0,1250,168,13.44,301.0
13,12,14,6,1,0,1250,152,12.16,168.0
13,12,15,6,1,0,1250,282,22.56,152.0
13,12,16,6,1,0,1250,79,6.32,282.0
13,12,17,6,1,0,1250,510,40.8,79.0
13,12,18,6,1,0,1250,492,39.36,510.0
13,12,19,6,1,0,1250,643,51.44,492.0
13,12,20,6,1,0,1250,444,35.52,643.0
13,12,21,6,1,0,1250,189,15.12,444.0
13,12,22,6,1,0,1250,77,6.16,189.0
13,12,23,6,1,0,1250,260,20.8,77.0
14,12,0,0,0,0,1250,78,6.24,260.0
14,12,1,0,0,0,1250,58,4.64,78.0
14,12,2,0,0,0,1250,64,5.12,58.0
14,12,3,0,0,0,1250,111,8.88,64.0
14,12,4,0,0,0,1250,214,17.12,111.0
14,12,5,0,0,0,1250,39,3.12,214.0
14,12,6,0,0,0,1250,596,47.68,39.0
14,12,7,0,0,0,1250,571,45.68,596.0
14,12,8,0,0,1,1250,876,70.08,571.0
14,12,9,0,0,1,1250,933,74.64,876.0
14,12,10,0,0,0,1250,361,28.88,933.0
14,12,11,0,0,0,1250,411,32.88,361.0
14,12,12,0,0,0,1250,425,34.0,411.0
14,12,13,0,0,0,1250,356,28.48,425.0
14,12,14,0,0,0,1250,345,27.6,356.0
14,12,15,0,0,0,1250,301,24.08,345.0
14,12,16,0,0,0,1250,422,33.76,301.0
14,12,17,0,0,1,1250,1004,80.32,422.0
14,12,18,0,0,1,1250,937,74.96,1004.0
14,12,19,0,0,1,1250,980,78.4,937.0
14,12,20,0,0,0,1250,754,60.32,980.0
14,12,21,0,0,0,1250,310,24.8,754.0
14,12,22,0,0,0,1250,186,14.88,310.0
14,12,23,0,0,0,1250,239,19.12,186.0
15,12,0,1,0,0,1250,25,2.0,239.0
15,12,1,1,0,0,1250,116,9.28,25.0
15,12,2,1,0,0,1250,25,2.0,116.0
15,12,3,1,0,0,1250,25,2.0,25.0
15,12,4,1,0,0,1250,80,6.4,25.0
15,12,5,1,0,0,1250,64,5.12,80.0
15,12,6,1,0,0,1250,595,47.6,64.0
15,12,7,1,0,0,1250,594,47.52,595.0
15,12,8,1,0,1,1250,909,72.72,594.0
15,12,9,1,0,1,1250,1083,86.64,909.0
15,12,10,1,0,0,1250,392,31.36,1083.0
15,12,11,1,0,0,1250,351,28.08,392.0
15,12,12,1,0,0,1250,377,30.16,351.0
15,12,13,1,0,0,1250,314,25.12,377.0
15,12,14,1,0,0,1250,282,22.56,314.0
15,12,15,1,0,0,1250,524,41.92,282.0
15,12,16,1,0,0,1250,398,31.84,524.0
15,12,17,1,0,1,1250,1055,84.4,398.0
15,12,18,1,0,1,1250,991,79.28,1055.0
15,12,19,1,0,1,1250,987,78.96,991.0
15,12,20,1,0,0,1250,666,53.28,987.0
15,12,21,1,0,0,1250,86,6.88,666.0
15,12,22,1,0,0,1250,162,12.96,86.0
15,12,23,1,0,0,1250,260,20.8,162.0
16,12,0,2,0,0,1250,45,3.6,260.0
16,12,1,2,0,0,1250,49,3.92,45.0
16,12,2,2,0,0,1250,41,3.28,49.0
16,12,3,2,0,0,1250,25,2.0,41.0
16,12,4,2,0,0,1250,48,3.84,25.0
16,12,5,2,0,0,1250,239,19.12,48.0
16,12,6,2,0,0,1250,639,51.12,239.0
16,12,7,2,0,0,1250,461,36.88,639.0
16,12,8,2,0,1,1250,1000,80.0,461.0
16,12,9,2,0,1,1250,945,75.6,1000.0
16,12,10,2,0,0,1250,403,32.24,945.0
16,12,11,2,0,0,1250,470,37.6,403.0
16,12,12,2,0,0,1250,395,31.6,470.0
16,12,13,2,0,0,1250,446,35.68,395.0
16,12,14,2,0,0,1250,495,39.6,446.0
16,12,15,2,0,0,1250,465,37.2,495.0
16,12,16,2,0,0,1250,421,33.68,465.0
16,12,17,2,0,1,1250,1079,86.32,421.0
16,12,18,2,0,1,1250,1088,87.04,1079.0
16,12,19,2,0,1,1250,1017,81.36,1088.0
16,12,20,2,0,0,1250,636,50.88,1017.0
16,12,21,2,0,0,1250,205,16.4,636.0
16,12,22,2,0,0,1250,239,19.12,205.0
16,12,23,2,0,0,1250,276,22.08,239.0
17,12,0,3,0,0,1250,25,2.0,276.0
17,12,1,3,0,0,1250,60,4.8,25.0
17,12,2,3,0,0,1250,110,8.8,60.0
17,12,3,3,0,0,1250,46,3.68,110.0
17,12,4,3,0,0,1250,25,2.0,46.0
17,12,5,3,0,0,1250,31,2.48,25.0
17,12,6,3,0,0,1250,560,44.8,31.0
17,12,7,3,0,0,1250,523,41.84,560.0
17,12,8,3,0,1,1250,933,74.64,523.0
17,12,9,3,0,1,1250,960,76.8,933.0
17,12,10,3,0,0,1250,405,32.4,960.0
17,12,11,3,0,0,1250,335,26.8,405.0
17,12,12,3,0,0,1250,469,37.52,335.0
17,12,13,3,0,0,1250,361,28.88,469.0
17,12,14,3,0,0,1250,386,30.88,361.0
17,12,15,3,0,0,1250,527,42.16,386.0
17,12,16,3,0,0,1250,382,30.56,527.0
17,12,17,3,0,1,1250,1010,80.8,382.0
17,12,18,3,0,1,1250,961,76.88,1010.0
17,12,19,3,0,1,1250,932,74.56,961.0
17,12,20,3,0,0,1250,567,45.36,932.0
17,12,21,3,0,0,1250,177,14.16,567.0
17,12,22,3,0,0,1250,145,11.6,177.0
17,12,23,3,0,0,1250,289,23.12,145.0
18,12,0,4,0,0,1250,25,2.0,289.0
18,12,1,4,0,0,1250,135,10.8,25.0
18,12,2,4,0,0,1250,51,4.08,135.0
18,12,3,4,0,0,1250,25,2.0,51.0
18,12,4,4,0,0,1250,128,10.24,25.0
18,12,5,4,0,0,1250,148,11.84,128.0
18,12,6,4,0,0,1250,577,46.16,148.0
18,12,7,4,0,0,1250,530,42.4,577.0
18,12,8,4,0,1,1250,1016,81.28,530.0
18,12,9,4,0,1,1250,979,78.32,1016.0
18,12,10,4,0,0,1250,506,40.48,979.0
18,12,11,4,0,0,1250,314,25.12,506.0
18,12,12,4,0,0,1250,352,28.16,314.0
18,12,13,4,0,0,1250,361,28.88,352.0
18,12,14,4,0,0,1250,384,30.72,361.0
18,12,15,4,0,0,1250,459,36.72,384.0
18,12,16,4,0,0,1250,338,27.04,459.0
18,12,17,4,0,1,1250,952,76.16,338.0
18,12,18,4,0,1,1250,1000,80.0,952.0
18,12,19,4,0,1,1250,1067,85.36,1000.0
18,12,20,4,0,0,1250,702,56.16,1067.0
18,12,21,4,0,0,1250,168,13.44,702.0
18,12,22,4,0,0,1250,339,27.12,168.0
18,12,23,4,0,0,1250,283,22.64,339.0
19,12,0,5,1,0,1250,25,2.0,283.0
19,12,1,5,1,0,1250,99,7.92,25.0
19,12,2,5,1,0,1250,28,2.24,99.0
19,12,3,5,1,0,1250,25,2.0,28.0
19,12,4,5,1,0,1250,114,9.12,25.0
19,12,5,5,1,0,1250,32,2.56,114.0
19,12,6,5,1,0,1250,369,29.52,32.0
19,12,7,5,1,0,1250,315,25.2,369.0
19,12,8,5,1,0,1250,522,41.76,315.0
19,12,9,5,1,0,1250,438,35.04,522.0
19,12,10,5,1,0,1250,105,8.4,438.0
19,12,11,5,1,0,1250,214,17.12,105.0
19,12,12,5,1,0,1250,183,14.64,214.0
19,12,13,5,1,0,1250,217,17.36,183.0
19,12,14,5,1,0,1250,253,20.24,217.0
19,12,15,5,1,0,1250,266,21.28,253.0
19,12,16,5,1,0,1250,321,25.68,266.0
19,12,17,5,1,0,1250,435,34.8,321.0
19,12,18,5,1,0,1250,504,40.32,435.0
19,12,19,5,1,0,1250,516,41.28,504.0
19,12,20,5,1,0,1250,448,35.84,516.0
19,12,21,5,1,0,1250,242,19.36,448.0
19,12,22,5,1,0,1250,101,8.08,242.0
19,12,23,5,1,0,1250,151,12.08,101.0
20,12,0,6,1,0,1250,25,2.0,151.0
20,12,1,6,1,0,1250,27,2.16,25.0
20,12,2,6,1,0,1250,25,2.0,27.0
20,12,3,6,1,0,1250,25,2.0,25.0
20,12,4,6,1,0,1250,45,3.6,25.0
20,12,5,6,1,0,1250,98,7.84,45.0
20,12,6,6,1,0,1250,277,22.16,98.0
20,12,7,6,1,0,1250,251,20.08,277.0
20,12,8,6,1,0,1250,571,45.68,251.0
20,12,9,6,1,0,1250,474,37.92,571.0
20,12,10,6,1,0,1250,258,20.64,474.0
20,12,11,6,1,0,1250,245,19.6,258.0
20,12,12,6,1,0,1250,221,17.68,245.0
20,12,13,6,1,0,1250,193,15.44,221.0
20,12,14,6,1,0,1250,215,17.2,193.0
20,12,15,6,1,0,1250,168,13.44,215.0
20,12,16,6,1,0,1250,246,19.68,168.0
20,12,17,6,1,0,1250,536,42.88,246.0
20,12,18,6,1,0,1250,575,46.0,536.0
20,12,19,6,1,0,1250,524,41.92,575.0
20,12,20,6,1,0,1250,552,44.16,524.0
20,12,21,6,1,0,1250,187,14.96,552.0
20,12,22,6,1,0,1250,121,9.68,187.0
20,12,23,6,1,0,1250,205,16.4,121.0
21,12,0,0,0,0,1250,58,4.64,205.0
21,12,1,0,0,0,1250,25,2.0,58.0
21,12,2,0,0,0,1250,25,2.0,25.0
21,12,3,0,0,0,1250,66,5.28,25.0
21,12,4,0,0,0,1250,25,2.0,66.0
21,12,5,0,0,0,1250,25,2.0,25.0
21,12,6,0,0,0,1250,571,45.68,25.0
21,12,7,0,0,0,1250,549,43.92,571.0
21,12,8,0,0,1,1250,918,73.44,549.0
21,12,9,0,0,1,1250,1054,84.32,918.0
21,12,10,0,0,0,1250,483,38.64,1054.0
21,12,11,0,0,0,1250,563,45.04,483.0
21,12,12,0,0,0,1250,413,33.04,563.0
21,12,13,0,0,0,1250,556,44.48,413.0
21,12,14,0,0,0,1250,457,36.56,556.0
21,12,15,0,0,0,1250,309,24.72,457.0
21,12,16,0,0,0,1250,382,30.56,309.0
21,12,17,0,0,1,1250,1008,80.64,382.0
21,12,18,0,0,1,1250,984,78.72,1008.0
21,12,19,0,0,1,1250,937,74.96,984.0
21,12,20,0,0,0,1250,850,68.0,937.0
21,12,21,0,0,0,1250,298,23.84,850.0
21,12,22,0,0,0,1250,154,12.32,298.0
21,12,23,0,0,0,1250,207,16.56,154.0
22,12,0,1,0,0,1250,140,11.2,207.0
22,12,1,1,0,0,1250,126,10.08,140.0
22,12,2,1,0,0,1250,158,12.64,126.0
22,12,3,1,0,0,1250,25,2.0,158.0
22,12,4,1,0,0,1250,54,4.32,25.0
22,12,5,1,0,0,1250,62,4.96,54.0
22,12,6,1,0,0,1250,527,42.16,62.0
22,12,7,1,0,0,1250,465,37.2,527.0
22,12,8,1,0,1,1250,882,70.56,465.0
22,12,9,1,0,1,1250,1029,82.32,882.0
22,12,10,1,0,0,1250,464,37.12,1029.0
22,12,11,1,0,0,1250,465,37.2,464.0
22,12,12,1,0,0,1250,272,21.76,465.0
22,12,13,1,0,0,1250,448,35.84,272.0
22,12,14,1,0,0,1250,347,27.76,448.0
22,12,15,1,0,0,1250,405,32.4,347.0
22,12,16,1,0,0,1250,472,37.76,405.0
22,12,17,1,0,1,1250,1047,83.76,472.0
22,12,18,1,0,1,1250,1089,87.12,1047.0
22,12,19,1,0,1,1250,1105,88.4,1089.0
22,12,20,1,0,0,1250,615,49.2,1105.0
22,12,21,1,0,0,1250,226,18.08,615.0
22,12,22,1,0,0,1250,332,26.56,226.0
22,12,23,1,0,0,1250,378,30.24,332.0
23,12,0,2,0,0,1250,194,15.52,378.0
23,12,1,2,0,0,1250,25,2.0,194.0
23,12,2,2,0,0,1250,25,2.0,25.0
23,12,3,2,0,0,1250,25,2.0,25.0
23,12,4,2,0,0,1250,25,2.0,25.0
23,12,5,2,0,0,1250,91,7.28,25.0
23,12,6,2,0,0,1250,581,46.48,91.0
23,12,7,2,0,0,1250,620,49.6,581.0
23,12,8,2,0,1,1250,1019,81.52,620.0
23,12,9,2,0,1,1250,1008,80.64,1019.0
23,12,10,2,0,0,1250,481,38.48,1008.0
23,12,11,2,0,0,1250,456,36.48,481.0
23,12,12,2,0,0,1250,489,39.12,456.0
23,12,13,2,0,0,1250,419,33.52,489.0
23,12,14,2,0,0,1250,365,29.2,419.0
23,12,15,2,0,0,1250,335,26.8,365.0
23,12,16,2,0,0,1250,303,24.24,335.0
23,12,17,2,0,1,1250,1017,81.36,303.0
23,12,18,2,0,1,1250,1056,84.48,1017.0
23,12,19,2,0,1,1250,1013,81.04,1056.0
23,12,20,2,0,0,1250,628,50.24,1013.0
23,12,21,2,0,0,1250,136,10.88,628.0
23,12,22,2,0,0,1250,268,21.44,136.0
23,12,23,2,0,0,1250,304,24.32,268.0
24,12,0,3,0,0,1250,91,7.28,304.0
24,12,1,3,0,0,1250,25,2.0,91.0
24,12,2,3,0,0,1250,62,4.96,25.0
24,12,3,3,0,0,1250,202,16.16,62.0
24,12,4,3,0,0,1250,27,2.16,202.0
24,12,5,3,0,0,1250,253,20.24,27.0
24,12,6,3,0,0,1250,657,52.56,253.0
24,12,7,3,0,0,1250,531,42.48,657.0
24,12,8,3,0,1,1250,1054,84.32,531.0
24,12,9,3,0,1,1250,995,79.6,1054.0
24,12,10,3,0,0,1250,321,25.68,995.0
24,12,11,3,0,0,1250,376,30.08,321.0
24,12,12,3,0,0,1250,355,28.4,376.0
24,12,13,3,0,0,1250,372,29.76,355.0
24,12,14,3,0,0,1250,402,32.16,372.0
24,12,15,3,0,0,1250,376,30.08,402.0
24,12,16,3,0,0,1250,426,34.08,376.0
24,12,17,3,0,1,1250,1058,84.64,426.0
24,12,18,3,0,1,1250,1037,82.96,1058.0
24,12,19,3,0,1,1250,950,76.0,1037.0
24,12,20,3,0,0,1250,655,52.4,950.0
24,12,21,3,0,0,1250,202,16.16,655.0
24,12,22,3,0,0,1250,310,24.8,202.0
24,12,23,3,0,0,1250,297,23.76,310.0
25,12,0,4,0,0,1250,25,2.0,297.0
25,12,1,4,0,0,1250,28,2.24,25.0
25,12,2,4,0,0,1250,74,5.92,28.0
25,12,3,4,0,0,1250,44,3.52,74.0
25,12,4,4,0,0,1250,25,2.0,44.0
25,12,5,4,0,0,1250,183,14.64,25.0
25,12,6,4,0,0,1250,626,50.08,183.0
25,12,7,4,0,0,1250,663,53.04,626.0
25,12,8,4,0,1,1250,1082,86.56,663.0
25,12,9,4,0,1,1250,940,75.2,1082.0
25,12,10,4,0,0,1250,387,30.96,940.0
25,12,11,4,0,0,1250,472,37.76,387.0
25,12,12,4,0,0,1250,280,22.4,472.0
25,12,13,4,0,0,1250,459,36.72,280.0
25,12,14,4,0,0,1250,381,30.48,459.0
25,12,15,4,0,0,1250,427,34.16,381.0
25,12,16,4,0,0,1250,498,39.84,427.0
25,12,17,4,0,1,1250,997,79.76,498.0
25,12,18,4,0,1,1250,1019,81.52,997.0
25,12,19,4,0,1,1250,965,77.2,1019.0
25,12,20,4,0,0,1250,671,53.68,965.0
25,12,21,4,0,0,1250,175,14.0,671.0
25,12,22,4,0,0,1250,229,18.32,175.0
25,12,23,4,0,0,1250,266,21.28,229.0
26,12,0,5,1,0,1250,27,2.16,266.0
26,12,1,5,1,0,1250,25,2.0,27.0
26,12,2,5,1,0,1250,25,2.0,25.0
26,12,3,5,1,0,1250,139,11.12,25.0
26,12,4,5,1,0,1250,25,2.0,139.0
26,12,5,5,1,0,1250,25,2.0,25.0
26,12,6,5,1,0,1250,306,24.48,25.0
26,12,7,5,1,0,1250,326,26.08,306.0
26,12,8,5,1,0,1250,523,41.84,326.0
26,12,9,5,1,0,1250,518,41.44,523.0
26,12,10,5,1,0,1250,340,27.2,518.0
26,12,11,5,1,0,1250,166,13.28,340.0
26,12,12,5,1,0,1250,221,17.68,166.0
26,12,13,5,1,0,1250,154,12.32,221.0
26,12,14,5,1,0,1250,128,10.24,154.0
26,12,15,5,1,0,1250,155,12.4,128.0
26,12,16,5,1,0,1250,256,20.48,155.0
26,12,17,5,1,0,1250,568,45.44,256.0
26,12,18,5,1,0,1250,580,46.4,568.0
26,12,19,5,1,0,1250,594,47.52,580.0
26,12,20,5,1,0,1250,426,34.08,594.0
26,12,21,5,1,0,1250,25,2.0,426.0
26,12,22,5,1,0,1250,151,12.08,25.0
26,12,23,5,1,0,1250,139,11.12,151.0
27,12,0,6,1,0,1250,103,8.24,139.0
27,12,1,6,1,0,1250,25,2.0,103.0
27,12,2,6,1,0,1250,25,2.0,25.0
27,12,3,6,1,0,1250,55,4.4,25.0
27,12,4,6,1,0,1250,51,4.08,55.0
27,12,5,6,1,0,1250,40,3.2,51.0
27,12,6,6,1,0,1250,334,26.72,40.0
27,12,7,6,1,0,1250,373,29.84,334.0
27,12,8,6,1,0,1250,516,41.28,373.0
27,12,9,6,1,0,1250,546,43.68,516.0
27,12,10,6,1,0,1250,201,16.08,546.0
27,12,11,6,1,0,1250,188,15.04,201.0
27,12,12,6,1,0,1250,277,22.16,188.0
27,12,13,6,1,0,1250,164,13.12,277.0
27,12,14,6,1,0,1250,329,26.32,164.0
27,12,15,6,1,0,1250,241,19.28,329.0
27,12,16,6,1,0,1250,260,20.8,241.0
27,12,17,6,1,0,1250,533,42.64,260.0
27,12,18,6,1,0,1250,537,42.96,533.0
27,12,19,6,1,0,1250,489,39.12,537.0
27,12,20,6,1,0,1250,461,36.88,489.0
27,12,21,6,1,0,1250,151,12.08,461.0
27,12,22,6,1,0,1250,138,11.04,151.0
27,12,23,6,1,0,1250,82,6.56,138.0
28,12,0,0,0,0,1250,25,2.0,82.0
28,12,1,0,0,0,1250,91,7.28,25.0
28,12,2,0,0,0,1250,26,2.08,91.0
28,12,3,0,0,0,1250,25,2.0,26.0
28,12,4,0,0,0,1250,25,2.0,25.0
28,12,5,0,0,0,1250,151,12.08,25.0
28,12,6,0,0,0,1250,576,46.08,151.0
28,12,7,0,0,0,1250,579,46.32,576.0
28,12,8,0,0,1,1250,981,78.48,579.0
28,12,9,0,0,1,1250,914,73.12,981.0
28,12,10,0,0,0,1250,353,28.24,914.0
28,12,11,0,0,0,1250,436,34.88,353.0
28,12,12,0,0,0,1250,369,29.52,436.0
28,12,13,0,0,0,1250,387,30.96,369.0
28,12,14,0,0,0,1250,332,26.56,387.0
28,12,15,0,0,0,1250,470,37.6,332.0
28,12,16,0,0,0,1250,360,28.8,470.0
28,12,17,0,0,1,1250,1067,85.36,360.0
28,12,18,0,0,1,1250,966,77.28,1067.0
28,12,19,0,0,1,1250,1072,85.76,966.0
28,12,20,0,0,0,1250,807,64.56,1072.0
28,12,21,0,0,0,1250,232,18.56,807.0
28,12,22,0,0,0,1250,249,19.92,232.0
28,12,23,0,0,0,1250,130,10.4,249.0
29,12,0,1,0,0,1250,25,2.0,130.0
29,12,1,1,0,0,1250,25,2.0,25.0
29,12,2,1,0,0,1250,40,3.2,25.0
29,12,3,1,0,0,1250,25,2.0,40.0
29,12,4,1,0,0,1250,56,4.48,25.0
29,12,5,1,0,0,1250,25,2.0,56.0
29,12,6,1,0,0,1250,574,45.92,25.0
29,12,7,1,0,0,1250,579,46.32,574.0
29,12,8,1,0,1,1250,923,73.84,579.0
29,12,9,1,0,1,1250,1007,80.56,923.0
29,12,10,1,0,0,1250,352,28.16,1007.0
29,12,11,1,0,0,1250,417,33.36,352.0
29,12,12,1,0,0,1250,400,32.0,417.0
29,12,13,1,0,0,1250,516,41.28,400.0
29,12,14,1,0,0,1250,409,32.72,516.0
29,12,15,1,0,0,1250,462,36.96,409.0
29,12,16,1,0,0,1250,448,35.84,462.0
29,12,17,1,0,1,1250,1014,81.12,448.0
29,12,18,1,0,1,1250,888,71.04,1014.0
29,12,19,1,0,1,1250,1106,88.48,888.0
29,12,20,1,0,0,1250,799,63.92,1106.0
29,12,21,1,0,0,1250,36,2.88,799.0
29,12,22,1,0,0,1250,123,9.84,36.0
29,12,23,1,0,0,1250,106,8.48,123.0
0,13,0,0,0,0,1500,85,5.67,85.0
0,13,1,0,0,0,1500,95,6.33,85.0
0,13,2,0,0,0,1500,58,3.87,95.0
0,13,3,0,0,0,1500,44,2.93,58.0
0,13,4,0,0,0,1500,64,4.27,44.0
0,13,5,0,0,0,1500,92,6.13,64.0
0,13,6,0,0,0,1500,649,43.27,92.0
0,13,7,0,0,0,1500,587,39.13,649.0
0,13,8,0,0,1,1500,1067,71.13,587.0
0,13,9,0,0,1,1500,1048,69.87,1067.0
0,13,10,0,0,0,1500,559,37.27,1048.0
0,13,11,0,0,0,1500,581,38.73,559.0
0,13,12,0,0,0,1500,488,32.53,581.0
0,13,13,0,0,0,1500,511,34.07,488.0
0,13,14,0,0,0,1500,523,34.87,511.0
0,13,15,0,0,0,1500,486,32.4,523.0
0,13,16,0,0,0,1500,631,42.07,486.0
0,13,17,0,0,1,1500,1107,73.8,631.0
0,13,18,0,0,1,1500,1333,88.87,1107.0
0,13,19,0,0,1,1500,1238,82.53,1333.0
0,13,20,0,0,0,1500,939,62.6,1238.0
0,13,21,0,0,0,1500,329,21.93,939.0
0,13,22,0,0,0,1500,288,19.2,329.0
0,13,23,0,0,0,1500,248,16.53,288.0
1,13,0,1,0,0,1500,176,11.73,248.0
1,13,1,1,0,0,1500,208,13.87,176.0
1,13,2,1,0,0,1500,67,4.47,208.0
1,13,3,1,0,0,1500,76,5.07,67.0
1,13,4,1,0,0,1500,47,3.13,76.0
1,13,5,1,0,0,1500,30,2.0,47.0
1,13,6,1,0,0,1500,622,41.47,30.0
1,13,7,1,0,0,1500,698,46.53,622.0
1,13,8,1,0,1,1500,1153,76.87,698.0
1,13,9,1,0,1,1500,1082,72.13,1153.0
1,13,10,1,0,0,1500,422,28.13,1082.0
1,13,11,1,0,0,1500,443,29.53,422.0
1,13,12,1,0,0,1500,560,37.33,443.0
1,13,13,1,0,0,1500,396,26.4,560.0
1,13,14,1,0,0,1500,519,34.6,396.0
1,13,15,1,0,0,1500,399,26.6,519.0
1,13,16,1,0,0,1500,493,32.87,399.0
1,13,17,1,0,1,1500,1205,80.33,493.0
1,13,18,1,0,1,1500,1195,79.67,1205.0
1,13,19,1,0,1,1500,1213,80.87,1195.0
1,13,20,1,0,0,1500,851,56.73,1213.0
1,13,21,1,0,0,1500,241,16.07,851.0
1,13,22,1,0,0,1500,217,14.47,241.0
1,13,23,1,0,0,1500,281,18.73,217.0
2,13,0,2,0,0,1500,98,6.53,281.0
2,13,1,2,0,0,1500,30,2.0,98.0
2,13,2,2,0,0,1500,259,17.27,30.0
2,13,3,2,0,0,1500,48,3.2,259.0
2,13,4,2,0,0,1500,87,5.8,48.0
2,13,5,2,0,0,1500,31,2.07,87.0
2,13,6,2,0,0,1500,847,56.47,31.0
2,13,7,2,0,0,1500,600,40.0,847.0
2,13,8,2,0,1,1500,1099,73.27,600.0
2,13,9,2,0,1,1500,1172,78.13,1099.0
2,13,10,2,0,0,1500,435,29.0,1172.0
2,13,11,2,0,0,1500,483,32.2,435.0
2,13,12,2,0,0,1500,491,32.73,483.0
2,13,13,2,0,0,1500,500,33.33,491.0
2,13,14,2,0,0,1500,521,34.73,500.0
2,13,15,2,0,0,1500,506,33.73,521.0
2,13,16,2,0,0,1500,535,35.67,506.0
2,13,17,2,0,1,1500,1280,85.33,535.0
2,13,18,2,0,1,1500,1219,81.27,1280.0
2,13,19,2,0,1,1500,1178,78.53,1219.0
2,13,20,2,0,0,1500,907,60.47,1178.0
2,13,21,2,0,0,1500,151,10.07,907.0
2,13,22,2,0,0,1500,356,23.73,151.0
2,13,23,2,0,0,1500,237,15.8,356.0
3,13,0,3,0,0,1500,122,8.13,237.0
3,13,1,3,0,0,1500,30,2.0,122.0
3,13,2,3,0,0,1500,115,7.67,30.0
3,13,3,3,0,0,1500,30,2.0,115.0
3,13,4,3,0,0,1500,30,2.0,30.0
3,13,5,3,0,0,1500,109,7.27,30.0
3,13,6,3,0,0,1500,743,49.53,109.0
3,13,7,3,0,0,1500,716,47.73,743.0
3,13,8,3,0,1,1500,1093,72.87,716.0
3,13,9,3,0,1,1500,1136,75.73,1093.0
3,13,10,3,0,0,1500,428,28.53,1136.0
3,13,11,3,0,0,1500,503,33.53,428.0
3,13,12,3,0,0,1500,390,26.0,503.0
3,13,13,3,0,0,1500,510,34.0,390.0
3,13,14,3,0,0,1500,459,30.6,510.0
3,13,15,3,0,0,1500,449,29.93,459.0
3,13,16,3,0,0,1500,456,30.4,449.0
3,13,17,3,0,1,1500,1285,85.67,456.0
3,13,18,3,0,1,1500,1223,81.53,1285.0
3,13,19,3,0,1,1500,1292,86.13,1223.0
3,13,20,3,0,0,1500,1028,68.53,1292.0
3,13,21,3,0,0,1500,382,25.47,1028.0
3,13,22,3,0,0,1500,242,16.13,382.0
3,13,23,3,0,0,1500,390,26.0,242.0
4,13,0,4,0,0,1500,85,5.67,390.0
4,13,1,4,0,0,1500,97,6.47,85.0
4,13,2,4,0,0,1500,197,13.13,97.0
4,13,3,4,0,0,1500,158,10.53,197.0
4,13,4,4,0,0,1500,30,2.0,158.0
4,13,5,4,0,0,1500,183,12.2,30.0
4,13,6,4,0,0,1500,799,53.27,183.0
4,13,7,4,0,0,1500,614,40.93,799.0
4,13,8,4,0,1,1500,1169,77.93,614.0
4,13,9,4,0,1,1500,1119,74.6,1169.0
4,13,10,4,0,0,1500,424,28.27,1119.0
4,13,11,4,0,0,1500,416,27.73,424.0
4,13,12,4,0,0,1500,424,28.27,416.0
4,13,13,4,0,0,1500,546,36.4,424.0
4,13,14,4,0,0,1500,313,20.87,546.0
4,13,15,4,0,0,1500,586,39.07,313.0
4,13,16,4,0,0,1500,537,35.8,586.0
4,13,17,4,0,1,1500,1357,90.47,537.0
4,13,18,4,0,1,1500,1270,84.67,1357.0
4,13,19,4,0,1,1500,1134,75.6,1270.0
4,13,20,4,0,0,1500,828,55.2,1134.0
4,13,21,4,0,0,1500,256,17.07,828.0
4,13,22,4,0,0,1500,157,10.47,256.0
4,13,23,4,0,0,1500,210,14.0,157.0
5,13,0,5,1,0,1500,158,10.53,210.0
5,13,1,5,1,0,1500,142,9.47,158.0
5,13,2,5,1,0,1500,30,2.0,142.0
5,13,3,5,1,0,1500,30,2.0,30.0
5,13,4,5,1,0,1500,30,2.0,30.0
5,13,5,5,1,0,1500,68,4.53,30.0
5,13,6,5,1,0,1500,459,30.6,68.0
5,13,7,5,1,0,1500,324,21.6,459.0
5,13,8,5,1,0,1500,596,39.73,324.0
5,13,9,5,1,0,1500,628,41.87,596.0
5,13,10,5,1,0,1500,298,19.87,628.0
5,13,11,5,1,0,1500,330,22.0,298.0
5,13,12,5,1,0,1500,349,23.27,330.0
5,13,13,5,1,0,1500,198,13.2,349.0
5,13,14,5,1,0,1500,361,24.07,198.0
5,13,15,5,1,0,1500,221,14.73,361.0
5,13,16,5,1,0,1500,210,14.0,221.0
5,13,17,5,1,0,1500,658,43.87,210.0
5,13,18,5,1,0,1500,559,37.27,658.0
5,13,19,5,1,0,1500,587,39.13,559.0
5,13,20,5,1,0,1500,485,32.33,587.0
5,13,21,5,1,0,1500,232,15.47,485.0
5,13,22,5,1,0,1500,161,10.73,232.0
5,13,23,5,1,0,1500,124,8.27,161.0
6,13,0,6,1,0,1500,30,2.0,124.0
6,13,1,6,1,0,1500,30,2.0,30.0
6,13,2,6,1,0,1500,91,6.07,30.0
6,13,3,6,1,0,1500,32,2.13,91.0
6,13,4,6,1,0,1500,30,2.0,32.0
6,13,5,6,1,0,1500,30,2.0,30.0
6,13,6,6,1,0,1500,463,30.87,30.0
6,13,7,6,1,0,1500,285,19.0,463.0
6,13,8,6,1,0,1500,637,42.47,285.0
6,13,9,6,1,0,1500,617,41.13,637.0
6,13,10,6,1,0,1500,294,19.6,617.0
6,13,11,6,1,0,1500,263,17.53,294.0
6,13,12,6,1,0,1500,311,20.73,263.0
6,13,13,6,1,0,1500,131,8.73,311.0
6,13,14,6,1,0,1500,285,19.0,131.0
6,13,15,6,1,0,1500,184,12.27,285.0
6,13,16,6,1,0,1500,175,11.67,184.0
6,13,17,6,1,0,1500,663,44.2,175.0
6,13,18,6,1,0,1500,571,38.07,663.0
6,13,19,6,1,0,1500,686,45.73,571.0
6,13,20,6,1,0,1500,423,28.2,686.0
6,13,21,6,1,0,1500,145,9.67,423.0
6,13,22,6,1,0,1500,123,8.2,145.0
6,13,23,6,1,0,1500,30,2.0,123.0
7,13,0,0,0,0,1500,109,7.27,30.0
7,13,1,0,0,0,1500,30,2.0,109.0
7,13,2,0,0,0,1500,30,2.0,30.0
7,13,3,0,0,0,1500,142,9.47,30.0
7,13,4,0,0,0,1500,64,4.27,142.0
7,13,5,0,0,0,1500,30,2.0,64.0
7,13,6,0,0,0,1500,681,45.4,30.0
7,13,7,0,0,0,1500,745,49.67,681.0
7,13,8,0,0,1,1500,1185,79.0,745.0
7,13,9,0,0,1,1500,1055,70.33,1185.0
7,13,10,0,0,0,1500,447,29.8,1055.0
7,13,11,0,0,0,1500,374,24.93,447.0
7,13,12,0,0,0,1500,509,33.93,374.0
7,13,13,0,0,0,1500,573,38.2,509.0
7,13,14,0,0,0,1500,475,31.67,573.0
7,13,15,0,0,0,1500,415,27.67,475.0
7,13,16,0,0,0,1500,459,30.6,415.0
7,13,17,0,0,1,1500,1117,74.47,459.0
7,13,18,0,0,1,1500,1241,82.73,1117.0
7,13,19,0,0,1,1500,1242,82.8,1241.0
7,13,20,0,0,0,1500,994,66.27,1242.0
7,13,21,0,0,0,1500,207,13.8,994.0
7,13,22,0,0,0,1500,187,12.47,207.0
7,13,23,0,0,0,1500,219,14.6,187.0
8,13,0,1,0,0,1500,125,8.33,219.0
8,13,1,1,0,0,1500,30,2.0,125.0
8,13,2,1,0,0,1500,52,3.47,30.0
8,13,3,1,0,0,1500,50,3.33,52.0
8,13,4,1,0,0,1500,102,6.8,50.0
8,13,5,1,0,0,1500,30,2.0,102.0
8,13,6,1,0,0,1500,729,48.6,30.0
8,13,7,1,0,0,1500,581,38.73,729.0
8,13,8,1,0,1,1500,1050,70.0,581.0
8,13,9,1,0,1,1500,1181,78.73,1050.0
8,13,10,1,0,0,1500,428,28.53,1181.0
8,13,11,1,0,0,1500,487,32.47,428.0
8,13,12,1,0,0,1500,487,32.47,487.0
8,13,13,1,0,0,1500,563,37.53,487.0
8,13,14,1,0,0,1500,596,39.73,563.0
8,13,15,1,0,0,1500,415,27.67,596.0
8,13,16,1,0,0,1500,342,22.8,415.0
8,13,17,1,0,1,1500,1161,77.4,342.0
8,13,18,1,0,1,1500,1180,78.67,1161.0
8,13,19,1,0,1,1500,1177,78.47,1180.0
8,13,20,1,0,0,1500,1048,69.87,1177.0
8,13,21,1,0,0,1500,332,22.13,1048.0
8,13,22,1,0,0,1500,372,24.8,332.0
8,13,23,1,0,0,1500,175,11.67,372.0
9,13,0,2,0,0,1500,115,7.67,175.0
9,13,1,2,0,0,1500,39,2.6,115.0
9,13,2,2,0,0,1500,30,2.0,39.0
9,13,3,2,0,0,1500,30,2.0,30.0
9,13,4,2,0,0,1500,223,14.87,30.0
9,13,5,2,0,0,1500,30,2.0,223.0
9,13,6,2,0,0,1500,598,39.87,30.0
9,13,7,2,0,0,1500,515,34.33,598.0
9,13,8,2,0,1,1500,1256,83.73,515.0
9,13,9,2,0,1,1500,1153,76.87,1256.0
9,13,10,2,0,0,1500,487,32.47,1153.0
9,13,11,2,0,0,1500,488,32.53,487.0
9,13,12,2,0,0,1500,511,34.07,488.0
9,13,13,2,0,0,1500,412,27.47,511.0
9,13,14,2,0,0,1500,484,32.27,412.0
9,13,15,2,0,0,1500,314,20.93,484.0
9,13,16,2,0,0,1500,509,33.93,314.0
9,13,17,2,0,1,1500,1210,80.67,509.0
9,13,18,2,0,1,1500,1142,76.13,1210.0
9,13,19,2,0,1,1500,1154,76.93,1142.0
9,13,20,2,0,0,1500,903,60.2,1154.0
9,13,21,2,0,0,1500,350,23.33,903.0
9,13,22,2,0,0,1500,414,27.6,350.0
9,13,23,2,0,0,1500,345,23.0,414.0
10,13,0,3,0,0,1500,54,3.6,345.0
10,13,1,3,0,0,1500,124,8.27,54.0
10,13,2,3,0,0,1500,30,2.0,124.0
10,13,3,3,0,0,1500,30,2.0,30.0
10,13,4,3,0,0,1500,30,2.0,30.0
10,13,5,3,0,0,1500,87,5.8,30.0
10,13,6,3,0,0,1500,606,40.4,87.0
10,13,7,3,0,0,1500,848,56.53,606.0
10,13,8,3,0,1,1500,996,66.4,848.0
10,13,9,3,0,1,1500,1160,77.33,996.0
10,13,10,3,0,0,1500,411,27.4,1160.0
10,13,11,3,0,0,1500,380,25.33,411.0
10,13,12,3,0,0,1500,491,32.73,380.0
10,13,13,3,0,0,1500,324,21.6,491.0
10,13,14,3,0,0,1500,469,31.27,324.0
10,13,15,3,0,0,1500,500,33.33,469.0
10,13,16,3,0,0,1500,569,37.93,500.0
10,13,17,3,0,1,1500,1339,89.27,569.0
10,13,18,3,0,1,1500,1076,71.73,1339.0
10,13,19,3,0,1,1500,1268,84.53,1076.0
10,13,20,3,0,0,1500,953,63.53,1268.0
10,13,21,3,0,0,1500,304,20.27,953.0
10,13,22,3,0,0,1500,225,15.0,304.0
10,13,23,3,0,0,1500,252,16.8,225.0
11,13,0,4,0,0,1500,93,6.2,252.0
11,13,1,4,0,0,1500,30,2.0,93.0
11,13,2,4,0,0,1500,68,4.53,30.0
11,13,3,4,0,0,1500,119,7.93,68.0
11,13,4,4,0,0,1500,30,2.0,119.0
11,13,5,4,0,0,1500,278,18.53,30.0
11,13,6,4,0,0,1500,603,40.2,278.0
11,13,7,4,0,0,1500,524,34.93,603.0
11,13,8,4,0,1,1500,1138,75.87,524.0
11,13,9,4,0,1,1500,1249,83.27,1138.0
11,13,10,4,0,0,1500,544,36.27,1249.0
11,13,11,4,0,0,1500,497,33.13,544.0
11,13,12,4,0,0,1500,478,31.87,497.0
11,13,13,4,0,0,1500,454,30.27,478.0
11,13,14,4,0,0,1500,409,27.27,454.0
11,13,15,4,0,0,1500,355,23.67,409.0
11,13,16,4,0,0,1500,532,35.47,355.0
11,13,17,4,0,1,1500,1246,83.07,532.0
11,13,18,4,0,1,1500,1170,78.0,1246.0
11,13,19,4,0,1,1500,1321,88.07,1170.0
11,13,20,4,0,0,1500,775,51.67,1321.0
11,13,21,4,0,0,1500,283,18.87,775.0
11,13,22,4,0,0,1500,196,13.07,283.0
11,13,23,4,0,0,1500,354,23.6,196.0
12,13,0,5,1,0,1500,93,6.2,354.0
12,13,1,5,1,0,1500,30,2.0,93.0
12,13,2,5,1,0,1500,57,3.8,30.0
12,13,3,5,1,0,1500,190,12.67,57.0
12,13,4,5,1,0,1500,61,4.07,190.0
12,13,5,5,1,0,1500,30,2.0,61.0
12,13,6,5,1,0,1500,465,31.0,30.0
12,13,7,5,1,0,1500,350,23.33,465.0
12,13,8,5,1,0,1500,717,47.8,350.0
12,13,9,5,1,0,1500,662,44.13,717.0
12,13,10,5,1,0,1500,196,13.07,662.0
12,13,11,5,1,0,1500,340,22.67,196.0
12,13,12,5,1,0,1500,215,14.33,340.0
12,13,13,5,1,0,1500,317,21.13,215.0
12,13,14,5,1,0,1500,123,8.2,317.0
12,13,15,5,1,0,1500,286,19.07,123.0
12,13,16,5,1,0,1500,320,21.33,286.0
12,13,17,5,1,0,1500,737,49.13,320.0
12,13,18,5,1,0,1500,790,52.67,737.0
12,13,19,5,1,0,1500,455,30.33,790.0
12,13,20,5,1,0,1500,511,34.07,455.0
12,13,21,5,1,0,1500,145,9.67,511.0
12,13,22,5,1,0,1500,106,7.07,145.0
12,13,23,5,1,0,1500,231,15.4,106.0
13,13,0,6,1,0,1500,108,7.2,231.0
13,13,1,6,1,0,1500,30,2.0,108.0
13,13,2,6,1,0,1500,39,2.6,30.0
13,13,3,6,1,0,1500,39,2.6,39.0
13,13,4,6,1,0,1500,30,2.0,39.0
13,13,5,6,1,0,1500,30,2.0,30.0
13,13,6,6,1,0,1500,244,16.27,30.0
13,13,7,6,1,0,1500,225,15.0,244.0
13,13,8,6,1,0,1500,680,45.33,225.0
13,13,9,6,1,0,1500,690,46.0,680.0
13,13,10,6,1,0,1500,311,20.73,690.0
13,13,11,6,1,0,1500,331,22.07,311.0
13,13,12,6,1,0,1500,166,11.07,331.0
13,13,13,6,1,0,1500,380,25.33,166.0
13,13,14,6,1,0,1500,182,12.13,380.0
13,13,15,6,1,0,1500,231,15.4,182.0
13,13,16,6,1,0,1500,374,24.93,231.0
13,13,17,6,1,0,1500,568,37.87,374.0
13,13,18,6,1,0,1500,658,43.87,568.0
13,13,19,6,1,0,1500,676,45.07,658.0
13,13,20,6,1,0,1500,474,31.6,676.0
13,13,21,6,1,0,1500,185,12.33,474.0
13,13,22,6,1,0,1500,134,8.93,185.0
13,13,23,6,1,0,1500,96,6.4,134.0
14,13,0,0,0,0,1500,93,6.2,96.0
14,13,1,0,0,0,1500,188,12.53,93.0
14,13,2,0,0,0,1500,73,4.87,188.0
14,13,3,0,0,0,1500,30,2.0,73.0
14,13,4,0,0,0,1500,64,4.27,30.0
14,13,5,0,0,0,1500,66,4.4,64.0
14,13,6,0,0,0,1500,752,50.13,66.0
14,13,7,0,0,0,1500,893,59.53,752.0
14,13,8,0,0,1,1500,1116,74.4,893.0
14,13,9,0,0,1,1500,1163,77.53,1116.0
14,13,10,0,0,0,1500,483,32.2,1163.0
14,13,11,0,0,0,1500,434,28.93,483.0
14,13,12,0,0,0,1500,393,26.2,434.0
14,13,13,0,0,0,1500,355,23.67,393.0
14,13,14,0,0,0,1500,492,32.8,355.0
14,13,15,0,0,0,1500,377,25.13,492.0
14,13,16,0,0,0,1500,360,24.0,377.0
14,13,17,0,0,1,1500,1151,76.73,360.0
14,13,18,0,0,1,1500,1296,86.4,1151.0
14,13,19,0,0,1,1500,1154,76.93,1296.0
14,13,20,0,0,0,1500,890,59.33,1154.0
14,13,21,0,0,0,1500,247,16.47,890.0
14,13,22,0,0,0,1500,201,13.4,247.0
14,13,23,0,0,0,1500,324,21.6,201.0
15,13,0,1,0,0,1500,30,2.0,324.0
15,13,1,1,0,0,1500,65,4.33,30.0
15,13,2,1,0,0,1500,30,2.0,65.0
15,13,3,1,0,0,1500,46,3.07,30.0
15,13,4,1,0,0,1500,39,2.6,46.0
15,13,5,1,0,0,1500,99,6.6,39.0
15,13,6,1,0,0,1500,687,45.8,99.0
15,13,7,1,0,0,1500,721,48.07,687.0
15,13,8,1,0,1,1500,1246,83.07,721.0
15,13,9,1,0,1,1500,1182,78.8,1246.0
15,13,10,1,0,0,1500,425,28.33,1182.0
15,13,11,1,0,0,1500,487,32.47,425.0
15,13,12,1,0,0,1500,415,27.67,487.0
15,13,13,1,0,0,1500,444,29.6,415.0
15,13,14,1,0,0,1500,402,26.8,444.0
15,13,15,1,0,0,1500,396,26.4,402.0
15,13,16,1,0,0,1500,462,30.8,396.0
15,13,17,1,0,1,1500,1268,84.53,462.0
15,13,18,1,0,1,1500,1139,75.93,1268.0
15,13,19,1,0,1,1500,1159,77.27,1139.0
15,13,20,1,0,0,1500,941,62.73,1159.0
15,13,21,1,0,0,1500,252,16.8,941.0
15,13,22,1,0,0,1500,271,18.07,252.0
15,13,23,1,0,0,1500,245,16.33,271.0
16,13,0,2,0,0,1500,119,7.93,245.0
16,13,1,2,0,0,1500,213,14.2,119.0
16,13,2,2,0,0,1500,36,2.4,213.0
16,13,3,2,0,0,1500,80,5.33,36.0
16,13,4,2,0,0,1500,30,2.0,80.0
16,13,5,2,0,0,1500,30,2.0,30.0
16,13,6,2,0,0,1500,649,43.27,30.0
16,13,7,2,0,0,1500,703,46.87,649.0
16,13,8,2,0,1,1500,1042,69.47,703.0
16,13,9,2,0,1,1500,930,62.0,1042.0
16,13,10,2,0,0,1500,520,34.67,930.0
16,13,11,2,0,0,1500,353,23.53,520.0
16,13,12,2,0,0,1500,418,27.87,353.0
16,13,13,2,0,0,1500,564,37.6,418.0
16,13,14,2,0,0,1500,621,41.4,564.0
16,13,15,2,0,0,1500,381,25.4,621.0
16,13,16,2,0,0,1500,487,32.47,381.0
16,13,17,2,0,1,1500,1102,73.47,487.0
16,13,18,2,0,1,1500,1380,92.0,1102.0
16,13,19,2,0,1,1500,1291,86.07,1380.0
16,13,20,2,0,0,1500,891,59.4,1291.0
16,13,21,2,0,0,1500,153,10.2,891.0
16,13,22,2,0,0,1500,184,12.27,153.0
16,13,23,2,0,0,1500,207,13.8,184.0
17,13,0,3,0,0,1500,207,13.8,207.0
17,13,1,3,0,0,1500,39,2.6,207.0
17,13,2,3,0,0,1500,30,2.0,39.0
17,13,3,3,0,0,1500,30,2.0,30.0
17,13,4,3,0,0,1500,30,2.0,30.0
17,13,5,3,0,0,1500,77,5.13,30.0
17,13,6,3,0,0,1500,668,44.53,77.0
17,13,7,3,0,0,1500,678,45.2,668.0
17,13,8,3,0,1,1500,1345,89.67,678.0
17,13,9,3,0,1,1500,1220,81.33,1345.0
17,13,10,3,0,0,1500,541,36.07,1220.0
17,13,11,3,0,0,1500,387,25.8,541.0
17,13,12,3,0,0,1500,379,25.27,387.0
17,13,13,3,0,0,1500,518,34.53,379.0
17,13,14,3,0,0,1500,461,30.73,518.0
17,13,15,3,0,0,1500,356,23.73,461.0
17,13,16,3,0,0,1500,556,37.07,356.0
17,13,17,3,0,1,1500,1108,73.87,556.0
17,13,18,3,0,1,1500,1187,79.13,1108.0
17,13,19,3,0,1,1500,1325,88.33,1187.0
17,13,20,3,0,0,1500,766,51.07,1325.0
17,13,21,3,0,0,1500,235,15.67,766.0
17,13,22,3,0,0,1500,257,17.13,235.0
17,13,23,3,0,0,1500,201,13.4,257.0
18,13,0,4,0,0,1500,139,9.27,201.0
18,13,1,4,0,0,1500,104,6.93,139.0
18,13,2,4,0,0,1500,39,2.6,104.0
18,13,3,4,0,0,1500,119,7.93,39.0
18,13,4,4,0,0,1500,97,6.47,119.0
18,13,5,4,0,0,1500,52,3.47,97.0
18,13,6,4,0,0,1500,654,43.6,52.0
18,13,7,4,0,0,1500,629,41.93,654.0
18,13,8,4,0,1,1500,1055,70.33,629.0
18,13,9,4,0,1,1500,1256,83.73,1055.0
18,13,10,4,0,0,1500,408,27.2,1256.0
18,13,11,4,0,0,1500,587,39.13,408.0
18,13,12,4,0,0,1500,500,33.33,587.0
18,13,13,4,0,0,1500,403,26.87,500.0
18,13,14,4,0,0,1500,306,20.4,403.0
18,13,15,4,0,0,1500,466,31.07,306.0
18,13,16,4,0,0,1500,483,32.2,466.0
18,13,17,4,0,1,1500,1253,83.53,483.0
18,13,18,4,0,1,1500,1237,82.47,1253.0
18,13,19,4,0,1,1500,1239,82.6,1237.0
18,13,20,4,0,0,1500,944,62.93,1239.0
18,13,21,4,0,0,1500,322,21.47,944.0
18,13,22,4,0,0,1500,204,13.6,322.0
18,13,23,4,0,0,1500,137,9.13,204.0
19,13,0,5,1,0,1500,39,2.6,137.0
19,13,1,5,1,0,1500,30,2.0,39.0
19,13,2,5,1,0,1500,30,2.0,30.0
19,13,3,5,1,0,1500,30,2.0,30.0
19,13,4,5,1,0,1500,30,2.0,30.0
19,13,5,5,1,0,1500,30,2.0,30.0
19,13,6,5,1,0,1500,468,31.2,30.0
19,13,7,5,1,0,1500,506,33.73,468.0
19,13,8,5,1,0,1500,774,51.6,506.0
19,13,9,5,1,0,1500,787,52.47,774.0
19,13,10,5,1,0,1500,313,20.87,787.0
19,13,11,5,1,0,1500,195,13.0,313.0
19,13,12,5,1,0,1500,297,19.8,195.0
19,13,13,5,1,0,1500,252,16.8,297.0
19,13,14,5,1,0,1500,206,13.73,252.0
19,13,15,5,1,0,1500,414,27.6,206.0
19,13,16,5,1,0,1500,150,10.0,414.0
19,13,17,5,1,0,1500,657,43.8,150.0
19,13,18,5,1,0,1500,632,42.13,657.0
19,13,19,5,1,0,1500,622,41.47,632.0
19,13,20,5,1,0,1500,416,27.73,622.0
19,13,21,5,1,0,1500,139,9.27,416.0
19,13,22,5,1,0,1500,203,13.53,139.0
19,13,23,5,1,0,1500,140,9.33,203.0
20,13,0,6,1,0,1500,30,2.0,140.0
20,13,1,6,1,0,1500,33,2.2,30.0
20,13,2,6,1,0,1500,30,2.0,33.0
20,13,3,6,1,0,1500,85,5.67,30.0
20,13,4,6,1,0,1500,104,6.93,85.0
20,13,5,6,1,0,1500,115,7.67,104.0
20,13,6,6,1,0,1500,336,22.4,115.0
20,13,7,6,1,0,1500,464,30.93,336.0
20,13,8,6,1,0,1500,808,53.87,464.0
20,13,9,6,1,0,1500,534,35.6,808.0
20,13,10,6,1,0,1500,339,22.6,534.0
20,13,11,6,1,0,1500,305,20.33,339.0
20,13,12,6,1,0,1500,161,10.73,305.0
20,13,13,6,1,0,1500,312,20.8,161.0
20,13,14,6,1,0,1500,174,11.6,312.0
20,13,15,6,1,0,1500,255,17.0,174.0
20,13,16,6,1,0,1500,180,12.0,255.0
20,13,17,6,1,0,1500,640,42.67,180.0
20,13,18,6,1,0,1500,626,41.73,640.0
20,13,19,6,1,0,1500,827,55.13,626.0
20,13,20,6,1,0,1500,498,33.2,827.0
20,13,21,6,1,0,1500,118,7.87,498.0
20,13,22,6,1,0,1500,208,13.87,118.0
20,13,23,6,1,0,1500,147,9.8,208.0
21,13,0,0,0,0,1500,30,2.0,147.0
21,13,1,0,0,0,1500,128,8.53,30.0
21,13,2,0,0,0,1500,103,6.87,128.0
21,13,3,0,0,0,1500,179,11.93,103.0
21,13,4,0,0,0,1500,139,9.27,179.0
21,13,5,0,0,0,1500,220,14.67,139.0
21,13,6,0,0,0,1500,624,41.6,220.0
21,13,7,0,0,0,1500,404,26.93,624.0
21,13,8,0,0,1,1500,1259,83.93,404.0
21,13,9,0,0,1,1500,1143,76.2,1259.0
21,13,10,0,0,0,1500,484,32.27,1143.0
21,13,11,0,0,0,1500,511,34.07,484.0
21,13,12,0,0,0,1500,533,35.53,511.0
21,13,13,0,0,0,1500,343,22.87,533.0
21,13,14,0,0,0,1500,480,32.0,343.0
21,13,15,0,0,0,1500,448,29.87,480.0
21,13,16,0,0,0,1500,484,32.27,448.0
21,13,17,0,0,1,1500,1198,79.87,484.0
21,13,18,0,0,1,1500,1264,84.27,1198.0
21,13,19,0,0,1,1500,1148,76.53,1264.0
21,13,20,0,0,0,1500,1092,72.8,1148.0
21,13,21,0,0,0,1500,145,9.67,1092.0
21,13,22,0,0,0,1500,299,19.93,145.0
21,13,23,0,0,0,1500,235,15.67,299.0
22,13,0,1,0,0,1500,54,3.6,235.0
22,13,1,1,0,0,1500,127,8.47,54.0
22,13,2,1,0,0,1500,30,2.0,127.0
22,13,3,1,0,0,1500,121,8.07,30.0
22,13,4,1,0,0,1500,190,12.67,121.0
22,13,5,1,0,0,1500,179,11.93,190.0
22,13,6,1,0,0,1500,539,35.93,179.0
22,13,7,1,0,0,1500,569,37.93,539.0
22,13,8,1,0,1,1500,1115,74.33,569.0
22,13,9,1,0,1,1500,1216,81.07,1115.0
22,13,10,1,0,0,1500,432,28.8,1216.0
22,13,11,1,0,0,1500,559,37.27,432.0
22,13,12,1,0,0,1500,340,22.67,559.0
22,13,13,1,0,0,1500,401,26.73,340.0
22,13,14,1,0,0,1500,364,24.27,401.0
22,13,15,1,0,0,1500,394,26.27,364.0
22,13,16,1,0,0,1500,492,32.8,394.0
22,13,17,1,0,1,1500,1262,84.13,492.0
22,13,18,1,0,1,1500,1174,78.27,1262.0
22,13,19,1,0,1,1500,1061,70.73,1174.0
22,13,20,1,0,0,1500,724,48.27,1061.0
22,13,21,1,0,0,1500,240,16.0,724.0
22,13,22,1,0,0,1500,255,17.0,240.0
22,13,23,1,0,0,1500,328,21.87,255.0
23,13,0,2,0,0,1500,127,8.47,328.0
23,13,1,2,0,0,1500,210,14.0,127.0
23,13,2,2,0,0,1500,203,13.53,210.0
23,13,3,2,0,0,1500,30,2.0,203.0
23,13,4,2,0,0,1500,99,6.6,30.0
23,13,5,2,0,0,1500,96,6.4,99.0
23,13,6,2,0,0,1500,681,45.4,96.0
23,13,7,2,0,0,1500,687,45.8,681.0
23,13,8,2,0,1,1500,1068,71.2,687.0
23,13,9,2,0,1,1500,1079,71.93,1068.0
23,13,10,2,0,0,1500,454,30.27,1079.0
23,13,11,2,0,0,1500,474,31.6,454.0
23,13,12,2,0,0,1500,423,28.2,474.0
23,13,13,2,0,0,1500,398,26.53,423.0
23,13,14,2,0,0,1500,614,40.93,398.0
23,13,15,2,0,0,1500,569,37.93,614.0
23,13,16,2,0,0,1500,508,33.87,569.0
23,13,17,2,0,1,1500,1303,86.87,508.0
23,13,18,2,0,1,1500,1284,85.6,1303.0
23,13,19,2,0,1,1500,1140,76.0,1284.0
23,13,20,2,0,0,1500,1022,68.13,1140.0
23,13,21,2,0,0,1500,401,26.73,1022.0
23,13,22,2,0,0,1500,248,16.53,401.0
23,13,23,2,0,0,1500,184,12.27,248.0
24,13,0,3,0,0,1500,109,7.27,184.0
24,13,1,3,0,0,1500,30,2.0,109.0
24,13,2,3,0,0,1500,30,2.0,30.0
24,13,3,3,0,0,1500,30,2.0,30.0
24,13,4,3,0,0,1500,30,2.0,30.0
24,13,5,3,0,0,1500,135,9.0,30.0
24,13,6,3,0,0,1500,684,45.6,135.0
24,13,7,3,0,0,1500,697,46.47,684.0
24,13,8,3,0,1,1500,1088,72.53,697.0
24,13,9,3,0,1,1500,1125,75.0,1088.0
24,13,10,3,0,0,1500,509,33.93,1125.0
24,13,11,3,0,0,1500,478,31.87,509.0
24,13,12,3,0,0,1500,435,29.0,478.0
24,13,13,3,0,0,1500,481,32.07,435.0
24,13,14,3,0,0,1500,440,29.33,481.0
24,13,15,3,0,0,1500,380,25.33,440.0
24,13,16,3,0,0,1500,402,26.8,380.0
24,13,17,3,0,1,1500,1099,73.27,402.0
24,13,18,3,0,1,1500,1133,75.53,1099.0
24,13,19,3,0,1,1500,1383,92.2,1133.0
24,13,20,3,0,0,1500,807,53.8,1383.0
24,13,21,3,0,0,1500,292,19.47,807.0
24,13,22,3,0,0,1500,262,17.47,292.0
24,13,23,3,0,0,1500,389,25.93,262.0
25,13,0,4,0,0,1500,30,2.0,389.0
25,13,1,4,0,0,1500,147,9.8,30.0
25,13,2,4,0,0,1500,97,6.47,147.0
25,13,3,4,0,0,1500,58,3.87,97.0
25,13,4,4,0,0,1500,30,2.0,58.0
25,13,5,4,0,0,1500,216,14.4,30.0
25,13,6,4,0,0,1500,729,48.6,216.0
25,13,7,4,0,0,1500,729,48.6,729.0
25,13,8,4,0,1,1500,1165,77.67,729.0
25,13,9,4,0,1,1500,1111,74.07,1165.0
25,13,10,4,0,0,1500,522,34.8,1111.0
25,13,11,4,0,0,1500,432,28.8,522.0
25,13,12,4,0,0,1500,518,34.53,432.0
25,13,13,4,0,0,1500,334,22.27,518.0
25,13,14,4,0,0,1500,542,36.13,334.0
25,13,15,4,0,0,1500,347,23.13,542.0
25,13,16,4,0,0,1500,439,29.27,347.0
25,13,17,4,0,1,1500,1070,71.33,439.0
25,13,18,4,0,1,1500,1151,76.73,1070.0
25,13,19,4,0,1,1500,1161,77.4,1151.0
25,13,20,4,0,0,1500,958,63.87,1161.0
25,13,21,4,0,0,1500,350,23.33,958.0
25,13,22,4,0,0,1500,374,24.93,350.0
25,13,23,4,0,0,1500,326,21.73,374.0
26,13,0,5,1,0,1500,30,2.0,326.0
26,13,1,5,1,0,1500,168,11.2,30.0
26,13,2,5,1,0,1500,30,2.0,168.0
26,13,3,5,1,0,1500,65,4.33,30.0
26,13,4,5,1,0,1500,30,2.0,65.0
26,13,5,5,1,0,1500,30,2.0,30.0
26,13,6,5,1,0,1500,364,24.27,30.0
26,13,7,5,1,0,1500,490,32.67,364.0
26,13,8,5,1,0,1500,598,39.87,490.0
26,13,9,5,1,0,1500,685,45.67,598.0
26,13,10,5,1,0,1500,331,22.07,685.0
26,13,11,5,1,0,1500,336,22.4,331.0
26,13,12,5,1,0,1500,301,20.07,336.0
26,13,13,5,1,0,1500,298,19.87,301.0
26,13,14,5,1,0,1500,144,9.6,298.0
26,13,15,5,1,0,1500,257,17.13,144.0
26,13,16,5,1,0,1500,222,14.8,257.0
26,13,17,5,1,0,1500,848,56.53,222.0
26,13,18,5,1,0,1500,688,45.87,848.0
26,13,19,5,1,0,1500,530,35.33,688.0
26,13,20,5,1,0,1500,405,27.0,530.0
26,13,21,5,1,0,1500,34,2.27,405.0
26,13,22,5,1,0,1500,192,12.8,34.0
26,13,23,5,1,0,1500,68,4.53,192.0
27,13,0,6,1,0,1500,132,8.8,68.0
27,13,1,6,1,0,1500,30,2.0,132.0
27,13,2,6,1,0,1500,51,3.4,30.0
27,13,3,6,1,0,1500,49,3.27,51.0
27,13,4,6,1,0,1500,50,3.33,49.0
27,13,5,6,1,0,1500,110,7.33,50.0
27,13,6,6,1,0,1500,310,20.67,110.0
27,13,7,6,1,0,1500,458,30.53,310.0
27,13,8,6,1,0,1500,682,45.47,458.0
27,13,9,6,1,0,1500,639,42.6,682.0
27,13,10,6,1,0,1500,169,11.27,639.0
27,13,11,6,1,0,1500,239,15.93,169.0
27,13,12,6,1,0,1500,206,13.73,239.0
27,13,13,6,1,0,1500,242,16.13,206.0
27,13,14,6,1,0,1500,411,27.4,242.0
27,13,15,6,1,0,1500,182,12.13,411.0
27,13,16,6,1,0,1500,323,21.53,182.0
27,13,17,6,1,0,1500,535,35.67,323.0
27,13,18,6,1,0,1500,623,41.53,535.0
27,13,19,6,1,0,1500,702,46.8,623.0
27,13,20,6,1,0,1500,520,34.67,702.0
27,13,21,6,1,0,1500,164,10.93,520.0
27,13,22,6,1,0,1500,214,14.27,164.0
27,13,23,6,1,0,1500,67,4.47,214.0
28,13,0,0,0,0,1500,30,2.0,67.0
28,13,1,0,0,0,1500,59,3.93,30.0
28,13,2,0,0,0,1500,119,7.93,59.0
28,13,3,0,0,0,1500,30,2.0,119.0
28,13,4,0,0,0,1500,33,2.2,30.0
28,13,5,0,0,0,1500,76,5.07,33.0
28,13,6,0,0,0,1500,730,48.67,76.0
28,13,7,0,0,0,1500,752,50.13,730.0
28,13,8,0,0,1,1500,1197,79.8,752.0
28,13,9,0,0,1,1500,1154,76.93,1197.0
28,13,10,0,0,0,1500,436,29.07,1154.0
28,13,11,0,0,0,1500,452,30.13,436.0
28,13,12,0,0,0,1500,620,41.33,452.0
28,13,13,0,0,0,1500,473,31.53,620.0
28,13,14,0,0,0,1500,614,40.93,473.0
28,13,15,0,0,0,1500,347,23.13,614.0
28,13,16,0,0,0,1500,614,40.93,347.0
28,13,17,0,0,1,1500,1319,87.93,614.0
28,13,18,0,0,1,1500,1233,82.2,1319.0
28,13,19,0,0,1,1500,1274,84.93,1233.0
28,13,20,0,0,0,1500,959,63.93,1274.0
28,13,21,0,0,0,1500,213,14.2,959.0
28,13,22,0,0,0,1500,271,18.07,213.0
28,13,23,0,0,0,1500,243,16.2,271.0
29,13,0,1,0,0,1500,136,9.07,243.0
29,13,1,1,0,0,1500,154,10.27,136.0
29,13,2,1,0,0,1500,30,2.0,154.0
29,13,3,1,0,0,1500,74,4.93,30.0
29,13,4,1,0,0,1500,60,4.0,74.0
29,13,5,1,0,0,1500,30,2.0,60.0
29,13,6,1,0,0,1500,680,45.33,30.0
29,13,7,1,0,0,1500,655,43.67,680.0
29,13,8,1,0,1,1500,1056,70.4,655.0
29,13,9,1,0,1,1500,1171,78.07,1056.0
29,13,10,1,0,0,1500,408,27.2,1171.0
29,13,11,1,0,0,1500,452,30.13,408.0
29,13,12,1,0,0,1500,447,29.8,452.0
29,13,13,1,0,0,1500,497,33.13,447.0
29,13,14,1,0,0,1500,543,36.2,497.0
29,13,15,1,0,0,1500,485,32.33,543.0
29,13,16,1,0,0,1500,552,36.8,485.0
29,13,17,1,0,1,1500,1147,76.47,552.0
29,13,18,1,0,1,1500,1216,81.07,1147.0
29,13,19,1,0,1,1500,1139,75.93,1216.0
29,13,20,1,0,0,1500,708,47.2,1139.0
29,13,21,1,0,0,1500,388,25.87,708.0
29,13,22,1,0,0,1500,214,14.27,388.0
29,13,23,1,0,0,1500,233,15.53,214.0
0,14,0,0,0,0,1400,28,2.0,28.0
0,14,1,0,0,0,1400,28,2.0,28.0
0,14,2,0,0,0,1400,41,2.93,28.0
0,14,3,0,0,0,1400,86,6.14,41.0
0,14,4,0,0,0,1400,172,12.29,86.0
0,14,5,0,0,0,1400,28,2.0,172.0
0,14,6,0,0,0,1400,573,40.93,28.0
0,14,7,0,0,0,1400,709,50.64,573.0
0,14,8,0,0,1,1400,1104,78.86,709.0
0,14,9,0,0,1,1400,1107,79.07,1104.0
0,14,10,0,0,0,1400,383,27.36,1107.0
0,14,11,0,0,0,1400,422,30.14,383.0
0,14,12,0,0,0,1400,353,25.21,422.0
0,14,13,0,0,0,1400,477,34.07,353.0
0,14,14,0,0,0,1400,328,23.43,477.0
0,14,15,0,0,0,1400,394,28.14,328.0
0,14,16,0,0,0,1400,513,36.64,394.0
0,14,17,0,0,1,1400,1103,78.79,513.0
0,14,18,0,0,1,1400,1047,74.79,1103.0
0,14,19,0,0,1,1400,1190,85.0,1047.0
0,14,20,0,0,0,1400,875,62.5,1190.0
0,14,21,0,0,0,1400,295,21.07,875.0
0,14,22,0,0,0,1400,216,15.43,295.0
0,14,23,0,0,0,1400,274,19.57,216.0
1,14,0,1,0,0,1400,130,9.29,274.0
1,14,1,1,0,0,1400,129,9.21,130.0
1,14,2,1,0,0,1400,66,4.71,129.0
1,14,3,1,0,0,1400,145,10.36,66.0
1,14,4,1,0,0,1400,113,8.07,145.0
1,14,5,1,0,0,1400,28,2.0,113.0
1,14,6,1,0,0,1400,644,46.0,28.0
1,14,7,1,0,0,1400,845,60.36,644.0
1,14,8,1,0,1,1400,1010,72.14,845.0
1,14,9,1,0,1,1400,1074,76.71,1010.0
1,14,10,1,0,0,1400,480,34.29,1074.0
1,14,11,1,0,0,1400,511,36.5,480.0
1,14,12,1,0,0,1400,458,32.71,511.0
1,14,13,1,0,0,1400,310,22.14,458.0
1,14,14,1,0,0,1400,599,42.79,310.0
1,14,15,1,0,0,1400,409,29.21,599.0
1,14,16,1,0,0,1400,362,25.86,409.0
1,14,17,1,0,1,1400,1137,81.21,362.0
1,14,18,1,0,1,1400,1028,73.43,1137.0
1,14,19,1,0,1,1400,1147,81.93,1028.0
1,14,20,1,0,0,1400,792,56.57,1147.0
1,14,21,1,0,0,1400,301,21.5,792.0
1,14,22,1,0,0,1400,153,10.93,301.0
1,14,23,1,0,0,1400,226,16.14,153.0
2,14,0,2,0,0,1400,28,2.0,226.0
2,14,1,2,0,0,1400,28,2.0,28.0
2,14,2,2,0,0,1400,56,4.0,28.0
2,14,3,2,0,0,1400,57,4.07,56.0
2,14,4,2,0,0,1400,28,2.0,57.0
2,14,5,2,0,0,1400,150,10.71,28.0
2,14,6,2,0,0,1400,604,43.14,150.0
2,14,7,2,0,0,1400,698,49.86,604.0
2,14,8,2,0,1,1400,1154,82.43,698.0
2,14,9,2,0,1,1400,1117,79.79,1154.0
2,14,10,2,0,0,1400,514,36.71,1117.0
2,14,11,2,0,0,1400,525,37.5,514.0
2,14,12,2,0,0,1400,551,39.36,525.0
2,14,13,2,0,0,1400,550,39.29,551.0
2,14,14,2,0,0,1400,434,31.0,550.0
2,14,15,2,0,0,1400,480,34.29,434.0
2,14,16,2,0,0,1400,395,28.21,480.0
2,14,17,2,0,1,1400,1118,79.86,395.0
2,14,18,2,0,1,1400,1088,77.71,1118.0
2,14,19,2,0,1,1400,1111,79.36,1088.0
2,14,20,2,0,0,1400,864,61.71,1111.0
2,14,21,2,0,0,1400,355,25.36,864.0
2,14,22,2,0,0,1400,130,9.29,355.0
2,14,23,2,0,0,1400,357,25.5,130.0
3,14,0,3,0,0,1400,66,4.71,357.0
3,14,1,3,0,0,1400,28,2.0,66.0
3,14,2,3,0,0,1400,28,2.0,28.0
3,14,3,3,0,0,1400,104,7.43,28.0
3,14,4,3,0,0,1400,28,2.0,104.0
3,14,5,3,0,0,1400,104,7.43,28.0
3,14,6,3,0,0,1400,520,37.14,104.0
3,14,7,3,0,0,1400,645,46.07,520.0
3,14,8,3,0,1,1400,1133,80.93,645.0
3,14,9,3,0,1,1400,1138,81.29,1133.0
3,14,10,3,0,0,1400,369,26.36,1138.0
3,14,11,3,0,0,1400,391,27.93,369.0
3,14,12,3,0,0,1400,418,29.86,391.0
3,14,13,3,0,0,1400,363,25.93,418.0
3,14,14,3,0,0,1400,388,27.71,363.0
3,14,15,3,0,0,1400,398,28.43,388.0
3,14,16,3,0,0,1400,545,38.93,398.0
3,14,17,3,0,1,1400,1038,74.14,545.0
3,14,18,3,0,1,1400,1065,76.07,1038.0
3,14,19,3,0,1,1400,1091,77.93,1065.0
3,14,20,3,0,0,1400,828,59.14,1091.0
3,14,21,3,0,0,1400,229,16.36,828.0
3,14,22,3,0,0,1400,193,13.79,229.0
3,14,23,3,0,0,1400,286,20.43,193.0
4,14,0,4,0,0,1400,245,17.5,286.0
4,14,1,4,0,0,1400,28,2.0,245.0
4,14,2,4,0,0,1400,35,2.5,28.0
4,14,3,4,0,0,1400,134,9.57,35.0
4,14,4,4,0,0,1400,28,2.0,134.0
4,14,5,4,0,0,1400,28,2.0,28.0
4,14,6,4,0,0,1400,598,42.71,28.0
4,14,7,4,0,0,1400,734,52.43,598.0
4,14,8,4,0,1,1400,976,69.71,734.0
4,14,9,4,0,1,1400,1013,72.36,976.0
4,14,10,4,0,0,1400,385,27.5,1013.0
4,14,11,4,0,0,1400,411,29.36,385.0
4,14,12,4,0,0,1400,513,36.64,411.0
4,14,13,4,0,0,1400,524,37.43,513.0
4,14,14,4,0,0,1400,398,28.43,524.0
4,14,15,4,0,0,1400,510,36.43,398.0
4,14,16,4,0,0,1400,346,24.71,510.0
4,14,17,4,0,1,1400,1124,80.29,346.0
4,14,18,4,0,1,1400,1177,84.07,1124.0
4,14,19,4,0,1,1400,1200,85.71,1177.0
4,14,20,4,0,0,1400,690,49.29,1200.0
4,14,21,4,0,0,1400,260,18.57,690.0
4,14,22,4,0,0,1400,305,21.79,260.0
4,14,23,4,0,0,1400,327,23.36,305.0
5,14,0,5,1,0,1400,97,6.93,327.0
5,14,1,5,1,0,1400,28,2.0,97.0
5,14,2,5,1,0,1400,41,2.93,28.0
5,14,3,5,1,0,1400,54,3.86,41.0
5,14,4,5,1,0,1400,89,6.36,54.0
5,14,5,5,1,0,1400,28,2.0,89.0
5,14,6,5,1,0,1400,372,26.57,28.0
5,14,7,5,1,0,1400,334,23.86,372.0
5,14,8,5,1,0,1400,581,41.5,334.0
5,14,9,5,1,0,1400,667,47.64,581.0
5,14,10,5,1,0,1400,287,20.5,667.0
5,14,11,5,1,0,1400,188,13.43,287.0
5,14,12,5,1,0,1400,292,20.86,188.0
5,14,13,5,1,0,1400,288,20.57,292.0
5,14,14,5,1,0,1400,150,10.71,288.0
5,14,15,5,1,0,1400,240,17.14,150.0
5,14,16,5,1,0,1400,221,15.79,240.0
5,14,17,5,1,0,1400,723,51.64,221.0
5,14,18,5,1,0,1400,462,33.0,723.0
5,14,19,5,1,0,1400,514,36.71,462.0
5,14,20,5,1,0,1400,380,27.14,514.0
5,14,21,5,1,0,1400,188,13.43,380.0
5,14,22,5,1,0,1400,155,11.07,188.0
5,14,23,5,1,0,1400,228,16.29,155.0
6,14,0,6,1,0,1400,45,3.21,228.0
6,14,1,6,1,0,1400,28,2.0,45.0
6,14,2,6,1,0,1400,28,2.0,28.0
6,14,3,6,1,0,1400,181,12.93,28.0
6,14,4,6,1,0,1400,97,6.93,181.0
6,14,5,6,1,0,1400,28,2.0,97.0
6,14,6,6,1,0,1400,271,19.36,28.0
6,14,7,6,1,0,1400,393,28.07,271.0
6,14,8,6,1,0,1400,532,38.0,393.0
6,14,9,6,1,0,1400,626,44.71,532.0
6,14,10,6,1,0,1400,359,25.64,626.0
6,14,11,6,1,0,1400,243,17.36,359.0
6,14,12,6,1,0,1400,146,10.43,243.0
6,14,13,6,1,0,1400,164,11.71,146.0
6,14,14,6,1,0,1400,239,17.07,164.0
6,14,15,6,1,0,1400,257,18.36,239.0
6,14,16,6,1,0,1400,178,12.71,257.0
6,14,17,6,1,0,1400,702,50.14,178.0
6,14,18,6,1,0,1400,671,47.93,702.0
6,14,19,6,1,0,1400,658,47.0,671.0
6,14,20,6,1,0,1400,353,25.21,658.0
6,14,21,6,1,0,1400,140,10.0,353.0
6,14,22,6,1,0,1400,95,6.79,140.0
6,14,23,6,1,0,1400,122,8.71,95.0
7,14,0,0,0,0,1400,28,2.0,122.0
7,14,1,0,0,0,1400,134,9.57,28.0
7,14,2,0,0,0,1400,80,5.71,134.0
7,14,3,0,0,0,1400,82,5.86,80.0
7,14,4,0,0,0,1400,67,4.79,82.0
7,14,5,0,0,0,1400,125,8.93,67.0
7,14,6,0,0,0,1400,728,52.0,125.0
7,14,7,0,0,0,1400,557,39.79,728.0
7,14,8,0,0,1,1400,1143,81.64,557.0
7,14,9,0,0,1,1400,1109,79.21,1143.0
7,14,10,0,0,0,1400,492,35.14,1109.0
7,14,11,0,0,0,1400,484,34.57,492.0
7,14,12,0,0,0,1400,343,24.5,484.0
7,14,13,0,0,0,1400,389,27.79,343.0
7,14,14,0,0,0,1400,480,34.29,389.0
7,14,15,0,0,0,1400,361,25.79,480.0
7,14,16,0,0,0,1400,332,23.71,361.0
7,14,17,0,0,1,1400,1102,78.71,332.0
7,14,18,0,0,1,1400,1063,75.93,1102.0
7,14,19,0,0,1,1400,1161,82.93,1063.0
7,14,20,0,0,0,1400,799,57.07,1161.0
7,14,21,0,0,0,1400,209,14.93,799.0
7,14,22,0,0,0,1400,299,21.36,209.0
7,14,23,0,0,0,1400,272,19.43,299.0
8,14,0,1,0,0,1400,78,5.57,272.0
8,14,1,1,0,0,1400,31,2.21,78.0
8,14,2,1,0,0,1400,58,4.14,31.0
8,14,3,1,0,0,1400,28,2.0,58.0
8,14,4,1,0,0,1400,169,12.07,28.0
8,14,5,1,0,0,1400,28,2.0,169.0
8,14,6,1,0,0,1400,650,46.43,28.0
8,14,7,1,0,0,1400,653,46.64,650.0
8,14,8,1,0,1,1400,973,69.5,653.0
8,14,9,1,0,1,1400,1035,73.93,973.0
8,14,10,1,0,0,1400,456,32.57,1035.0
8,14,11,1,0,0,1400,356,25.43,456.0
8,14,12,1,0,0,1400,555,39.64,356.0
8,14,13,1,0,0,1400,304,21.71,555.0
8,14,14,1,0,0,1400,515,36.79,304.0
8,14,15,1,0,0,1400,514,36.71,515.0
8,14,16,1,0,0,1400,545,38.93,514.0
8,14,17,1,0,1,1400,1126,80.43,545.0
8,14,18,1,0,1,1400,1085,77.5,1126.0
8,14,19,1,0,1,1400,1202,85.86,1085.0
8,14,20,1,0,0,1400,775,55.36,1202.0
8,14,21,1,0,0,1400,315,22.5,775.0
8,14,22,1,0,0,1400,300,21.43,315.0
8,14,23,1,0,0,1400,264,18.86,300.0
9,14,0,2,0,0,1400,137,9.79,264.0
9,14,1,2,0,0,1400,79,5.64,137.0
9,14,2,2,0,0,1400,124,8.86,79.0
9,14,3,2,0,0,1400,28,2.0,124.0
9,14,4,2,0,0,1400,28,2.0,28.0
9,14,5,2,0,0,1400,28,2.0,28.0
9,14,6,2,0,0,1400,716,51.14,28.0
9,14,7,2,0,0,1400,662,47.29,716.0
9,14,8,2,0,1,1400,1197,85.5,662.0
9,14,9,2,0,1,1400,1131,80.79,1197.0
9,14,10,2,0,0,1400,434,31.0,1131.0
9,14,11,2,0,0,1400,350,25.0,434.0
9,14,12,2,0,0,1400,434,31.0,350.0
9,14,13,2,0,0,1400,413,29.5,434.0
9,14,14,2,0,0,1400,512,36.57,413.0
9,14,15,2,0,0,1400,521,37.21,512.0
9,14,16,2,0,0,1400,403,28.79,521.0
9,14,17,2,0,1,1400,1169,83.5,403.0
9,14,18,2,0,1,1400,1248,89.14,1169.0
9,14,19,2,0,1,1400,1130,80.71,1248.0
9,14,20,2,0,0,1400,994,71.0,1130.0
9,14,21,2,0,0,1400,267,19.07,994.0
9,14,22,2,0,0,1400,166,11.86,267.0
9,14,23,2,0,0,1400,275,19.64,166.0
10,14,0,3,0,0,1400,90,6.43,275.0
10,14,1,3,0,0,1400,28,2.0,90.0
10,14,2,3,0,0,1400,60,4.29,28.0
10,14,3,3,0,0,1400,74,5.29,60.0
10,14,4,3,0,0,1400,120,8.57,74.0
10,14,5,3,0,0,1400,152,10.86,120.0
10,14,6,3,0,0,1400,571,40.79,152.0
10,14,7,3,0,0,1400,617,44.07,571.0
10,14,8,3,0,1,1400,1081,77.21,617.0
10,14,9,3,0,1,1400,1171,83.64,1081.0
10,14,10,3,0,0,1400,498,35.57,1171.0
10,14,11,3,0,0,1400,295,21.07,498.0
10,14,12,3,0,0,1400,424,30.29,295.0
10,14,13,3,0,0,1400,486,34.71,424.0
10,14,14,3,0,0,1400,453,32.36,486.0
10,14,15,3,0,0,1400,373,26.64,453.0
10,14,16,3,0,0,1400,363,25.93,373.0
10,14,17,3,0,1,1400,1143,81.64,363.0
10,14,18,3,0,1,1400,1071,76.5,1143.0
10,14,19,3,0,1,1400,1164,83.14,1071.0
10,14,20,3,0,0,1400,759,54.21,1164.0
10,14,21,3,0,0,1400,169,12.07,759.0
10,14,22,3,0,0,1400,84,6.0,169.0
10,14,23,3,0,0,1400,330,23.57,84.0
11,14,0,4,0,0,1400,69,4.93,330.0
11,14,1,4,0,0,1400,197,14.07,69.0
11,14,2,4,0,0,1400,96,6.86,197.0
11,14,3,4,0,0,1400,28,2.0,96.0
11,14,4,4,0,0,1400,28,2.0,28.0
11,14,5,4,0,0,1400,55,3.93,28.0
11,14,6,4,0,0,1400,652,46.57,55.0
11,14,7,4,0,0,1400,602,43.0,652.0
11,14,8,4,0,1,1400,1086,77.57,602.0
11,14,9,4,0,1,1400,1056,75.43,1086.0
11,14,10,4,0,0,1400,455,32.5,1056.0
11,14,11,4,0,0,1400,503,35.93,455.0
11,14,12,4,0,0,1400,388,27.71,503.0
11,14,13,4,0,0,1400,510,36.43,388.0
11,14,14,4,0,0,1400,400,28.57,510.0
11,14,15,4,0,0,1400,230,16.43,400.0
11,14,16,4,0,0,1400,310,22.14,230.0
11,14,17,4,0,1,1400,1153,82.36,310.0
11,14,18,4,0,1,1400,1182,84.43,1153.0
11,14,19,4,0,1,1400,1127,80.5,1182.0
11,14,20,4,0,0,1400,743,53.07,1127.0
11,14,21,4,0,0,1400,357,25.5,743.0
11,14,22,4,0,0,1400,301,21.5,357.0
11,14,23,4,0,0,1400,262,18.71,301.0
12,14,0,5,1,0,1400,48,3.43,262.0
12,14,1,5,1,0,1400,28,2.0,48.0
12,14,2,5,1,0,1400,118,8.43,28.0
12,14,3,5,1,0,1400,55,3.93,118.0
12,14,4,5,1,0,1400,28,2.0,55.0
12,14,5,5,1,0,1400,72,5.14,28.0
12,14,6,5,1,0,1400,412,29.43,72.0
12,14,7,5,1,0,1400,322,23.0,412.0
12,14,8,5,1,0,1400,609,43.5,322.0
12,14,9,5,1,0,1400,596,42.57,609.0
12,14,10,5,1,0,1400,281,20.07,596.0
12,14,11,5,1,0,1400,90,6.43,281.0
12,14,12,5,1,0,1400,177,12.64,90.0
12,14,13,5,1,0,1400,238,17.0,177.0
12,14,14,5,1,0,1400,200,14.29,238.0
12,14,15,5,1,0,1400,204,14.57,200.0
12,14,16,5,1,0,1400,201,14.36,204.0
12,14,17,5,1,0,1400,591,42.21,201.0
12,14,18,5,1,0,1400,715,51.07,591.0
12,14,19,5,1,0,1400,622,44.43,715.0
12,14,20,5,1,0,1400,509,36.36,622.0
12,14,21,5,1,0,1400,28,2.0,509.0
12,14,22,5,1,0,1400,105,7.5,28.0
12,14,23,5,1,0,1400,198,14.14,105.0
13,14,0,6,1,0,1400,71,5.07,198.0
13,14,1,6,1,0,1400,101,7.21,71.0
13,14,2,6,1,0,1400,28,2.0,101.0
13,14,3,6,1,0,1400,28,2.0,28.0
13,14,4,6,1,0,1400,28,2.0,28.0
13,14,5,6,1,0,1400,106,7.57,28.0
13,14,6,6,1,0,1400,278,19.86,106.0
13,14,7,6,1,0,1400,202,14.43,278.0
13,14,8,6,1,0,1400,532,38.0,202.0
13,14,9,6,1,0,1400,653,46.64,532.0
13,14,10,6,1,0,1400,232,16.57,653.0
13,14,11,6,1,0,1400,251,17.93,232.0
13,14,12,6,1,0,1400,258,18.43,251.0
13,14,13,6,1,0,1400,258,18.43,258.0
13,14,14,6,1,0,1400,216,15.43,258.0
13,14,15,6,1,0,1400,337,24.07,216.0
13,14,16,6,1,0,1400,321,22.93,337.0
13,14,17,6,1,0,1400,596,42.57,321.0
13,14,18,6,1,0,1400,645,46.07,596.0
13,14,19,6,1,0,1400,650,46.43,645.0
13,14,20,6,1,0,1400,490,35.0,650.0
13,14,21,6,1,0,1400,87,6.21,490.0
13,14,22,6,1,0,1400,28,2.0,87.0
13,14,23,6,1,0,1400,252,18.0,28.0
14,14,0,0,0,0,1400,44,3.14,252.0
14,14,1,0,0,0,1400,61,4.36,44.0
14,14,2,0,0,0,1400,28,2.0,61.0
14,14,3,0,0,0,1400,28,2.0,28.0
14,14,4,0,0,0,1400,28,2.0,28.0
14,14,5,0,0,0,1400,73,5.21,28.0
14,14,6,0,0,0,1400,601,42.93,73.0
14,14,7,0,0,0,1400,617,44.07,601.0
14,14,8,0,0,1,1400,1001,71.5,617.0
14,14,9,0,0,1,1400,1006,71.86,1001.0
14,14,10,0,0,0,1400,494,35.29,1006.0
14,14,11,0,0,0,1400,405,28.93,494.0
14,14,12,0,0,0,1400,423,30.21,405.0
14,14,13,0,0,0,1400,498,35.57,423.0
14,14,14,0,0,0,1400,470,33.57,498.0
14,14,15,0,0,0,1400,386,27.57,470.0
14,14,16,0,0,0,1400,376,26.86,386.0
14,14,17,0,0,1,1400,1080,77.14,376.0
14,14,18,0,0,1,1400,1148,82.0,1080.0
14,14,19,0,0,1,1400,1109,79.21,1148.0
14,14,20,0,0,0,1400,900,64.29,1109.0
14,14,21,0,0,0,1400,217,15.5,900.0
14,14,22,0,0,0,1400,369,26.36,217.0
14,14,23,0,0,0,1400,119,8.5,369.0
15,14,0,1,0,0,1400,124,8.86,119.0
15,14,1,1,0,0,1400,28,2.0,124.0
15,14,2,1,0,0,1400,28,2.0,28.0
15,14,3,1,0,0,1400,28,2.0,28.0
15,14,4,1,0,0,1400,28,2.0,28.0
15,14,5,1,0,0,1400,28,2.0,28.0
15,14,6,1,0,0,1400,533,38.07,28.0
15,14,7,1,0,0,1400,543,38.79,533.0
15,14,8,1,0,1,1400,1085,77.5,543.0
15,14,9,1,0,1,1400,1036,74.0,1085.0
15,14,10,1,0,0,1400,493,35.21,1036.0
15,14,11,1,0,0,1400,346,24.71,493.0
15,14,12,1,0,0,1400,467,33.36,346.0
15,14,13,1,0,0,1400,503,35.93,467.0
15,14,14,1,0,0,1400,474,33.86,503.0
15,14,15,1,0,0,1400,417,29.79,474.0
15,14,16,1,0,0,1400,519,37.07,417.0
15,14,17,1,0,1,1400,1012,72.29,519.0
15,14,18,1,0,1,1400,1137,81.21,1012.0
15,14,19,1,0,1,1400,1126,80.43,1137.0
15,14,20,1,0,0,1400,846,60.43,1126.0
15,14,21,1,0,0,1400,261,18.64,846.0
15,14,22,1,0,0,1400,149,10.64,261.0
15,14,23,1,0,0,1400,215,15.36,149.0
16,14,0,2,0,0,1400,28,2.0,215.0
16,14,1,2,0,0,1400,28,2.0,28.0
16,14,2,2,0,0,1400,190,13.57,28.0
16,14,3,2,0,0,1400,28,2.0,190.0
16,14,4,2,0,0,1400,120,8.57,28.0
16,14,5,2,0,0,1400,28,2.0,120.0
16,14,6,2,0,0,1400,504,36.0,28.0
16,14,7,2,0,0,1400,572,40.86,504.0
16,14,8,2,0,1,1400,964,68.86,572.0
16,14,9,2,0,1,1400,1187,84.79,964.0
16,14,10,2,0,0,1400,446,31.86,1187.0
16,14,11,2,0,0,1400,528,37.71,446.0
16,14,12,2,0,0,1400,497,35.5,528.0
16,14,13,2,0,0,1400,464,33.14,497.0
16,14,14,2,0,0,1400,468,33.43,464.0
16,14,15,2,0,0,1400,473,33.79,468.0
16,14,16,2,0,0,1400,517,36.93,473.0
16,14,17,2,0,1,1400,996,71.14,517.0
16,14,18,2,0,1,1400,1109,79.21,996.0
16,14,19,2,0,1,1400,1318,94.14,1109.0
16,14,20,2,0,0,1400,850,60.71,1318.0
16,14,21,2,0,0,1400,270,19.29,850.0
16,14,22,2,0,0,1400,276,19.71,270.0
16,14,23,2,0,0,1400,290,20.71,276.0
17,14,0,3,0,0,1400,65,4.64,290.0
17,14,1,3,0,0,1400,28,2.0,65.0
17,14,2,3,0,0,1400,28,2.0,28.0
17,14,3,3,0,0,1400,174,12.43,28.0
17,14,4,3,0,0,1400,130,9.29,174.0
17,14,5,3,0,0,1400,58,4.14,130.0
17,14,6,3,0,0,1400,761,54.36,58.0
17,14,7,3,0,0,1400,577,41.21,761.0
17,14,8,3,0,1,1400,1092,78.0,577.0
17,14,9,3,0,1,1400,1138,81.29,1092.0
17,14,10,3,0,0,1400,512,36.57,1138.0
17,14,11,3,0,0,1400,416,29.71,512.0
17,14,12,3,0,0,1400,483,34.5,416.0
17,14,13,3,0,0,1400,538,38.43,483.0
17,14,14,3,0,0,1400,429,30.64,538.0
17,14,15,3,0,0,1400,302,21.57,429.0
17,14,16,3,0,0,1400,530,37.86,302.0
17,14,17,3,0,1,1400,1192,85.14,530.0
17,14,18,3,0,1,1400,1169,83.5,1192.0
17,14,19,3,0,1,1400,1168,83.43,1169.0
17,14,20,3,0,0,1400,725,51.79,1168.0
17,14,21,3,0,0,1400,94,6.71,725.0
17,14,22,3,0,0,1400,293,20.93,94.0
17,14,23,3,0,0,1400,234,16.71,293.0
18,14,0,4,0,0,1400,109,7.79,234.0
18,14,1,4,0,0,1400,28,2.0,109.0
18,14,2,4,0,0,1400,119,8.5,28.0
18,14,3,4,0,0,1400,28,2.0,119.0
18,14,4,4,0,0,1400,28,2.0,28.0
18,14,5,4,0,0,1400,78,5.57,28.0
18,14,6,4,0,0,1400,521,37.21,78.0
18,14,7,4,0,0,1400,506,36.14,521.0
18,14,8,4,0,1,1400,1224,87.43,506.0
18,14,9,4,0,1,1400,1029,73.5,1224.0
18,14,10,4,0,0,1400,394,28.14,1029.0
18,14,11,4,0,0,1400,433,30.93,394.0
18,14,12,4,0,0,1400,449,32.07,433.0
18,14,13,4,0,0,1400,318,22.71,449.0
18,14,14,4,0,0,1400,343,24.5,318.0
18,14,15,4,0,0,1400,563,40.21,343.0
18,14,16,4,0,0,1400,393,28.07,563.0
18,14,17,4,0,1,1400,1098,78.43,393.0
18,14,18,4,0,1,1400,1250,89.29,1098.0
18,14,19,4,0,1,1400,1191,85.07,1250.0
18,14,20,4,0,0,1400,776,55.43,1191.0
18,14,21,4,0,0,1400,225,16.07,776.0
18,14,22,4,0,0,1400,290,20.71,225.0
18,14,23,4,0,0,1400,211,15.07,290.0
19,14,0,5,1,0,1400,28,2.0,211.0
19,14,1,5,1,0,1400,28,2.0,28.0
19,14,2,5,1,0,1400,28,2.0,28.0
19,14,3,5,1,0,1400,31,2.21,28.0
19,14,4,5,1,0,1400,116,8.29,31.0
19,14,5,5,1,0,1400,29,2.07,116.0
19,14,6,5,1,0,1400,413,29.5,29.0
19,14,7,5,1,0,1400,533,38.07,413.0
19,14,8,5,1,0,1400,670,47.86,533.0
19,14,9,5,1,0,1400,587,41.93,670.0
19,14,10,5,1,0,1400,226,16.14,587.0
19,14,11,5,1,0,1400,332,23.71,226.0
19,14,12,5,1,0,1400,173,12.36,332.0
19,14,13,5,1,0,1400,153,10.93,173.0
19,14,14,5,1,0,1400,250,17.86,153.0
19,14,15,5,1,0,1400,281,20.07,250.0
19,14,16,5,1,0,1400,325,23.21,281.0
19,14,17,5,1,0,1400,457,32.64,325.0
19,14,18,5,1,0,1400,620,44.29,457.0
19,14,19,5,1,0,1400,586,41.86,620.0
19,14,20,5,1,0,1400,496,35.43,586.0
19,14,21,5,1,0,1400,214,15.29,496.0
19,14,22,5,1,0,1400,73,5.21,214.0
19,14,23,5,1,0,1400,262,18.71,73.0
20,14,0,6,1,0,1400,28,2.0,262.0
20,14,1,6,1,0,1400,45,3.21,28.0
20,14,2,6,1,0,1400,28,2.0,45.0
20,14,3,6,1,0,1400,28,2.0,28.0
20,14,4,6,1,0,1400,28,2.0,28.0
20,14,5,6,1,0,1400,95,6.79,28.0
20,14,6,6,1,0,1400,370,26.43,95.0
20,14,7,6,1,0,1400,371,26.5,370.0
20,14,8,6,1,0,1400,686,49.0,371.0
20,14,9,6,1,0,1400,526,37.57,686.0
20,14,10,6,1,0,1400,203,14.5,526.0
20,14,11,6,1,0,1400,282,20.14,203.0
20,14,12,6,1,0,1400,218,15.57,282.0
20,14,13,6,1,0,1400,111,7.93,218.0
20,14,14,6,1,0,1400,314,22.43,111.0
20,14,15,6,1,0,1400,136,9.71,314.0
20,14,16,6,1,0,1400,314,22.43,136.0
20,14,17,6,1,0,1400,594,42.43,314.0
20,14,18,6,1,0,1400,601,42.93,594.0
20,14,19,6,1,0,1400,429,30.64,601.0
20,14,20,6,1,0,1400,417,29.79,429.0
20,14,21,6,1,0,1400,34,2.43,417.0
20,14,22,6,1,0,1400,233,16.64,34.0
20,14,23,6,1,0,1400,77,5.5,233.0
21,14,0,0,0,0,1400,166,11.86,77.0
21,14,1,0,0,0,1400,90,6.43,166.0
21,14,2,0,0,0,1400,28,2.0,90.0
21,14,3,0,0,0,1400,28,2.0,28.0
21,14,4,0,0,0,1400,112,8.0,28.0
21,14,5,0,0,0,1400,28,2.0,112.0
21,14,6,0,0,0,1400,676,48.29,28.0
21,14,7,0,0,0,1400,580,41.43,676.0
21,14,8,0,0,1,1400,1059,75.64,580.0
21,14,9,0,0,1,1400,1020,72.86,1059.0
21,14,10,0,0,0,1400,441,31.5,1020.0
21,14,11,0,0,0,1400,455,32.5,441.0
21,14,12,0,0,0,1400,390,27.86,455.0
21,14,13,0,0,0,1400,489,34.93,390.0
21,14,14,0,0,0,1400,623,44.5,489.0
21,14,15,0,0,0,1400,451,32.21,623.0
21,14,16,0,0,0,1400,413,29.5,451.0
21,14,17,0,0,1,1400,1147,81.93,413.0
21,14,18,0,0,1,1400,1106,79.0,1147.0
21,14,19,0,0,1,1400,934,66.71,1106.0
21,14,20,0,0,0,1400,755,53.93,934.0
21,14,21,0,0,0,1400,292,20.86,755.0
21,14,22,0,0,0,1400,169,12.07,292.0
21,14,23,0,0,0,1400,203,14.5,169.0
22,14,0,1,0,0,1400,158,11.29,203.0
22,14,1,1,0,0,1400,131,9.36,158.0
22,14,2,1,0,0,1400,114,8.14,131.0
22,14,3,1,0,0,1400,68,4.86,114.0
22,14,4,1,0,0,1400,126,9.0,68.0
22,14,5,1,0,0,1400,41,2.93,126.0
22,14,6,1,0,0,1400,563,40.21,41.0
22,14,7,1,0,0,1400,624,44.57,563.0
22,14,8,1,0,1,1400,1036,74.0,624.0
22,14,9,1,0,1,1400,1073,76.64,1036.0
22,14,10,1,0,0,1400,495,35.36,1073.0
22,14,11,1,0,0,1400,471,33.64,495.0
22,14,12,1,0,0,1400,352,25.14,471.0
22,14,13,1,0,0,1400,428,30.57,352.0
22,14,14,1,0,0,1400,408,29.14,428.0
22,14,15,1,0,0,1400,471,33.64,408.0
22,14,16,1,0,0,1400,386,27.57,471.0
22,14,17,1,0,1,1400,1181,84.36,386.0
22,14,18,1,0,1,1400,1077,76.93,1181.0
22,14,19,1,0,1,1400,1118,79.86,1077.0
22,14,20,1,0,0,1400,778,55.57,1118.0
22,14,21,1,0,0,1400,488,34.86,778.0
22,14,22,1,0,0,1400,245,17.5,488.0
22,14,23,1,0,0,1400,191,13.64,245.0
23,14,0,2,0,0,1400,216,15.43,191.0
23,14,1,2,0,0,1400,28,2.0,216.0
23,14,2,2,0,0,1400,177,12.64,28.0
23,14,3,2,0,0,1400,73,5.21,177.0
23,14,4,2,0,0,1400,116,8.29,73.0
23,14,5,2,0,0,1400,176,12.57,116.0
23,14,6,2,0,0,1400,717,51.21,176.0
23,14,7,2,0,0,1400,677,48.36,717.0
23,14,8,2,0,1,1400,1089,77.79,677.0
23,14,9,2,0,1,1400,946,67.57,1089.0
23,14,10,2,0,0,1400,349,24.93,946.0
23,14,11,2,0,0,1400,380,27.14,349.0
23,14,12,2,0,0,1400,399,28.5,380.0
23,14,13,2,0,0,1400,480,34.29,399.0
23,14,14,2,0,0,1400,422,30.14,480.0
23,14,15,2,0,0,1400,396,28.29,422.0
23,14,16,2,0,0,1400,537,38.36,396.0
23,14,17,2,0,1,1400,1103,78.79,537.0
23,14,18,2,0,1,1400,1148,82.0,1103.0
23,14,19,2,0,1,1400,976,69.71,1148.0
23,14,20,2,0,0,1400,828,59.14,976.0
23,14,21,2,0,0,1400,76,5.43,828.0
23,14,22,2,0,0,1400,335,23.93,76.0
23,14,23,2,0,0,1400,287,20.5,335.0
24,14,0,3,0,0,1400,53,3.79,287.0
24,14,1,3,0,0,1400,89,6.36,53.0
24,14,2,3,0,0,1400,121,8.64,89.0
24,14,3,3,0,0,1400,55,3.93,121.0
24,14,4,3,0,0,1400,40,2.86,55.0
24,14,5,3,0,0,1400,91,6.5,40.0
24,14,6,3,0,0,1400,691,49.36,91.0
24,14,7,3,0,0,1400,641,45.79,691.0
24,14,8,3,0,1,1400,1116,79.71,641.0
24,14,9,3,0,1,1400,1118,79.86,1116.0
24,14,10,3,0,0,1400,485,34.64,1118.0
24,14,11,3,0,0,1400,474,33.86,485.0
24,14,12,3,0,0,1400,507,36.21,474.0
24,14,13,3,0,0,1400,406,29.0,507.0
24,14,14,3,0,0,1400,324,23.14,406.0
24,14,15,3,0,0,1400,480,34.29,324.0
24,14,16,3,0,0,1400,365,26.07,480.0
24,14,17,3,0,1,1400,1173,83.79,365.0
24,14,18,3,0,1,1400,1125,80.36,1173.0
24,14,19,3,0,1,1400,1167,83.36,1125.0
24,14,20,3,0,0,1400,780,55.71,1167.0
24,14,21,3,0,0,1400,289,20.64,780.0
24,14,22,3,0,0,1400,309,22.07,289.0
24,14,23,3,0,0,1400,204,14.57,309.0
25,14,0,4,0,0,1400,73,5.21,204.0
25,14,1,4,0,0,1400,83,5.93,73.0
25,14,2,4,0,0,1400,28,2.0,83.0
25,14,3,4,0,0,1400,28,2.0,28.0
25,14,4,4,0,0,1400,167,11.93,28.0
25,14,5,4,0,0,1400,53,3.79,167.0
25,14,6,4,0,0,1400,726,51.86,53.0
25,14,7,4,0,0,1400,624,44.57,726.0
25,14,8,4,0,1,1400,1090,77.86,624.0
25,14,9,4,0,1,1400,1034,73.86,1090.0
25,14,10,4,0,0,1400,515,36.79,1034.0
25,14,11,4,0,0,1400,369,26.36,515.0
25,14,12,4,0,0,1400,465,33.21,369.0
25,14,13,4,0,0,1400,458,32.71,465.0
25,14,14,4,0,0,1400,333,23.79,458.0
25,14,15,4,0,0,1400,382,27.29,333.0
25,14,16,4,0,0,1400,348,24.86,382.0
25,14,17,4,0,1,1400,1259,89.93,348.0
25,14,18,4,0,1,1400,1183,84.5,1259.0
25,14,19,4,0,1,1400,1143,81.64,1183.0
25,14,20,4,0,0,1400,812,58.0,1143.0
25,14,21,4,0,0,1400,267,19.07,812.0
25,14,22,4,0,0,1400,283,20.21,267.0
25,14,23,4,0,0,1400,224,16.0,283.0
26,14,0,5,1,0,1400,57,4.07,224.0
26,14,1,5,1,0,1400,106,7.57,57.0
26,14,2,5,1,0,1400,28,2.0,106.0
26,14,3,5,1,0,1400,42,3.0,28.0
26,14,4,5,1,0,1400,28,2.0,42.0
26,14,5,5,1,0,1400,28,2.0,28.0
26,14,6,5,1,0,1400,364,26.0,28.0
26,14,7,5,1,0,1400,354,25.29,364.0
26,14,8,5,1,0,1400,616,44.0,354.0
26,14,9,5,1,0,1400,560,40.0,616.0
26,14,10,5,1,0,1400,394,28.14,560.0
26,14,11,5,1,0,1400,152,10.86,394.0
26,14,12,5,1,0,1400,226,16.14,152.0
26,14,13,5,1,0,1400,393,28.07,226.0
26,14,14,5,1,0,1400,261,18.64,393.0
26,14,15,5,1,0,1400,282,20.14,261.0
26,14,16,5,1,0,1400,111,7.93,282.0
26,14,17,5,1,0,1400,563,40.21,111.0
26,14,18,5,1,0,1400,628,44.86,563.0
26,14,19,5,1,0,1400,715,51.07,628.0
26,14,20,5,1,0,1400,338,24.14,715.0
26,14,21,5,1,0,1400,137,9.79,338.0
26,14,22,5,1,0,1400,139,9.93,137.0
26,14,23,5,1,0,1400,180,12.86,139.0
27,14,0,6,1,0,1400,28,2.0,180.0
27,14,1,6,1,0,1400,28,2.0,28.0
27,14,2,6,1,0,1400,57,4.07,28.0
27,14,3,6,1,0,1400,93,6.64,57.0
27,14,4,6,1,0,1400,28,2.0,93.0
27,14,5,6,1,0,1400,28,2.0,28.0
27,14,6,6,1,0,1400,314,22.43,28.0
27,14,7,6,1,0,1400,276,19.71,314.0
27,14,8,6,1,0,1400,544,38.86,276.0
27,14,9,6,1,0,1400,615,43.93,544.0
27,14,10,6,1,0,1400,273,19.5,615.0
27,14,11,6,1,0,1400,355,25.36,273.0
27,14,12,6,1,0,1400,298,21.29,355.0
27,14,13,6,1,0,1400,290,20.71,298.0
27,14,14,6,1,0,1400,370,26.43,290.0
27,14,15,6,1,0,1400,288,20.57,370.0
27,14,16,6,1,0,1400,284,20.29,288.0
27,14,17,6,1,0,1400,555,39.64,284.0
27,14,18,6,1,0,1400,631,45.07,555.0
27,14,19,6,1,0,1400,573,40.93,631.0
27,14,20,6,1,0,1400,412,29.43,573.0
27,14,21,6,1,0,1400,170,12.14,412.0
27,14,22,6,1,0,1400,263,18.79,170.0
27,14,23,6,1,0,1400,163,11.64,263.0
28,14,0,0,0,0,1400,28,2.0,163.0
28,14,1,0,0,0,1400,57,4.07,28.0
28,14,2,0,0,0,1400,28,2.0,57.0
28,14,3,0,0,0,1400,134,9.57,28.0
28,14,4,0,0,0,1400,28,2.0,134.0
28,14,5,0,0,0,1400,28,2.0,28.0
28,14,6,0,0,0,1400,673,48.07,28.0
28,14,7,0,0,0,1400,720,51.43,673.0
28,14,8,0,0,1,1400,1063,75.93,720.0
28,14,9,0,0,1,1400,1033,73.79,1063.0
28,14,10,0,0,0,1400,477,34.07,1033.0
28,14,11,0,0,0,1400,410,29.29,477.0
28,14,12,0,0,0,1400,506,36.14,410.0
28,14,13,0,0,0,1400,399,28.5,506.0
28,14,14,0,0,0,1400,373,26.64,399.0
28,14,15,0,0,0,1400,520,37.14,373.0
28,14,16,0,0,0,1400,430,30.71,520.0
28,14,17,0,0,1,1400,1188,84.86,430.0
28,14,18,0,0,1,1400,1047,74.79,1188.0
28,14,19,0,0,1,1400,1121,80.07,1047.0
28,14,20,0,0,0,1400,793,56.64,1121.0
28,14,21,0,0,0,1400,332,23.71,793.0
28,14,22,0,0,0,1400,251,17.93,332.0
28,14,23,0,0,0,1400,365,26.07,251.0
29,14,0,1,0,0,1400,146,10.43,365.0
29,14,1,1,0,0,1400,148,10.57,146.0
29,14,2,1,0,0,1400,105,7.5,148.0
29,14,3,1,0,0,1400,150,10.71,105.0
29,14,4,1,0,0,1400,28,2.0,150.0
29,14,5,1,0,0,1400,142,10.14,28.0
29,14,6,1,0,0,1400,433,30.93,142.0
29,14,7,1,0,0,1400,622,44.43,433.0
29,14,8,1,0,1,1400,1099,78.5,622.0
29,14,9,1,0,1,1400,1098,78.43,1099.0
29,14,10,1,0,0,1400,357,25.5,1098.0
29,14,11,1,0,0,1400,530,37.86,357.0
29,14,12,1,0,0,1400,333,23.79,530.0
29,14,13,1,0,0,1400,415,29.64,333.0
29,14,14,1,0,0,1400,320,22.86,415.0
29,14,15,1,0,0,1400,403,28.79,320.0
29,14,16,1,0,0,1400,434,31.0,403.0
29,14,17,1,0,1,1400,1121,80.07,434.0
29,14,18,1,0,1,1400,1138,81.29,1121.0
29,14,19,1,0,1,1400,1105,78.93,1138.0
29,14,20,1,0,0,1400,740,52.86,1105.0
29,14,21,1,0,0,1400,307,21.93,740.0
29,14,22,1,0,0,1400,308,22.0,307.0
29,14,23,1,0,0,1400,255,18.21,308.0
0,15,0,0,0,0,950,19,2.0,19.0
0,15,1,0,0,0,950,28,2.95,19.0
0,15,2,0,0,0,950,19,2.0,28.0
0,15,3,0,0,0,950,89,9.37,19.0
0,15,4,0,0,0,950,19,2.0,89.0
0,15,5,0,0,0,950,67,7.05,19.0
0,15,6,0,0,0,950,419,44.11,67.0
0,15,7,0,0,0,950,463,48.74,419.0
0,15,8,0,0,1,950,683,71.89,463.0
0,15,9,0,0,1,950,740,77.89,683.0
0,15,10,0,0,0,950,345,36.32,740.0
0,15,11,0,0,0,950,428,45.05,345.0
0,15,12,0,0,0,950,307,32.32,428.0
0,15,13,0,0,0,950,482,50.74,307.0
0,15,14,0,0,0,950,276,29.05,482.0
0,15,15,0,0,0,950,339,35.68,276.0
0,15,16,0,0,0,950,227,23.89,339.0
0,15,17,0,0,1,950,775,81.58,227.0
0,15,18,0,0,1,950,870,91.58,775.0
0,15,19,0,0,1,950,799,84.11,870.0
0,15,20,0,0,0,950,617,64.95,799.0
0,15,21,0,0,0,950,200,21.05,617.0
0,15,22,0,0,0,950,148,15.58,200.0
0,15,23,0,0,0,950,131,13.79,148.0
1,15,0,1,0,0,950,145,15.26,131.0
1,15,1,1,0,0,950,19,2.0,145.0
1,15,2,1,0,0,950,21,2.21,19.0
1,15,3,1,0,0,950,45,4.74,21.0
1,15,4,1,0,0,950,114,12.0,45.0
1,15,5,1,0,0,950,19,2.0,114.0
1,15,6,1,0,0,950,422,44.42,19.0
1,15,7,1,0,0,950,480,50.53,422.0
1,15,8,1,0,1,950,799,84.11,480.0
1,15,9,1,0,1,950,687,72.32,799.0
1,15,10,1,0,0,950,262,27.58,687.0
1,15,11,1,0,0,950,271,28.53,262.0
1,15,12,1,0,0,950,315,33.16,271.0
1,15,13,1,0,0,950,282,29.68,315.0
1,15,14,1,0,0,950,307,32.32,282.0
1,15,15,1,0,0,950,317,33.37,307.0
1,15,16,1,0,0,950,415,43.68,317.0
1,15,17,1,0,1,950,821,86.42,415.0
1,15,18,1,0,1,950,757,79.68,821.0
1,15,19,1,0,1,950,762,80.21,757.0
1,15,20,1,0,0,950,488,51.37,762.0
1,15,21,1,0,0,950,192,20.21,488.0
1,15,22,1,0,0,950,97,10.21,192.0
1,15,23,1,0,0,950,168,17.68,97.0
2,15,0,2,0,0,950,91,9.58,168.0
2,15,1,2,0,0,950,19,2.0,91.0
2,15,2,2,0,0,950,97,10.21,19.0
2,15,3,2,0,0,950,72,7.58,97.0
2,15,4,2,0,0,950,19,2.0,72.0
2,15,5,2,0,0,950,19,2.0,19.0
2,15,6,2,0,0,950,406,42.74,19.0
2,15,7,2,0,0,950,417,43.89,406.0
2,15,8,2,0,1,950,794,83.58,417.0
2,15,9,2,0,1,950,822,86.53,794.0
2,15,10,2,0,0,950,331,34.84,822.0
2,15,11,2,0,0,950,260,27.37,331.0
2,15,12,2,0,0,950,294,30.95,260.0
2,15,13,2,0,0,950,296,31.16,294.0
2,15,14,2,0,0,950,386,40.63,296.0
2,15,15,2,0,0,950,320,33.68,386.0
2,15,16,2,0,0,950,278,29.26,320.0
2,15,17,2,0,1,950,770,81.05,278.0
2,15,18,2,0,1,950,802,84.42,770.0
2,15,19,2,0,1,950,789,83.05,802.0
2,15,20,2,0,0,950,532,56.0,789.0
2,15,21,2,0,0,950,236,24.84,532.0
2,15,22,2,0,0,950,153,16.11,236.0
2,15,23,2,0,0,950,211,22.21,153.0
3,15,0,3,0,0,950,77,8.11,211.0
3,15,1,3,0,0,950,133,14.0,77.0
3,15,2,3,0,0,950,120,12.63,133.0
3,15,3,3,0,0,950,76,8.0,120.0
3,15,4,3,0,0,950,120,12.63,76.0
3,15,5,3,0,0,950,83,8.74,120.0
3,15,6,3,0,0,950,380,40.0,83.0
3,15,7,3,0,0,950,492,51.79,380.0
3,15,8,3,0,1,950,712,74.95,492.0
3,15,9,3,0,1,950,831,87.47,712.0
3,15,10,3,0,0,950,268,28.21,831.0
3,15,11,3,0,0,950,296,31.16,268.0
3,15,12,3,0,0,950,356,37.47,296.0
3,15,13,3,0,0,950,196,20.63,356.0
3,15,14,3,0,0,950,324,34.11,196.0
3,15,15,3,0,0,950,290,30.53,324.0
3,15,16,3,0,0,950,306,32.21,290.0
3,15,17,3,0,1,950,758,79.79,306.0
3,15,18,3,0,1,950,826,86.95,758.0
3,15,19,3,0,1,950,856,90.11,826.0
3,15,20,3,0,0,950,538,56.63,856.0
3,15,21,3,0,0,950,159,16.74,538.0
3,15,22,3,0,0,950,121,12.74,159.0
3,15,23,3,0,0,950,205,21.58,121.0
4,15,0,4,0,0,950,69,7.26,205.0
4,15,1,4,0,0,950,63,6.63,69.0
4,15,2,4,0,0,950,53,5.58,63.0
4,15,3,4,0,0,950,70,7.37,53.0
4,15,4,4,0,0,950,38,4.0,70.0
4,15,5,4,0,0,950,19,2.0,38.0
4,15,6,4,0,0,950,398,41.89,19.0
4,15,7,4,0,0,950,414,43.58,398.0
4,15,8,4,0,1,950,748,78.74,414.0
4,15,9,4,0,1,950,730,76.84,748.0
4,15,10,4,0,0,950,276,29.05,730.0
4,15,11,4,0,0,950,353,37.16,276.0
4,15,12,4,0,0,950,283,29.79,353.0
4,15,13,4,0,0,950,422,44.42,283.0
4,15,14,4,0,0,950,360,37.89,422.0
4,15,15,4,0,0,950,278,29.26,360.0
4,15,16,4,0,0,950,305,32.11,278.0
4,15,17,4,0,1,950,723,76.11,305.0
4,15,18,4,0,1,950,725,76.32,723.0
4,15,19,4,0,1,950,850,89.47,725.0
4,15,20,4,0,0,950,580,61.05,850.0
4,15,21,4,0,0,950,197,20.74,580.0
4,15,22,4,0,0,950,174,18.32,197.0
4,15,23,4,0,0,950,172,18.11,174.0
5,15,0,5,1,0,950,19,2.0,172.0
5,15,1,5,1,0,950,24,2.53,19.0
5,15,2,5,1,0,950,31,3.26,24.0
5,15,3,5,1,0,950,35,3.68,31.0
5,15,4,5,1,0,950,85,8.95,35.0
5,15,5,5,1,0,950,22,2.32,85.0
5,15,6,5,1,0,950,230,24.21,22.0
5,15,7,5,1,0,950,212,22.32,230.0
5,15,8,5,1,0,950,525,55.26,212.0
5,15,9,5,1,0,950,397,41.79,525.0
5,15,10,5,1,0,950,190,20.0,397.0
5,15,11,5,1,0,950,183,19.26,190.0
5,15,12,5,1,0,950,181,19.05,183.0
5,15,13,5,1,0,950,209,22.0,181.0
5,15,14,5,1,0,950,21,2.21,209.0
5,15,15,5,1,0,950,80,8.42,21.0
5,15,16,5,1,0,950,100,10.53,80.0
5,15,17,5,1,0,950,467,49.16,100.0
5,15,18,5,1,0,950,397,41.79,467.0
5,15,19,5,1,0,950,462,48.63,397.0
5,15,20,5,1,0,950,340,35.79,462.0
5,15,21,5,1,0,950,128,13.47,340.0
5,15,22,5,1,0,950,83,8.74,128.0
5,15,23,5,1,0,950,120,12.63,83.0
6,15,0,6,1,0,950,19,2.0,120.0
6,15,1,6,1,0,950,51,5.37,19.0
6,15,2,6,1,0,950,19,2.0,51.0
6,15,3,6,1,0,950,19,2.0,19.0
6,15,4,6,1,0,950,19,2.0,19.0
6,15,5,6,1,0,950,67,7.05,19.0
6,15,6,6,1,0,950,267,28.11,67.0
6,15,7,6,1,0,950,257,27.05,267.0
6,15,8,6,1,0,950,360,37.89,257.0
6,15,9,6,1,0,950,441,46.42,360.0
6,15,10,6,1,0,950,164,17.26,441.0
6,15,11,6,1,0,950,133,14.0,164.0
6,15,12,6,1,0,950,222,23.37,133.0
6,15,13,6,1,0,950,223,23.47,222.0
6,15,14,6,1,0,950,166,17.47,223.0
6,15,15,6,1,0,950,167,17.58,166.0
6,15,16,6,1,0,950,212,22.32,167.0
6,15,17,6,1,0,950,407,42.84,212.0
6,15,18,6,1,0,950,399,42.0,407.0
6,15,19,6,1,0,950,445,46.84,399.0
6,15,20,6,1,0,950,320,33.68,445.0
6,15,21,6,1,0,950,19,2.0,320.0
6,15,22,6,1,0,950,42,4.42,19.0
6,15,23,6,1,0,950,53,5.58,42.0
7,15,0,0,0,0,950,22,2.32,53.0
7,15,1,0,0,0,950,141,14.84,22.0
7,15,2,0,0,0,950,19,2.0,141.0
7,15,3,0,0,0,950,126,13.26,19.0
7,15,4,0,0,0,950,83,8.74,126.0
7,15,5,0,0,0,950,103,10.84,83.0
7,15,6,0,0,0,950,446,46.95,103.0
7,15,7,0,0,0,950,446,46.95,446.0
7,15,8,0,0,1,950,695,73.16,446.0
7,15,9,0,0,1,950,756,79.58,695.0
7,15,10,0,0,0,950,315,33.16,756.0
7,15,11,0,0,0,950,362,38.11,315.0
7,15,12,0,0,0,950,316,33.26,362.0
7,15,13,0,0,0,950,276,29.05,316.0
7,15,14,0,0,0,950,179,18.84,276.0
7,15,15,0,0,0,950,328,34.53,179.0
7,15,16,0,0,0,950,275,28.95,328.0
7,15,17,0,0,1,950,778,81.89,275.0
7,15,18,0,0,1,950,764,80.42,778.0
7,15,19,0,0,1,950,677,71.26,764.0
7,15,20,0,0,0,950,544,57.26,677.0
7,15,21,0,0,0,950,145,15.26,544.0
7,15,22,0,0,0,950,190,20.0,145.0
7,15,23,0,0,0,950,162,17.05,190.0
8,15,0,1,0,0,950,66,6.95,162.0
8,15,1,1,0,0,950,102,10.74,66.0
8,15,2,1,0,0,950,47,4.95,102.0
8,15,3,1,0,0,950,24,2.53,47.0
8,15,4,1,0,0,950,19,2.0,24.0
8,15,5,1,0,0,950,55,5.79,19.0
8,15,6,1,0,0,950,348,36.63,55.0
8,15,7,1,0,0,950,420,44.21,348.0
8,15,8,1,0,1,950,699,73.58,420.0
8,15,9,1,0,1,950,728,76.63,699.0
8,15,10,1,0,0,950,333,35.05,728.0
8,15,11,1,0,0,950,280,29.47,333.0
8,15,12,1,0,0,950,264,27.79,280.0
8,15,13,1,0,0,950,306,32.21,264.0
8,15,14,1,0,0,950,264,27.79,306.0
8,15,15,1,0,0,950,377,39.68,264.0
8,15,16,1,0,0,950,301,31.68,377.0
8,15,17,1,0,1,950,726,76.42,301.0
8,15,18,1,0,1,950,714,75.16,726.0
8,15,19,1,0,1,950,793,83.47,714.0
8,15,20,1,0,0,950,482,50.74,793.0
8,15,21,1,0,0,950,192,20.21,482.0
8,15,22,1,0,0,950,184,19.37,192.0
8,15,23,1,0,0,950,215,22.63,184.0
9,15,0,2,0,0,950,60,6.32,215.0
9,15,1,2,0,0,950,73,7.68,60.0
9,15,2,2,0,0,950,19,2.0,73.0
9,15,3,2,0,0,950,96,10.11,19.0
9,15,4,2,0,0,950,25,2.63,96.0
9,15,5,2,0,0,950,82,8.63,25.0
9,15,6,2,0,0,950,381,40.11,82.0
9,15,7,2,0,0,950,380,40.0,381.0
9,15,8,2,0,1,950,646,68.0,380.0
9,15,9,2,0,1,950,733,77.16,646.0
9,15,10,2,0,0,950,319,33.58,733.0
9,15,11,2,0,0,950,273,28.74,319.0
9,15,12,2,0,0,950,407,42.84,273.0
9,15,13,2,0,0,950,279,29.37,407.0
9,15,14,2,0,0,950,307,32.32,279.0
9,15,15,2,0,0,950,365,38.42,307.0
9,15,16,2,0,0,950,323,34.0,365.0
9,15,17,2,0,1,950,744,78.32,323.0
9,15,18,2,0,1,950,741,78.0,744.0
9,15,19,2,0,1,950,761,80.11,741.0
9,15,20,2,0,0,950,468,49.26,761.0
9,15,21,2,0,0,950,213,22.42,468.0
9,15,22,2,0,0,950,174,18.32,213.0
9,15,23,2,0,0,950,160,16.84,174.0
10,15,0,3,0,0,950,75,7.89,160.0
10,15,1,3,0,0,950,19,2.0,75.0
10,15,2,3,0,0,950,19,2.0,19.0
10,15,3,3,0,0,950,147,15.47,19.0
10,15,4,3,0,0,950,39,4.11,147.0
10,15,5,3,0,0,950,35,3.68,39.0
10,15,6,3,0,0,950,420,44.21,35.0
10,15,7,3,0,0,950,422,44.42,420.0
10,15,8,3,0,1,950,764,80.42,422.0
10,15,9,3,0,1,950,656,69.05,764.0
10,15,10,3,0,0,950,309,32.53,656.0
10,15,11,3,0,0,950,295,31.05,309.0
10,15,12,3,0,0,950,299,31.47,295.0
10,15,13,3,0,0,950,337,35.47,299.0
10,15,14,3,0,0,950,267,28.11,337.0
10,15,15,3,0,0,950,284,29.89,267.0
10,15,16,3,0,0,950,281,29.58,284.0
10,15,17,3,0,1,950,816,85.89,281.0
10,15,18,3,0,1,950,766,80.63,816.0
10,15,19,3,0,1,950,787,82.84,766.0
10,15,20,3,0,0,950,484,50.95,787.0
10,15,21,3,0,0,950,179,18.84,484.0
10,15,22,3,0,0,950,151,15.89,179.0
10,15,23,3,0,0,950,179,18.84,151.0
11,15,0,4,0,0,950,59,6.21,179.0
11,15,1,4,0,0,950,19,2.0,59.0
11,15,2,4,0,0,950,19,2.0,19.0
11,15,3,4,0,0,950,38,4.0,19.0
11,15,4,4,0,0,950,19,2.0,38.0
11,15,5,4,0,0,950,61,6.42,19.0
11,15,6,4,0,0,950,380,40.0,61.0
11,15,7,4,0,0,950,412,43.37,380.0
11,15,8,4,0,1,950,785,82.63,412.0
11,15,9,4,0,1,950,737,77.58,785.0
11,15,10,4,0,0,950,313,32.95,737.0
11,15,11,4,0,0,950,299,31.47,313.0
11,15,12,4,0,0,950,346,36.42,299.0
11,15,13,4,0,0,950,265,27.89,346.0
11,15,14,4,0,0,950,276,29.05,265.0
11,15,15,4,0,0,950,326,34.32,276.0
11,15,16,4,0,0,950,301,31.68,326.0
11,15,17,4,0,1,950,769,80.95,301.0
11,15,18,4,0,1,950,770,81.05,769.0
11,15,19,4,0,1,950,727,76.53,770.0
11,15,20,4,0,0,950,459,48.32,727.0
11,15,21,4,0,0,950,199,20.95,459.0
11,15,22,4,0,0,950,108,11.37,199.0
11,15,23,4,0,0,950,155,16.32,108.0
12,15,0,5,1,0,950,45,4.74,155.0
12,15,1,5,1,0,950,19,2.0,45.0
12,15,2,5,1,0,950,19,2.0,19.0
12,15,3,5,1,0,950,19,2.0,19.0
12,15,4,5,1,0,950,63,6.63,19.0
12,15,5,5,1,0,950,65,6.84,63.0
12,15,6,5,1,0,950,192,20.21,65.0
12,15,7,5,1,0,950,258,27.16,192.0
12,15,8,5,1,0,950,459,48.32,258.0
12,15,9,5,1,0,950,418,44.0,459.0
12,15,10,5,1,0,950,162,17.05,418.0
12,15,11,5,1,0,950,107,11.26,162.0
12,15,12,5,1,0,950,156,16.42,107.0
12,15,13,5,1,0,950,138,14.53,156.0
12,15,14,5,1,0,950,182,19.16,138.0
12,15,15,5,1,0,950,195,20.53,182.0
12,15,16,5,1,0,950,128,13.47,195.0
12,15,17,5,1,0,950,371,39.05,128.0
12,15,18,5,1,0,950,371,39.05,371.0
12,15,19,5,1,0,950,418,44.0,371.0
12,15,20,5,1,0,950,273,28.74,418.0
12,15,21,5,1,0,950,83,8.74,273.0
12,15,22,5,1,0,950,128,13.47,83.0
12,15,23,5,1,0,950,105,11.05,128.0
13,15,0,6,1,0,950,19,2.0,105.0
13,15,1,6,1,0,950,21,2.21,19.0
13,15,2,6,1,0,950,19,2.0,21.0
13,15,3,6,1,0,950,56,5.89,19.0
13,15,4,6,1,0,950,19,2.0,56.0
13,15,5,6,1,0,950,61,6.42,19.0
13,15,6,6,1,0,950,365,38.42,61.0
13,15,7,6,1,0,950,270,28.42,365.0
13,15,8,6,1,0,950,414,43.58,270.0
13,15,9,6,1,0,950,349,36.74,414.0
13,15,10,6,1,0,950,219,23.05,349.0
13,15,11,6,1,0,950,157,16.53,219.0
13,15,12,6,1,0,950,135,14.21,157.0
13,15,13,6,1,0,950,194,20.42,135.0
13,15,14,6,1,0,950,195,20.53,194.0
13,15,15,6,1,0,950,225,23.68,195.0
13,15,16,6,1,0,950,142,14.95,225.0
13,15,17,6,1,0,950,443,46.63,142.0
13,15,18,6,1,0,950,392,41.26,443.0
13,15,19,6,1,0,950,317,33.37,392.0
13,15,20,6,1,0,950,274,28.84,317.0
13,15,21,6,1,0,950,87,9.16,274.0
13,15,22,6,1,0,950,202,21.26,87.0
13,15,23,6,1,0,950,112,11.79,202.0
14,15,0,0,0,0,950,19,2.0,112.0
14,15,1,0,0,0,950,56,5.89,19.0
14,15,2,0,0,0,950,88,9.26,56.0
14,15,3,0,0,0,950,45,4.74,88.0
14,15,4,0,0,0,950,36,3.79,45.0
14,15,5,0,0,0,950,47,4.95,36.0
14,15,6,0,0,0,950,470,49.47,47.0
14,15,7,0,0,0,950,373,39.26,470.0
14,15,8,0,0,1,950,752,79.16,373.0
14,15,9,0,0,1,950,808,85.05,752.0
14,15,10,0,0,0,950,412,43.37,808.0
14,15,11,0,0,0,950,242,25.47,412.0
14,15,12,0,0,0,950,313,32.95,242.0
14,15,13,0,0,0,950,319,33.58,313.0
14,15,14,0,0,0,950,355,37.37,319.0
14,15,15,0,0,0,950,303,31.89,355.0
14,15,16,0,0,0,950,362,38.11,303.0
14,15,17,0,0,1,950,723,76.11,362.0
14,15,18,0,0,1,950,778,81.89,723.0
14,15,19,0,0,1,950,806,84.84,778.0
14,15,20,0,0,0,950,530,55.79,806.0
14,15,21,0,0,0,950,246,25.89,530.0
14,15,22,0,0,0,950,211,22.21,246.0
14,15,23,0,0,0,950,185,19.47,211.0
15,15,0,1,0,0,950,19,2.0,185.0
15,15,1,1,0,0,950,19,2.0,19.0
15,15,2,1,0,0,950,78,8.21,19.0
15,15,3,1,0,0,950,33,3.47,78.0
15,15,4,1,0,0,950,34,3.58,33.0
15,15,5,1,0,0,950,24,2.53,34.0
15,15,6,1,0,0,950,404,42.53,24.0
15,15,7,1,0,0,950,356,37.47,404.0
15,15,8,1,0,1,950,719,75.68,356.0
15,15,9,1,0,1,950,789,83.05,719.0
15,15,10,1,0,0,950,300,31.58,789.0
15,15,11,1,0,0,950,299,31.47,300.0
15,15,12,1,0,0,950,352,37.05,299.0
15,15,13,1,0,0,950,301,31.68,352.0
15,15,14,1,0,0,950,380,40.0,301.0
15,15,15,1,0,0,950,310,32.63,380.0
15,15,16,1,0,0,950,257,27.05,310.0
15,15,17,1,0,1,950,832,87.58,257.0
15,15,18,1,0,1,950,742,78.11,832.0
15,15,19,1,0,1,950,798,84.0,742.0
15,15,20,1,0,0,950,574,60.42,798.0
15,15,21,1,0,0,950,168,17.68,574.0
15,15,22,1,0,0,950,86,9.05,168.0
15,15,23,1,0,0,950,211,22.21,86.0
16,15,0,2,0,0,950,57,6.0,211.0
16,15,1,2,0,0,950,47,4.95,57.0
16,15,2,2,0,0,950,98,10.32,47.0
16,15,3,2,0,0,950,30,3.16,98.0
16,15,4,2,0,0,950,51,5.37,30.0
16,15,5,2,0,0,950,19,2.0,51.0
16,15,6,2,0,0,950,400,42.11,19.0
16,15,7,2,0,0,950,442,46.53,400.0
16,15,8,2,0,1,950,748,78.74,442.0
16,15,9,2,0,1,950,683,71.89,748.0
16,15,10,2,0,0,950,216,22.74,683.0
16,15,11,2,0,0,950,405,42.63,216.0
16,15,12,2,0,0,950,324,34.11,405.0
16,15,13,2,0,0,950,271,28.53,324.0
16,15,14,2,0,0,950,374,39.37,271.0
16,15,15,2,0,0,950,243,25.58,374.0
16,15,16,2,0,0,950,322,33.89,243.0
16,15,17,2,0,1,950,741,78.0,322.0
16,15,18,2,0,1,950,774,81.47,741.0
16,15,19,2,0,1,950,797,83.89,774.0
16,15,20,2,0,0,950,636,66.95,797.0
16,15,21,2,0,0,950,169,17.79,636.0
16,15,22,2,0,0,950,128,13.47,169.0
16,15,23,2,0,0,950,154,16.21,128.0
17,15,0,3,0,0,950,19,2.0,154.0
17,15,1,3,0,0,950,54,5.68,19.0
17,15,2,3,0,0,950,117,12.32,54.0
17,15,3,3,0,0,950,84,8.84,117.0
17,15,4,3,0,0,950,19,2.0,84.0
17,15,5,3,0,0,950,19,2.0,19.0
17,15,6,3,0,0,950,452,47.58,19.0
17,15,7,3,0,0,950,444,46.74,452.0
17,15,8,3,0,1,950,708,74.53,444.0
17,15,9,3,0,1,950,750,78.95,708.0
17,15,10,3,0,0,950,271,28.53,750.0
17,15,11,3,0,0,950,271,28.53,271.0
17,15,12,3,0,0,950,351,36.95,271.0
17,15,13,3,0,0,950,304,32.0,351.0
17,15,14,3,0,0,950,300,31.58,304.0
17,15,15,3,0,0,950,228,24.0,300.0
17,15,16,3,0,0,950,291,30.63,228.0
17,15,17,3,0,1,950,805,84.74,291.0
17,15,18,3,0,1,950,794,83.58,805.0
17,15,19,3,0,1,950,758,79.79,794.0
17,15,20,3,0,0,950,562,59.16,758.0
17,15,21,3,0,0,950,186,19.58,562.0
17,15,22,3,0,0,950,113,11.89,186.0
17,15,23,3,0,0,950,184,19.37,113.0
18,15,0,4,0,0,950,19,2.0,184.0
18,15,1,4,0,0,950,110,11.58,19.0
18,15,2,4,0,0,950,95,10.0,110.0
18,15,3,4,0,0,950,19,2.0,95.0
18,15,4,4,0,0,950,29,3.05,19.0
18,15,5,4,0,0,950,103,10.84,29.0
18,15,6,4,0,0,950,503,52.95,103.0
18,15,7,4,0,0,950,510,53.68,503.0
18,15,8,4,0,1,950,763,80.32,510.0
18,15,9,4,0,1,950,747,78.63,763.0
18,15,10,4,0,0,950,252,26.53,747.0
18,15,11,4,0,0,950,313,32.95,252.0
18,15,12,4,0,0,950,343,36.11,313.0
18,15,13,4,0,0,950,266,28.0,343.0
18,15,14,4,0,0,950,287,30.21,266.0
18,15,15,4,0,0,950,340,35.79,287.0
18,15,16,4,0,0,950,328,34.53,340.0
18,15,17,4,0,1,950,760,80.0,328.0
18,15,18,4,0,1,950,668,70.32,760.0
18,15,19,4,0,1,950,761,80.11,668.0
18,15,20,4,0,0,950,546,57.47,761.0
18,15,21,4,0,0,950,109,11.47,546.0
18,15,22,4,0,0,950,206,21.68,109.0
18,15,23,4,0,0,950,158,16.63,206.0
19,15,0,5,1,0,950,24,2.53,158.0
19,15,1,5,1,0,950,19,2.0,24.0
19,15,2,5,1,0,950,32,3.37,19.0
19,15,3,5,1,0,950,19,2.0,32.0
19,15,4,5,1,0,950,74,7.79,19.0
19,15,5,5,1,0,950,19,2.0,74.0
19,15,6,5,1,0,950,149,15.68,19.0
19,15,7,5,1,0,950,239,25.16,149.0
19,15,8,5,1,0,950,463,48.74,239.0
19,15,9,5,1,0,950,396,41.68,463.0
19,15,10,5,1,0,950,198,20.84,396.0
19,15,11,5,1,0,950,167,17.58,198.0
19,15,12,5,1,0,950,240,25.26,167.0
19,15,13,5,1,0,950,109,11.47,240.0
19,15,14,5,1,0,950,175,18.42,109.0
19,15,15,5,1,0,950,157,16.53,175.0
19,15,16,5,1,0,950,196,20.63,157.0
19,15,17,5,1,0,950,440,46.32,196.0
19,15,18,5,1,0,950,486,51.16,440.0
19,15,19,5,1,0,950,487,51.26,486.0
19,15,20,5,1,0,950,287,30.21,487.0
19,15,21,5,1,0,950,95,10.0,287.0
19,15,22,5,1,0,950,96,10.11,95.0
19,15,23,5,1,0,950,23,2.42,96.0
20,15,0,6,1,0,950,24,2.53,23.0
20,15,1,6,1,0,950,54,5.68,24.0
20,15,2,6,1,0,950,56,5.89,54.0
20,15,3,6,1,0,950,140,14.74,56.0
20,15,4,6,1,0,950,91,9.58,140.0
20,15,5,6,1,0,950,22,2.32,91.0
20,15,6,6,1,0,950,256,26.95,22.0
20,15,7,6,1,0,950,149,15.68,256.0
20,15,8,6,1,0,950,411,43.26,149.0
20,15,9,6,1,0,950,467,49.16,411.0
20,15,10,6,1,0,950,213,22.42,467.0
20,15,11,6,1,0,950,183,19.26,213.0
20,15,12,6,1,0,950,166,17.47,183.0
20,15,13,6,1,0,950,220,23.16,166.0
20,15,14,6,1,0,950,79,8.32,220.0
20,15,15,6,1,0,950,194,20.42,79.0
20,15,16,6,1,0,950,114,12.0,194.0
20,15,17,6,1,0,950,452,47.58,114.0
20,15,18,6,1,0,950,407,42.84,452.0
20,15,19,6,1,0,950,414,43.58,407.0
20,15,20,6,1,0,950,249,26.21,414.0
20,15,21,6,1,0,950,19,2.0,249.0
20,15,22,6,1,0,950,144,15.16,19.0
20,15,23,6,1,0,950,83,8.74,144.0
21,15,0,0,0,0,950,19,2.0,83.0
21,15,1,0,0,0,950,50,5.26,19.0
21,15,2,0,0,0,950,57,6.0,50.0
21,15,3,0,0,0,950,61,6.42,57.0
21,15,4,0,0,0,950,130,13.68,61.0
21,15,5,0,0,0,950,19,2.0,130.0
21,15,6,0,0,0,950,469,49.37,19.0
21,15,7,0,0,0,950,385,40.53,469.0
21,15,8,0,0,1,950,756,79.58,385.0
21,15,9,0,0,1,950,685,72.11,756.0
21,15,10,0,0,0,950,377,39.68,685.0
21,15,11,0,0,0,950,328,34.53,377.0
21,15,12,0,0,0,950,301,31.68,328.0
21,15,13,0,0,0,950,354,37.26,301.0
21,15,14,0,0,0,950,308,32.42,354.0
21,15,15,0,0,0,950,212,22.32,308.0
21,15,16,0,0,0,950,304,32.0,212.0
21,15,17,0,0,1,950,714,75.16,304.0
21,15,18,0,0,1,950,845,88.95,714.0
21,15,19,0,0,1,950,795,83.68,845.0
21,15,20,0,0,0,950,689,72.53,795.0
21,15,21,0,0,0,950,158,16.63,689.0
21,15,22,0,0,0,950,223,23.47,158.0
21,15,23,0,0,0,950,193,20.32,223.0
22,15,0,1,0,0,950,33,3.47,193.0
22,15,1,1,0,0,950,43,4.53,33.0
22,15,2,1,0,0,950,19,2.0,43.0
22,15,3,1,0,0,950,19,2.0,19.0
22,15,4,1,0,0,950,19,2.0,19.0
22,15,5,1,0,0,950,91,9.58,19.0
22,15,6,1,0,0,950,278,29.26,91.0
22,15,7,1,0,0,950,534,56.21,278.0
22,15,8,1,0,1,950,701,73.79,534.0
22,15,9,1,0,1,950,709,74.63,701.0
22,15,10,1,0,0,950,229,24.11,709.0
22,15,11,1,0,0,950,307,32.32,229.0
22,15,12,1,0,0,950,257,27.05,307.0
22,15,13,1,0,0,950,312,32.84,257.0
22,15,14,1,0,0,950,350,36.84,312.0
22,15,15,1,0,0,950,263,27.68,350.0
22,15,16,1,0,0,950,276,29.05,263.0
22,15,17,1,0,1,950,814,85.68,276.0
22,15,18,1,0,1,950,750,78.95,814.0
22,15,19,1,0,1,950,706,74.32,750.0
22,15,20,1,0,0,950,605,63.68,706.0
22,15,21,1,0,0,950,203,21.37,605.0
22,15,22,1,0,0,950,65,6.84,203.0
22,15,23,1,0,0,950,224,23.58,65.0
23,15,0,2,0,0,950,84,8.84,224.0
23,15,1,2,0,0,950,30,3.16,84.0
23,15,2,2,0,0,950,45,4.74,30.0
23,15,3,2,0,0,950,34,3.58,45.0
23,15,4,2,0,0,950,146,15.37,34.0
23,15,5,2,0,0,950,53,5.58,146.0
23,15,6,2,0,0,950,433,45.58,53.0
23,15,7,2,0,0,950,425,44.74,433.0
23,15,8,2,0,1,950,699,73.58,425.0
23,15,9,2,0,1,950,701,73.79,699.0
23,15,10,2,0,0,950,308,32.42,701.0
23,15,11,2,0,0,950,374,39.37,308.0
23,15,12,2,0,0,950,321,33.79,374.0
23,15,13,2,0,0,950,264,27.79,321.0
23,15,14,2,0,0,950,234,24.63,264.0
23,15,15,2,0,0,950,352,37.05,234.0
23,15,16,2,0,0,950,359,37.79,352.0
23,15,17,2,0,1,950,754,79.37,359.0
23,15,18,2,0,1,950,657,69.16,754.0
23,15,19,2,0,1,950,789,83.05,657.0
23,15,20,2,0,0,950,551,58.0,789.0
23,15,21,2,0,0,950,134,14.11,551.0
23,15,22,2,0,0,950,219,23.05,134.0
23,15,23,2,0,0,950,141,14.84,219.0
24,15,0,3,0,0,950,79,8.32,141.0
24,15,1,3,0,0,950,80,8.42,79.0
24,15,2,3,0,0,950,84,8.84,80.0
24,15,3,3,0,0,950,19,2.0,84.0
24,15,4,3,0,0,950,95,10.0,19.0
24,15,5,3,0,0,950,31,3.26,95.0
24,15,6,3,0,0,950,524,55.16,31.0
24,15,7,3,0,0,950,496,52.21,524.0
24,15,8,3,0,1,950,794,83.58,496.0
24,15,9,3,0,1,950,693,72.95,794.0
24,15,10,3,0,0,950,318,33.47,693.0
24,15,11,3,0,0,950,311,32.74,318.0
24,15,12,3,0,0,950,332,34.95,311.0
24,15,13,3,0,0,950,331,34.84,332.0
24,15,14,3,0,0,950,321,33.79,331.0
24,15,15,3,0,0,950,268,28.21,321.0
24,15,16,3,0,0,950,245,25.79,268.0
24,15,17,3,0,1,950,802,84.42,245.0
24,15,18,3,0,1,950,716,75.37,802.0
24,15,19,3,0,1,950,762,80.21,716.0
24,15,20,3,0,0,950,542,57.05,762.0
24,15,21,3,0,0,950,241,25.37,542.0
24,15,22,3,0,0,950,160,16.84,241.0
24,15,23,3,0,0,950,209,22.0,160.0
25,15,0,4,0,0,950,32,3.37,209.0
25,15,1,4,0,0,950,19,2.0,32.0
25,15,2,4,0,0,950,28,2.95,19.0
25,15,3,4,0,0,950,97,10.21,28.0
25,15,4,4,0,0,950,140,14.74,97.0
25,15,5,4,0,0,950,19,2.0,140.0
25,15,6,4,0,0,950,380,40.0,19.0
25,15,7,4,0,0,950,492,51.79,380.0
25,15,8,4,0,1,950,654,68.84,492.0
25,15,9,4,0,1,950,746,78.53,654.0
25,15,10,4,0,0,950,343,36.11,746.0
25,15,11,4,0,0,950,277,29.16,343.0
25,15,12,4,0,0,950,251,26.42,277.0
25,15,13,4,0,0,950,341,35.89,251.0
25,15,14,4,0,0,950,228,24.0,341.0
25,15,15,4,0,0,950,241,25.37,228.0
25,15,16,4,0,0,950,309,32.53,241.0
25,15,17,4,0,1,950,748,78.74,309.0
25,15,18,4,0,1,950,778,81.89,748.0
25,15,19,4,0,1,950,719,75.68,778.0
25,15,20,4,0,0,950,549,57.79,719.0
25,15,21,4,0,0,950,199,20.95,549.0
25,15,22,4,0,0,950,172,18.11,199.0
25,15,23,4,0,0,950,185,19.47,172.0
26,15,0,5,1,0,950,19,2.0,185.0
26,15,1,5,1,0,950,61,6.42,19.0
26,15,2,5,1,0,950,53,5.58,61.0
26,15,3,5,1,0,950,19,2.0,53.0
26,15,4,5,1,0,950,96,10.11,19.0
26,15,5,5,1,0,950,58,6.11,96.0
26,15,6,5,1,0,950,260,27.37,58.0
26,15,7,5,1,0,950,284,29.89,260.0
26,15,8,5,1,0,950,355,37.37,284.0
26,15,9,5,1,0,950,439,46.21,355.0
26,15,10,5,1,0,950,120,12.63,439.0
26,15,11,5,1,0,950,150,15.79,120.0
26,15,12,5,1,0,950,144,15.16,150.0
26,15,13,5,1,0,950,146,15.37,144.0
26,15,14,5,1,0,950,219,23.05,146.0
26,15,15,5,1,0,950,149,15.68,219.0
26,15,16,5,1,0,950,143,15.05,149.0
26,15,17,5,1,0,950,520,54.74,143.0
26,15,18,5,1,0,950,412,43.37,520.0
26,15,19,5,1,0,950,429,45.16,412.0
26,15,20,5,1,0,950,335,35.26,429.0
26,15,21,5,1,0,950,107,11.26,335.0
26,15,22,5,1,0,950,119,12.53,107.0
26,15,23,5,1,0,950,64,6.74,119.0
27,15,0,6,1,0,950,87,9.16,64.0
27,15,1,6,1,0,950,78,8.21,87.0
27,15,2,6,1,0,950,30,3.16,78.0
27,15,3,6,1,0,950,41,4.32,30.0
27,15,4,6,1,0,950,19,2.0,41.0
27,15,5,6,1,0,950,19,2.0,19.0
27,15,6,6,1,0,950,226,23.79,19.0
27,15,7,6,1,0,950,177,18.63,226.0
27,15,8,6,1,0,950,372,39.16,177.0
27,15,9,6,1,0,950,384,40.42,372.0
27,15,10,6,1,0,950,190,20.0,384.0
27,15,11,6,1,0,950,209,22.0,190.0
27,15,12,6,1,0,950,195,20.53,209.0
27,15,13,6,1,0,950,190,20.0,195.0
27,15,14,6,1,0,950,155,16.32,190.0
27,15,15,6,1,0,950,184,19.37,155.0
27,15,16,6,1,0,950,236,24.84,184.0
27,15,17,6,1,0,950,386,40.63,236.0
27,15,18,6,1,0,950,480,50.53,386.0
27,15,19,6,1,0,950,508,53.47,480.0
27,15,20,6,1,0,950,211,22.21,508.0
27,15,21,6,1,0,950,114,12.0,211.0
27,15,22,6,1,0,950,29,3.05,114.0
27,15,23,6,1,0,950,44,4.63,29.0
28,15,0,0,0,0,950,37,3.89,44.0
28,15,1,0,0,0,950,105,11.05,37.0
28,15,2,0,0,0,950,29,3.05,105.0
28,15,3,0,0,0,950,19,2.0,29.0
28,15,4,0,0,0,950,46,4.84,19.0
28,15,5,0,0,0,950,19,2.0,46.0
28,15,6,0,0,0,950,397,41.79,19.0
28,15,7,0,0,0,950,442,46.53,397.0
28,15,8,0,0,1,950,635,66.84,442.0
28,15,9,0,0,1,950,687,72.32,635.0
28,15,10,0,0,0,950,376,39.58,687.0
28,15,11,0,0,0,950,297,31.26,376.0
28,15,12,0,0,0,950,263,27.68,297.0
28,15,13,0,0,0,950,263,27.68,263.0
28,15,14,0,0,0,950,310,32.63,263.0
28,15,15,0,0,0,950,397,41.79,310.0
28,15,16,0,0,0,950,308,32.42,397.0
28,15,17,0,0,1,950,759,79.89,308.0
28,15,18,0,0,1,950,724,76.21,759.0
28,15,19,0,0,1,950,762,80.21,724.0
28,15,20,0,0,0,950,589,62.0,762.0
28,15,21,0,0,0,950,180,18.95,589.0
28,15,22,0,0,0,950,125,13.16,180.0
28,15,23,0,0,0,950,139,14.63,125.0
29,15,0,1,0,0,950,19,2.0,139.0
29,15,1,1,0,0,950,87,9.16,19.0
29,15,2,1,0,0,950,69,7.26,87.0
29,15,3,1,0,0,950,49,5.16,69.0
29,15,4,1,0,0,950,50,5.26,49.0
29,15,5,1,0,0,950,44,4.63,50.0
29,15,6,1,0,0,950,414,43.58,44.0
29,15,7,1,0,0,950,492,51.79,414.0
29,15,8,1,0,1,950,673,70.84,492.0
29,15,9,1,0,1,950,709,74.63,673.0
29,15,10,1,0,0,950,307,32.32,709.0
29,15,11,1,0,0,950,209,22.0,307.0
29,15,12,1,0,0,950,314,33.05,209.0
29,15,13,1,0,0,950,226,23.79,314.0
29,15,14,1,0,0,950,331,34.84,226.0
29,15,15,1,0,0,950,337,35.47,331.0
29,15,16,1,0,0,950,331,34.84,337.0
29,15,17,1,0,1,950,743,78.21,331.0
29,15,18,1,0,1,950,799,84.11,743.0
29,15,19,1,0,1,950,700,73.68,799.0
29,15,20,1,0,0,950,528,55.58,700.0
29,15,21,1,0,0,950,266,28.0,528.0
29,15,22,1,0,0,950,246,25.89,266.0
29,15,23,1,0,0,950,229,24.11,246.0
