station_name,entry_count,exit_count,platform_count,concourse_count,crowd_density,hour,day,month,day_of_week,weekend,crowd_level
8,0,0,0,0,0.0,0,1,3,6,1,1
5,0,0,0,0,0.0,0,1,3,6,1,1
7,0,0,0,0,0.0,0,1,3,6,1,1
2,0,0,0,0,0.0,0,1,3,6,1,1
0,0,0,0,0,0.0,0,1,3,6,1,1
4,0,0,0,0,0.0,0,1,3,6,1,1
6,0,0,0,0,0.0,0,1,3,6,1,1
1,0,0,0,0,0.0,0,1,3,6,1,1
9,0,0,0,0,0.0,0,1,3,6,1,1
3,0,0,0,0,0.0,0,1,3,6,1,1
8,0,0,0,0,0.0,0,1,3,6,1,1
5,0,0,0,0,0.0,0,1,3,6,1,1
7,0,0,0,0,0.0,0,1,3,6,1,1
2,0,0,0,0,0.0,0,1,3,6,1,1
0,0,0,0,0,0.0,0,1,3,6,1,1
4,0,0,0,0,0.0,0,1,3,6,1,1
6,0,0,0,0,0.0,0,1,3,6,1,1
1,0,0,0,0,0.0,0,1,3,6,1,1
9,0,0,0,0,0.0,0,1,3,6,1,1
3,0,0,0,0,0.0,0,1,3,6,1,1
8,0,0,0,0,0.0,0,1,3,6,1,1
5,0,0,0,0,0.0,0,1,3,6,1,1
7,0,0,0,0,0.0,0,1,3,6,1,1
2,0,0,0,0,0.0,0,1,3,6,1,1
0,0,0,0,0,0.0,0,1,3,6,1,1
4,0,0,0,0,0.0,0,1,3,6,1,1
6,0,0,0,0,0.0,0,1,3,6,1,1
1,0,0,0,0,0.0,0,1,3,6,1,1
9,0,0,0,0,0.0,0,1,3,6,1,1
3,0,0,0,0,0.0,0,1,3,6,1,1
8,0,0,0,0,0.0,0,1,3,6,1,1
5,0,0,0,0,0.0,0,1,3,6,1,1
7,0,0,0,0,0.0,0,1,3,6,1,1
2,0,0,0,0,0.0,0,1,3,6,1,1
0,0,0,0,0,0.0,0,1,3,6,1,1
4,0,0,0,0,0.0,0,1,3,6,1,1
6,0,0,0,0,0.0,0,1,3,6,1,1
1,0,0,0,0,0.0,0,1,3,6,1,1
9,0,0,0,0,0.0,0,1,3,6,1,1
3,0,0,0,0,0.0,0,1,3,6,1,1
8,0,0,0,0,0.0,1,1,3,6,1,1
5,0,0,0,0,0.0,1,1,3,6,1,1
7,0,0,0,0,0.0,1,1,3,6,1,1
2,0,0,0,0,0.0,1,1,3,6,1,1
0,0,0,0,0,0.0,1,1,3,6,1,1
4,0,0,0,0,0.0,1,1,3,6,1,1
6,0,0,0,0,0.0,1,1,3,6,1,1
1,0,0,0,0,0.0,1,1,3,6,1,1
9,0,0,0,0,0.0,1,1,3,6,1,1
3,0,0,0,0,0.0,1,1,3,6,1,1
8,0,0,0,0,0.0,1,1,3,6,1,1
5,0,0,0,0,0.0,1,1,3,6,1,1
7,0,0,0,0,0.0,1,1,3,6,1,1
2,0,0,0,0,0.0,1,1,3,6,1,1
0,0,0,0,0,0.0,1,1,3,6,1,1
4,0,0,0,0,0.0,1,1,3,6,1,1
6,0,0,0,0,0.0,1,1,3,6,1,1
1,0,0,0,0,0.0,1,1,3,6,1,1
9,0,0,0,0,0.0,1,1,3,6,1,1
3,0,0,0,0,0.0,1,1,3,6,1,1
8,0,0,0,0,0.0,1,1,3,6,1,1
5,0,0,0,0,0.0,1,1,3,6,1,1
7,0,0,0,0,0.0,1,1,3,6,1,1
2,0,0,0,0,0.0,1,1,3,6,1,1
0,0,0,0,0,0.0,1,1,3,6,1,1
4,0,0,0,0,0.0,1,1,3,6,1,1
6,0,0,0,0,0.0,1,1,3,6,1,1
1,0,0,0,0,0.0,1,1,3,6,1,1
9,0,0,0,0,0.0,1,1,3,6,1,1
3,0,0,0,0,0.0,1,1,3,6,1,1
8,0,0,0,0,0.0,1,1,3,6,1,1
5,0,0,0,0,0.0,1,1,3,6,1,1
7,0,0,0,0,0.0,1,1,3,6,1,1
2,0,0,0,0,0.0,1,1,3,6,1,1
0,0,0,0,0,0.0,1,1,3,6,1,1
4,0,0,0,0,0.0,1,1,3,6,1,1
6,0,0,0,0,0.0,1,1,3,6,1,1
1,0,0,0,0,0.0,1,1,3,6,1,1
9,0,0,0,0,0.0,1,1,3,6,1,1
3,0,0,0,0,0.0,1,1,3,6,1,1
8,0,0,0,0,0.0,2,1,3,6,1,1
5,0,0,0,0,0.0,2,1,3,6,1,1
7,0,0,0,0,0.0,2,1,3,6,1,1
2,0,0,0,0,0.0,2,1,3,6,1,1
0,0,0,0,0,0.0,2,1,3,6,1,1
4,0,0,0,0,0.0,2,1,3,6,1,1
6,0,0,0,0,0.0,2,1,3,6,1,1
1,0,0,0,0,0.0,2,1,3,6,1,1
9,0,0,0,0,0.0,2,1,3,6,1,1
3,0,0,0,0,0.0,2,1,3,6,1,1
8,0,0,0,0,0.0,2,1,3,6,1,1
5,0,0,0,0,0.0,2,1,3,6,1,1
7,0,0,0,0,0.0,2,1,3,6,1,1
2,0,0,0,0,0.0,2,1,3,6,1,1
0,0,0,0,0,0.0,2,1,3,6,1,1
4,0,0,0,0,0.0,2,1,3,6,1,1
6,0,0,0,0,0.0,2,1,3,6,1,1
1,0,0,0,0,0.0,2,1,3,6,1,1
9,0,0,0,0,0.0,2,1,3,6,1,1
3,0,0,0,0,0.0,2,1,3,6,1,1
8,0,0,0,0,0.0,2,1,3,6,1,1
5,0,0,0,0,0.0,2,1,3,6,1,1
7,0,0,0,0,0.0,2,1,3,6,1,1
2,0,0,0,0,0.0,2,1,3,6,1,1
0,0,0,0,0,0.0,2,1,3,6,1,1
4,0,0,0,0,0.0,2,1,3,6,1,1
6,0,0,0,0,0.0,2,1,3,6,1,1
1,0,0,0,0,0.0,2,1,3,6,1,1
9,0,0,0,0,0.0,2,1,3,6,1,1
3,0,0,0,0,0.0,2,1,3,6,1,1
8,0,0,0,0,0.0,2,1,3,6,1,1
5,0,0,0,0,0.0,2,1,3,6,1,1
7,0,0,0,0,0.0,2,1,3,6,1,1
2,0,0,0,0,0.0,2,1,3,6,1,1
0,0,0,0,0,0.0,2,1,3,6,1,1
4,0,0,0,0,0.0,2,1,3,6,1,1
6,0,0,0,0,0.0,2,1,3,6,1,1
1,0,0,0,0,0.0,2,1,3,6,1,1
9,0,0,0,0,0.0,2,1,3,6,1,1
3,0,0,0,0,0.0,2,1,3,6,1,1
8,0,0,0,0,0.0,3,1,3,6,1,1
5,0,0,0,0,0.0,3,1,3,6,1,1
7,0,0,0,0,0.0,3,1,3,6,1,1
2,0,0,0,0,0.0,3,1,3,6,1,1
0,0,0,0,0,0.0,3,1,3,6,1,1
4,0,0,0,0,0.0,3,1,3,6,1,1
6,0,0,0,0,0.0,3,1,3,6,1,1
1,0,0,0,0,0.0,3,1,3,6,1,1
9,0,0,0,0,0.0,3,1,3,6,1,1
3,0,0,0,0,0.0,3,1,3,6,1,1
8,0,0,0,0,0.0,3,1,3,6,1,1
5,0,0,0,0,0.0,3,1,3,6,1,1
7,0,0,0,0,0.0,3,1,3,6,1,1
2,0,0,0,0,0.0,3,1,3,6,1,1
0,0,0,0,0,0.0,3,1,3,6,1,1
4,0,0,0,0,0.0,3,1,3,6,1,1
6,0,0,0,0,0.0,3,1,3,6,1,1
1,0,0,0,0,0.0,3,1,3,6,1,1
9,0,0,0,0,0.0,3,1,3,6,1,1
3,0,0,0,0,0.0,3,1,3,6,1,1
8,0,0,0,0,0.0,3,1,3,6,1,1
5,0,0,0,0,0.0,3,1,3,6,1,1
7,0,0,0,0,0.0,3,1,3,6,1,1
2,0,0,0,0,0.0,3,1,3,6,1,1
0,0,0,0,0,0.0,3,1,3,6,1,1
4,0,0,0,0,0.0,3,1,3,6,1,1
6,0,0,0,0,0.0,3,1,3,6,1,1
1,0,0,0,0,0.0,3,1,3,6,1,1
9,0,0,0,0,0.0,3,1,3,6,1,1
3,0,0,0,0,0.0,3,1,3,6,1,1
8,0,0,0,0,0.0,3,1,3,6,1,1
5,0,0,0,0,0.0,3,1,3,6,1,1
7,0,0,0,0,0.0,3,1,3,6,1,1
2,0,0,0,0,0.0,3,1,3,6,1,1
0,0,0,0,0,0.0,3,1,3,6,1,1
4,0,0,0,0,0.0,3,1,3,6,1,1
6,0,0,0,0,0.0,3,1,3,6,1,1
1,0,0,0,0,0.0,3,1,3,6,1,1
9,0,0,0,0,0.0,3,1,3,6,1,1
3,0,0,0,0,0.0,3,1,3,6,1,1
8,0,0,0,0,0.0,4,1,3,6,1,1
5,0,0,0,0,0.0,4,1,3,6,1,1
7,0,0,0,0,0.0,4,1,3,6,1,1
2,0,0,0,0,0.0,4,1,3,6,1,1
0,0,0,0,0,0.0,4,1,3,6,1,1
4,0,0,0,0,0.0,4,1,3,6,1,1
6,0,0,0,0,0.0,4,1,3,6,1,1
1,0,0,0,0,0.0,4,1,3,6,1,1
9,0,0,0,0,0.0,4,1,3,6,1,1
3,0,0,0,0,0.0,4,1,3,6,1,1
8,0,0,0,0,0.0,4,1,3,6,1,1
5,0,0,0,0,0.0,4,1,3,6,1,1
7,0,0,0,0,0.0,4,1,3,6,1,1
2,0,0,0,0,0.0,4,1,3,6,1,1
0,0,0,0,0,0.0,4,1,3,6,1,1
4,0,0,0,0,0.0,4,1,3,6,1,1
6,0,0,0,0,0.0,4,1,3,6,1,1
1,0,0,0,0,0.0,4,1,3,6,1,1
9,0,0,0,0,0.0,4,1,3,6,1,1
3,0,0,0,0,0.0,4,1,3,6,1,1
8,0,0,0,0,0.0,4,1,3,6,1,1
5,0,0,0,0,0.0,4,1,3,6,1,1
7,0,0,0,0,0.0,4,1,3,6,1,1
2,0,0,0,0,0.0,4,1,3,6,1,1
0,0,0,0,0,0.0,4,1,3,6,1,1
4,0,0,0,0,0.0,4,1,3,6,1,1
6,0,0,0,0,0.0,4,1,3,6,1,1
1,0,0,0,0,0.0,4,1,3,6,1,1
9,0,0,0,0,0.0,4,1,3,6,1,1
3,0,0,0,0,0.0,4,1,3,6,1,1
8,0,0,0,0,0.0,4,1,3,6,1,1
5,0,0,0,0,0.0,4,1,3,6,1,1
7,0,0,0,0,0.0,4,1,3,6,1,1
2,0,0,0,0,0.0,4,1,3,6,1,1
0,0,0,0,0,0.0,4,1,3,6,1,1
4,0,0,0,0,0.0,4,1,3,6,1,1
6,0,0,0,0,0.0,4,1,3,6,1,1
1,0,0,0,0,0.0,4,1,3,6,1,1
9,0,0,0,0,0.0,4,1,3,6,1,1
3,0,0,0,0,0.0,4,1,3,6,1,1
8,0,0,0,0,0.0,5,1,3,6,1,1
5,0,0,0,0,0.0,5,1,3,6,1,1
7,0,0,0,0,0.0,5,1,3,6,1,1
2,0,0,0,0,0.0,5,1,3,6,1,1
0,0,0,0,0,0.0,5,1,3,6,1,1
4,0,0,0,0,0.0,5,1,3,6,1,1
6,0,0,0,0,0.0,5,1,3,6,1,1
1,0,0,0,0,0.0,5,1,3,6,1,1
9,0,0,0,0,0.0,5,1,3,6,1,1
3,0,0,0,0,0.0,5,1,3,6,1,1
8,0,0,0,0,0.0,5,1,3,6,1,1
5,0,0,0,0,0.0,5,1,3,6,1,1
7,0,0,0,0,0.0,5,1,3,6,1,1
2,0,0,0,0,0.0,5,1,3,6,1,1
0,0,0,0,0,0.0,5,1,3,6,1,1
4,0,0,0,0,0.0,5,1,3,6,1,1
6,0,0,0,0,0.0,5,1,3,6,1,1
1,0,0,0,0,0.0,5,1,3,6,1,1
9,0,0,0,0,0.0,5,1,3,6,1,1
3,0,0,0,0,0.0,5,1,3,6,1,1
8,0,0,0,0,0.0,5,1,3,6,1,1
5,0,0,0,0,0.0,5,1,3,6,1,1
7,0,0,0,0,0.0,5,1,3,6,1,1
2,0,0,0,0,0.0,5,1,3,6,1,1
0,0,0,0,0,0.0,5,1,3,6,1,1
4,0,0,0,0,0.0,5,1,3,6,1,1
6,0,0,0,0,0.0,5,1,3,6,1,1
1,0,0,0,0,0.0,5,1,3,6,1,1
9,0,0,0,0,0.0,5,1,3,6,1,1
3,0,0,0,0,0.0,5,1,3,6,1,1
8,0,0,0,0,0.0,5,1,3,6,1,1
5,0,0,0,0,0.0,5,1,3,6,1,1
7,0,0,0,0,0.0,5,1,3,6,1,1
2,0,0,0,0,0.0,5,1,3,6,1,1
0,0,0,0,0,0.0,5,1,3,6,1,1
4,0,0,0,0,0.0,5,1,3,6,1,1
6,0,0,0,0,0.0,5,1,3,6,1,1
1,0,0,0,0,0.0,5,1,3,6,1,1
9,0,0,0,0,0.0,5,1,3,6,1,1
3,0,0,0,0,0.0,5,1,3,6,1,1
8,340,153,167,246,1.15,6,1,3,6,1,2
5,223,405,170,314,0.62,6,1,3,6,1,0
7,363,308,207,336,0.52,6,1,3,6,1,0
2,547,436,306,492,1.0,6,1,3,6,1,2
0,456,543,291,500,0.93,6,1,3,6,1,2
4,371,210,190,290,1.05,6,1,3,6,1,2
6,507,311,265,409,2.0,6,1,3,6,1,2
1,507,243,251,375,1.84,6,1,3,6,1,2
9,244,393,176,318,2.18,6,1,3,6,1,2
3,435,260,226,348,2.04,6,1,3,6,1,2
8,540,242,264,391,1.8,6,1,3,6,1,2
5,380,362,224,371,1.22,6,1,3,6,1,2
7,417,375,242,396,1.29,6,1,3,6,1,2
2,278,281,167,280,0.52,6,1,3,6,1,0
0,257,476,198,366,0.7,6,1,3,6,1,0
4,447,460,271,454,2.42,6,1,3,6,1,2
6,164,279,121,222,2.43,6,1,3,6,1,2
1,271,342,177,306,2.18,6,1,3,6,1,2
9,264,251,156,258,2.4,6,1,3,6,1,2
3,534,276,269,405,0.76,6,1,3,6,1,2
8,168,171,101,170,1.34,6,1,3,6,1,2
5,388,368,229,378,2.42,6,1,3,6,1,2
7,246,280,154,263,0.79,6,1,3,6,1,2
2,482,188,230,335,0.96,6,1,3,6,1,2
0,213,414,168,314,1.54,6,1,3,6,1,2
4,156,548,172,352,2.35,6,1,3,6,1,2
6,302,320,185,311,0.84,6,1,3,6,1,2
1,203,184,118,194,1.83,6,1,3,6,1,2
9,283,410,195,346,0.84,6,1,3,6,1,2
3,315,171,160,243,0.94,6,1,3,6,1,2
8,204,208,123,206,2.02,6,1,3,6,1,2
5,467,388,264,428,1.54,6,1,3,6,1,2
7,166,350,136,258,0.92,6,1,3,6,1,2
2,254,237,149,246,0.8,6,1,3,6,1,2
0,319,154,158,236,1.5,6,1,3,6,1,2
4,186,435,161,310,2.33,6,1,3,6,1,2
6,511,457,296,484,1.13,6,1,3,6,1,2
1,183,475,168,329,1.79,6,1,3,6,1,2
9,544,449,307,496,2.03,6,1,3,6,1,2
3,369,437,235,403,2.38,6,1,3,6,1,2
8,248,284,156,266,1.42,7,1,3,6,1,2
5,412,217,208,314,0.77,7,1,3,6,1,2
7,397,171,193,284,1.62,7,1,3,6,1,2
2,323,318,193,320,1.26,7,1,3,6,1,2
0,303,328,187,316,1.79,7,1,3,6,1,2
4,167,210,109,188,2.05,7,1,3,6,1,2
6,255,312,164,284,0.61,7,1,3,6,1,0
1,190,294,135,242,1.85,7,1,3,6,1,2
9,519,365,281,442,2.04,7,1,3,6,1,2
3,458,467,277,462,2.16,7,1,3,6,1,2
8,298,302,180,300,2.26,7,1,3,6,1,2
5,374,159,181,266,1.09,7,1,3,6,1,2
7,399,443,248,421,1.83,7,1,3,6,1,2
2,452,309,243,380,1.01,7,1,3,6,1,2
0,235,365,167,300,2.45,7,1,3,6,1,2
4,422,503,269,462,2.31,7,1,3,6,1,2
6,495,200,238,348,2.05,7,1,3,6,1,2
1,174,520,174,347,0.61,7,1,3,6,1,0
9,216,185,123,200,2.06,7,1,3,6,1,2
3,360,478,240,419,2.34,7,1,3,6,1,2
8,250,171,134,210,2.32,7,1,3,6,1,2
5,187,313,137,250,2.25,7,1,3,6,1,2
7,417,495,266,456,1.07,7,1,3,6,1,2
2,362,314,208,338,1.22,7,1,3,6,1,2
0,478,540,299,509,1.07,7,1,3,6,1,2
4,180,509,174,344,2.37,7,1,3,6,1,2
6,316,264,179,290,2.4,7,1,3,6,1,2
1,366,150,176,258,2.46,7,1,3,6,1,2
9,299,156,151,228,0.81,7,1,3,6,1,2
3,324,394,208,359,1.21,7,1,3,6,1,2
8,491,272,251,382,1.54,7,1,3,6,1,2
5,421,307,230,364,2.12,7,1,3,6,1,2
7,545,160,250,352,1.21,7,1,3,6,1,2
2,532,503,313,518,1.2,7,1,3,6,1,2
0,481,400,272,440,1.8,7,1,3,6,1,2
4,490,281,252,386,1.33,7,1,3,6,1,2
6,200,390,158,295,2.12,7,1,3,6,1,2
1,220,516,191,368,1.66,7,1,3,6,1,2
9,397,150,189,274,2.38,7,1,3,6,1,2
3,414,423,250,418,1.06,7,1,3,6,1,2
8,1541,919,800,1230,4.38,8,1,3,6,1,2
5,919,975,563,947,4.2,8,1,3,6,1,2
7,1125,412,532,768,5.43,8,1,3,6,1,2
2,841,401,417,621,4.72,8,1,3,6,1,2
0,1744,813,860,1278,5.06,8,1,3,6,1,2
4,2098,759,991,1428,4.04,8,1,3,6,1,2
6,1877,470,845,1174,3.76,8,1,3,6,1,2
1,1888,601,875,1244,5.53,8,1,3,6,1,2
9,2307,811,1085,1559,4.02,8,1,3,6,1,2
3,1985,460,886,1222,3.04,8,1,3,6,1,2
8,2171,762,1021,1466,4.22,8,1,3,6,1,2
5,2229,866,1065,1548,3.88,8,1,3,6,1,2
7,1910,965,957,1438,4.89,8,1,3,6,1,2
2,2110,605,965,1358,3.45,8,1,3,6,1,2
0,2444,610,1100,1527,4.51,8,1,3,6,1,2
4,1814,577,841,1196,4.75,8,1,3,6,1,2
6,1770,770,862,1270,4.8,8,1,3,6,1,2
1,1371,709,690,1040,4.78,8,1,3,6,1,2
9,1029,621,536,825,5.38,8,1,3,6,1,2
3,1882,762,905,1322,4.66,8,1,3,6,1,2
8,1314,977,721,1146,5.35,8,1,3,6,1,2
5,2303,756,1072,1530,4.06,8,1,3,6,1,2
7,1922,786,926,1354,3.24,8,1,3,6,1,2
2,2167,557,978,1362,4.89,8,1,3,6,1,2
0,2320,724,1073,1522,3.06,8,1,3,6,1,2
4,1964,633,912,1298,3.62,8,1,3,6,1,2
6,1284,511,616,898,4.79,8,1,3,6,1,2
1,2442,831,1143,1636,5.3,8,1,3,6,1,2
9,1807,992,921,1400,4.77,8,1,3,6,1,2
3,2321,907,1110,1614,3.75,8,1,3,6,1,2
8,2041,811,979,1426,4.46,8,1,3,6,1,2
5,1026,626,536,826,5.64,8,1,3,6,1,2
7,1905,437,849,1171,3.03,8,1,3,6,1,2
2,1416,731,713,1074,4.19,8,1,3,6,1,2
0,1120,557,559,838,3.34,8,1,3,6,1,2
4,842,644,466,743,4.91,8,1,3,6,1,2
6,1730,992,890,1361,4.15,8,1,3,6,1,2
1,2219,803,1048,1511,5.02,8,1,3,6,1,2
9,1323,770,683,1046,4.73,8,1,3,6,1,2
3,2319,462,1020,1390,3.21,8,1,3,6,1,2
8,2461,411,1067,1436,5.09,9,1,3,6,1,2
5,1014,483,502,748,4.09,9,1,3,6,1,2
7,1394,699,697,1046,4.58,9,1,3,6,1,2
2,1185,796,633,990,5.75,9,1,3,6,1,2
0,1957,777,938,1367,3.6,9,1,3,6,1,2
4,2393,888,1135,1640,4.91,9,1,3,6,1,2
6,1715,930,872,1322,4.54,9,1,3,6,1,2
1,1874,708,891,1291,4.1,9,1,3,6,1,2
9,1015,575,521,795,5.13,9,1,3,6,1,2
3,1441,575,691,1008,5.15,9,1,3,6,1,2
8,2095,811,1000,1453,3.95,9,1,3,6,1,2
5,2199,894,1058,1546,4.2,9,1,3,6,1,2
7,1281,735,659,1008,5.68,9,1,3,6,1,2
2,949,442,468,696,3.86,9,1,3,6,1,2
0,1994,869,971,1432,5.7,9,1,3,6,1,2
4,1336,909,716,1122,3.09,9,1,3,6,1,2
6,2472,743,1137,1608,3.61,9,1,3,6,1,2
1,2369,729,1093,1549,4.61,9,1,3,6,1,2
9,1483,956,784,1220,4.83,9,1,3,6,1,2
3,1989,785,953,1387,3.41,9,1,3,6,1,2
8,1833,834,900,1334,4.6,9,1,3,6,1,2
5,1523,713,752,1118,4.54,9,1,3,6,1,2
7,1968,565,900,1266,4.18,9,1,3,6,1,2
2,1554,630,748,1092,4.76,9,1,3,6,1,2
0,1630,819,816,1224,5.48,9,1,3,6,1,2
4,963,982,582,972,4.76,9,1,3,6,1,2
6,2442,781,1133,1612,4.28,9,1,3,6,1,2
1,826,455,421,640,4.23,9,1,3,6,1,2
9,1441,508,678,974,3.34,9,1,3,6,1,2
3,1341,419,620,880,4.83,9,1,3,6,1,2
8,1704,610,804,1157,3.05,9,1,3,6,1,2
5,1263,559,617,911,3.92,9,1,3,6,1,2
7,2487,945,1184,1716,3.78,9,1,3,6,1,2
2,1189,900,656,1044,5.6,9,1,3,6,1,2
0,2083,424,918,1254,4.69,9,1,3,6,1,2
4,1365,423,631,894,5.36,9,1,3,6,1,2
6,1668,553,778,1110,3.36,9,1,3,6,1,2
1,919,968,561,944,3.2,9,1,3,6,1,2
9,2330,468,1026,1399,4.54,9,1,3,6,1,2
3,2294,718,1061,1506,5.73,9,1,3,6,1,2
8,1773,777,865,1275,4.05,10,1,3,6,1,2
5,2029,472,906,1250,5.08,10,1,3,6,1,2
7,1948,465,872,1206,4.33,10,1,3,6,1,2
2,958,888,561,923,3.44,10,1,3,6,1,2
0,1828,729,877,1278,5.14,10,1,3,6,1,2
4,1723,727,835,1225,3.28,10,1,3,6,1,2
6,1396,696,698,1046,4.37,10,1,3,6,1,2
1,1686,879,850,1282,4.38,10,1,3,6,1,2
9,2376,575,1065,1476,5.33,10,1,3,6,1,2
3,2263,785,1062,1524,4.74,10,1,3,6,1,2
8,1511,523,709,1017,4.48,10,1,3,6,1,2
5,1404,660,694,1032,4.1,10,1,3,6,1,2
7,1221,892,667,1056,5.41,10,1,3,6,1,2
2,1511,902,785,1206,4.25,10,1,3,6,1,2
0,2117,635,974,1376,3.16,10,1,3,6,1,2
4,1663,416,748,1040,4.77,10,1,3,6,1,2
6,2278,480,1007,1379,3.8,10,1,3,6,1,2
1,1954,827,947,1390,4.13,10,1,3,6,1,2
9,2020,952,998,1486,4.4,10,1,3,6,1,2
3,1655,923,847,1289,4.3,10,1,3,6,1,2
8,986,886,572,936,3.95,10,1,3,6,1,2
5,1567,562,739,1064,5.43,10,1,3,6,1,2
7,2380,495,1051,1438,5.18,10,1,3,6,1,2
2,2234,773,1048,1504,3.56,10,1,3,6,1,2
0,894,925,543,910,4.32,10,1,3,6,1,2
4,2147,525,964,1336,3.16,10,1,3,6,1,2
6,975,684,527,830,5.48,10,1,3,6,1,2
1,1661,499,764,1080,5.49,10,1,3,6,1,2
9,1451,739,728,1095,3.39,10,1,3,6,1,2
3,1204,582,598,893,4.88,10,1,3,6,1,2
8,2415,576,1081,1496,3.25,10,1,3,6,1,2
5,852,724,486,788,3.33,10,1,3,6,1,2
7,2290,945,1105,1618,4.59,10,1,3,6,1,2
2,884,517,457,700,4.5,10,1,3,6,1,2
0,2399,423,1044,1411,5.11,10,1,3,6,1,2
4,1251,822,665,1036,3.47,10,1,3,6,1,2
6,1844,907,919,1376,4.78,10,1,3,6,1,2
1,2424,422,1054,1423,4.41,10,1,3,6,1,2
9,2010,962,996,1486,3.18,10,1,3,6,1,2
3,1042,837,584,940,5.17,10,1,3,6,1,2
8,292,456,208,374,1.73,11,1,3,6,1,2
5,279,183,148,231,1.42,11,1,3,6,1,2
7,164,157,97,160,1.8,11,1,3,6,1,2
2,297,510,221,404,2.32,11,1,3,6,1,2
0,393,157,189,275,0.65,11,1,3,6,1,0
4,542,326,282,434,0.93,11,1,3,6,1,2
6,290,510,218,400,1.53,11,1,3,6,1,2
1,424,501,270,462,1.3,11,1,3,6,1,2
9,535,393,293,464,2.29,11,1,3,6,1,2
3,250,177,135,214,0.61,11,1,3,6,1,0
8,185,373,149,279,1.67,11,1,3,6,1,2
5,295,479,214,387,0.91,11,1,3,6,1,2
7,515,302,266,408,1.84,11,1,3,6,1,2
2,168,470,161,319,0.71,11,1,3,6,1,0
0,267,199,147,233,0.88,11,1,3,6,1,2
4,490,208,238,349,0.55,11,1,3,6,1,0
6,498,472,294,485,0.92,11,1,3,6,1,2
1,184,532,180,358,1.52,11,1,3,6,1,2
9,546,511,321,528,1.59,11,1,3,6,1,2
3,246,470,192,358,0.54,11,1,3,6,1,0
8,458,533,290,496,2.48,11,1,3,6,1,2
5,395,526,263,460,1.81,11,1,3,6,1,2
7,420,307,229,364,1.28,11,1,3,6,1,2
2,499,545,309,522,0.68,11,1,3,6,1,0
0,390,173,191,282,1.8,11,1,3,6,1,2
4,158,531,169,344,2.05,11,1,3,6,1,2
6,515,193,245,354,1.44,11,1,3,6,1,2
1,318,368,201,343,1.73,11,1,3,6,1,2
9,313,347,195,330,0.82,11,1,3,6,1,2
3,474,335,257,404,1.51,11,1,3,6,1,2
8,328,442,220,385,1.88,11,1,3,6,1,2
5,336,424,219,380,2.4,11,1,3,6,1,2
7,276,417,194,346,1.58,11,1,3,6,1,2
2,161,156,96,158,1.37,11,1,3,6,1,2
0,412,417,248,414,0.52,11,1,3,6,1,0
4,550,351,290,450,1.45,11,1,3,6,1,2
6,478,179,227,328,0.77,11,1,3,6,1,2
1,476,309,252,392,1.96,11,1,3,6,1,2
9,223,497,189,360,0.58,11,1,3,6,1,0
3,497,509,301,503,1.49,11,1,3,6,1,2
8,246,376,174,311,1.59,12,1,3,6,1,2
5,164,525,171,344,1.37,12,1,3,6,1,2
7,427,321,235,374,2.39,12,1,3,6,1,2
2,150,209,102,180,1.45,12,1,3,6,1,2
0,201,279,136,240,1.94,12,1,3,6,1,2
4,426,303,231,364,0.84,12,1,3,6,1,2
6,244,337,165,290,1.74,12,1,3,6,1,2
1,206,532,189,369,1.59,12,1,3,6,1,2
9,474,443,278,458,2.42,12,1,3,6,1,2
3,535,281,270,408,2.29,12,1,3,6,1,2
8,485,385,271,435,2.17,12,1,3,6,1,2
5,483,222,238,352,1.7,12,1,3,6,1,2
7,283,219,157,251,1.62,12,1,3,6,1,2
2,419,369,241,394,0.86,12,1,3,6,1,2
0,409,489,261,449,2.21,12,1,3,6,1,2
4,157,386,140,272,1.38,12,1,3,6,1,2
6,397,458,250,428,1.75,12,1,3,6,1,2
1,414,204,206,309,1.5,12,1,3,6,1,2
9,469,335,255,402,1.12,12,1,3,6,1,2
3,462,238,232,350,2.22,12,1,3,6,1,2
8,531,275,267,403,2.23,12,1,3,6,1,2
5,537,289,273,413,1.98,12,1,3,6,1,2
7,175,541,178,358,1.9,12,1,3,6,1,2
2,455,165,215,310,2.09,12,1,3,6,1,2
0,315,175,161,245,2.19,12,1,3,6,1,2
4,356,356,214,356,2.15,12,1,3,6,1,2
6,288,317,179,302,1.32,12,1,3,6,1,2
1,232,295,152,264,1.16,12,1,3,6,1,2
9,280,291,170,286,2.15,12,1,3,6,1,2
3,217,287,144,252,2.44,12,1,3,6,1,2
8,216,484,183,350,1.4,12,1,3,6,1,2
5,345,412,220,378,0.92,12,1,3,6,1,2
7,224,241,138,232,1.49,12,1,3,6,1,2
2,508,343,272,426,0.94,12,1,3,6,1,2
0,292,392,195,342,1.5,12,1,3,6,1,2
4,170,237,115,204,1.32,12,1,3,6,1,2
6,354,418,225,386,0.75,12,1,3,6,1,2
1,276,357,182,316,1.19,12,1,3,6,1,2
9,154,245,111,200,1.27,12,1,3,6,1,2
3,495,457,289,476,0.89,12,1,3,6,1,2
8,407,492,261,450,0.88,13,1,3,6,1,2
5,184,304,134,244,1.76,13,1,3,6,1,2
7,198,347,149,272,0.76,13,1,3,6,1,2
2,281,347,182,314,0.93,13,1,3,6,1,2
0,339,259,187,299,2.44,13,1,3,6,1,2
4,181,331,139,256,2.4,13,1,3,6,1,2
6,366,512,249,439,2.24,13,1,3,6,1,2
1,417,175,202,296,1.95,13,1,3,6,1,2
9,498,232,246,365,1.42,13,1,3,6,1,2
3,241,384,173,312,2.32,13,1,3,6,1,2
8,496,369,272,432,1.48,13,1,3,6,1,2
5,179,469,165,324,0.73,13,1,3,6,1,0
7,330,415,215,372,0.64,13,1,3,6,1,0
2,195,217,121,206,1.98,13,1,3,6,1,2
0,207,210,125,208,1.79,13,1,3,6,1,2
4,537,286,272,412,1.24,13,1,3,6,1,2
6,297,299,179,298,2.02,13,1,3,6,1,2
1,413,447,255,430,1.35,13,1,3,6,1,2
9,477,514,294,496,1.95,13,1,3,6,1,2
3,161,236,112,198,0.61,13,1,3,6,1,0
8,322,305,190,314,0.86,13,1,3,6,1,2
5,488,523,300,506,1.96,13,1,3,6,1,2
7,301,442,209,372,2.5,13,1,3,6,1,2
2,180,205,113,192,1.62,13,1,3,6,1,2
0,315,351,196,333,2.47,13,1,3,6,1,2
4,461,463,277,462,2.08,13,1,3,6,1,2
6,303,534,228,418,1.0,13,1,3,6,1,2
1,486,485,291,486,2.32,13,1,3,6,1,2
9,383,244,202,314,1.77,13,1,3,6,1,2
3,219,167,121,193,0.64,13,1,3,6,1,0
8,238,189,133,214,1.44,13,1,3,6,1,2
5,254,189,139,222,1.87,13,1,3,6,1,2
7,312,359,197,336,1.25,13,1,3,6,1,2
2,388,212,198,300,1.8,13,1,3,6,1,2
0,411,267,218,339,2.44,13,1,3,6,1,2
4,393,180,193,286,1.14,13,1,3,6,1,2
6,490,397,275,444,1.42,13,1,3,6,1,2
1,235,538,202,386,2.09,13,1,3,6,1,2
9,506,506,304,506,1.66,13,1,3,6,1,2
3,504,244,250,374,1.5,13,1,3,6,1,2
8,187,426,160,306,1.3,14,1,3,6,1,2
5,183,461,165,322,2.42,14,1,3,6,1,2
7,309,543,232,426,2.29,14,1,3,6,1,2
2,220,233,135,226,1.06,14,1,3,6,1,2
0,242,325,162,284,1.65,14,1,3,6,1,2
4,531,269,266,400,1.73,14,1,3,6,1,2
6,287,153,145,220,1.5,14,1,3,6,1,2
1,236,536,202,386,2.27,14,1,3,6,1,2
9,354,280,198,317,2.01,14,1,3,6,1,2
3,380,394,231,387,1.4,14,1,3,6,1,2
8,422,368,242,395,1.67,14,1,3,6,1,2
5,420,538,276,479,1.61,14,1,3,6,1,2
7,220,181,124,200,0.69,14,1,3,6,1,0
2,338,315,198,326,1.78,14,1,3,6,1,2
0,269,240,156,254,2.12,14,1,3,6,1,2
4,264,485,203,374,2.35,14,1,3,6,1,2
6,431,150,202,290,1.73,14,1,3,6,1,2
1,549,298,279,424,2.37,14,1,3,6,1,2
9,173,540,177,356,1.51,14,1,3,6,1,2
3,220,453,179,336,2.16,14,1,3,6,1,2
8,430,460,264,445,0.65,14,1,3,6,1,0
5,217,203,127,210,1.12,14,1,3,6,1,2
7,244,333,164,288,1.5,14,1,3,6,1,2
2,451,524,285,488,1.79,14,1,3,6,1,2
0,463,235,232,349,1.09,14,1,3,6,1,2
4,428,437,259,432,2.34,14,1,3,6,1,2
6,297,548,228,422,1.35,14,1,3,6,1,2
1,201,519,184,360,0.69,14,1,3,6,1,0
9,309,401,204,355,1.55,14,1,3,6,1,2
3,250,261,152,256,1.54,14,1,3,6,1,2
8,382,493,251,438,1.47,14,1,3,6,1,2
5,418,229,213,324,0.6,14,1,3,6,1,0
7,453,427,267,440,2.32,14,1,3,6,1,2
2,331,171,167,251,0.82,14,1,3,6,1,2
0,426,328,236,377,1.5,14,1,3,6,1,2
4,362,538,252,450,1.29,14,1,3,6,1,2
6,309,155,155,232,0.69,14,1,3,6,1,0
1,485,370,268,428,0.84,14,1,3,6,1,2
9,173,340,137,256,1.82,14,1,3,6,1,2
3,255,521,206,388,2.09,14,1,3,6,1,2
8,204,444,170,324,2.48,15,1,3,6,1,2
5,534,537,321,536,2.46,15,1,3,6,1,2
7,188,519,179,354,2.24,15,1,3,6,1,2
2,408,363,236,386,1.52,15,1,3,6,1,2
0,389,208,197,298,1.4,15,1,3,6,1,2
4,382,154,184,268,1.29,15,1,3,6,1,2
6,350,333,207,342,1.95,15,1,3,6,1,2
1,521,545,317,533,1.51,15,1,3,6,1,2
9,467,203,227,335,2.45,15,1,3,6,1,2
3,252,344,170,298,2.09,15,1,3,6,1,2
8,278,170,145,224,0.84,15,1,3,6,1,2
5,488,240,243,364,1.12,15,1,3,6,1,2
7,502,496,300,499,1.71,15,1,3,6,1,2
2,513,309,267,411,2.14,15,1,3,6,1,2
0,444,440,266,442,1.02,15,1,3,6,1,2
4,367,361,219,364,1.13,15,1,3,6,1,2
6,339,468,229,404,0.79,15,1,3,6,1,2
1,528,526,316,527,1.31,15,1,3,6,1,2
9,417,252,217,334,0.69,15,1,3,6,1,0
3,492,494,296,493,1.56,15,1,3,6,1,2
8,424,460,262,442,1.24,15,1,3,6,1,2
5,315,362,198,338,1.5,15,1,3,6,1,2
7,165,158,98,162,1.06,15,1,3,6,1,2
2,459,173,218,316,2.23,15,1,3,6,1,2
0,447,533,285,490,0.73,15,1,3,6,1,0
4,208,334,150,271,1.32,15,1,3,6,1,2
6,179,200,112,190,2.01,15,1,3,6,1,2
1,494,454,288,474,1.62,15,1,3,6,1,2
9,333,422,218,378,0.55,15,1,3,6,1,0
3,486,533,301,510,1.42,15,1,3,6,1,2
8,533,425,298,479,1.49,15,1,3,6,1,2
5,349,477,235,413,2.24,15,1,3,6,1,2
7,306,482,219,394,1.0,15,1,3,6,1,2
2,272,302,169,287,2.33,15,1,3,6,1,2
0,388,447,245,418,0.98,15,1,3,6,1,2
4,355,373,217,364,2.38,15,1,3,6,1,2
6,433,225,218,329,1.0,15,1,3,6,1,2
1,221,280,144,250,1.53,15,1,3,6,1,2
9,309,176,159,242,1.25,15,1,3,6,1,2
3,309,314,186,312,2.06,15,1,3,6,1,2
8,356,222,187,289,0.52,16,1,3,6,1,0
5,316,177,162,246,0.74,16,1,3,6,1,0
7,271,178,144,224,0.75,16,1,3,6,1,2
2,456,348,252,402,2.02,16,1,3,6,1,2
0,451,283,237,367,0.91,16,1,3,6,1,2
4,317,452,217,384,1.59,16,1,3,6,1,2
6,164,176,101,170,0.57,16,1,3,6,1,0
1,188,299,135,244,2.04,16,1,3,6,1,2
9,387,270,209,328,2.12,16,1,3,6,1,2
3,445,291,236,368,1.51,16,1,3,6,1,2
8,400,402,240,401,1.61,16,1,3,6,1,2
5,378,166,184,272,1.7,16,1,3,6,1,2
7,334,309,195,322,1.77,16,1,3,6,1,2
2,517,427,292,472,2.48,16,1,3,6,1,2
0,284,301,174,292,1.75,16,1,3,6,1,2
4,201,410,162,306,1.3,16,1,3,6,1,2
6,384,533,260,458,0.53,16,1,3,6,1,0
1,325,192,168,258,1.72,16,1,3,6,1,2
9,162,299,125,230,0.71,16,1,3,6,1,0
3,253,174,136,214,1.77,16,1,3,6,1,2
8,544,375,293,460,1.85,16,1,3,6,1,2
5,203,526,186,364,0.57,16,1,3,6,1,0
7,282,321,177,302,2.21,16,1,3,6,1,2
2,335,449,224,392,0.64,16,1,3,6,1,0
0,180,425,157,302,0.87,16,1,3,6,1,2
4,333,309,195,321,0.93,16,1,3,6,1,2
6,236,427,180,332,0.57,16,1,3,6,1,0
1,435,245,223,340,1.15,16,1,3,6,1,2
9,401,492,259,446,1.6,16,1,3,6,1,2
3,501,423,285,462,1.99,16,1,3,6,1,2
8,213,506,186,360,0.68,16,1,3,6,1,0
5,283,429,199,356,2.29,16,1,3,6,1,2
7,456,191,221,324,1.54,16,1,3,6,1,2
2,366,446,236,406,2.02,16,1,3,6,1,2
0,492,335,264,414,1.83,16,1,3,6,1,2
4,257,541,211,399,0.75,16,1,3,6,1,2
6,387,184,192,286,1.8,16,1,3,6,1,2
1,404,412,244,408,0.6,16,1,3,6,1,0
9,542,382,293,462,1.01,16,1,3,6,1,2
3,284,218,157,251,1.05,16,1,3,6,1,2
8,1095,2202,878,1648,3.41,17,1,3,6,1,2
5,798,2694,858,1746,3.12,17,1,3,6,1,2
7,1101,1701,781,1401,3.79,17,1,3,6,1,2
2,611,2062,657,1336,3.27,17,1,3,6,1,2
0,1087,1345,704,1216,4.5,17,1,3,6,1,2
4,789,1330,582,1060,3.75,17,1,3,6,1,2
6,1110,2148,874,1629,3.77,17,1,3,6,1,2
1,839,2525,841,1682,5.66,17,1,3,6,1,2
9,633,2088,671,1360,4.78,17,1,3,6,1,2
3,1199,1207,721,1203,4.04,17,1,3,6,1,2
8,1144,2745,1007,1944,3.46,17,1,3,6,1,2
5,1084,2137,861,1610,4.02,17,1,3,6,1,2
7,1187,1710,817,1448,4.26,17,1,3,6,1,2
2,733,2700,833,1716,4.45,17,1,3,6,1,2
0,764,1887,683,1326,5.7,17,1,3,6,1,2
4,611,1665,577,1138,5.19,17,1,3,6,1,2
6,748,2459,791,1604,4.51,17,1,3,6,1,2
1,991,2251,847,1621,3.08,17,1,3,6,1,2
9,893,2398,837,1646,4.1,17,1,3,6,1,2
3,810,1286,581,1048,4.19,17,1,3,6,1,2
8,680,2513,775,1596,3.1,17,1,3,6,1,2
5,1046,1297,678,1172,5.74,17,1,3,6,1,2
7,1194,1210,720,1202,5.36,17,1,3,6,1,2
2,650,2645,789,1648,3.7,17,1,3,6,1,2
0,965,1738,734,1352,5.43,17,1,3,6,1,2
4,1121,2376,924,1748,4.92,17,1,3,6,1,2
6,1138,2642,984,1890,3.65,17,1,3,6,1,2
1,679,1299,531,989,4.86,17,1,3,6,1,2
9,949,2259,831,1604,4.33,17,1,3,6,1,2
3,1003,2226,846,1614,5.05,17,1,3,6,1,2
8,778,1708,653,1243,3.22,17,1,3,6,1,2
5,936,1437,662,1186,5.02,17,1,3,6,1,2
7,778,2342,780,1560,4.86,17,1,3,6,1,2
2,1064,1173,660,1118,4.28,17,1,3,6,1,2
0,749,2275,755,1512,3.62,17,1,3,6,1,2
4,994,1082,614,1038,4.21,17,1,3,6,1,2
6,893,2701,897,1797,5.08,17,1,3,6,1,2
1,723,1738,637,1230,4.76,17,1,3,6,1,2
9,1183,1246,722,1214,5.53,17,1,3,6,1,2
3,708,1086,500,897,4.41,17,1,3,6,1,2
8,1189,2117,899,1653,4.57,18,1,3,6,1,2
5,1145,2000,858,1572,3.23,18,1,3,6,1,2
7,746,1469,592,1108,4.51,18,1,3,6,1,2
2,919,1934,754,1426,3.48,18,1,3,6,1,2
0,984,1652,724,1318,4.75,18,1,3,6,1,2
4,1021,2096,828,1558,3.42,18,1,3,6,1,2
6,1101,2505,941,1803,3.42,18,1,3,6,1,2
1,879,1141,580,1010,3.72,18,1,3,6,1,2
9,959,2734,930,1846,3.63,18,1,3,6,1,2
3,1171,2062,881,1616,5.11,18,1,3,6,1,2
8,965,2007,787,1486,5.08,18,1,3,6,1,2
5,1068,2420,911,1744,3.81,18,1,3,6,1,2
7,1077,2440,919,1758,5.58,18,1,3,6,1,2
2,1103,1492,740,1298,4.86,18,1,3,6,1,2
0,1069,1992,826,1530,5.37,18,1,3,6,1,2
4,704,1580,598,1142,5.55,18,1,3,6,1,2
6,1050,1146,649,1098,5.3,18,1,3,6,1,2
1,1074,1786,787,1430,5.44,18,1,3,6,1,2
9,991,2180,832,1586,3.01,18,1,3,6,1,2
3,948,2265,832,1606,4.69,18,1,3,6,1,2
8,719,1614,610,1166,3.99,18,1,3,6,1,2
5,1188,2166,908,1677,4.84,18,1,3,6,1,2
7,616,1684,583,1150,5.52,18,1,3,6,1,2
2,625,1007,451,816,3.96,18,1,3,6,1,2
0,723,1952,680,1338,3.12,18,1,3,6,1,2
4,721,1090,506,906,5.16,18,1,3,6,1,2
6,1006,2662,935,1834,3.12,18,1,3,6,1,2
1,832,1961,725,1396,3.67,18,1,3,6,1,2
9,1106,2238,890,1672,5.08,18,1,3,6,1,2
3,922,1377,644,1150,4.06,18,1,3,6,1,2
8,1026,2261,863,1644,4.77,18,1,3,6,1,2
5,781,1935,699,1358,3.97,18,1,3,6,1,2
7,636,2618,778,1627,4.23,18,1,3,6,1,2
2,1037,1801,775,1419,4.3,18,1,3,6,1,2
0,666,2011,669,1338,3.95,18,1,3,6,1,2
4,609,1650,574,1130,5.27,18,1,3,6,1,2
6,642,1459,549,1050,3.21,18,1,3,6,1,2
1,986,1069,608,1028,5.06,18,1,3,6,1,2
9,907,1783,719,1345,3.68,18,1,3,6,1,2
3,807,1836,690,1322,3.12,18,1,3,6,1,2
8,1174,1261,722,1218,5.11,19,1,3,6,1,2
5,949,1504,680,1226,5.42,19,1,3,6,1,2
7,1054,1219,665,1136,4.07,19,1,3,6,1,2
2,1186,1697,814,1442,4.57,19,1,3,6,1,2
0,949,1382,656,1166,4.81,19,1,3,6,1,2
4,1017,2550,917,1784,4.27,19,1,3,6,1,2
6,695,2040,686,1368,4.99,19,1,3,6,1,2
1,1090,2720,980,1905,3.46,19,1,3,6,1,2
9,693,1609,599,1151,4.27,19,1,3,6,1,2
3,1029,1750,762,1390,4.41,19,1,3,6,1,2
8,1112,1257,696,1184,4.96,19,1,3,6,1,2
5,976,1855,761,1416,3.49,19,1,3,6,1,2
7,739,2751,846,1745,4.93,19,1,3,6,1,2
2,1132,2797,1012,1964,3.59,19,1,3,6,1,2
0,1112,1334,712,1223,3.18,19,1,3,6,1,2
4,971,2256,840,1614,5.76,19,1,3,6,1,2
6,846,1667,672,1256,5.19,19,1,3,6,1,2
1,1093,1112,660,1102,5.66,19,1,3,6,1,2
9,808,1600,643,1204,4.42,19,1,3,6,1,2
3,802,1005,522,904,4.88,19,1,3,6,1,2
8,804,1774,676,1289,5.38,19,1,3,6,1,2
5,1014,2120,830,1567,4.48,19,1,3,6,1,2
7,860,1090,562,975,5.7,19,1,3,6,1,2
2,927,2303,831,1615,5.44,19,1,3,6,1,2
0,871,1538,656,1204,3.95,19,1,3,6,1,2
4,629,1497,551,1063,5.37,19,1,3,6,1,2
6,807,1294,582,1050,4.83,19,1,3,6,1,2
1,1026,1151,641,1088,4.83,19,1,3,6,1,2
9,892,2454,848,1673,4.06,19,1,3,6,1,2
3,986,1107,616,1046,4.62,19,1,3,6,1,2
8,892,1653,687,1272,5.23,19,1,3,6,1,2
5,1061,1415,707,1238,3.41,19,1,3,6,1,2
7,1067,1642,755,1354,4.95,19,1,3,6,1,2
2,889,1115,579,1002,3.09,19,1,3,6,1,2
0,775,2653,841,1714,3.9,19,1,3,6,1,2
4,753,1208,543,980,4.04,19,1,3,6,1,2
6,1040,2452,906,1746,4.12,19,1,3,6,1,2
1,942,1463,669,1202,3.11,19,1,3,6,1,2
9,1045,1214,661,1130,4.95,19,1,3,6,1,2
3,1021,2012,811,1516,3.64,19,1,3,6,1,2
8,847,2755,890,1801,5.42,20,1,3,6,1,2
5,937,2499,875,1718,4.82,20,1,3,6,1,2
7,969,2583,904,1776,3.99,20,1,3,6,1,2
2,799,2010,722,1404,3.37,20,1,3,6,1,2
0,1000,1728,746,1364,4.43,20,1,3,6,1,2
4,794,1841,686,1318,4.06,20,1,3,6,1,2
6,702,2548,790,1625,3.11,20,1,3,6,1,2
1,1102,1510,743,1306,4.89,20,1,3,6,1,2
9,728,2158,723,1443,4.61,20,1,3,6,1,2
3,636,2686,792,1661,4.22,20,1,3,6,1,2
8,637,1936,642,1286,4.79,20,1,3,6,1,2
5,1152,2406,942,1779,3.21,20,1,3,6,1,2
7,991,1459,688,1225,4.8,20,1,3,6,1,2
2,1058,1215,666,1136,4.63,20,1,3,6,1,2
0,991,2703,937,1847,3.81,20,1,3,6,1,2
4,837,1212,577,1024,4.96,20,1,3,6,1,2
6,996,2758,950,1877,4.54,20,1,3,6,1,2
1,779,2746,861,1762,5.41,20,1,3,6,1,2
9,794,1121,542,958,4.69,20,1,3,6,1,2
3,600,1584,557,1092,4.7,20,1,3,6,1,2
8,1091,1903,817,1497,3.65,20,1,3,6,1,2
5,802,1077,536,940,3.15,20,1,3,6,1,2
7,1169,2319,931,1744,4.6,20,1,3,6,1,2
2,609,1075,459,842,3.95,20,1,3,6,1,2
0,863,1782,702,1322,3.63,20,1,3,6,1,2
4,939,1577,691,1258,4.37,20,1,3,6,1,2
6,672,2015,672,1344,4.05,20,1,3,6,1,2
1,795,1388,596,1092,5.43,20,1,3,6,1,2
9,877,1932,737,1404,5.69,20,1,3,6,1,2
3,656,1788,620,1222,3.39,20,1,3,6,1,2
8,696,1396,558,1046,4.13,20,1,3,6,1,2
5,617,2399,727,1508,5.33,20,1,3,6,1,2
7,1065,1515,729,1290,4.62,20,1,3,6,1,2
2,1174,2024,874,1599,5.36,20,1,3,6,1,2
0,973,1572,704,1272,4.78,20,1,3,6,1,2
4,1181,1439,760,1310,3.11,20,1,3,6,1,2
6,909,2182,800,1546,4.41,20,1,3,6,1,2
1,672,1458,560,1065,4.44,20,1,3,6,1,2
9,1013,2165,838,1589,3.11,20,1,3,6,1,2
3,1026,1128,636,1077,3.81,20,1,3,6,1,2
8,458,385,260,422,2.3,21,1,3,6,1,2
5,196,312,141,254,0.87,21,1,3,6,1,2
7,280,173,147,226,0.56,21,1,3,6,1,0
2,158,501,163,330,0.85,21,1,3,6,1,2
0,467,414,270,440,2.01,21,1,3,6,1,2
4,229,445,181,337,1.78,21,1,3,6,1,2
6,235,510,196,372,1.45,21,1,3,6,1,2
1,471,181,225,326,1.06,21,1,3,6,1,2
9,461,535,291,498,1.31,21,1,3,6,1,2
3,484,543,302,514,1.89,21,1,3,6,1,2
8,212,258,136,235,2.04,21,1,3,6,1,2
5,460,216,227,338,1.81,21,1,3,6,1,2
7,339,324,200,332,2.13,21,1,3,6,1,2
2,259,200,144,230,1.41,21,1,3,6,1,2
0,476,349,260,412,1.87,21,1,3,6,1,2
4,437,396,254,416,0.79,21,1,3,6,1,2
6,347,408,220,378,0.74,21,1,3,6,1,0
1,401,413,243,407,0.83,21,1,3,6,1,2
9,437,509,277,473,1.38,21,1,3,6,1,2
3,541,174,251,358,2.17,21,1,3,6,1,2
8,367,355,218,361,1.15,21,1,3,6,1,2
5,185,204,115,194,1.73,21,1,3,6,1,2
7,474,495,289,484,0.86,21,1,3,6,1,2
2,252,410,183,331,1.83,21,1,3,6,1,2
0,273,482,206,378,1.55,21,1,3,6,1,2
4,155,377,137,266,2.43,21,1,3,6,1,2
6,257,327,168,292,0.93,21,1,3,6,1,2
1,293,469,211,381,1.16,21,1,3,6,1,2
9,187,180,111,184,1.9,21,1,3,6,1,2
3,425,524,275,474,1.39,21,1,3,6,1,2
8,361,479,240,420,1.25,21,1,3,6,1,2
5,427,303,231,365,2.18,21,1,3,6,1,2
7,540,231,262,386,2.3,21,1,3,6,1,2
2,198,310,141,254,1.58,21,1,3,6,1,2
0,162,466,158,314,1.36,21,1,3,6,1,2
4,369,519,251,444,1.63,21,1,3,6,1,2
6,228,250,141,239,0.83,21,1,3,6,1,2
1,327,426,216,376,1.5,21,1,3,6,1,2
9,270,305,169,288,1.98,21,1,3,6,1,2
3,281,326,178,304,0.83,21,1,3,6,1,2
8,217,184,124,200,1.5,22,1,3,6,1,2
5,412,421,249,416,1.78,22,1,3,6,1,2
7,513,488,303,500,2.15,22,1,3,6,1,2
2,442,259,229,350,0.85,22,1,3,6,1,2
0,454,195,221,324,1.31,22,1,3,6,1,2
4,447,312,241,380,2.3,22,1,3,6,1,2
6,377,435,238,406,1.03,22,1,3,6,1,2
1,302,357,192,330,2.48,22,1,3,6,1,2
9,297,281,175,289,0.59,22,1,3,6,1,0
3,374,444,238,409,2.38,22,1,3,6,1,2
8,285,421,198,353,2.49,22,1,3,6,1,2
5,518,296,266,407,1.97,22,1,3,6,1,2
7,293,527,223,410,2.21,22,1,3,6,1,2
2,319,426,213,372,1.74,22,1,3,6,1,2
0,338,512,238,425,1.4,22,1,3,6,1,2
4,511,382,281,446,1.6,22,1,3,6,1,2
6,537,306,276,422,1.44,22,1,3,6,1,2
1,374,403,230,388,1.07,22,1,3,6,1,2
9,240,340,164,290,1.78,22,1,3,6,1,2
3,482,505,294,494,1.94,22,1,3,6,1,2
8,452,313,243,382,1.96,22,1,3,6,1,2
5,215,365,159,290,1.92,22,1,3,6,1,2
7,277,249,161,263,0.66,22,1,3,6,1,0
2,457,470,277,464,0.97,22,1,3,6,1,2
0,528,546,320,537,0.9,22,1,3,6,1,2
4,313,309,187,311,2.33,22,1,3,6,1,2
6,188,243,124,216,2.24,22,1,3,6,1,2
1,168,472,162,320,0.58,22,1,3,6,1,0
9,301,252,171,276,1.01,22,1,3,6,1,2
3,405,510,264,458,1.19,22,1,3,6,1,2
8,267,310,169,288,1.46,22,1,3,6,1,2
5,392,451,247,422,2.25,22,1,3,6,1,2
7,508,496,302,502,1.88,22,1,3,6,1,2
2,283,302,174,292,1.23,22,1,3,6,1,2
0,307,265,176,286,0.93,22,1,3,6,1,2
4,334,464,226,399,1.69,22,1,3,6,1,2
6,155,157,93,156,2.18,22,1,3,6,1,2
1,268,218,151,243,1.42,22,1,3,6,1,2
9,264,322,170,293,2.49,22,1,3,6,1,2
3,438,345,244,392,1.4,22,1,3,6,1,2
8,185,294,133,240,1.94,23,1,3,6,1,2
5,350,362,212,356,1.13,23,1,3,6,1,2
7,409,436,251,422,0.99,23,1,3,6,1,2
2,320,271,182,296,1.05,23,1,3,6,1,2
0,205,176,117,190,2.01,23,1,3,6,1,2
4,484,287,251,386,0.92,23,1,3,6,1,2
6,217,379,163,298,1.28,23,1,3,6,1,2
1,305,399,202,352,2.08,23,1,3,6,1,2
9,508,192,242,350,0.89,23,1,3,6,1,2
3,304,189,159,246,1.84,23,1,3,6,1,2
8,373,392,228,382,1.96,23,1,3,6,1,2
5,303,359,193,331,0.72,23,1,3,6,1,0
7,471,351,259,411,2.07,23,1,3,6,1,2
2,246,214,141,230,0.95,23,1,3,6,1,2
0,317,272,181,294,2.21,23,1,3,6,1,2
4,383,481,249,432,0.67,23,1,3,6,1,0
6,181,314,135,248,1.28,23,1,3,6,1,2
1,408,539,271,474,1.3,23,1,3,6,1,2
9,461,456,276,458,1.29,23,1,3,6,1,2
3,546,312,281,429,2.38,23,1,3,6,1,2
8,290,400,196,345,2.47,23,1,3,6,1,2
5,462,287,242,374,1.33,23,1,3,6,1,2
7,315,506,227,410,1.83,23,1,3,6,1,2
2,494,369,271,432,2.2,23,1,3,6,1,2
0,364,492,244,428,2.22,23,1,3,6,1,2
4,350,271,194,310,1.68,23,1,3,6,1,2
6,540,451,306,496,2.28,23,1,3,6,1,2
1,471,440,276,456,2.32,23,1,3,6,1,2
9,401,274,215,338,1.13,23,1,3,6,1,2
3,189,510,178,350,1.13,23,1,3,6,1,2
8,229,225,137,227,0.93,23,1,3,6,1,2
5,549,168,253,358,2.27,23,1,3,6,1,2
7,523,274,264,398,1.26,23,1,3,6,1,2
2,227,365,164,296,0.94,23,1,3,6,1,2
0,221,247,138,234,2.22,23,1,3,6,1,2
4,523,281,265,402,2.03,23,1,3,6,1,2
6,549,380,296,464,1.6,23,1,3,6,1,2
1,417,187,204,302,0.73,23,1,3,6,1,0
9,173,290,127,232,2.23,23,1,3,6,1,2
3,530,264,265,397,1.38,23,1,3,6,1,2
8,0,0,0,0,0.0,0,2,3,0,0,1
5,0,0,0,0,0.0,0,2,3,0,0,1
7,0,0,0,0,0.0,0,2,3,0,0,1
2,0,0,0,0,0.0,0,2,3,0,0,1
0,0,0,0,0,0.0,0,2,3,0,0,1
4,0,0,0,0,0.0,0,2,3,0,0,1
6,0,0,0,0,0.0,0,2,3,0,0,1
1,0,0,0,0,0.0,0,2,3,0,0,1
9,0,0,0,0,0.0,0,2,3,0,0,1
3,0,0,0,0,0.0,0,2,3,0,0,1
8,0,0,0,0,0.0,0,2,3,0,0,1
5,0,0,0,0,0.0,0,2,3,0,0,1
7,0,0,0,0,0.0,0,2,3,0,0,1
2,0,0,0,0,0.0,0,2,3,0,0,1
0,0,0,0,0,0.0,0,2,3,0,0,1
4,0,0,0,0,0.0,0,2,3,0,0,1
6,0,0,0,0,0.0,0,2,3,0,0,1
1,0,0,0,0,0.0,0,2,3,0,0,1
9,0,0,0,0,0.0,0,2,3,0,0,1
3,0,0,0,0,0.0,0,2,3,0,0,1
8,0,0,0,0,0.0,0,2,3,0,0,1
5,0,0,0,0,0.0,0,2,3,0,0,1
7,0,0,0,0,0.0,0,2,3,0,0,1
2,0,0,0,0,0.0,0,2,3,0,0,1
0,0,0,0,0,0.0,0,2,3,0,0,1
4,0,0,0,0,0.0,0,2,3,0,0,1
6,0,0,0,0,0.0,0,2,3,0,0,1
1,0,0,0,0,0.0,0,2,3,0,0,1
9,0,0,0,0,0.0,0,2,3,0,0,1
3,0,0,0,0,0.0,0,2,3,0,0,1
8,0,0,0,0,0.0,0,2,3,0,0,1
5,0,0,0,0,0.0,0,2,3,0,0,1
7,0,0,0,0,0.0,0,2,3,0,0,1
2,0,0,0,0,0.0,0,2,3,0,0,1
0,0,0,0,0,0.0,0,2,3,0,0,1
4,0,0,0,0,0.0,0,2,3,0,0,1
6,0,0,0,0,0.0,0,2,3,0,0,1
1,0,0,0,0,0.0,0,2,3,0,0,1
9,0,0,0,0,0.0,0,2,3,0,0,1
3,0,0,0,0,0.0,0,2,3,0,0,1
8,0,0,0,0,0.0,1,2,3,0,0,1
5,0,0,0,0,0.0,1,2,3,0,0,1
7,0,0,0,0,0.0,1,2,3,0,0,1
2,0,0,0,0,0.0,1,2,3,0,0,1
0,0,0,0,0,0.0,1,2,3,0,0,1
4,0,0,0,0,0.0,1,2,3,0,0,1
6,0,0,0,0,0.0,1,2,3,0,0,1
1,0,0,0,0,0.0,1,2,3,0,0,1
9,0,0,0,0,0.0,1,2,3,0,0,1
3,0,0,0,0,0.0,1,2,3,0,0,1
8,0,0,0,0,0.0,1,2,3,0,0,1
5,0,0,0,0,0.0,1,2,3,0,0,1
7,0,0,0,0,0.0,1,2,3,0,0,1
2,0,0,0,0,0.0,1,2,3,0,0,1
0,0,0,0,0,0.0,1,2,3,0,0,1
4,0,0,0,0,0.0,1,2,3,0,0,1
6,0,0,0,0,0.0,1,2,3,0,0,1
1,0,0,0,0,0.0,1,2,3,0,0,1
9,0,0,0,0,0.0,1,2,3,0,0,1
3,0,0,0,0,0.0,1,2,3,0,0,1
8,0,0,0,0,0.0,1,2,3,0,0,1
5,0,0,0,0,0.0,1,2,3,0,0,1
7,0,0,0,0,0.0,1,2,3,0,0,1
2,0,0,0,0,0.0,1,2,3,0,0,1
0,0,0,0,0,0.0,1,2,3,0,0,1
4,0,0,0,0,0.0,1,2,3,0,0,1
6,0,0,0,0,0.0,1,2,3,0,0,1
1,0,0,0,0,0.0,1,2,3,0,0,1
9,0,0,0,0,0.0,1,2,3,0,0,1
3,0,0,0,0,0.0,1,2,3,0,0,1
8,0,0,0,0,0.0,1,2,3,0,0,1
5,0,0,0,0,0.0,1,2,3,0,0,1
7,0,0,0,0,0.0,1,2,3,0,0,1
2,0,0,0,0,0.0,1,2,3,0,0,1
0,0,0,0,0,0.0,1,2,3,0,0,1
4,0,0,0,0,0.0,1,2,3,0,0,1
6,0,0,0,0,0.0,1,2,3,0,0,1
1,0,0,0,0,0.0,1,2,3,0,0,1
9,0,0,0,0,0.0,1,2,3,0,0,1
3,0,0,0,0,0.0,1,2,3,0,0,1
8,0,0,0,0,0.0,2,2,3,0,0,1
5,0,0,0,0,0.0,2,2,3,0,0,1
7,0,0,0,0,0.0,2,2,3,0,0,1
2,0,0,0,0,0.0,2,2,3,0,0,1
0,0,0,0,0,0.0,2,2,3,0,0,1
4,0,0,0,0,0.0,2,2,3,0,0,1
6,0,0,0,0,0.0,2,2,3,0,0,1
1,0,0,0,0,0.0,2,2,3,0,0,1
9,0,0,0,0,0.0,2,2,3,0,0,1
3,0,0,0,0,0.0,2,2,3,0,0,1
8,0,0,0,0,0.0,2,2,3,0,0,1
5,0,0,0,0,0.0,2,2,3,0,0,1
7,0,0,0,0,0.0,2,2,3,0,0,1
2,0,0,0,0,0.0,2,2,3,0,0,1
0,0,0,0,0,0.0,2,2,3,0,0,1
4,0,0,0,0,0.0,2,2,3,0,0,1
6,0,0,0,0,0.0,2,2,3,0,0,1
1,0,0,0,0,0.0,2,2,3,0,0,1
9,0,0,0,0,0.0,2,2,3,0,0,1
3,0,0,0,0,0.0,2,2,3,0,0,1
8,0,0,0,0,0.0,2,2,3,0,0,1
5,0,0,0,0,0.0,2,2,3,0,0,1
7,0,0,0,0,0.0,2,2,3,0,0,1
2,0,0,0,0,0.0,2,2,3,0,0,1
0,0,0,0,0,0.0,2,2,3,0,0,1
4,0,0,0,0,0.0,2,2,3,0,0,1
6,0,0,0,0,0.0,2,2,3,0,0,1
1,0,0,0,0,0.0,2,2,3,0,0,1
9,0,0,0,0,0.0,2,2,3,0,0,1
3,0,0,0,0,0.0,2,2,3,0,0,1
8,0,0,0,0,0.0,2,2,3,0,0,1
5,0,0,0,0,0.0,2,2,3,0,0,1
7,0,0,0,0,0.0,2,2,3,0,0,1
2,0,0,0,0,0.0,2,2,3,0,0,1
0,0,0,0,0,0.0,2,2,3,0,0,1
4,0,0,0,0,0.0,2,2,3,0,0,1
6,0,0,0,0,0.0,2,2,3,0,0,1
1,0,0,0,0,0.0,2,2,3,0,0,1
9,0,0,0,0,0.0,2,2,3,0,0,1
3,0,0,0,0,0.0,2,2,3,0,0,1
8,0,0,0,0,0.0,3,2,3,0,0,1
5,0,0,0,0,0.0,3,2,3,0,0,1
7,0,0,0,0,0.0,3,2,3,0,0,1
2,0,0,0,0,0.0,3,2,3,0,0,1
0,0,0,0,0,0.0,3,2,3,0,0,1
4,0,0,0,0,0.0,3,2,3,0,0,1
6,0,0,0,0,0.0,3,2,3,0,0,1
1,0,0,0,0,0.0,3,2,3,0,0,1
9,0,0,0,0,0.0,3,2,3,0,0,1
3,0,0,0,0,0.0,3,2,3,0,0,1
8,0,0,0,0,0.0,3,2,3,0,0,1
5,0,0,0,0,0.0,3,2,3,0,0,1
7,0,0,0,0,0.0,3,2,3,0,0,1
2,0,0,0,0,0.0,3,2,3,0,0,1
0,0,0,0,0,0.0,3,2,3,0,0,1
4,0,0,0,0,0.0,3,2,3,0,0,1
6,0,0,0,0,0.0,3,2,3,0,0,1
1,0,0,0,0,0.0,3,2,3,0,0,1
9,0,0,0,0,0.0,3,2,3,0,0,1
3,0,0,0,0,0.0,3,2,3,0,0,1
8,0,0,0,0,0.0,3,2,3,0,0,1
5,0,0,0,0,0.0,3,2,3,0,0,1
7,0,0,0,0,0.0,3,2,3,0,0,1
2,0,0,0,0,0.0,3,2,3,0,0,1
0,0,0,0,0,0.0,3,2,3,0,0,1
4,0,0,0,0,0.0,3,2,3,0,0,1
6,0,0,0,0,0.0,3,2,3,0,0,1
1,0,0,0,0,0.0,3,2,3,0,0,1
9,0,0,0,0,0.0,3,2,3,0,0,1
3,0,0,0,0,0.0,3,2,3,0,0,1
8,0,0,0,0,0.0,3,2,3,0,0,1
5,0,0,0,0,0.0,3,2,3,0,0,1
7,0,0,0,0,0.0,3,2,3,0,0,1
2,0,0,0,0,0.0,3,2,3,0,0,1
0,0,0,0,0,0.0,3,2,3,0,0,1
4,0,0,0,0,0.0,3,2,3,0,0,1
6,0,0,0,0,0.0,3,2,3,0,0,1
1,0,0,0,0,0.0,3,2,3,0,0,1
9,0,0,0,0,0.0,3,2,3,0,0,1
3,0,0,0,0,0.0,3,2,3,0,0,1
8,0,0,0,0,0.0,4,2,3,0,0,1
5,0,0,0,0,0.0,4,2,3,0,0,1
7,0,0,0,0,0.0,4,2,3,0,0,1
2,0,0,0,0,0.0,4,2,3,0,0,1
0,0,0,0,0,0.0,4,2,3,0,0,1
4,0,0,0,0,0.0,4,2,3,0,0,1
6,0,0,0,0,0.0,4,2,3,0,0,1
1,0,0,0,0,0.0,4,2,3,0,0,1
9,0,0,0,0,0.0,4,2,3,0,0,1
3,0,0,0,0,0.0,4,2,3,0,0,1
8,0,0,0,0,0.0,4,2,3,0,0,1
5,0,0,0,0,0.0,4,2,3,0,0,1
7,0,0,0,0,0.0,4,2,3,0,0,1
2,0,0,0,0,0.0,4,2,3,0,0,1
0,0,0,0,0,0.0,4,2,3,0,0,1
4,0,0,0,0,0.0,4,2,3,0,0,1
6,0,0,0,0,0.0,4,2,3,0,0,1
1,0,0,0,0,0.0,4,2,3,0,0,1
9,0,0,0,0,0.0,4,2,3,0,0,1
3,0,0,0,0,0.0,4,2,3,0,0,1
8,0,0,0,0,0.0,4,2,3,0,0,1
5,0,0,0,0,0.0,4,2,3,0,0,1
7,0,0,0,0,0.0,4,2,3,0,0,1
2,0,0,0,0,0.0,4,2,3,0,0,1
0,0,0,0,0,0.0,4,2,3,0,0,1
4,0,0,0,0,0.0,4,2,3,0,0,1
6,0,0,0,0,0.0,4,2,3,0,0,1
1,0,0,0,0,0.0,4,2,3,0,0,1
9,0,0,0,0,0.0,4,2,3,0,0,1
3,0,0,0,0,0.0,4,2,3,0,0,1
8,0,0,0,0,0.0,4,2,3,0,0,1
5,0,0,0,0,0.0,4,2,3,0,0,1
7,0,0,0,0,0.0,4,2,3,0,0,1
2,0,0,0,0,0.0,4,2,3,0,0,1
0,0,0,0,0,0.0,4,2,3,0,0,1
4,0,0,0,0,0.0,4,2,3,0,0,1
6,0,0,0,0,0.0,4,2,3,0,0,1
1,0,0,0,0,0.0,4,2,3,0,0,1
9,0,0,0,0,0.0,4,2,3,0,0,1
3,0,0,0,0,0.0,4,2,3,0,0,1
8,0,0,0,0,0.0,5,2,3,0,0,1
5,0,0,0,0,0.0,5,2,3,0,0,1
7,0,0,0,0,0.0,5,2,3,0,0,1
2,0,0,0,0,0.0,5,2,3,0,0,1
0,0,0,0,0,0.0,5,2,3,0,0,1
4,0,0,0,0,0.0,5,2,3,0,0,1
6,0,0,0,0,0.0,5,2,3,0,0,1
1,0,0,0,0,0.0,5,2,3,0,0,1
9,0,0,0,0,0.0,5,2,3,0,0,1
3,0,0,0,0,0.0,5,2,3,0,0,1
8,0,0,0,0,0.0,5,2,3,0,0,1
5,0,0,0,0,0.0,5,2,3,0,0,1
7,0,0,0,0,0.0,5,2,3,0,0,1
2,0,0,0,0,0.0,5,2,3,0,0,1
0,0,0,0,0,0.0,5,2,3,0,0,1
4,0,0,0,0,0.0,5,2,3,0,0,1
6,0,0,0,0,0.0,5,2,3,0,0,1
1,0,0,0,0,0.0,5,2,3,0,0,1
9,0,0,0,0,0.0,5,2,3,0,0,1
3,0,0,0,0,0.0,5,2,3,0,0,1
8,0,0,0,0,0.0,5,2,3,0,0,1
5,0,0,0,0,0.0,5,2,3,0,0,1
7,0,0,0,0,0.0,5,2,3,0,0,1
2,0,0,0,0,0.0,5,2,3,0,0,1
0,0,0,0,0,0.0,5,2,3,0,0,1
4,0,0,0,0,0.0,5,2,3,0,0,1
6,0,0,0,0,0.0,5,2,3,0,0,1
1,0,0,0,0,0.0,5,2,3,0,0,1
9,0,0,0,0,0.0,5,2,3,0,0,1
3,0,0,0,0,0.0,5,2,3,0,0,1
8,0,0,0,0,0.0,5,2,3,0,0,1
5,0,0,0,0,0.0,5,2,3,0,0,1
7,0,0,0,0,0.0,5,2,3,0,0,1
2,0,0,0,0,0.0,5,2,3,0,0,1
0,0,0,0,0,0.0,5,2,3,0,0,1
4,0,0,0,0,0.0,5,2,3,0,0,1
6,0,0,0,0,0.0,5,2,3,0,0,1
1,0,0,0,0,0.0,5,2,3,0,0,1
9,0,0,0,0,0.0,5,2,3,0,0,1
3,0,0,0,0,0.0,5,2,3,0,0,1
8,233,223,138,228,2.27,6,2,3,0,0,2
5,298,479,215,388,1.28,6,2,3,0,0,2
7,442,516,280,479,2.24,6,2,3,0,0,2
2,248,359,171,304,0.52,6,2,3,0,0,0
0,514,308,267,411,1.06,6,2,3,0,0,2
4,211,407,166,309,1.78,6,2,3,0,0,2
6,369,316,211,342,0.62,6,2,3,0,0,0
1,227,189,129,208,0.99,6,2,3,0,0,2
9,409,504,264,456,2.13,6,2,3,0,0,2
3,511,285,261,398,2.21,6,2,3,0,0,2
8,406,328,228,367,1.98,6,2,3,0,0,2
5,391,482,253,436,1.59,6,2,3,0,0,2
7,450,288,238,369,2.44,6,2,3,0,0,2
2,224,193,128,208,1.19,6,2,3,0,0,2
0,488,154,226,321,1.04,6,2,3,0,0,2
4,275,415,193,345,1.27,6,2,3,0,0,2
6,515,351,276,433,0.65,6,2,3,0,0,0
1,457,418,266,438,1.84,6,2,3,0,0,2
9,281,153,143,217,2.21,6,2,3,0,0,2
3,488,157,227,322,2.35,6,2,3,0,0,2
8,191,363,149,277,0.54,6,2,3,0,0,0
5,226,319,154,272,2.46,6,2,3,0,0,2
7,505,198,242,352,0.7,6,2,3,0,0,0
2,324,261,182,292,2.29,6,2,3,0,0,2
0,204,453,172,328,1.87,6,2,3,0,0,2
4,336,489,232,412,2.02,6,2,3,0,0,2
6,279,302,172,290,2.03,6,2,3,0,0,2
1,256,177,138,216,1.05,6,2,3,0,0,2
9,305,379,198,342,1.41,6,2,3,0,0,2
3,188,366,148,277,0.93,6,2,3,0,0,2
8,368,518,251,443,1.17,6,2,3,0,0,2
5,419,452,258,436,2.06,6,2,3,0,0,2
7,331,175,167,253,1.48,6,2,3,0,0,2
2,274,350,180,312,1.42,6,2,3,0,0,2
0,294,318,181,306,1.08,6,2,3,0,0,2
4,435,370,248,402,1.84,6,2,3,0,0,2
6,171,157,100,164,1.5,6,2,3,0,0,2
1,152,539,169,346,2.35,6,2,3,0,0,2
9,328,537,239,432,1.41,6,2,3,0,0,2
3,456,371,257,414,1.93,6,2,3,0,0,2
8,390,426,241,408,0.88,7,2,3,0,0,2
5,421,474,263,448,1.22,7,2,3,0,0,2
7,362,509,247,436,2.36,7,2,3,0,0,2
2,418,466,260,442,1.51,7,2,3,0,0,2
0,275,156,141,216,0.54,7,2,3,0,0,0
4,518,343,276,430,1.98,7,2,3,0,0,2
6,421,471,263,446,1.74,7,2,3,0,0,2
1,414,392,244,403,0.58,7,2,3,0,0,0
9,257,506,204,382,2.48,7,2,3,0,0,2
3,419,207,209,313,1.77,7,2,3,0,0,2
8,178,282,128,230,1.04,7,2,3,0,0,2
5,386,360,226,373,1.17,7,2,3,0,0,2
7,366,374,221,370,0.63,7,2,3,0,0,0
2,305,429,208,367,0.71,7,2,3,0,0,0
0,356,170,176,263,1.8,7,2,3,0,0,2
4,433,153,204,293,1.69,7,2,3,0,0,2
6,185,477,169,331,1.97,7,2,3,0,0,2
1,403,397,241,400,2.17,7,2,3,0,0,2
9,348,173,174,260,1.04,7,2,3,0,0,2
3,151,543,169,347,2.42,7,2,3,0,0,2
8,537,324,280,430,0.81,7,2,3,0,0,2
5,375,300,210,338,0.84,7,2,3,0,0,2
7,265,279,162,272,1.15,7,2,3,0,0,2
2,440,357,247,398,1.93,7,2,3,0,0,2
0,222,224,134,223,2.47,7,2,3,0,0,2
4,259,268,157,264,0.62,7,2,3,0,0,0
6,423,450,259,436,1.73,7,2,3,0,0,2
1,472,230,235,351,1.33,7,2,3,0,0,2
9,466,272,241,369,0.69,7,2,3,0,0,0
3,459,406,265,432,1.62,7,2,3,0,0,2
8,440,202,216,321,2.18,7,2,3,0,0,2
5,306,511,225,408,2.36,7,2,3,0,0,2
7,300,339,188,320,1.55,7,2,3,0,0,2
2,220,508,190,364,0.75,7,2,3,0,0,2
0,242,303,157,272,1.71,7,2,3,0,0,2
4,550,550,330,550,2.08,7,2,3,0,0,2
6,184,545,183,364,1.78,7,2,3,0,0,2
1,477,258,242,368,1.86,7,2,3,0,0,2
9,540,168,250,354,2.18,7,2,3,0,0,2
3,532,542,321,537,1.69,7,2,3,0,0,2
8,1178,568,585,873,4.77,8,2,3,0,0,2
5,1634,518,757,1076,3.56,8,2,3,0,0,2
7,2363,598,1065,1480,3.31,8,2,3,0,0,2
2,1578,866,804,1222,5.15,8,2,3,0,0,2
0,1540,859,788,1200,4.41,8,2,3,0,0,2
4,1552,758,772,1155,4.02,8,2,3,0,0,2
6,1283,743,662,1013,5.58,8,2,3,0,0,2
1,2095,596,957,1346,4.56,8,2,3,0,0,2
9,1842,576,852,1209,3.22,8,2,3,0,0,2
3,1179,785,629,982,3.24,8,2,3,0,0,2
8,959,556,495,758,3.16,8,2,3,0,0,2
5,1094,962,630,1028,3.12,8,2,3,0,0,2
7,2292,866,1090,1579,4.89,8,2,3,0,0,2
2,1863,495,844,1179,4.62,8,2,3,0,0,2
0,1181,408,554,794,5.64,8,2,3,0,0,2
4,2115,453,937,1284,3.16,8,2,3,0,0,2
6,954,753,532,854,3.89,8,2,3,0,0,2
1,2397,795,1118,1596,3.78,8,2,3,0,0,2
9,1811,925,909,1368,3.2,8,2,3,0,0,2
3,1834,871,908,1352,5.19,8,2,3,0,0,2
8,1589,583,752,1086,4.93,8,2,3,0,0,2
5,2245,716,1041,1480,4.18,8,2,3,0,0,2
7,887,681,491,784,3.61,8,2,3,0,0,2
2,1962,966,978,1464,4.75,8,2,3,0,0,2
0,992,809,559,900,3.19,8,2,3,0,0,2
4,1381,604,673,992,4.52,8,2,3,0,0,2
6,1720,779,844,1250,5.31,8,2,3,0,0,2
1,1583,940,821,1262,4.8,8,2,3,0,0,2
9,1562,649,755,1106,4.76,8,2,3,0,0,2
3,1244,494,596,869,3.88,8,2,3,0,0,2
8,2135,658,986,1396,3.98,8,2,3,0,0,2
5,1350,701,680,1026,3.18,8,2,3,0,0,2
7,2253,563,1014,1408,4.01,8,2,3,0,0,2
2,2006,447,892,1226,3.61,8,2,3,0,0,2
0,2044,926,1003,1485,5.46,8,2,3,0,0,2
4,1987,458,886,1222,3.04,8,2,3,0,0,2
6,1913,805,926,1359,4.0,8,2,3,0,0,2
1,2046,741,967,1394,5.59,8,2,3,0,0,2
9,957,878,558,918,3.91,8,2,3,0,0,2
3,1995,646,927,1320,3.64,8,2,3,0,0,2
8,1022,756,560,889,4.73,9,2,3,0,0,2
5,1272,639,637,956,5.04,9,2,3,0,0,2
7,1430,999,772,1214,5.17,9,2,3,0,0,2
2,1290,602,636,946,4.02,9,2,3,0,0,2
0,2341,762,1089,1552,3.24,9,2,3,0,0,2
4,2330,638,1060,1484,4.61,9,2,3,0,0,2
6,2248,474,994,1361,5.63,9,2,3,0,0,2
1,1453,574,696,1014,3.09,9,2,3,0,0,2
9,954,774,536,864,5.62,9,2,3,0,0,2
3,1448,486,676,967,5.54,9,2,3,0,0,2
8,1701,987,878,1344,5.09,9,2,3,0,0,2
5,2000,615,923,1308,5.78,9,2,3,0,0,2
7,1541,938,804,1240,3.4,9,2,3,0,0,2
2,1411,488,662,950,5.39,9,2,3,0,0,2
0,1814,825,891,1320,4.66,9,2,3,0,0,2
4,1990,799,956,1394,5.46,9,2,3,0,0,2
6,2500,863,1173,1682,4.37,9,2,3,0,0,2
1,929,765,525,847,3.2,9,2,3,0,0,2
9,2048,822,984,1435,5.3,9,2,3,0,0,2
3,1815,545,835,1180,4.78,9,2,3,0,0,2
8,1169,826,633,998,3.84,9,2,3,0,0,2
5,2254,572,1016,1413,4.57,9,2,3,0,0,2
7,1787,430,801,1108,5.76,9,2,3,0,0,2
2,1514,712,748,1113,4.06,9,2,3,0,0,2
0,1952,556,892,1254,5.09,9,2,3,0,0,2
4,1337,927,720,1132,3.68,9,2,3,0,0,2
6,1860,607,865,1234,4.34,9,2,3,0,0,2
1,2059,693,962,1376,3.51,9,2,3,0,0,2
9,1151,840,628,996,3.52,9,2,3,0,0,2
3,1638,972,850,1305,5.45,9,2,3,0,0,2
8,1638,642,784,1140,4.36,9,2,3,0,0,2
5,894,964,550,929,5.37,9,2,3,0,0,2
7,2289,715,1059,1502,4.97,9,2,3,0,0,2
2,1073,979,625,1026,5.12,9,2,3,0,0,2
0,1711,445,773,1078,4.61,9,2,3,0,0,2
4,1843,457,829,1150,4.41,9,2,3,0,0,2
6,2094,617,961,1356,4.42,9,2,3,0,0,2
1,2055,594,941,1324,5.02,9,2,3,0,0,2
9,2299,788,1077,1544,4.2,9,2,3,0,0,2
3,1751,609,822,1180,4.06,9,2,3,0,0,2
8,1420,487,665,954,4.94,10,2,3,0,0,2
5,2343,422,1022,1382,3.76,10,2,3,0,0,2
7,2463,933,1172,1698,5.36,10,2,3,0,0,2
2,1165,520,570,842,4.94,10,2,3,0,0,2
0,1338,436,622,887,5.73,10,2,3,0,0,2
4,1392,487,654,940,4.72,10,2,3,0,0,2
6,804,946,511,875,3.59,10,2,3,0,0,2
1,944,918,561,931,4.34,10,2,3,0,0,2
9,980,901,572,940,4.2,10,2,3,0,0,2
3,898,960,551,929,4.1,10,2,3,0,0,2
8,2101,812,1003,1456,3.58,10,2,3,0,0,2
5,1152,527,566,840,3.49,10,2,3,0,0,2
7,1984,892,972,1438,3.62,10,2,3,0,0,2
2,2011,775,959,1393,4.1,10,2,3,0,0,2
0,1903,430,847,1166,4.09,10,2,3,0,0,2
4,1826,521,835,1174,3.23,10,2,3,0,0,2
6,1326,769,684,1048,3.37,10,2,3,0,0,2
1,1029,495,511,762,5.79,10,2,3,0,0,2
9,1202,979,677,1090,4.44,10,2,3,0,0,2
3,929,414,454,672,3.43,10,2,3,0,0,2
8,2436,605,1095,1520,5.63,10,2,3,0,0,2
5,1936,582,891,1259,5.59,10,2,3,0,0,2
7,1119,763,600,941,4.58,10,2,3,0,0,2
2,2450,851,1150,1650,3.15,10,2,3,0,0,2
0,857,518,446,688,3.82,10,2,3,0,0,2
4,2415,565,1079,1490,3.69,10,2,3,0,0,2
6,2370,798,1108,1584,3.15,10,2,3,0,0,2
1,2360,831,1110,1596,3.43,10,2,3,0,0,2
9,1674,632,796,1153,5.06,10,2,3,0,0,2
3,2427,647,1100,1537,5.07,10,2,3,0,0,2
8,1006,729,548,868,4.36,10,2,3,0,0,2
5,2442,459,1069,1450,3.62,10,2,3,0,0,2
7,1641,406,738,1024,5.46,10,2,3,0,0,2
2,2012,534,912,1273,3.21,10,2,3,0,0,2
0,1510,675,739,1092,5.52,10,2,3,0,0,2
4,1620,543,757,1082,4.87,10,2,3,0,0,2
6,2291,888,1094,1590,3.46,10,2,3,0,0,2
1,2198,902,1060,1550,5.65,10,2,3,0,0,2
9,2379,996,1151,1688,5.54,10,2,3,0,0,2
3,986,675,529,830,3.97,10,2,3,0,0,2
8,163,527,171,345,2.37,11,2,3,0,0,2
5,171,455,159,313,1.63,11,2,3,0,0,2
7,154,398,141,276,1.26,11,2,3,0,0,2
2,332,401,213,366,1.1,11,2,3,0,0,2
0,396,211,201,304,1.82,11,2,3,0,0,2
4,369,420,232,394,1.19,11,2,3,0,0,2
6,195,488,176,342,1.08,11,2,3,0,0,2
1,527,267,264,397,1.18,11,2,3,0,0,2
9,255,213,145,234,0.86,11,2,3,0,0,2
3,519,342,276,430,0.61,11,2,3,0,0,0
8,463,332,252,398,1.46,11,2,3,0,0,2
5,166,228,112,197,2.37,11,2,3,0,0,2
7,499,410,282,454,1.51,11,2,3,0,0,2
2,428,162,204,295,2.23,11,2,3,0,0,2
0,322,249,179,286,1.94,11,2,3,0,0,2
4,541,159,248,350,0.85,11,2,3,0,0,2
6,342,224,182,283,1.95,11,2,3,0,0,2
1,210,306,145,258,2.11,11,2,3,0,0,2
9,211,417,168,314,1.55,11,2,3,0,0,2
3,363,237,193,300,1.42,11,2,3,0,0,2
8,233,404,174,318,2.44,11,2,3,0,0,2
5,438,227,221,332,2.25,11,2,3,0,0,2
7,207,214,126,210,2.06,11,2,3,0,0,2
2,471,352,259,412,1.71,11,2,3,0,0,2
0,312,190,163,251,2.23,11,2,3,0,0,2
4,276,150,140,213,1.03,11,2,3,0,0,2
6,486,550,304,518,1.89,11,2,3,0,0,2
1,525,166,243,346,2.37,11,2,3,0,0,2
9,309,395,203,352,1.4,11,2,3,0,0,2
3,340,390,214,365,0.6,11,2,3,0,0,0
8,319,314,190,316,2.18,11,2,3,0,0,2
5,260,439,192,350,2.25,11,2,3,0,0,2
7,260,383,181,322,0.67,11,2,3,0,0,0
2,282,419,197,350,1.45,11,2,3,0,0,2
0,439,428,261,434,0.82,11,2,3,0,0,2
4,232,481,189,356,2.49,11,2,3,0,0,2
6,278,517,215,398,1.23,11,2,3,0,0,2
1,548,266,272,407,2.02,11,2,3,0,0,2
9,490,191,234,340,0.65,11,2,3,0,0,0
3,496,373,273,434,0.51,11,2,3,0,0,0
8,187,431,161,309,1.97,12,2,3,0,0,2
5,150,455,151,302,1.64,12,2,3,0,0,2
7,542,548,326,545,1.83,12,2,3,0,0,2
2,232,353,163,292,1.96,12,2,3,0,0,2
0,282,154,144,218,2.16,12,2,3,0,0,2
4,393,518,261,456,0.51,12,2,3,0,0,0
6,227,460,183,344,0.85,12,2,3,0,0,2
1,424,220,214,322,1.46,12,2,3,0,0,2
9,235,302,154,268,1.55,12,2,3,0,0,2
3,337,313,197,325,1.28,12,2,3,0,0,2
8,402,428,246,415,1.65,12,2,3,0,0,2
5,260,426,189,343,0.77,12,2,3,0,0,2
7,399,346,229,372,1.36,12,2,3,0,0,2
2,239,488,193,364,1.75,12,2,3,0,0,2
0,533,385,290,459,1.7,12,2,3,0,0,2
4,367,483,243,425,1.26,12,2,3,0,0,2
6,203,166,114,184,1.76,12,2,3,0,0,2
1,388,235,202,312,1.08,12,2,3,0,0,2
9,488,236,242,362,1.93,12,2,3,0,0,2
3,270,459,200,364,1.98,12,2,3,0,0,2
8,218,223,132,220,0.66,12,2,3,0,0,0
5,222,356,160,289,2.0,12,2,3,0,0,2
7,152,221,105,186,1.64,12,2,3,0,0,2
2,320,479,224,400,1.7,12,2,3,0,0,2
0,365,453,237,409,1.56,12,2,3,0,0,2
4,233,238,141,236,1.8,12,2,3,0,0,2
6,398,264,212,331,2.04,12,2,3,0,0,2
1,248,404,180,326,1.46,12,2,3,0,0,2
9,435,212,216,324,1.13,12,2,3,0,0,2
3,238,397,175,318,1.04,12,2,3,0,0,2
8,246,277,154,262,1.62,12,2,3,0,0,2
5,390,419,240,404,1.07,12,2,3,0,0,2
7,456,179,218,318,1.0,12,2,3,0,0,2
2,496,373,273,434,1.4,12,2,3,0,0,2
0,357,333,209,345,2.13,12,2,3,0,0,2
4,330,467,225,398,2.31,12,2,3,0,0,2
6,463,320,249,392,1.63,12,2,3,0,0,2
1,531,448,302,490,2.27,12,2,3,0,0,2
9,410,299,224,354,1.79,12,2,3,0,0,2
3,161,241,113,201,2.34,12,2,3,0,0,2
8,435,190,212,312,2.36,13,2,3,0,0,2
5,508,349,273,428,1.94,13,2,3,0,0,2
7,547,310,281,428,1.76,13,2,3,0,0,2
2,162,267,118,214,0.82,13,2,3,0,0,2
0,194,379,153,286,1.04,13,2,3,0,0,2
4,323,508,231,416,1.11,13,2,3,0,0,2
6,505,420,286,462,0.88,13,2,3,0,0,2
1,419,242,216,330,1.89,13,2,3,0,0,2
9,238,487,193,362,2.49,13,2,3,0,0,2
3,520,259,260,390,1.46,13,2,3,0,0,2
8,227,246,140,236,1.01,13,2,3,0,0,2
5,479,419,275,449,0.56,13,2,3,0,0,0
7,426,461,263,444,2.09,13,2,3,0,0,2
2,513,420,289,466,0.75,13,2,3,0,0,2
0,537,349,285,443,1.21,13,2,3,0,0,2
4,360,230,190,295,0.6,13,2,3,0,0,0
6,295,364,191,330,1.02,13,2,3,0,0,2
1,419,460,260,440,0.82,13,2,3,0,0,2
9,335,328,200,332,0.5,13,2,3,0,0,0
3,286,215,157,250,1.37,13,2,3,0,0,2
8,519,246,257,382,1.6,13,2,3,0,0,2
5,291,186,154,238,1.51,13,2,3,0,0,2
7,367,158,178,262,2.32,13,2,3,0,0,2
2,539,506,317,522,0.83,13,2,3,0,0,2
0,335,478,230,406,0.82,13,2,3,0,0,2
4,488,184,232,336,2.32,13,2,3,0,0,2
6,162,449,155,306,1.88,13,2,3,0,0,2
1,219,317,151,268,0.59,13,2,3,0,0,0
9,174,486,167,330,1.41,13,2,3,0,0,2
3,376,353,221,364,1.05,13,2,3,0,0,2
8,154,420,146,287,2.26,13,2,3,0,0,2
5,539,161,248,350,1.52,13,2,3,0,0,2
7,262,454,196,358,2.21,13,2,3,0,0,2
2,421,225,213,323,2.0,13,2,3,0,0,2
0,182,535,180,358,0.99,13,2,3,0,0,2
4,215,445,175,330,1.66,13,2,3,0,0,2
6,178,453,162,316,1.12,13,2,3,0,0,2
1,162,257,116,210,1.42,13,2,3,0,0,2
9,521,307,270,414,2.13,13,2,3,0,0,2
3,510,406,285,458,1.94,13,2,3,0,0,2
8,544,323,282,434,2.48,14,2,3,0,0,2
5,526,308,272,417,1.6,14,2,3,0,0,2
7,377,299,211,338,0.99,14,2,3,0,0,2
2,293,443,206,368,1.28,14,2,3,0,0,2
0,159,388,141,274,2.04,14,2,3,0,0,2
4,434,222,218,328,2.49,14,2,3,0,0,2
6,275,276,165,276,1.13,14,2,3,0,0,2
1,311,199,164,255,1.49,14,2,3,0,0,2
9,157,156,94,156,1.66,14,2,3,0,0,2
3,250,284,157,267,1.98,14,2,3,0,0,2
8,261,304,165,282,1.27,14,2,3,0,0,2
5,514,190,244,352,1.7,14,2,3,0,0,2
7,253,352,172,302,2.24,14,2,3,0,0,2
2,546,365,291,456,1.05,14,2,3,0,0,2
0,244,203,138,224,1.82,14,2,3,0,0,2
4,550,270,274,410,0.59,14,2,3,0,0,0
6,226,466,184,346,0.73,14,2,3,0,0,0
1,501,317,264,409,1.05,14,2,3,0,0,2
9,376,167,184,272,1.91,14,2,3,0,0,2
3,361,352,215,356,2.09,14,2,3,0,0,2
8,324,287,187,306,1.16,14,2,3,0,0,2
5,378,370,225,374,1.0,14,2,3,0,0,2
7,418,265,220,342,1.99,14,2,3,0,0,2
2,500,182,236,341,2.02,14,2,3,0,0,2
0,474,446,279,460,1.87,14,2,3,0,0,2
4,526,367,284,446,1.3,14,2,3,0,0,2
6,306,457,214,382,0.82,14,2,3,0,0,2
1,377,470,245,424,2.32,14,2,3,0,0,2
9,198,329,145,264,0.59,14,2,3,0,0,0
3,345,511,240,428,1.14,14,2,3,0,0,2
8,426,351,241,388,2.45,14,2,3,0,0,2
5,458,175,218,316,1.2,14,2,3,0,0,2
7,442,454,268,448,1.66,14,2,3,0,0,2
2,255,249,152,252,1.74,14,2,3,0,0,2
0,487,176,230,332,1.46,14,2,3,0,0,2
4,443,201,217,322,2.0,14,2,3,0,0,2
6,334,221,178,278,1.36,14,2,3,0,0,2
1,383,396,232,390,0.78,14,2,3,0,0,2
9,501,316,264,408,1.33,14,2,3,0,0,2
3,438,441,263,440,1.97,14,2,3,0,0,2
8,512,293,263,402,1.9,15,2,3,0,0,2
5,457,185,220,321,1.42,15,2,3,0,0,2
7,457,200,223,328,1.0,15,2,3,0,0,2
2,236,422,179,329,1.12,15,2,3,0,0,2
0,236,199,134,218,1.68,15,2,3,0,0,2
4,352,314,204,333,0.63,15,2,3,0,0,0
6,217,413,169,315,0.75,15,2,3,0,0,2
1,414,325,231,370,1.13,15,2,3,0,0,2
9,543,370,291,456,1.98,15,2,3,0,0,2
3,152,381,137,266,1.04,15,2,3,0,0,2
8,333,419,217,376,2.01,15,2,3,0,0,2
5,271,319,172,295,0.98,15,2,3,0,0,2
7,443,273,232,358,0.61,15,2,3,0,0,0
2,535,310,276,422,1.29,15,2,3,0,0,2
0,196,154,109,175,1.57,15,2,3,0,0,2
4,253,447,191,350,0.93,15,2,3,0,0,2
6,273,538,217,406,1.1,15,2,3,0,0,2
1,424,370,244,397,1.4,15,2,3,0,0,2
9,337,250,185,294,0.92,15,2,3,0,0,2
3,350,309,202,330,1.33,15,2,3,0,0,2
8,186,467,168,326,2.42,15,2,3,0,0,2
5,382,190,191,286,2.36,15,2,3,0,0,2
7,313,269,179,291,0.95,15,2,3,0,0,2
2,178,281,127,230,2.3,15,2,3,0,0,2
0,265,365,179,315,0.81,15,2,3,0,0,2
4,293,405,198,349,1.76,15,2,3,0,0,2
6,539,159,247,349,1.09,15,2,3,0,0,2
1,207,211,125,209,1.66,15,2,3,0,0,2
9,278,227,157,252,2.02,15,2,3,0,0,2
3,401,449,250,425,1.6,15,2,3,0,0,2
8,503,448,291,476,0.68,15,2,3,0,0,0
5,226,381,167,304,1.33,15,2,3,0,0,2
7,537,314,278,426,1.65,15,2,3,0,0,2
2,282,328,178,305,2.43,15,2,3,0,0,2
0,478,330,257,404,0.67,15,2,3,0,0,0
4,346,273,193,310,0.68,15,2,3,0,0,0
6,371,379,224,375,2.35,15,2,3,0,0,2
1,280,307,173,294,2.45,15,2,3,0,0,2
9,360,303,205,332,1.19,15,2,3,0,0,2
3,326,432,217,379,2.02,15,2,3,0,0,2
8,152,305,122,228,1.32,16,2,3,0,0,2
5,425,260,222,342,1.79,16,2,3,0,0,2
7,216,202,127,209,2.16,16,2,3,0,0,2
2,276,405,191,340,2.44,16,2,3,0,0,2
0,356,466,236,411,1.99,16,2,3,0,0,2
4,280,337,179,308,2.01,16,2,3,0,0,2
6,398,323,224,360,1.41,16,2,3,0,0,2
1,257,462,195,360,2.04,16,2,3,0,0,2
9,529,241,260,385,1.04,16,2,3,0,0,2
3,345,444,227,394,0.62,16,2,3,0,0,0
8,374,328,215,351,1.53,16,2,3,0,0,2
5,463,416,268,440,1.15,16,2,3,0,0,2
7,301,519,224,410,1.32,16,2,3,0,0,2
2,222,413,171,318,1.87,16,2,3,0,0,2
0,466,154,217,310,2.43,16,2,3,0,0,2
4,332,536,240,434,0.9,16,2,3,0,0,2
6,274,227,155,250,1.44,16,2,3,0,0,2
1,303,314,184,308,2.02,16,2,3,0,0,2
9,333,223,178,278,0.85,16,2,3,0,0,2
3,360,243,193,302,2.4,16,2,3,0,0,2
8,216,448,176,332,1.23,16,2,3,0,0,2
5,261,466,198,364,2.37,16,2,3,0,0,2
7,338,522,240,430,0.65,16,2,3,0,0,0
2,391,160,188,276,1.78,16,2,3,0,0,2
0,409,298,223,354,1.93,16,2,3,0,0,2
4,168,385,144,276,2.47,16,2,3,0,0,2
6,446,527,284,486,1.15,16,2,3,0,0,2
1,432,476,268,454,0.86,16,2,3,0,0,2
9,322,241,177,282,1.36,16,2,3,0,0,2
3,317,275,182,296,2.33,16,2,3,0,0,2
8,492,500,297,496,2.11,16,2,3,0,0,2
5,457,335,250,396,1.78,16,2,3,0,0,2
7,478,203,232,340,0.55,16,2,3,0,0,0
2,453,474,276,464,0.87,16,2,3,0,0,2
0,153,527,167,340,1.85,16,2,3,0,0,2
4,374,452,240,413,0.67,16,2,3,0,0,0
6,450,527,285,488,1.73,16,2,3,0,0,2
1,358,256,194,307,1.99,16,2,3,0,0,2
9,249,251,150,250,2.37,16,2,3,0,0,2
3,535,421,298,478,1.0,16,2,3,0,0,2
8,632,2464,746,1548,5.48,17,2,3,0,0,2
5,1117,1821,811,1469,4.7,17,2,3,0,0,2
7,927,2493,869,1710,3.63,17,2,3,0,0,2
2,776,1830,676,1303,3.15,17,2,3,0,0,2
0,662,2317,728,1490,5.44,17,2,3,0,0,2
4,1154,1454,752,1304,3.4,17,2,3,0,0,2
6,963,2278,841,1620,3.29,17,2,3,0,0,2
1,1012,2248,854,1630,3.69,17,2,3,0,0,2
9,967,2342,855,1654,4.05,17,2,3,0,0,2
3,1178,1756,822,1467,3.03,17,2,3,0,0,2
8,831,2317,796,1574,4.59,17,2,3,0,0,2
5,1105,1225,687,1165,4.23,17,2,3,0,0,2
7,1136,2090,872,1613,4.08,17,2,3,0,0,2
2,879,2498,851,1688,4.98,17,2,3,0,0,2
0,639,1478,551,1058,5.76,17,2,3,0,0,2
4,855,2372,816,1614,4.25,17,2,3,0,0,2
6,1066,1392,705,1229,5.29,17,2,3,0,0,2
1,678,2165,704,1422,4.16,17,2,3,0,0,2
9,655,1578,578,1116,3.75,17,2,3,0,0,2
3,1016,2452,897,1734,3.7,17,2,3,0,0,2
8,891,2473,851,1682,5.01,17,2,3,0,0,2
5,756,2713,845,1734,4.43,17,2,3,0,0,2
7,799,1955,711,1377,3.73,17,2,3,0,0,2
2,789,1705,657,1247,4.32,17,2,3,0,0,2
0,805,1276,577,1040,4.4,17,2,3,0,0,2
4,726,1183,527,954,3.19,17,2,3,0,0,2
6,1161,1657,796,1409,5.53,17,2,3,0,0,2
1,717,2138,714,1428,3.97,17,2,3,0,0,2
9,852,2493,839,1672,4.41,17,2,3,0,0,2
3,1179,1727,817,1453,3.43,17,2,3,0,0,2
8,997,2685,936,1841,4.32,17,2,3,0,0,2
5,775,2765,863,1770,3.63,17,2,3,0,0,2
7,625,2369,724,1497,5.0,17,2,3,0,0,2
2,925,2027,775,1476,3.71,17,2,3,0,0,2
0,1197,2350,949,1774,5.35,17,2,3,0,0,2
4,643,1829,623,1236,5.06,17,2,3,0,0,2
6,1106,2202,883,1654,3.06,17,2,3,0,0,2
1,792,1218,560,1005,4.48,17,2,3,0,0,2
9,876,2104,771,1490,5.0,17,2,3,0,0,2
3,894,2234,804,1564,4.18,17,2,3,0,0,2
8,1050,2464,913,1757,3.91,18,2,3,0,0,2
5,1009,2280,860,1644,3.3,18,2,3,0,0,2
7,828,1996,730,1412,5.12,18,2,3,0,0,2
2,689,1314,538,1002,5.28,18,2,3,0,0,2
0,799,1936,707,1368,3.2,18,2,3,0,0,2
4,1088,1708,777,1398,4.73,18,2,3,0,0,2
6,604,2781,798,1692,5.33,18,2,3,0,0,2
1,1100,2763,993,1932,3.77,18,2,3,0,0,2
9,897,1734,706,1316,3.82,18,2,3,0,0,2
3,609,1117,467,863,4.83,18,2,3,0,0,2
8,752,1993,699,1372,4.3,18,2,3,0,0,2
5,898,1764,712,1331,3.73,18,2,3,0,0,2
7,635,2068,668,1352,3.94,18,2,3,0,0,2
2,931,2628,898,1780,3.42,18,2,3,0,0,2
0,666,1865,639,1266,3.99,18,2,3,0,0,2
4,1134,1216,697,1175,3.99,18,2,3,0,0,2
6,914,2693,904,1804,4.94,18,2,3,0,0,2
1,898,1634,686,1266,4.04,18,2,3,0,0,2
9,747,2106,720,1426,3.45,18,2,3,0,0,2
3,926,2404,851,1665,5.18,18,2,3,0,0,2
8,856,1364,615,1110,3.89,18,2,3,0,0,2
5,966,1565,699,1266,3.39,18,2,3,0,0,2
7,1030,1171,646,1100,4.03,18,2,3,0,0,2
2,1196,1877,854,1536,4.05,18,2,3,0,0,2
0,956,1640,710,1298,5.08,18,2,3,0,0,2
4,683,1491,571,1087,3.35,18,2,3,0,0,2
6,861,1628,670,1244,5.28,18,2,3,0,0,2
1,1163,2094,884,1628,3.15,18,2,3,0,0,2
9,1109,1660,776,1384,5.64,18,2,3,0,0,2
3,1022,1285,666,1154,5.33,18,2,3,0,0,2
8,716,2322,751,1519,4.77,18,2,3,0,0,2
5,906,2081,779,1494,4.64,18,2,3,0,0,2
7,956,2295,841,1626,3.16,18,2,3,0,0,2
2,694,2320,742,1507,4.36,18,2,3,0,0,2
0,1197,2065,892,1631,3.76,18,2,3,0,0,2
4,788,1317,579,1052,3.99,18,2,3,0,0,2
6,686,1003,475,844,5.15,18,2,3,0,0,2
1,1162,1372,739,1267,4.96,18,2,3,0,0,2
9,1050,1729,766,1390,5.68,18,2,3,0,0,2
3,1035,1199,654,1117,3.72,18,2,3,0,0,2
8,822,1324,594,1073,4.24,19,2,3,0,0,2
5,835,2508,836,1672,4.38,19,2,3,0,0,2
7,880,2210,794,1545,4.34,19,2,3,0,0,2
2,969,1701,728,1335,4.21,19,2,3,0,0,2
0,1034,1823,778,1428,5.22,19,2,3,0,0,2
4,688,1587,593,1138,3.68,19,2,3,0,0,2
6,849,2705,881,1777,3.45,19,2,3,0,0,2
1,1072,1626,754,1349,3.26,19,2,3,0,0,2
9,1165,2120,890,1642,4.43,19,2,3,0,0,2
3,912,1161,597,1036,3.34,19,2,3,0,0,2
8,654,2140,690,1397,4.14,19,2,3,0,0,2
5,612,1354,516,983,4.8,19,2,3,0,0,2
7,1126,2021,855,1574,4.41,19,2,3,0,0,2
2,699,2444,768,1572,4.07,19,2,3,0,0,2
0,1022,2523,913,1772,5.53,19,2,3,0,0,2
4,1075,2483,927,1779,4.35,19,2,3,0,0,2
6,645,1775,613,1210,4.78,19,2,3,0,0,2
1,666,1959,658,1312,4.43,19,2,3,0,0,2
9,1016,1668,740,1342,5.26,19,2,3,0,0,2
3,666,1655,597,1160,4.57,19,2,3,0,0,2
8,1161,1516,768,1338,3.76,19,2,3,0,0,2
5,1073,1417,713,1245,3.86,19,2,3,0,0,2
7,621,1757,600,1189,3.07,19,2,3,0,0,2
2,1017,2171,841,1594,3.28,19,2,3,0,0,2
0,828,1996,730,1412,3.61,19,2,3,0,0,2
4,765,1035,513,900,3.53,19,2,3,0,0,2
6,608,2055,654,1332,3.78,19,2,3,0,0,2
1,760,1155,535,958,3.19,19,2,3,0,0,2
9,807,1902,703,1354,5.18,19,2,3,0,0,2
3,1170,1144,697,1157,5.18,19,2,3,0,0,2
8,1027,1675,746,1351,3.23,19,2,3,0,0,2
5,1036,1498,714,1267,4.93,19,2,3,0,0,2
7,1052,2203,861,1628,5.7,19,2,3,0,0,2
2,663,1508,567,1086,5.47,19,2,3,0,0,2
0,1163,1064,678,1114,5.3,19,2,3,0,0,2
4,922,2039,777,1480,3.87,19,2,3,0,0,2
6,1156,2797,1022,1976,5.5,19,2,3,0,0,2
1,1076,1922,815,1499,4.88,19,2,3,0,0,2
9,1002,2065,814,1534,3.71,19,2,3,0,0,2
3,653,1809,623,1231,3.33,19,2,3,0,0,2
8,1051,1082,637,1066,3.73,20,2,3,0,0,2
5,892,1365,630,1128,4.08,20,2,3,0,0,2
7,1049,2022,824,1536,5.61,20,2,3,0,0,2
2,921,2152,799,1536,4.39,20,2,3,0,0,2
0,906,2139,790,1522,3.94,20,2,3,0,0,2
4,774,1863,682,1318,5.66,20,2,3,0,0,2
6,701,2143,709,1422,5.66,20,2,3,0,0,2
1,715,2545,795,1630,4.83,20,2,3,0,0,2
9,804,1334,588,1069,4.01,20,2,3,0,0,2
3,1085,2016,837,1550,4.85,20,2,3,0,0,2
8,942,1533,683,1238,4.26,20,2,3,0,0,2
5,642,1285,514,964,4.86,20,2,3,0,0,2
7,608,2248,693,1428,3.76,20,2,3,0,0,2
2,1065,1024,631,1044,4.36,20,2,3,0,0,2
0,1127,2240,899,1684,4.43,20,2,3,0,0,2
4,848,1286,596,1067,3.21,20,2,3,0,0,2
6,1005,1183,639,1094,3.9,20,2,3,0,0,2
1,726,2237,738,1482,4.51,20,2,3,0,0,2
9,921,1972,763,1446,4.16,20,2,3,0,0,2
3,740,2310,758,1525,3.99,20,2,3,0,0,2
8,840,1418,620,1129,3.91,20,2,3,0,0,2
5,779,1218,555,998,4.24,20,2,3,0,0,2
7,1027,1212,653,1120,4.88,20,2,3,0,0,2
2,822,1721,673,1272,4.68,20,2,3,0,0,2
0,939,2406,857,1672,4.47,20,2,3,0,0,2
4,1056,1804,783,1430,3.63,20,2,3,0,0,2
6,1089,2596,955,1842,5.43,20,2,3,0,0,2
1,1078,2559,943,1818,3.13,20,2,3,0,0,2
9,876,2294,809,1585,4.04,20,2,3,0,0,2
3,910,2147,793,1528,3.69,20,2,3,0,0,2
8,869,2383,824,1626,5.15,20,2,3,0,0,2
5,876,2338,818,1607,5.36,20,2,3,0,0,2
7,1183,1683,810,1433,4.55,20,2,3,0,0,2
2,1162,1797,824,1480,5.77,20,2,3,0,0,2
0,972,1282,645,1127,4.27,20,2,3,0,0,2
4,794,1992,716,1393,4.95,20,2,3,0,0,2
6,743,1139,525,941,4.44,20,2,3,0,0,2
1,680,1990,670,1335,3.03,20,2,3,0,0,2
9,1154,2465,955,1810,5.53,20,2,3,0,0,2
3,746,2180,734,1463,5.06,20,2,3,0,0,2
8,307,314,186,310,1.63,21,2,3,0,0,2
5,336,191,173,264,1.72,21,2,3,0,0,2
7,430,451,262,440,1.35,21,2,3,0,0,2
2,449,211,222,330,1.79,21,2,3,0,0,2
0,215,172,120,194,0.52,21,2,3,0,0,0
4,383,335,220,359,2.02,21,2,3,0,0,2
6,467,466,280,466,2.05,21,2,3,0,0,2
1,202,476,176,339,1.74,21,2,3,0,0,2
9,550,331,286,440,0.65,21,2,3,0,0,0
3,468,302,248,385,2.36,21,2,3,0,0,2
8,493,381,273,437,0.88,21,2,3,0,0,2
5,216,318,150,267,1.25,21,2,3,0,0,2
7,462,250,235,356,1.33,21,2,3,0,0,2
2,217,504,188,360,2.01,21,2,3,0,0,2
0,536,493,313,514,0.64,21,2,3,0,0,0
4,299,482,216,390,0.92,21,2,3,0,0,2
6,357,201,183,279,0.77,21,2,3,0,0,2
1,251,174,135,212,1.13,21,2,3,0,0,2
9,324,199,169,262,0.65,21,2,3,0,0,0
3,312,483,221,398,0.58,21,2,3,0,0,0
8,273,340,177,306,2.32,21,2,3,0,0,2
5,369,278,203,324,0.96,21,2,3,0,0,2
7,527,225,256,376,1.85,21,2,3,0,0,2
2,538,332,282,435,1.41,21,2,3,0,0,2
0,297,287,176,292,0.59,21,2,3,0,0,0
4,195,478,174,336,0.89,21,2,3,0,0,2
6,387,454,246,420,1.84,21,2,3,0,0,2
1,527,390,289,458,0.5,21,2,3,0,0,0
9,311,311,187,311,0.54,21,2,3,0,0,0
3,252,422,185,337,0.63,21,2,3,0,0,0
8,157,358,134,258,0.92,21,2,3,0,0,2
5,338,436,222,387,1.43,21,2,3,0,0,2
7,236,444,183,340,2.08,21,2,3,0,0,2
2,443,530,283,486,1.67,21,2,3,0,0,2
0,157,534,170,346,1.01,21,2,3,0,0,2
4,196,425,163,310,2.47,21,2,3,0,0,2
6,293,522,222,408,1.27,21,2,3,0,0,2
1,245,266,151,256,1.93,21,2,3,0,0,2
9,408,250,213,329,0.51,21,2,3,0,0,0
3,461,180,220,320,1.33,21,2,3,0,0,2
8,160,356,135,258,1.77,22,2,3,0,0,2
5,396,218,202,307,1.02,22,2,3,0,0,2
7,367,387,224,377,1.09,22,2,3,0,0,2
2,422,451,259,436,2.21,22,2,3,0,0,2
0,213,247,135,230,1.02,22,2,3,0,0,2
4,466,361,259,414,0.51,22,2,3,0,0,0
6,202,371,155,286,1.21,22,2,3,0,0,2
1,530,306,273,418,2.24,22,2,3,0,0,2
9,153,377,137,265,1.11,22,2,3,0,0,2
3,280,227,157,254,1.5,22,2,3,0,0,2
8,548,298,279,423,1.59,22,2,3,0,0,2
5,295,184,155,240,1.39,22,2,3,0,0,2
7,325,307,191,316,0.55,22,2,3,0,0,0
2,211,450,174,330,1.82,22,2,3,0,0,2
0,284,400,194,342,0.56,22,2,3,0,0,0
4,247,426,184,336,0.62,22,2,3,0,0,0
6,325,476,225,400,0.75,22,2,3,0,0,2
1,217,538,194,378,2.07,22,2,3,0,0,2
9,343,192,176,268,2.06,22,2,3,0,0,2
3,512,363,277,438,1.78,22,2,3,0,0,2
8,414,210,208,312,1.15,22,2,3,0,0,2
5,377,297,210,337,2.01,22,2,3,0,0,2
7,480,302,252,391,2.16,22,2,3,0,0,2
2,534,160,246,347,2.04,22,2,3,0,0,2
0,367,264,200,316,0.88,22,2,3,0,0,2
4,412,200,205,306,1.16,22,2,3,0,0,2
6,167,261,119,214,2.41,22,2,3,0,0,2
1,292,313,179,302,2.22,22,2,3,0,0,2
9,506,476,298,491,0.83,22,2,3,0,0,2
3,530,330,278,430,0.99,22,2,3,0,0,2
8,435,299,234,367,2.02,22,2,3,0,0,2
5,254,473,196,364,2.09,22,2,3,0,0,2
7,389,167,189,278,1.6,22,2,3,0,0,2
2,164,344,134,254,1.85,22,2,3,0,0,2
0,181,422,157,302,1.22,22,2,3,0,0,2
4,311,482,221,396,0.66,22,2,3,0,0,0
6,439,515,279,477,2.4,22,2,3,0,0,2
1,499,535,307,517,1.96,22,2,3,0,0,2
9,298,304,180,301,2.44,22,2,3,0,0,2
3,207,359,155,283,0.83,22,2,3,0,0,2
8,150,174,95,162,1.23,23,2,3,0,0,2
5,208,474,178,341,1.47,23,2,3,0,0,2
7,534,544,322,539,0.79,23,2,3,0,0,2
2,370,540,256,455,2.14,23,2,3,0,0,2
0,250,524,205,387,2.32,23,2,3,0,0,2
4,337,325,200,331,1.84,23,2,3,0,0,2
6,203,310,143,256,1.89,23,2,3,0,0,2
1,536,388,292,462,1.15,23,2,3,0,0,2
9,522,406,290,464,1.4,23,2,3,0,0,2
3,518,196,246,357,1.14,23,2,3,0,0,2
8,156,440,150,298,1.98,23,2,3,0,0,2
5,260,321,168,290,1.38,23,2,3,0,0,2
7,346,294,197,320,2.47,23,2,3,0,0,2
2,370,193,187,282,1.47,23,2,3,0,0,2
0,341,184,173,262,2.36,23,2,3,0,0,2
4,443,489,275,466,1.61,23,2,3,0,0,2
6,390,386,233,388,2.47,23,2,3,0,0,2
1,311,448,214,380,1.96,23,2,3,0,0,2
9,314,249,175,282,2.46,23,2,3,0,0,2
3,535,377,289,456,1.39,23,2,3,0,0,2
8,523,312,272,418,0.81,23,2,3,0,0,2
5,397,471,253,434,2.28,23,2,3,0,0,2
7,527,357,282,442,0.66,23,2,3,0,0,0
2,434,474,268,454,0.61,23,2,3,0,0,0
0,260,375,179,318,1.95,23,2,3,0,0,2
4,378,385,228,382,2.33,23,2,3,0,0,2
6,331,479,228,405,1.79,23,2,3,0,0,2
1,480,433,279,456,2.34,23,2,3,0,0,2
9,267,407,188,337,1.88,23,2,3,0,0,2
3,185,324,139,254,2.5,23,2,3,0,0,2
8,400,415,243,408,1.87,23,2,3,0,0,2
5,498,158,231,328,1.8,23,2,3,0,0,2
7,202,467,174,334,2.16,23,2,3,0,0,2
2,298,392,198,345,1.05,23,2,3,0,0,2
0,429,202,212,316,1.41,23,2,3,0,0,2
4,307,366,196,336,1.97,23,2,3,0,0,2
6,166,279,122,222,1.97,23,2,3,0,0,2
1,432,182,209,307,1.61,23,2,3,0,0,2
9,320,150,158,235,0.53,23,2,3,0,0,0
3,355,290,200,322,1.05,23,2,3,0,0,2
8,0,0,0,0,0.0,0,3,3,1,0,1
5,0,0,0,0,0.0,0,3,3,1,0,1
7,0,0,0,0,0.0,0,3,3,1,0,1
2,0,0,0,0,0.0,0,3,3,1,0,1
0,0,0,0,0,0.0,0,3,3,1,0,1
4,0,0,0,0,0.0,0,3,3,1,0,1
6,0,0,0,0,0.0,0,3,3,1,0,1
1,0,0,0,0,0.0,0,3,3,1,0,1
9,0,0,0,0,0.0,0,3,3,1,0,1
3,0,0,0,0,0.0,0,3,3,1,0,1
8,0,0,0,0,0.0,0,3,3,1,0,1
5,0,0,0,0,0.0,0,3,3,1,0,1
7,0,0,0,0,0.0,0,3,3,1,0,1
2,0,0,0,0,0.0,0,3,3,1,0,1
0,0,0,0,0,0.0,0,3,3,1,0,1
4,0,0,0,0,0.0,0,3,3,1,0,1
6,0,0,0,0,0.0,0,3,3,1,0,1
1,0,0,0,0,0.0,0,3,3,1,0,1
9,0,0,0,0,0.0,0,3,3,1,0,1
3,0,0,0,0,0.0,0,3,3,1,0,1
8,0,0,0,0,0.0,0,3,3,1,0,1
5,0,0,0,0,0.0,0,3,3,1,0,1
7,0,0,0,0,0.0,0,3,3,1,0,1
2,0,0,0,0,0.0,0,3,3,1,0,1
0,0,0,0,0,0.0,0,3,3,1,0,1
4,0,0,0,0,0.0,0,3,3,1,0,1
6,0,0,0,0,0.0,0,3,3,1,0,1
1,0,0,0,0,0.0,0,3,3,1,0,1
9,0,0,0,0,0.0,0,3,3,1,0,1
3,0,0,0,0,0.0,0,3,3,1,0,1
8,0,0,0,0,0.0,0,3,3,1,0,1
5,0,0,0,0,0.0,0,3,3,1,0,1
7,0,0,0,0,0.0,0,3,3,1,0,1
2,0,0,0,0,0.0,0,3,3,1,0,1
0,0,0,0,0,0.0,0,3,3,1,0,1
4,0,0,0,0,0.0,0,3,3,1,0,1
6,0,0,0,0,0.0,0,3,3,1,0,1
1,0,0,0,0,0.0,0,3,3,1,0,1
9,0,0,0,0,0.0,0,3,3,1,0,1
3,0,0,0,0,0.0,0,3,3,1,0,1
8,0,0,0,0,0.0,1,3,3,1,0,1
5,0,0,0,0,0.0,1,3,3,1,0,1
7,0,0,0,0,0.0,1,3,3,1,0,1
2,0,0,0,0,0.0,1,3,3,1,0,1
0,0,0,0,0,0.0,1,3,3,1,0,1
4,0,0,0,0,0.0,1,3,3,1,0,1
6,0,0,0,0,0.0,1,3,3,1,0,1
1,0,0,0,0,0.0,1,3,3,1,0,1
9,0,0,0,0,0.0,1,3,3,1,0,1
3,0,0,0,0,0.0,1,3,3,1,0,1
8,0,0,0,0,0.0,1,3,3,1,0,1
5,0,0,0,0,0.0,1,3,3,1,0,1
7,0,0,0,0,0.0,1,3,3,1,0,1
2,0,0,0,0,0.0,1,3,3,1,0,1
0,0,0,0,0,0.0,1,3,3,1,0,1
4,0,0,0,0,0.0,1,3,3,1,0,1
6,0,0,0,0,0.0,1,3,3,1,0,1
1,0,0,0,0,0.0,1,3,3,1,0,1
9,0,0,0,0,0.0,1,3,3,1,0,1
3,0,0,0,0,0.0,1,3,3,1,0,1
8,0,0,0,0,0.0,1,3,3,1,0,1
5,0,0,0,0,0.0,1,3,3,1,0,1
7,0,0,0,0,0.0,1,3,3,1,0,1
2,0,0,0,0,0.0,1,3,3,1,0,1
0,0,0,0,0,0.0,1,3,3,1,0,1
4,0,0,0,0,0.0,1,3,3,1,0,1
6,0,0,0,0,0.0,1,3,3,1,0,1
1,0,0,0,0,0.0,1,3,3,1,0,1
9,0,0,0,0,0.0,1,3,3,1,0,1
3,0,0,0,0,0.0,1,3,3,1,0,1
8,0,0,0,0,0.0,1,3,3,1,0,1
5,0,0,0,0,0.0,1,3,3,1,0,1
7,0,0,0,0,0.0,1,3,3,1,0,1
2,0,0,0,0,0.0,1,3,3,1,0,1
0,0,0,0,0,0.0,1,3,3,1,0,1
4,0,0,0,0,0.0,1,3,3,1,0,1
6,0,0,0,0,0.0,1,3,3,1,0,1
1,0,0,0,0,0.0,1,3,3,1,0,1
9,0,0,0,0,0.0,1,3,3,1,0,1
3,0,0,0,0,0.0,1,3,3,1,0,1
8,0,0,0,0,0.0,2,3,3,1,0,1
5,0,0,0,0,0.0,2,3,3,1,0,1
7,0,0,0,0,0.0,2,3,3,1,0,1
2,0,0,0,0,0.0,2,3,3,1,0,1
0,0,0,0,0,0.0,2,3,3,1,0,1
4,0,0,0,0,0.0,2,3,3,1,0,1
6,0,0,0,0,0.0,2,3,3,1,0,1
1,0,0,0,0,0.0,2,3,3,1,0,1
9,0,0,0,0,0.0,2,3,3,1,0,1
3,0,0,0,0,0.0,2,3,3,1,0,1
8,0,0,0,0,0.0,2,3,3,1,0,1
5,0,0,0,0,0.0,2,3,3,1,0,1
7,0,0,0,0,0.0,2,3,3,1,0,1
2,0,0,0,0,0.0,2,3,3,1,0,1
0,0,0,0,0,0.0,2,3,3,1,0,1
4,0,0,0,0,0.0,2,3,3,1,0,1
6,0,0,0,0,0.0,2,3,3,1,0,1
1,0,0,0,0,0.0,2,3,3,1,0,1
9,0,0,0,0,0.0,2,3,3,1,0,1
3,0,0,0,0,0.0,2,3,3,1,0,1
8,0,0,0,0,0.0,2,3,3,1,0,1
5,0,0,0,0,0.0,2,3,3,1,0,1
7,0,0,0,0,0.0,2,3,3,1,0,1
2,0,0,0,0,0.0,2,3,3,1,0,1
0,0,0,0,0,0.0,2,3,3,1,0,1
4,0,0,0,0,0.0,2,3,3,1,0,1
6,0,0,0,0,0.0,2,3,3,1,0,1
1,0,0,0,0,0.0,2,3,3,1,0,1
9,0,0,0,0,0.0,2,3,3,1,0,1
3,0,0,0,0,0.0,2,3,3,1,0,1
8,0,0,0,0,0.0,2,3,3,1,0,1
5,0,0,0,0,0.0,2,3,3,1,0,1
7,0,0,0,0,0.0,2,3,3,1,0,1
2,0,0,0,0,0.0,2,3,3,1,0,1
0,0,0,0,0,0.0,2,3,3,1,0,1
4,0,0,0,0,0.0,2,3,3,1,0,1
6,0,0,0,0,0.0,2,3,3,1,0,1
1,0,0,0,0,0.0,2,3,3,1,0,1
9,0,0,0,0,0.0,2,3,3,1,0,1
3,0,0,0,0,0.0,2,3,3,1,0,1
8,0,0,0,0,0.0,3,3,3,1,0,1
5,0,0,0,0,0.0,3,3,3,1,0,1
7,0,0,0,0,0.0,3,3,3,1,0,1
2,0,0,0,0,0.0,3,3,3,1,0,1
0,0,0,0,0,0.0,3,3,3,1,0,1
4,0,0,0,0,0.0,3,3,3,1,0,1
6,0,0,0,0,0.0,3,3,3,1,0,1
1,0,0,0,0,0.0,3,3,3,1,0,1
9,0,0,0,0,0.0,3,3,3,1,0,1
3,0,0,0,0,0.0,3,3,3,1,0,1
8,0,0,0,0,0.0,3,3,3,1,0,1
5,0,0,0,0,0.0,3,3,3,1,0,1
7,0,0,0,0,0.0,3,3,3,1,0,1
2,0,0,0,0,0.0,3,3,3,1,0,1
0,0,0,0,0,0.0,3,3,3,1,0,1
4,0,0,0,0,0.0,3,3,3,1,0,1
6,0,0,0,0,0.0,3,3,3,1,0,1
1,0,0,0,0,0.0,3,3,3,1,0,1
9,0,0,0,0,0.0,3,3,3,1,0,1
3,0,0,0,0,0.0,3,3,3,1,0,1
8,0,0,0,0,0.0,3,3,3,1,0,1
5,0,0,0,0,0.0,3,3,3,1,0,1
7,0,0,0,0,0.0,3,3,3,1,0,1
2,0,0,0,0,0.0,3,3,3,1,0,1
0,0,0,0,0,0.0,3,3,3,1,0,1
4,0,0,0,0,0.0,3,3,3,1,0,1
6,0,0,0,0,0.0,3,3,3,1,0,1
1,0,0,0,0,0.0,3,3,3,1,0,1
9,0,0,0,0,0.0,3,3,3,1,0,1
3,0,0,0,0,0.0,3,3,3,1,0,1
8,0,0,0,0,0.0,3,3,3,1,0,1
5,0,0,0,0,0.0,3,3,3,1,0,1
7,0,0,0,0,0.0,3,3,3,1,0,1
2,0,0,0,0,0.0,3,3,3,1,0,1
0,0,0,0,0,0.0,3,3,3,1,0,1
4,0,0,0,0,0.0,3,3,3,1,0,1
6,0,0,0,0,0.0,3,3,3,1,0,1
1,0,0,0,0,0.0,3,3,3,1,0,1
9,0,0,0,0,0.0,3,3,3,1,0,1
3,0,0,0,0,0.0,3,3,3,1,0,1
8,0,0,0,0,0.0,4,3,3,1,0,1
5,0,0,0,0,0.0,4,3,3,1,0,1
7,0,0,0,0,0.0,4,3,3,1,0,1
2,0,0,0,0,0.0,4,3,3,1,0,1
0,0,0,0,0,0.0,4,3,3,1,0,1
4,0,0,0,0,0.0,4,3,3,1,0,1
6,0,0,0,0,0.0,4,3,3,1,0,1
1,0,0,0,0,0.0,4,3,3,1,0,1
9,0,0,0,0,0.0,4,3,3,1,0,1
3,0,0,0,0,0.0,4,3,3,1,0,1
8,0,0,0,0,0.0,4,3,3,1,0,1
5,0,0,0,0,0.0,4,3,3,1,0,1
7,0,0,0,0,0.0,4,3,3,1,0,1
2,0,0,0,0,0.0,4,3,3,1,0,1
0,0,0,0,0,0.0,4,3,3,1,0,1
4,0,0,0,0,0.0,4,3,3,1,0,1
6,0,0,0,0,0.0,4,3,3,1,0,1
1,0,0,0,0,0.0,4,3,3,1,0,1
9,0,0,0,0,0.0,4,3,3,1,0,1
3,0,0,0,0,0.0,4,3,3,1,0,1
8,0,0,0,0,0.0,4,3,3,1,0,1
5,0,0,0,0,0.0,4,3,3,1,0,1
7,0,0,0,0,0.0,4,3,3,1,0,1
2,0,0,0,0,0.0,4,3,3,1,0,1
0,0,0,0,0,0.0,4,3,3,1,0,1
4,0,0,0,0,0.0,4,3,3,1,0,1
6,0,0,0,0,0.0,4,3,3,1,0,1
1,0,0,0,0,0.0,4,3,3,1,0,1
9,0,0,0,0,0.0,4,3,3,1,0,1
3,0,0,0,0,0.0,4,3,3,1,0,1
8,0,0,0,0,0.0,4,3,3,1,0,1
5,0,0,0,0,0.0,4,3,3,1,0,1
7,0,0,0,0,0.0,4,3,3,1,0,1
2,0,0,0,0,0.0,4,3,3,1,0,1
0,0,0,0,0,0.0,4,3,3,1,0,1
4,0,0,0,0,0.0,4,3,3,1,0,1
6,0,0,0,0,0.0,4,3,3,1,0,1
1,0,0,0,0,0.0,4,3,3,1,0,1
9,0,0,0,0,0.0,4,3,3,1,0,1
3,0,0,0,0,0.0,4,3,3,1,0,1
8,0,0,0,0,0.0,5,3,3,1,0,1
5,0,0,0,0,0.0,5,3,3,1,0,1
7,0,0,0,0,0.0,5,3,3,1,0,1
2,0,0,0,0,0.0,5,3,3,1,0,1
0,0,0,0,0,0.0,5,3,3,1,0,1
4,0,0,0,0,0.0,5,3,3,1,0,1
6,0,0,0,0,0.0,5,3,3,1,0,1
1,0,0,0,0,0.0,5,3,3,1,0,1
9,0,0,0,0,0.0,5,3,3,1,0,1
3,0,0,0,0,0.0,5,3,3,1,0,1
8,0,0,0,0,0.0,5,3,3,1,0,1
5,0,0,0,0,0.0,5,3,3,1,0,1
7,0,0,0,0,0.0,5,3,3,1,0,1
2,0,0,0,0,0.0,5,3,3,1,0,1
0,0,0,0,0,0.0,5,3,3,1,0,1
4,0,0,0,0,0.0,5,3,3,1,0,1
6,0,0,0,0,0.0,5,3,3,1,0,1
1,0,0,0,0,0.0,5,3,3,1,0,1
9,0,0,0,0,0.0,5,3,3,1,0,1
3,0,0,0,0,0.0,5,3,3,1,0,1
8,0,0,0,0,0.0,5,3,3,1,0,1
5,0,0,0,0,0.0,5,3,3,1,0,1
7,0,0,0,0,0.0,5,3,3,1,0,1
2,0,0,0,0,0.0,5,3,3,1,0,1
0,0,0,0,0,0.0,5,3,3,1,0,1
4,0,0,0,0,0.0,5,3,3,1,0,1
6,0,0,0,0,0.0,5,3,3,1,0,1
1,0,0,0,0,0.0,5,3,3,1,0,1
9,0,0,0,0,0.0,5,3,3,1,0,1
3,0,0,0,0,0.0,5,3,3,1,0,1
8,0,0,0,0,0.0,5,3,3,1,0,1
5,0,0,0,0,0.0,5,3,3,1,0,1
7,0,0,0,0,0.0,5,3,3,1,0,1
2,0,0,0,0,0.0,5,3,3,1,0,1
0,0,0,0,0,0.0,5,3,3,1,0,1
4,0,0,0,0,0.0,5,3,3,1,0,1
6,0,0,0,0,0.0,5,3,3,1,0,1
1,0,0,0,0,0.0,5,3,3,1,0,1
9,0,0,0,0,0.0,5,3,3,1,0,1
3,0,0,0,0,0.0,5,3,3,1,0,1
8,276,466,204,371,2.24,6,3,3,1,0,2
5,305,285,179,295,1.35,6,3,3,1,0,2
7,481,521,297,501,0.72,6,3,3,1,0,0
2,315,391,204,353,1.68,6,3,3,1,0,2
0,491,429,282,460,1.77,6,3,3,1,0,2
4,358,547,253,452,1.11,6,3,3,1,0,2
6,491,393,275,442,0.71,6,3,3,1,0,0
1,289,388,193,338,0.85,6,3,3,1,0,2
9,489,464,288,476,1.03,6,3,3,1,0,2
3,229,395,171,312,1.53,6,3,3,1,0,2
8,528,209,253,368,1.85,6,3,3,1,0,2
5,277,282,167,280,1.85,6,3,3,1,0,2
7,494,385,275,440,1.12,6,3,3,1,0,2
2,440,287,233,364,2.34,6,3,3,1,0,2
0,185,311,136,248,1.97,6,3,3,1,0,2
4,465,381,262,423,0.82,6,3,3,1,0,2
6,211,379,160,295,2.0,6,3,3,1,0,2
1,227,162,123,194,1.99,6,3,3,1,0,2
9,420,489,266,454,1.28,6,3,3,1,0,2
3,290,259,168,274,1.84,6,3,3,1,0,2
8,160,365,137,262,2.1,6,3,3,1,0,2
5,176,329,136,252,1.18,6,3,3,1,0,2
7,447,320,243,384,0.81,6,3,3,1,0,2
2,341,550,246,446,1.54,6,3,3,1,0,2
0,411,250,214,330,2.03,6,3,3,1,0,2
4,375,178,186,276,1.3,6,3,3,1,0,2
6,347,433,225,390,2.15,6,3,3,1,0,2
1,235,163,127,199,2.03,6,3,3,1,0,2
9,333,509,235,421,0.87,6,3,3,1,0,2
3,483,194,232,338,1.14,6,3,3,1,0,2
8,503,310,263,406,1.18,6,3,3,1,0,2
5,235,537,201,386,2.15,6,3,3,1,0,2
7,446,342,247,394,1.32,6,3,3,1,0,2
2,398,334,226,366,0.7,6,3,3,1,0,0
0,417,226,212,322,1.05,6,3,3,1,0,2
4,455,455,273,455,1.54,6,3,3,1,0,2
6,201,291,139,246,0.65,6,3,3,1,0,0
1,210,526,189,368,0.72,6,3,3,1,0,0
9,485,518,298,502,0.96,6,3,3,1,0,2
3,376,415,233,396,1.93,6,3,3,1,0,2
8,530,430,298,480,1.49,7,3,3,1,0,2
5,350,341,208,346,1.54,7,3,3,1,0,2
7,483,424,278,454,1.17,7,3,3,1,0,2
2,257,380,179,318,1.32,7,3,3,1,0,2
0,512,187,242,350,1.25,7,3,3,1,0,2
4,543,256,268,400,0.85,7,3,3,1,0,2
6,310,531,230,420,0.93,7,3,3,1,0,2
1,374,478,245,426,0.75,7,3,3,1,0,2
9,251,181,137,216,2.37,7,3,3,1,0,2
3,428,197,211,312,0.56,7,3,3,1,0,0
8,394,272,212,333,2.09,7,3,3,1,0,2
5,375,444,239,410,1.26,7,3,3,1,0,2
7,297,308,180,302,1.49,7,3,3,1,0,2
2,248,256,150,252,1.8,7,3,3,1,0,2
0,200,243,129,222,1.9,7,3,3,1,0,2
4,471,172,223,322,1.49,7,3,3,1,0,2
6,279,367,185,323,1.89,7,3,3,1,0,2
1,289,311,178,300,1.38,7,3,3,1,0,2
9,157,439,151,298,1.66,7,3,3,1,0,2
3,547,306,280,426,1.48,7,3,3,1,0,2
8,325,460,222,392,1.96,7,3,3,1,0,2
5,254,379,177,316,1.06,7,3,3,1,0,2
7,427,546,280,486,0.63,7,3,3,1,0,0
2,327,293,189,310,1.13,7,3,3,1,0,2
0,220,546,197,383,2.15,7,3,3,1,0,2
4,544,411,300,478,1.6,7,3,3,1,0,2
6,471,361,261,416,1.8,7,3,3,1,0,2
1,375,362,222,368,2.17,7,3,3,1,0,2
9,365,532,252,448,1.32,7,3,3,1,0,2
3,350,452,230,401,2.23,7,3,3,1,0,2
8,511,450,294,480,1.11,7,3,3,1,0,2
5,194,262,130,228,1.53,7,3,3,1,0,2
7,372,386,226,379,2.4,7,3,3,1,0,2
2,151,150,90,150,0.79,7,3,3,1,0,2
0,250,188,138,219,2.05,7,3,3,1,0,2
4,463,228,231,346,0.63,7,3,3,1,0,0
6,472,506,290,489,1.84,7,3,3,1,0,2
1,324,168,163,246,2.34,7,3,3,1,0,2
9,531,164,245,348,1.09,7,3,3,1,0,2
3,178,471,165,324,1.17,7,3,3,1,0,2
8,2444,517,1081,1480,4.46,8,3,3,1,0,2
5,1032,701,553,866,4.89,8,3,3,1,0,2
7,1694,592,796,1143,4.97,8,3,3,1,0,2
2,1131,608,574,870,3.99,8,3,3,1,0,2
0,2247,736,1046,1492,5.21,8,3,3,1,0,2
4,2325,933,1117,1629,4.2,8,3,3,1,0,2
6,870,800,508,835,5.31,8,3,3,1,0,2
1,958,434,470,696,3.83,8,3,3,1,0,2
9,864,684,482,774,3.01,8,3,3,1,0,2
3,2024,629,935,1326,4.92,8,3,3,1,0,2
8,2402,653,1091,1528,3.66,8,3,3,1,0,2
5,1364,421,630,892,4.52,8,3,3,1,0,2
7,972,667,522,820,5.71,8,3,3,1,0,2
2,1861,505,845,1183,3.18,8,3,3,1,0,2
0,2460,876,1159,1668,3.51,8,3,3,1,0,2
4,2029,987,1009,1508,4.14,8,3,3,1,0,2
6,2376,871,1125,1624,3.16,8,3,3,1,0,2
1,1158,885,640,1022,5.15,8,3,3,1,0,2
9,963,896,564,930,4.82,8,3,3,1,0,2
3,1214,750,636,982,4.95,8,3,3,1,0,2
8,1844,879,913,1362,4.07,8,3,3,1,0,2
5,2047,727,964,1387,5.47,8,3,3,1,0,2
7,1953,519,885,1236,3.58,8,3,3,1,0,2
2,896,928,544,912,4.43,8,3,3,1,0,2
0,2430,538,1080,1484,5.33,8,3,3,1,0,2
4,1787,821,879,1304,4.38,8,3,3,1,0,2
6,1101,727,586,914,4.63,8,3,3,1,0,2
1,1348,625,664,986,3.77,8,3,3,1,0,2
9,1883,947,943,1415,3.04,8,3,3,1,0,2
3,1258,407,585,832,5.14,8,3,3,1,0,2
8,1518,904,788,1211,4.01,8,3,3,1,0,2
5,1487,965,788,1226,5.38,8,3,3,1,0,2
7,1846,844,907,1345,3.62,8,3,3,1,0,2
2,2232,738,1040,1485,3.46,8,3,3,1,0,2
0,1531,430,698,980,4.0,8,3,3,1,0,2
4,932,406,454,669,3.98,8,3,3,1,0,2
6,2447,574,1094,1510,3.1,8,3,3,1,0,2
1,1729,533,798,1131,3.87,8,3,3,1,0,2
9,1168,848,637,1008,4.24,8,3,3,1,0,2
3,1002,801,561,902,4.78,8,3,3,1,0,2
8,2497,475,1094,1486,5.15,9,3,3,1,0,2
5,2153,495,960,1324,4.54,9,3,3,1,0,2
7,1736,548,804,1142,3.37,9,3,3,1,0,2
2,1813,521,829,1167,4.34,9,3,3,1,0,2
0,2171,512,971,1342,3.39,9,3,3,1,0,2
4,1177,866,644,1022,3.55,9,3,3,1,0,2
6,2297,871,1093,1584,4.32,9,3,3,1,0,2
1,1059,658,555,858,4.48,9,3,3,1,0,2
9,2014,678,941,1346,4.13,9,3,3,1,0,2
3,1573,461,721,1017,4.09,9,3,3,1,0,2
8,2025,495,909,1260,3.96,9,3,3,1,0,2
5,954,411,464,682,5.62,9,3,3,1,0,2
7,1470,647,717,1058,4.9,9,3,3,1,0,2
2,1866,496,846,1181,5.68,9,3,3,1,0,2
0,1777,753,861,1265,3.92,9,3,3,1,0,2
4,802,632,447,717,4.73,9,3,3,1,0,2
6,2343,789,1095,1566,3.1,9,3,3,1,0,2
1,1081,832,599,956,4.73,9,3,3,1,0,2
9,1581,729,778,1155,4.73,9,3,3,1,0,2
3,1643,697,797,1170,3.67,9,3,3,1,0,2
8,1222,930,675,1076,4.97,9,3,3,1,0,2
5,2261,887,1082,1574,5.6,9,3,3,1,0,2
7,2244,536,1005,1390,3.29,9,3,3,1,0,2
2,2251,616,1024,1434,3.6,9,3,3,1,0,2
0,1372,625,674,998,3.43,9,3,3,1,0,2
4,919,717,511,818,5.39,9,3,3,1,0,2
6,1555,461,714,1008,4.03,9,3,3,1,0,2
1,2466,479,1082,1472,5.44,9,3,3,1,0,2
9,2110,423,929,1266,3.78,9,3,3,1,0,2
3,1251,499,600,875,4.79,9,3,3,1,0,2
8,1424,401,650,912,4.76,9,3,3,1,0,2
5,1969,426,873,1198,3.87,9,3,3,1,0,2
7,988,661,527,824,3.69,9,3,3,1,0,2
2,2051,884,997,1468,4.09,9,3,3,1,0,2
0,1982,456,884,1219,3.81,9,3,3,1,0,2
4,1687,966,868,1326,3.91,9,3,3,1,0,2
6,830,870,506,850,4.93,9,3,3,1,0,2
1,1144,833,624,988,5.57,9,3,3,1,0,2
9,1575,476,725,1026,4.06,9,3,3,1,0,2
3,1348,412,622,880,4.27,9,3,3,1,0,2
8,1904,565,875,1234,5.57,10,3,3,1,0,2
5,2175,527,975,1351,5.11,10,3,3,1,0,2
7,1105,905,623,1005,4.0,10,3,3,1,0,2
2,1429,791,730,1110,4.89,10,3,3,1,0,2
0,1014,643,534,828,4.1,10,3,3,1,0,2
4,1682,958,864,1320,4.87,10,3,3,1,0,2
6,1731,812,855,1272,4.93,10,3,3,1,0,2
1,908,970,557,939,5.4,10,3,3,1,0,2
9,1457,702,723,1080,4.58,10,3,3,1,0,2
3,824,848,499,836,5.08,10,3,3,1,0,2
8,1790,700,856,1245,3.78,10,3,3,1,0,2
5,1204,526,587,865,3.96,10,3,3,1,0,2
7,987,825,560,906,4.91,10,3,3,1,0,2
2,853,881,517,867,3.04,10,3,3,1,0,2
0,2004,531,908,1268,3.92,10,3,3,1,0,2
4,924,522,474,723,4.74,10,3,3,1,0,2
6,803,401,401,602,4.02,10,3,3,1,0,2
1,915,787,523,851,5.79,10,3,3,1,0,2
9,991,846,566,918,4.17,10,3,3,1,0,2
3,2268,630,1033,1449,3.13,10,3,3,1,0,2
8,2267,988,1104,1628,3.77,10,3,3,1,0,2
5,2470,630,1114,1550,4.52,10,3,3,1,0,2
7,1091,753,587,922,4.43,10,3,3,1,0,2
2,1752,887,878,1320,4.8,10,3,3,1,0,2
0,2475,865,1163,1670,3.39,10,3,3,1,0,2
4,1619,430,734,1024,5.39,10,3,3,1,0,2
6,2049,796,979,1422,4.82,10,3,3,1,0,2
1,1057,453,513,755,3.39,10,3,3,1,0,2
9,2222,468,982,1345,3.05,10,3,3,1,0,2
3,2229,854,1062,1542,4.73,10,3,3,1,0,2
8,1819,854,898,1336,3.74,10,3,3,1,0,2
5,1898,459,851,1178,4.06,10,3,3,1,0,2
7,1036,829,580,932,3.32,10,3,3,1,0,2
2,873,611,471,742,5.73,10,3,3,1,0,2
0,1570,654,759,1112,5.69,10,3,3,1,0,2
4,1117,770,601,944,5.17,10,3,3,1,0,2
6,817,609,449,713,5.42,10,3,3,1,0,2
1,2111,427,930,1269,3.23,10,3,3,1,0,2
9,1712,926,870,1319,5.22,10,3,3,1,0,2
3,2393,694,1096,1544,4.94,10,3,3,1,0,2
8,348,494,238,421,1.42,11,3,3,1,0,2
5,489,186,233,338,0.59,11,3,3,1,0,0
7,329,373,206,351,2.46,11,3,3,1,0,2
2,520,314,271,417,1.71,11,3,3,1,0,2
0,204,346,151,275,2.35,11,3,3,1,0,2
4,166,448,156,307,1.84,11,3,3,1,0,2
6,321,481,225,401,0.61,11,3,3,1,0,0
1,478,484,288,481,0.99,11,3,3,1,0,2
9,151,176,96,164,2.07,11,3,3,1,0,2
3,298,419,203,358,0.64,11,3,3,1,0,0
8,392,224,202,308,0.62,11,3,3,1,0,0
5,369,367,221,368,1.5,11,3,3,1,0,2
7,232,491,191,362,1.79,11,3,3,1,0,2
2,162,167,98,164,2.03,11,3,3,1,0,2
0,250,167,133,208,1.04,11,3,3,1,0,2
4,525,150,240,338,2.12,11,3,3,1,0,2
6,409,187,201,298,2.06,11,3,3,1,0,2
1,318,336,194,327,1.84,11,3,3,1,0,2
9,220,269,142,244,1.91,11,3,3,1,0,2
3,179,271,126,225,1.59,11,3,3,1,0,2
8,347,494,238,420,1.31,11,3,3,1,0,2
5,174,306,131,240,1.33,11,3,3,1,0,2
7,372,278,204,325,0.85,11,3,3,1,0,2
2,303,217,165,260,0.92,11,3,3,1,0,2
0,168,488,165,328,1.9,11,3,3,1,0,2
4,226,219,134,222,1.69,11,3,3,1,0,2
6,275,423,195,349,1.9,11,3,3,1,0,2
1,258,333,170,296,2.03,11,3,3,1,0,2
9,168,271,121,220,2.21,11,3,3,1,0,2
3,382,323,217,352,2.49,11,3,3,1,0,2
8,496,487,296,492,2.48,11,3,3,1,0,2
5,525,333,277,429,1.26,11,3,3,1,0,2
7,305,549,232,427,0.86,11,3,3,1,0,2
2,204,164,114,184,1.46,11,3,3,1,0,2
0,185,484,171,334,2.27,11,3,3,1,0,2
4,259,433,190,346,1.42,11,3,3,1,0,2
6,442,311,239,376,2.32,11,3,3,1,0,2
1,201,290,138,246,1.18,11,3,3,1,0,2
9,514,385,283,450,2.23,11,3,3,1,0,2
3,318,267,181,292,1.1,11,3,3,1,0,2
8,465,389,264,427,0.64,12,3,3,1,0,0
5,334,442,222,388,1.89,12,3,3,1,0,2
7,507,174,238,340,2.18,12,3,3,1,0,2
2,209,380,160,294,1.3,12,3,3,1,0,2
0,222,162,121,192,2.02,12,3,3,1,0,2
4,221,315,151,268,0.84,12,3,3,1,0,2
6,212,252,135,232,0.73,12,3,3,1,0,0
1,314,166,159,240,2.23,12,3,3,1,0,2
9,282,346,182,314,0.92,12,3,3,1,0,2
3,180,428,158,304,2.41,12,3,3,1,0,2
8,257,489,201,373,1.53,12,3,3,1,0,2
5,410,409,246,410,0.53,12,3,3,1,0,0
7,174,447,159,310,1.78,12,3,3,1,0,2
2,324,489,227,406,1.21,12,3,3,1,0,2
0,477,431,277,454,0.81,12,3,3,1,0,2
4,477,211,233,344,2.31,12,3,3,1,0,2
6,367,382,223,374,1.83,12,3,3,1,0,2
1,300,306,181,303,2.06,12,3,3,1,0,2
9,167,497,166,332,1.22,12,3,3,1,0,2
3,150,326,125,238,2.2,12,3,3,1,0,2
8,334,357,205,346,2.02,12,3,3,1,0,2
5,546,254,269,400,1.32,12,3,3,1,0,2
7,231,468,186,350,0.55,12,3,3,1,0,0
2,467,286,244,376,2.37,12,3,3,1,0,2
0,488,441,283,464,1.72,12,3,3,1,0,2
4,155,492,160,324,2.15,12,3,3,1,0,2
6,415,184,203,300,1.35,12,3,3,1,0,2
1,448,392,258,420,1.53,12,3,3,1,0,2
9,407,188,200,298,1.59,12,3,3,1,0,2
3,454,211,224,332,1.97,12,3,3,1,0,2
8,539,351,286,445,0.69,12,3,3,1,0,0
5,525,154,241,340,0.52,12,3,3,1,0,0
7,193,317,141,255,1.09,12,3,3,1,0,2
2,194,216,121,205,1.02,12,3,3,1,0,2
0,239,443,184,341,0.58,12,3,3,1,0,0
4,345,386,215,366,1.94,12,3,3,1,0,2
6,543,332,284,438,1.58,12,3,3,1,0,2
1,313,241,173,277,1.51,12,3,3,1,0,2
9,261,542,213,402,2.31,12,3,3,1,0,2
3,462,254,236,358,1.64,12,3,3,1,0,2
8,195,486,175,340,1.56,13,3,3,1,0,2
5,310,415,207,362,1.47,13,3,3,1,0,2
7,459,439,271,449,1.27,13,3,3,1,0,2
2,421,198,208,310,2.03,13,3,3,1,0,2
0,245,289,156,267,1.18,13,3,3,1,0,2
4,492,197,236,344,1.88,13,3,3,1,0,2
6,303,525,226,414,0.83,13,3,3,1,0,2
1,176,209,112,192,1.31,13,3,3,1,0,2
9,327,411,213,369,0.65,13,3,3,1,0,0
3,412,225,210,318,2.05,13,3,3,1,0,2
8,216,512,189,364,0.81,13,3,3,1,0,2
5,419,245,217,332,1.56,13,3,3,1,0,2
7,520,408,290,464,1.53,13,3,3,1,0,2
2,225,371,164,298,1.23,13,3,3,1,0,2
0,265,547,215,406,0.92,13,3,3,1,0,2
4,296,465,211,380,2.25,13,3,3,1,0,2
6,234,503,194,368,1.44,13,3,3,1,0,2
1,280,491,210,386,1.16,13,3,3,1,0,2
9,246,269,152,258,2.23,13,3,3,1,0,2
3,525,367,283,446,0.67,13,3,3,1,0,0
8,161,228,110,194,1.74,13,3,3,1,0,2
5,493,398,277,446,2.09,13,3,3,1,0,2
7,369,274,202,322,1.56,13,3,3,1,0,2
2,516,387,284,452,2.36,13,3,3,1,0,2
0,189,393,154,291,1.1,13,3,3,1,0,2
4,161,349,134,255,1.44,13,3,3,1,0,2
6,165,525,171,345,1.53,13,3,3,1,0,2
1,288,475,210,382,1.47,13,3,3,1,0,2
9,541,290,274,416,2.41,13,3,3,1,0,2
3,473,325,254,399,0.99,13,3,3,1,0,2
8,379,326,217,352,0.9,13,3,3,1,0,2
5,499,305,261,402,1.67,13,3,3,1,0,2
7,322,209,171,266,2.4,13,3,3,1,0,2
2,545,198,258,372,1.31,13,3,3,1,0,2
0,372,526,254,449,1.17,13,3,3,1,0,2
4,500,533,307,516,0.67,13,3,3,1,0,0
6,459,182,220,320,2.21,13,3,3,1,0,2
1,244,469,191,356,2.39,13,3,3,1,0,2
9,337,251,185,294,2.05,13,3,3,1,0,2
3,361,198,184,280,2.45,13,3,3,1,0,2
8,506,250,252,378,0.59,14,3,3,1,0,0
5,174,150,100,162,1.64,14,3,3,1,0,2
7,267,522,211,394,2.08,14,3,3,1,0,2
2,175,507,171,341,0.89,14,3,3,1,0,2
0,271,296,168,284,0.88,14,3,3,1,0,2
4,427,406,252,416,1.52,14,3,3,1,0,2
6,360,469,238,414,0.84,14,3,3,1,0,2
1,405,278,218,342,1.01,14,3,3,1,0,2
9,178,406,152,292,1.25,14,3,3,1,0,2
3,204,393,160,298,1.47,14,3,3,1,0,2
8,255,296,161,276,2.16,14,3,3,1,0,2
5,456,238,230,347,0.9,14,3,3,1,0,2
7,385,196,193,290,1.18,14,3,3,1,0,2
2,213,539,193,376,1.48,14,3,3,1,0,2
0,269,359,179,314,1.64,14,3,3,1,0,2
4,294,410,200,352,1.65,14,3,3,1,0,2
6,156,307,124,232,1.05,14,3,3,1,0,2
1,278,273,166,276,0.56,14,3,3,1,0,0
9,192,534,184,363,1.32,14,3,3,1,0,2
3,196,323,143,260,1.79,14,3,3,1,0,2
8,439,544,284,492,0.57,14,3,3,1,0,0
5,420,184,205,302,2.36,14,3,3,1,0,2
7,421,167,202,294,2.03,14,3,3,1,0,2
2,190,534,183,362,2.25,14,3,3,1,0,2
0,383,341,221,362,2.17,14,3,3,1,0,2
4,197,157,110,177,0.77,14,3,3,1,0,2
6,372,282,205,327,0.88,14,3,3,1,0,2
1,186,298,134,242,0.7,14,3,3,1,0,0
9,174,207,111,190,0.58,14,3,3,1,0,0
3,286,261,167,274,1.05,14,3,3,1,0,2
8,470,264,241,367,2.19,14,3,3,1,0,2
5,311,432,211,372,2.1,14,3,3,1,0,2
7,464,288,243,376,2.44,14,3,3,1,0,2
2,302,530,227,416,0.52,14,3,3,1,0,0
0,176,279,126,228,1.2,14,3,3,1,0,2
4,275,310,172,292,1.48,14,3,3,1,0,2
6,180,310,134,245,0.9,14,3,3,1,0,2
1,469,289,245,379,1.07,14,3,3,1,0,2
9,280,507,213,394,1.57,14,3,3,1,0,2
3,198,516,182,357,2.24,14,3,3,1,0,2
8,373,313,212,343,1.14,15,3,3,1,0,2
5,306,325,187,316,1.29,15,3,3,1,0,2
7,486,444,283,465,0.83,15,3,3,1,0,2
2,236,166,128,201,2.44,15,3,3,1,0,2
0,226,429,176,328,1.8,15,3,3,1,0,2
4,226,491,189,358,2.2,15,3,3,1,0,2
6,541,363,289,452,1.0,15,3,3,1,0,2
1,157,436,150,296,1.91,15,3,3,1,0,2
9,352,511,243,432,1.34,15,3,3,1,0,2
3,267,333,173,300,1.0,15,3,3,1,0,2
8,507,372,277,440,1.3,15,3,3,1,0,2
5,485,321,258,403,0.52,15,3,3,1,0,0
7,184,260,126,222,1.91,15,3,3,1,0,2
2,487,175,230,331,0.7,15,3,3,1,0,0
0,431,455,263,443,1.59,15,3,3,1,0,2
4,309,328,189,318,1.63,15,3,3,1,0,2
6,484,456,285,470,2.13,15,3,3,1,0,2
1,188,158,107,173,2.35,15,3,3,1,0,2
9,357,336,210,346,2.22,15,3,3,1,0,2
3,220,305,149,262,2.3,15,3,3,1,0,2
8,409,281,220,345,0.68,15,3,3,1,0,0
5,271,190,146,230,0.88,15,3,3,1,0,2
7,225,269,144,247,1.55,15,3,3,1,0,2
2,478,179,227,328,1.1,15,3,3,1,0,2
0,403,425,246,414,0.97,15,3,3,1,0,2
4,536,390,292,463,2.09,15,3,3,1,0,2
6,521,219,252,370,0.53,15,3,3,1,0,0
1,228,453,182,340,0.99,15,3,3,1,0,2
9,370,481,244,426,1.19,15,3,3,1,0,2
3,356,257,194,306,1.75,15,3,3,1,0,2
8,301,400,200,350,0.88,15,3,3,1,0,2
5,369,175,183,272,2.09,15,3,3,1,0,2
7,165,294,125,230,1.88,15,3,3,1,0,2
2,161,391,143,276,0.98,15,3,3,1,0,2
0,189,260,128,224,1.71,15,3,3,1,0,2
4,464,380,262,422,2.29,15,3,3,1,0,2
6,507,497,302,502,0.83,15,3,3,1,0,2
1,424,254,220,339,1.7,15,3,3,1,0,2
9,236,245,143,240,0.85,15,3,3,1,0,2
3,467,462,279,464,1.42,15,3,3,1,0,2
8,209,520,188,364,1.43,16,3,3,1,0,2
5,440,497,275,468,0.7,16,3,3,1,0,0
7,543,183,254,363,1.74,16,3,3,1,0,2
2,525,400,290,462,0.66,16,3,3,1,0,0
0,525,467,303,496,2.4,16,3,3,1,0,2
4,477,456,282,466,2.29,16,3,3,1,0,2
6,168,273,122,220,2.09,16,3,3,1,0,2
1,289,184,152,236,2.31,16,3,3,1,0,2
9,316,482,223,399,0.66,16,3,3,1,0,0
3,406,322,227,364,1.5,16,3,3,1,0,2
8,489,278,251,384,1.75,16,3,3,1,0,2
5,495,311,260,403,2.26,16,3,3,1,0,2
7,254,547,211,400,0.93,16,3,3,1,0,2
2,462,440,273,451,1.74,16,3,3,1,0,2
0,342,370,211,356,2.31,16,3,3,1,0,2
4,264,365,179,314,1.96,16,3,3,1,0,2
6,321,442,217,382,0.73,16,3,3,1,0,0
1,515,333,273,424,1.79,16,3,3,1,0,2
9,494,151,228,322,1.18,16,3,3,1,0,2
3,488,292,254,390,1.32,16,3,3,1,0,2
8,480,443,281,462,1.44,16,3,3,1,0,2
5,454,373,256,414,1.9,16,3,3,1,0,2
7,295,356,189,326,0.71,16,3,3,1,0,0
2,479,388,269,434,2.1,16,3,3,1,0,2
0,363,347,215,355,1.79,16,3,3,1,0,2
4,264,291,164,278,2.09,16,3,3,1,0,2
6,293,311,179,302,2.0,16,3,3,1,0,2
1,436,428,260,432,1.94,16,3,3,1,0,2
9,523,384,286,454,1.36,16,3,3,1,0,2
3,240,461,188,350,1.51,16,3,3,1,0,2
8,505,278,258,392,1.92,16,3,3,1,0,2
5,522,331,275,426,1.72,16,3,3,1,0,2
7,285,254,165,270,1.02,16,3,3,1,0,2
2,515,245,255,380,1.68,16,3,3,1,0,2
0,397,316,222,356,1.99,16,3,3,1,0,2
4,356,487,240,422,1.73,16,3,3,1,0,2
6,200,275,135,238,0.56,16,3,3,1,0,0
1,340,311,198,326,0.58,16,3,3,1,0,0
9,483,515,296,499,1.82,16,3,3,1,0,2
3,449,256,231,352,0.97,16,3,3,1,0,2
8,736,1359,566,1048,5.57,17,3,3,1,0,2
5,909,2281,820,1595,4.11,17,3,3,1,0,2
7,1002,1401,681,1202,4.12,17,3,3,1,0,2
2,1154,1907,843,1530,3.48,17,3,3,1,0,2
0,1093,1104,658,1098,3.62,17,3,3,1,0,2
4,961,1792,743,1376,5.21,17,3,3,1,0,2
6,826,2005,731,1416,3.99,17,3,3,1,0,2
1,971,2682,925,1826,5.07,17,3,3,1,0,2
9,852,1156,572,1004,5.33,17,3,3,1,0,2
3,879,1947,741,1413,3.38,17,3,3,1,0,2
8,997,2082,815,1540,3.66,17,3,3,1,0,2
5,1175,1533,777,1354,5.48,17,3,3,1,0,2
7,731,2163,725,1447,3.3,17,3,3,1,0,2
2,745,2154,729,1450,4.17,17,3,3,1,0,2
0,904,1512,664,1208,5.47,17,3,3,1,0,2
4,944,1734,724,1339,4.69,17,3,3,1,0,2
6,657,1076,478,866,3.07,17,3,3,1,0,2
1,926,2357,842,1642,4.53,17,3,3,1,0,2
9,936,1691,713,1314,5.32,17,3,3,1,0,2
3,1122,1962,841,1542,3.27,17,3,3,1,0,2
8,860,1188,582,1024,3.34,17,3,3,1,0,2
5,971,1512,691,1242,4.49,17,3,3,1,0,2
7,634,2175,689,1404,3.52,17,3,3,1,0,2
2,612,1444,534,1028,5.25,17,3,3,1,0,2
0,673,1384,546,1028,3.19,17,3,3,1,0,2
4,908,1968,757,1438,4.6,17,3,3,1,0,2
6,901,1159,592,1030,4.92,17,3,3,1,0,2
1,903,1305,622,1104,3.21,17,3,3,1,0,2
9,931,1623,697,1277,5.08,17,3,3,1,0,2
3,1176,1318,734,1247,5.32,17,3,3,1,0,2
8,824,2192,768,1508,5.44,17,3,3,1,0,2
5,1011,1503,705,1257,3.0,17,3,3,1,0,2
7,986,1658,726,1322,5.08,17,3,3,1,0,2
2,1158,2367,937,1762,3.94,17,3,3,1,0,2
0,776,2567,824,1672,5.21,17,3,3,1,0,2
4,675,2096,689,1386,5.37,17,3,3,1,0,2
6,1154,1954,852,1554,3.09,17,3,3,1,0,2
1,608,1573,558,1090,4.45,17,3,3,1,0,2
9,656,1447,552,1052,5.6,17,3,3,1,0,2
3,1151,1507,762,1329,3.41,17,3,3,1,0,2
8,610,1891,622,1250,5.62,18,3,3,1,0,2
5,1052,1951,811,1502,5.3,18,3,3,1,0,2
7,935,1836,741,1386,4.06,18,3,3,1,0,2
2,846,1469,632,1158,3.09,18,3,3,1,0,2
0,873,1161,581,1017,4.3,18,3,3,1,0,2
4,1196,1371,753,1284,4.72,18,3,3,1,0,2
6,927,2237,818,1582,3.75,18,3,3,1,0,2
1,1040,1143,645,1092,3.78,18,3,3,1,0,2
9,796,1290,576,1043,3.64,18,3,3,1,0,2
3,701,1144,509,922,4.09,18,3,3,1,0,2
8,651,1432,547,1042,4.14,18,3,3,1,0,2
5,602,2629,767,1616,4.12,18,3,3,1,0,2
7,1013,2185,842,1599,5.53,18,3,3,1,0,2
2,603,1907,623,1255,4.45,18,3,3,1,0,2
0,844,2679,873,1762,4.7,18,3,3,1,0,2
4,710,1492,582,1101,5.16,18,3,3,1,0,2
6,758,1023,508,890,4.48,18,3,3,1,0,2
1,604,1209,483,906,4.58,18,3,3,1,0,2
9,824,1642,658,1233,5.64,18,3,3,1,0,2
3,809,2563,836,1686,5.37,18,3,3,1,0,2
8,861,1149,574,1005,4.61,18,3,3,1,0,2
5,926,2524,875,1725,4.86,18,3,3,1,0,2
7,962,2227,830,1594,4.44,18,3,3,1,0,2
2,674,2378,745,1526,3.74,18,3,3,1,0,2
0,1194,1212,720,1203,3.41,18,3,3,1,0,2
4,1084,2790,992,1937,4.68,18,3,3,1,0,2
6,993,1016,600,1004,3.11,18,3,3,1,0,2
1,854,2739,889,1796,4.23,18,3,3,1,0,2
9,1171,2270,922,1720,4.92,18,3,3,1,0,2
3,1185,2402,954,1794,3.95,18,3,3,1,0,2
8,1011,2163,837,1587,5.26,18,3,3,1,0,2
5,974,1952,780,1463,4.99,18,3,3,1,0,2
7,859,1759,695,1309,5.07,18,3,3,1,0,2
2,984,2206,835,1595,5.41,18,3,3,1,0,2
0,1151,2598,980,1874,3.51,18,3,3,1,0,2
4,860,1104,565,982,3.38,18,3,3,1,0,2
6,1110,2019,848,1564,3.91,18,3,3,1,0,2
1,762,2363,777,1562,4.7,18,3,3,1,0,2
9,1194,1237,725,1216,3.16,18,3,3,1,0,2
3,1057,1535,730,1296,4.38,18,3,3,1,0,2
8,781,1558,624,1170,3.15,19,3,3,1,0,2
5,1050,1874,795,1462,3.14,19,3,3,1,0,2
7,642,2458,748,1550,3.7,19,3,3,1,0,2
2,864,1486,643,1175,5.59,19,3,3,1,0,2
0,947,2335,846,1641,4.13,19,3,3,1,0,2
4,750,2380,776,1565,3.96,19,3,3,1,0,2
6,1112,2073,859,1592,5.25,19,3,3,1,0,2
1,968,2633,914,1800,4.09,19,3,3,1,0,2
9,882,1718,696,1300,3.61,19,3,3,1,0,2
3,920,2503,869,1712,3.88,19,3,3,1,0,2
8,1177,1937,858,1557,4.6,19,3,3,1,0,2
5,635,2351,724,1493,4.69,19,3,3,1,0,2
7,873,2405,830,1639,5.04,19,3,3,1,0,2
2,1139,2184,892,1662,5.55,19,3,3,1,0,2
0,1005,2417,885,1711,3.62,19,3,3,1,0,2
4,845,1543,647,1194,4.7,19,3,3,1,0,2
6,607,1080,459,844,4.02,19,3,3,1,0,2
1,1091,2679,972,1885,5.21,19,3,3,1,0,2
9,818,1031,533,924,3.34,19,3,3,1,0,2
3,705,2429,768,1567,4.76,19,3,3,1,0,2
8,868,1372,622,1120,4.03,19,3,3,1,0,2
5,957,1044,592,1000,5.4,19,3,3,1,0,2
7,1013,2212,848,1612,4.01,19,3,3,1,0,2
2,749,1794,658,1272,4.68,19,3,3,1,0,2
0,919,2738,915,1828,3.28,19,3,3,1,0,2
4,1071,2202,869,1636,5.42,19,3,3,1,0,2
6,830,1298,592,1064,3.45,19,3,3,1,0,2
1,1167,2197,906,1682,5.72,19,3,3,1,0,2
9,1160,1040,672,1100,4.45,19,3,3,1,0,2
3,1028,1208,653,1118,4.81,19,3,3,1,0,2
8,800,2417,803,1608,3.97,19,3,3,1,0,2
5,817,2361,799,1589,3.99,19,3,3,1,0,2
7,937,2174,810,1556,4.49,19,3,3,1,0,2
2,1067,1674,762,1370,4.87,19,3,3,1,0,2
0,628,1326,516,977,3.14,19,3,3,1,0,2
4,637,1251,505,944,4.04,19,3,3,1,0,2
6,825,1046,539,936,3.96,19,3,3,1,0,2
1,1132,1330,719,1231,5.47,19,3,3,1,0,2
9,860,2493,843,1676,5.06,19,3,3,1,0,2
3,695,1854,649,1274,3.57,19,3,3,1,0,2
8,874,2635,877,1754,5.41,20,3,3,1,0,2
5,1055,1382,698,1218,3.94,20,3,3,1,0,2
7,740,1907,677,1324,4.96,20,3,3,1,0,2
2,1099,1017,643,1058,4.11,20,3,3,1,0,2
0,1186,1983,871,1584,5.45,20,3,3,1,0,2
4,1051,2249,870,1650,3.61,20,3,3,1,0,2
6,972,2017,792,1494,3.9,20,3,3,1,0,2
1,1191,1780,832,1486,3.22,20,3,3,1,0,2
9,698,1062,492,880,5.67,20,3,3,1,0,2
3,1108,1084,660,1096,5.6,20,3,3,1,0,2
8,1133,2701,993,1917,3.95,20,3,3,1,0,2
5,786,1520,618,1153,4.61,20,3,3,1,0,2
7,1162,2533,971,1848,3.97,20,3,3,1,0,2
2,631,1832,619,1232,3.38,20,3,3,1,0,2
0,736,1707,636,1222,4.61,20,3,3,1,0,2
4,1174,2044,878,1609,5.32,20,3,3,1,0,2
6,890,1110,578,1000,4.48,20,3,3,1,0,2
1,1184,1293,732,1238,3.98,20,3,3,1,0,2
9,887,2094,774,1490,5.2,20,3,3,1,0,2
3,1115,1941,834,1528,5.73,20,3,3,1,0,2
8,952,1075,596,1014,4.44,20,3,3,1,0,2
5,1034,2373,888,1704,3.74,20,3,3,1,0,2
7,661,1347,534,1004,3.2,20,3,3,1,0,2
2,982,2153,823,1568,5.45,20,3,3,1,0,2
0,616,1647,576,1132,3.99,20,3,3,1,0,2
4,1127,1924,836,1526,4.98,20,3,3,1,0,2
6,791,1731,663,1261,4.43,20,3,3,1,0,2
1,746,1508,600,1127,3.84,20,3,3,1,0,2
9,650,2792,818,1721,3.98,20,3,3,1,0,2
3,628,1772,606,1200,5.21,20,3,3,1,0,2
8,986,2147,824,1566,4.1,20,3,3,1,0,2
5,1132,1626,778,1379,5.04,20,3,3,1,0,2
7,1094,2398,917,1746,4.39,20,3,3,1,0,2
2,1112,2607,966,1860,3.18,20,3,3,1,0,2
0,921,2129,794,1525,3.82,20,3,3,1,0,2
4,713,1371,559,1042,3.08,20,3,3,1,0,2
6,987,1748,744,1368,4.94,20,3,3,1,0,2
1,875,2600,870,1738,3.14,20,3,3,1,0,2
9,763,2157,737,1460,3.32,20,3,3,1,0,2
3,995,1425,683,1210,5.59,20,3,3,1,0,2
8,390,237,203,314,2.22,21,3,3,1,0,2
5,288,171,149,230,0.94,21,3,3,1,0,2
7,314,237,173,276,1.74,21,3,3,1,0,2
2,412,177,200,294,1.74,21,3,3,1,0,2
0,330,201,172,266,0.7,21,3,3,1,0,0
4,273,535,216,404,1.1,21,3,3,1,0,2
6,394,343,226,368,1.84,21,3,3,1,0,2
1,280,326,177,303,0.75,21,3,3,1,0,2
9,208,520,187,364,1.86,21,3,3,1,0,2
3,510,288,262,399,1.52,21,3,3,1,0,2
8,445,536,285,490,1.97,21,3,3,1,0,2
5,525,470,304,498,0.88,21,3,3,1,0,2
7,341,340,204,340,1.59,21,3,3,1,0,2
2,177,324,136,250,1.1,21,3,3,1,0,2
0,293,439,205,366,2.24,21,3,3,1,0,2
4,405,215,205,310,1.2,21,3,3,1,0,2
6,491,211,239,351,0.6,21,3,3,1,0,0
1,294,281,174,288,2.06,21,3,3,1,0,2
9,363,459,237,411,1.77,21,3,3,1,0,2
3,258,322,168,290,2.38,21,3,3,1,0,2
8,348,473,234,410,0.58,21,3,3,1,0,0
5,316,485,223,400,1.27,21,3,3,1,0,2
7,462,261,237,362,1.6,21,3,3,1,0,2
2,516,185,243,350,0.71,21,3,3,1,0,0
0,212,528,190,370,2.3,21,3,3,1,0,2
4,160,333,131,246,1.91,21,3,3,1,0,2
6,249,157,131,203,1.31,21,3,3,1,0,2
1,458,317,247,388,0.62,21,3,3,1,0,0
9,493,534,304,514,0.65,21,3,3,1,0,0
3,492,282,253,387,2.35,21,3,3,1,0,2
8,313,344,194,328,0.8,21,3,3,1,0,2
5,414,396,245,405,1.37,21,3,3,1,0,2
7,527,195,250,361,1.17,21,3,3,1,0,2
2,547,527,324,537,1.46,21,3,3,1,0,2
0,494,281,254,388,1.78,21,3,3,1,0,2
4,280,519,216,400,2.06,21,3,3,1,0,2
6,252,227,146,240,0.51,21,3,3,1,0,0
1,529,150,242,340,0.93,21,3,3,1,0,2
9,505,381,278,443,1.16,21,3,3,1,0,2
3,185,335,141,260,1.71,21,3,3,1,0,2
8,343,367,211,355,1.55,22,3,3,1,0,2
5,400,526,265,463,1.27,22,3,3,1,0,2
7,454,414,264,434,2.19,22,3,3,1,0,2
2,494,357,269,426,0.64,22,3,3,1,0,0
0,400,221,204,310,1.59,22,3,3,1,0,2
4,249,275,155,262,1.2,22,3,3,1,0,2
6,160,266,117,213,1.83,22,3,3,1,0,2
1,483,296,252,390,1.63,22,3,3,1,0,2
9,512,256,256,384,2.09,22,3,3,1,0,2
3,506,160,234,333,0.99,22,3,3,1,0,2
8,314,170,160,242,2.25,22,3,3,1,0,2
5,300,153,151,226,1.24,22,3,3,1,0,2
7,234,374,168,304,2.17,22,3,3,1,0,2
2,467,331,253,399,0.8,22,3,3,1,0,2
0,361,317,208,339,2.31,22,3,3,1,0,2
4,535,206,255,370,1.33,22,3,3,1,0,2
6,323,401,209,362,0.54,22,3,3,1,0,0
1,165,528,172,346,1.03,22,3,3,1,0,2
9,191,321,141,256,1.93,22,3,3,1,0,2
3,389,283,212,336,1.89,22,3,3,1,0,2
8,211,292,143,252,1.05,22,3,3,1,0,2
5,362,526,250,444,1.51,22,3,3,1,0,2
7,160,407,145,284,2.18,22,3,3,1,0,2
2,408,415,246,412,0.58,22,3,3,1,0,0
0,246,424,183,335,0.98,22,3,3,1,0,2
4,343,254,188,298,1.89,22,3,3,1,0,2
6,216,172,121,194,0.52,22,3,3,1,0,0
1,160,167,97,164,0.52,22,3,3,1,0,0
9,183,194,112,188,1.88,22,3,3,1,0,2
3,476,376,266,426,2.02,22,3,3,1,0,2
8,229,506,193,368,2.03,22,3,3,1,0,2
5,268,407,189,338,2.31,22,3,3,1,0,2
7,450,448,270,449,0.95,22,3,3,1,0,2
2,465,304,247,384,1.62,22,3,3,1,0,2
0,164,440,154,302,0.66,22,3,3,1,0,0
4,363,421,229,392,2.11,22,3,3,1,0,2
6,312,312,187,312,1.76,22,3,3,1,0,2
1,454,545,291,500,2.29,22,3,3,1,0,2
9,511,443,293,477,1.48,22,3,3,1,0,2
3,518,257,259,388,2.22,22,3,3,1,0,2
8,302,359,193,330,1.55,23,3,3,1,0,2
5,238,217,139,228,0.94,23,3,3,1,0,2
7,514,263,258,388,2.48,23,3,3,1,0,2
2,210,211,126,210,0.89,23,3,3,1,0,2
0,316,504,227,410,2.23,23,3,3,1,0,2
4,158,405,144,282,0.88,23,3,3,1,0,2
6,447,368,252,408,0.86,23,3,3,1,0,2
1,524,212,252,368,2.26,23,3,3,1,0,2
9,277,398,190,338,1.08,23,3,3,1,0,2
3,387,175,190,281,1.78,23,3,3,1,0,2
8,294,478,213,386,0.61,23,3,3,1,0,0
5,483,273,248,378,1.64,23,3,3,1,0,2
7,246,499,198,372,1.0,23,3,3,1,0,2
2,377,185,188,281,2.21,23,3,3,1,0,2
0,245,372,172,308,1.76,23,3,3,1,0,2
4,232,232,139,232,2.41,23,3,3,1,0,2
6,465,233,233,349,1.67,23,3,3,1,0,2
1,534,232,260,383,2.49,23,3,3,1,0,2
9,344,166,171,255,1.12,23,3,3,1,0,2
3,548,412,302,480,0.79,23,3,3,1,0,2
8,456,181,219,318,0.97,23,3,3,1,0,2
5,358,467,237,412,0.59,23,3,3,1,0,0
7,347,376,214,362,1.1,23,3,3,1,0,2
2,423,330,235,376,1.14,23,3,3,1,0,2
0,355,409,224,382,1.86,23,3,3,1,0,2
4,361,526,250,444,1.68,23,3,3,1,0,2
6,376,268,204,322,1.63,23,3,3,1,0,2
1,468,173,222,320,1.17,23,3,3,1,0,2
9,469,548,297,508,0.89,23,3,3,1,0,2
3,505,309,264,407,2.28,23,3,3,1,0,2
8,354,522,246,438,1.86,23,3,3,1,0,2
5,384,278,209,331,0.88,23,3,3,1,0,2
7,269,512,210,390,2.23,23,3,3,1,0,2
2,522,341,277,432,1.1,23,3,3,1,0,2
0,274,182,146,228,2.14,23,3,3,1,0,2
4,426,317,234,372,2.23,23,3,3,1,0,2
6,341,519,240,430,1.57,23,3,3,1,0,2
1,376,447,240,412,1.56,23,3,3,1,0,2
9,253,359,173,306,1.72,23,3,3,1,0,2
3,389,194,194,292,2.48,23,3,3,1,0,2
8,0,0,0,0,0.0,0,4,3,2,0,1
5,0,0,0,0,0.0,0,4,3,2,0,1
7,0,0,0,0,0.0,0,4,3,2,0,1
2,0,0,0,0,0.0,0,4,3,2,0,1
0,0,0,0,0,0.0,0,4,3,2,0,1
4,0,0,0,0,0.0,0,4,3,2,0,1
6,0,0,0,0,0.0,0,4,3,2,0,1
1,0,0,0,0,0.0,0,4,3,2,0,1
9,0,0,0,0,0.0,0,4,3,2,0,1
3,0,0,0,0,0.0,0,4,3,2,0,1
8,0,0,0,0,0.0,0,4,3,2,0,1
5,0,0,0,0,0.0,0,4,3,2,0,1
7,0,0,0,0,0.0,0,4,3,2,0,1
2,0,0,0,0,0.0,0,4,3,2,0,1
0,0,0,0,0,0.0,0,4,3,2,0,1
4,0,0,0,0,0.0,0,4,3,2,0,1
6,0,0,0,0,0.0,0,4,3,2,0,1
1,0,0,0,0,0.0,0,4,3,2,0,1
9,0,0,0,0,0.0,0,4,3,2,0,1
3,0,0,0,0,0.0,0,4,3,2,0,1
8,0,0,0,0,0.0,0,4,3,2,0,1
5,0,0,0,0,0.0,0,4,3,2,0,1
7,0,0,0,0,0.0,0,4,3,2,0,1
2,0,0,0,0,0.0,0,4,3,2,0,1
0,0,0,0,0,0.0,0,4,3,2,0,1
4,0,0,0,0,0.0,0,4,3,2,0,1
6,0,0,0,0,0.0,0,4,3,2,0,1
1,0,0,0,0,0.0,0,4,3,2,0,1
9,0,0,0,0,0.0,0,4,3,2,0,1
3,0,0,0,0,0.0,0,4,3,2,0,1
8,0,0,0,0,0.0,0,4,3,2,0,1
5,0,0,0,0,0.0,0,4,3,2,0,1
7,0,0,0,0,0.0,0,4,3,2,0,1
2,0,0,0,0,0.0,0,4,3,2,0,1
0,0,0,0,0,0.0,0,4,3,2,0,1
4,0,0,0,0,0.0,0,4,3,2,0,1
6,0,0,0,0,0.0,0,4,3,2,0,1
1,0,0,0,0,0.0,0,4,3,2,0,1
9,0,0,0,0,0.0,0,4,3,2,0,1
3,0,0,0,0,0.0,0,4,3,2,0,1
8,0,0,0,0,0.0,1,4,3,2,0,1
5,0,0,0,0,0.0,1,4,3,2,0,1
7,0,0,0,0,0.0,1,4,3,2,0,1
2,0,0,0,0,0.0,1,4,3,2,0,1
0,0,0,0,0,0.0,1,4,3,2,0,1
4,0,0,0,0,0.0,1,4,3,2,0,1
6,0,0,0,0,0.0,1,4,3,2,0,1
1,0,0,0,0,0.0,1,4,3,2,0,1
9,0,0,0,0,0.0,1,4,3,2,0,1
3,0,0,0,0,0.0,1,4,3,2,0,1
8,0,0,0,0,0.0,1,4,3,2,0,1
5,0,0,0,0,0.0,1,4,3,2,0,1
7,0,0,0,0,0.0,1,4,3,2,0,1
2,0,0,0,0,0.0,1,4,3,2,0,1
0,0,0,0,0,0.0,1,4,3,2,0,1
4,0,0,0,0,0.0,1,4,3,2,0,1
6,0,0,0,0,0.0,1,4,3,2,0,1
1,0,0,0,0,0.0,1,4,3,2,0,1
9,0,0,0,0,0.0,1,4,3,2,0,1
3,0,0,0,0,0.0,1,4,3,2,0,1
8,0,0,0,0,0.0,1,4,3,2,0,1
5,0,0,0,0,0.0,1,4,3,2,0,1
7,0,0,0,0,0.0,1,4,3,2,0,1
2,0,0,0,0,0.0,1,4,3,2,0,1
0,0,0,0,0,0.0,1,4,3,2,0,1
4,0,0,0,0,0.0,1,4,3,2,0,1
6,0,0,0,0,0.0,1,4,3,2,0,1
1,0,0,0,0,0.0,1,4,3,2,0,1
9,0,0,0,0,0.0,1,4,3,2,0,1
3,0,0,0,0,0.0,1,4,3,2,0,1
8,0,0,0,0,0.0,1,4,3,2,0,1
5,0,0,0,0,0.0,1,4,3,2,0,1
7,0,0,0,0,0.0,1,4,3,2,0,1
2,0,0,0,0,0.0,1,4,3,2,0,1
0,0,0,0,0,0.0,1,4,3,2,0,1
4,0,0,0,0,0.0,1,4,3,2,0,1
6,0,0,0,0,0.0,1,4,3,2,0,1
1,0,0,0,0,0.0,1,4,3,2,0,1
9,0,0,0,0,0.0,1,4,3,2,0,1
3,0,0,0,0,0.0,1,4,3,2,0,1
8,0,0,0,0,0.0,2,4,3,2,0,1
5,0,0,0,0,0.0,2,4,3,2,0,1
7,0,0,0,0,0.0,2,4,3,2,0,1
2,0,0,0,0,0.0,2,4,3,2,0,1
0,0,0,0,0,0.0,2,4,3,2,0,1
4,0,0,0,0,0.0,2,4,3,2,0,1
6,0,0,0,0,0.0,2,4,3,2,0,1
1,0,0,0,0,0.0,2,4,3,2,0,1
9,0,0,0,0,0.0,2,4,3,2,0,1
3,0,0,0,0,0.0,2,4,3,2,0,1
8,0,0,0,0,0.0,2,4,3,2,0,1
5,0,0,0,0,0.0,2,4,3,2,0,1
7,0,0,0,0,0.0,2,4,3,2,0,1
2,0,0,0,0,0.0,2,4,3,2,0,1
0,0,0,0,0,0.0,2,4,3,2,0,1
4,0,0,0,0,0.0,2,4,3,2,0,1
6,0,0,0,0,0.0,2,4,3,2,0,1
1,0,0,0,0,0.0,2,4,3,2,0,1
9,0,0,0,0,0.0,2,4,3,2,0,1
3,0,0,0,0,0.0,2,4,3,2,0,1
8,0,0,0,0,0.0,2,4,3,2,0,1
5,0,0,0,0,0.0,2,4,3,2,0,1
7,0,0,0,0,0.0,2,4,3,2,0,1
2,0,0,0,0,0.0,2,4,3,2,0,1
0,0,0,0,0,0.0,2,4,3,2,0,1
4,0,0,0,0,0.0,2,4,3,2,0,1
6,0,0,0,0,0.0,2,4,3,2,0,1
1,0,0,0,0,0.0,2,4,3,2,0,1
9,0,0,0,0,0.0,2,4,3,2,0,1
3,0,0,0,0,0.0,2,4,3,2,0,1
8,0,0,0,0,0.0,2,4,3,2,0,1
5,0,0,0,0,0.0,2,4,3,2,0,1
7,0,0,0,0,0.0,2,4,3,2,0,1
2,0,0,0,0,0.0,2,4,3,2,0,1
0,0,0,0,0,0.0,2,4,3,2,0,1
4,0,0,0,0,0.0,2,4,3,2,0,1
6,0,0,0,0,0.0,2,4,3,2,0,1
1,0,0,0,0,0.0,2,4,3,2,0,1
9,0,0,0,0,0.0,2,4,3,2,0,1
3,0,0,0,0,0.0,2,4,3,2,0,1
8,0,0,0,0,0.0,3,4,3,2,0,1
5,0,0,0,0,0.0,3,4,3,2,0,1
7,0,0,0,0,0.0,3,4,3,2,0,1
2,0,0,0,0,0.0,3,4,3,2,0,1
0,0,0,0,0,0.0,3,4,3,2,0,1
4,0,0,0,0,0.0,3,4,3,2,0,1
6,0,0,0,0,0.0,3,4,3,2,0,1
1,0,0,0,0,0.0,3,4,3,2,0,1
9,0,0,0,0,0.0,3,4,3,2,0,1
3,0,0,0,0,0.0,3,4,3,2,0,1
8,0,0,0,0,0.0,3,4,3,2,0,1
5,0,0,0,0,0.0,3,4,3,2,0,1
7,0,0,0,0,0.0,3,4,3,2,0,1
2,0,0,0,0,0.0,3,4,3,2,0,1
0,0,0,0,0,0.0,3,4,3,2,0,1
4,0,0,0,0,0.0,3,4,3,2,0,1
6,0,0,0,0,0.0,3,4,3,2,0,1
1,0,0,0,0,0.0,3,4,3,2,0,1
9,0,0,0,0,0.0,3,4,3,2,0,1
3,0,0,0,0,0.0,3,4,3,2,0,1
8,0,0,0,0,0.0,3,4,3,2,0,1
5,0,0,0,0,0.0,3,4,3,2,0,1
7,0,0,0,0,0.0,3,4,3,2,0,1
2,0,0,0,0,0.0,3,4,3,2,0,1
0,0,0,0,0,0.0,3,4,3,2,0,1
4,0,0,0,0,0.0,3,4,3,2,0,1
6,0,0,0,0,0.0,3,4,3,2,0,1
1,0,0,0,0,0.0,3,4,3,2,0,1
9,0,0,0,0,0.0,3,4,3,2,0,1
3,0,0,0,0,0.0,3,4,3,2,0,1
8,0,0,0,0,0.0,3,4,3,2,0,1
5,0,0,0,0,0.0,3,4,3,2,0,1
7,0,0,0,0,0.0,3,4,3,2,0,1
2,0,0,0,0,0.0,3,4,3,2,0,1
0,0,0,0,0,0.0,3,4,3,2,0,1
4,0,0,0,0,0.0,3,4,3,2,0,1
6,0,0,0,0,0.0,3,4,3,2,0,1
1,0,0,0,0,0.0,3,4,3,2,0,1
9,0,0,0,0,0.0,3,4,3,2,0,1
3,0,0,0,0,0.0,3,4,3,2,0,1
8,0,0,0,0,0.0,4,4,3,2,0,1
5,0,0,0,0,0.0,4,4,3,2,0,1
7,0,0,0,0,0.0,4,4,3,2,0,1
2,0,0,0,0,0.0,4,4,3,2,0,1
0,0,0,0,0,0.0,4,4,3,2,0,1
4,0,0,0,0,0.0,4,4,3,2,0,1
6,0,0,0,0,0.0,4,4,3,2,0,1
1,0,0,0,0,0.0,4,4,3,2,0,1
9,0,0,0,0,0.0,4,4,3,2,0,1
3,0,0,0,0,0.0,4,4,3,2,0,1
8,0,0,0,0,0.0,4,4,3,2,0,1
5,0,0,0,0,0.0,4,4,3,2,0,1
7,0,0,0,0,0.0,4,4,3,2,0,1
2,0,0,0,0,0.0,4,4,3,2,0,1
0,0,0,0,0,0.0,4,4,3,2,0,1
4,0,0,0,0,0.0,4,4,3,2,0,1
6,0,0,0,0,0.0,4,4,3,2,0,1
1,0,0,0,0,0.0,4,4,3,2,0,1
9,0,0,0,0,0.0,4,4,3,2,0,1
3,0,0,0,0,0.0,4,4,3,2,0,1
8,0,0,0,0,0.0,4,4,3,2,0,1
5,0,0,0,0,0.0,4,4,3,2,0,1
7,0,0,0,0,0.0,4,4,3,2,0,1
2,0,0,0,0,0.0,4,4,3,2,0,1
0,0,0,0,0,0.0,4,4,3,2,0,1
4,0,0,0,0,0.0,4,4,3,2,0,1
6,0,0,0,0,0.0,4,4,3,2,0,1
1,0,0,0,0,0.0,4,4,3,2,0,1
9,0,0,0,0,0.0,4,4,3,2,0,1
3,0,0,0,0,0.0,4,4,3,2,0,1
8,0,0,0,0,0.0,4,4,3,2,0,1
5,0,0,0,0,0.0,4,4,3,2,0,1
7,0,0,0,0,0.0,4,4,3,2,0,1
2,0,0,0,0,0.0,4,4,3,2,0,1
0,0,0,0,0,0.0,4,4,3,2,0,1
4,0,0,0,0,0.0,4,4,3,2,0,1
6,0,0,0,0,0.0,4,4,3,2,0,1
1,0,0,0,0,0.0,4,4,3,2,0,1
9,0,0,0,0,0.0,4,4,3,2,0,1
3,0,0,0,0,0.0,4,4,3,2,0,1
8,0,0,0,0,0.0,5,4,3,2,0,1
5,0,0,0,0,0.0,5,4,3,2,0,1
7,0,0,0,0,0.0,5,4,3,2,0,1
2,0,0,0,0,0.0,5,4,3,2,0,1
0,0,0,0,0,0.0,5,4,3,2,0,1
4,0,0,0,0,0.0,5,4,3,2,0,1
6,0,0,0,0,0.0,5,4,3,2,0,1
1,0,0,0,0,0.0,5,4,3,2,0,1
9,0,0,0,0,0.0,5,4,3,2,0,1
3,0,0,0,0,0.0,5,4,3,2,0,1
8,0,0,0,0,0.0,5,4,3,2,0,1
5,0,0,0,0,0.0,5,4,3,2,0,1
7,0,0,0,0,0.0,5,4,3,2,0,1
2,0,0,0,0,0.0,5,4,3,2,0,1
0,0,0,0,0,0.0,5,4,3,2,0,1
4,0,0,0,0,0.0,5,4,3,2,0,1
6,0,0,0,0,0.0,5,4,3,2,0,1
1,0,0,0,0,0.0,5,4,3,2,0,1
9,0,0,0,0,0.0,5,4,3,2,0,1
3,0,0,0,0,0.0,5,4,3,2,0,1
8,0,0,0,0,0.0,5,4,3,2,0,1
5,0,0,0,0,0.0,5,4,3,2,0,1
7,0,0,0,0,0.0,5,4,3,2,0,1
2,0,0,0,0,0.0,5,4,3,2,0,1
0,0,0,0,0,0.0,5,4,3,2,0,1
4,0,0,0,0,0.0,5,4,3,2,0,1
6,0,0,0,0,0.0,5,4,3,2,0,1
1,0,0,0,0,0.0,5,4,3,2,0,1
9,0,0,0,0,0.0,5,4,3,2,0,1
3,0,0,0,0,0.0,5,4,3,2,0,1
8,0,0,0,0,0.0,5,4,3,2,0,1
5,0,0,0,0,0.0,5,4,3,2,0,1
7,0,0,0,0,0.0,5,4,3,2,0,1
2,0,0,0,0,0.0,5,4,3,2,0,1
0,0,0,0,0,0.0,5,4,3,2,0,1
4,0,0,0,0,0.0,5,4,3,2,0,1
6,0,0,0,0,0.0,5,4,3,2,0,1
1,0,0,0,0,0.0,5,4,3,2,0,1
9,0,0,0,0,0.0,5,4,3,2,0,1
3,0,0,0,0,0.0,5,4,3,2,0,1
8,195,417,161,306,1.61,6,4,3,2,0,2
5,405,441,250,423,0.61,6,4,3,2,0,0
7,303,545,230,424,1.13,6,4,3,2,0,2
2,291,218,160,254,1.54,6,4,3,2,0,2
0,161,385,141,273,1.1,6,4,3,2,0,2
4,324,286,187,305,1.37,6,4,3,2,0,2
6,495,546,307,520,1.44,6,4,3,2,0,2
1,227,384,168,306,1.95,6,4,3,2,0,2
9,547,418,302,482,1.45,6,4,3,2,0,2
3,533,521,317,527,1.67,6,4,3,2,0,2
8,429,287,229,358,1.34,6,4,3,2,0,2
5,357,214,186,286,0.92,6,4,3,2,0,2
7,299,482,216,390,2.46,6,4,3,2,0,2
2,399,353,230,376,0.91,6,4,3,2,0,2
0,226,290,148,258,0.85,6,4,3,2,0,2
4,202,323,145,262,1.6,6,4,3,2,0,2
6,387,325,220,356,1.66,6,4,3,2,0,2
1,541,289,274,415,0.87,6,4,3,2,0,2
9,292,306,178,299,2.47,6,4,3,2,0,2
3,539,336,283,438,1.76,6,4,3,2,0,2
8,429,264,224,346,1.73,6,4,3,2,0,2
5,444,172,212,308,1.15,6,4,3,2,0,2
7,439,422,260,430,2.44,6,4,3,2,0,2
2,175,377,145,276,0.61,6,4,3,2,0,0
0,367,441,235,404,1.7,6,4,3,2,0,2
4,431,153,203,292,0.83,6,4,3,2,0,2
6,453,157,213,305,1.21,6,4,3,2,0,2
1,472,321,253,396,1.49,6,4,3,2,0,2
9,243,435,184,339,1.35,6,4,3,2,0,2
3,452,500,281,476,1.23,6,4,3,2,0,2
8,247,428,184,338,1.27,6,4,3,2,0,2
5,215,171,120,193,1.77,6,4,3,2,0,2
7,499,541,308,520,0.58,6,4,3,2,0,0
2,239,219,139,229,1.34,6,4,3,2,0,2
0,334,445,223,390,1.79,6,4,3,2,0,2
4,316,326,192,321,1.16,6,4,3,2,0,2
6,513,328,271,420,0.94,6,4,3,2,0,2
1,544,370,292,457,0.93,6,4,3,2,0,2
9,183,543,182,363,1.34,6,4,3,2,0,2
3,232,465,186,348,0.84,6,4,3,2,0,2
8,342,510,239,426,2.16,7,4,3,2,0,2
5,240,173,131,206,1.74,7,4,3,2,0,2
7,378,509,253,444,0.96,7,4,3,2,0,2
2,370,211,190,290,0.56,7,4,3,2,0,0
0,547,201,259,374,0.87,7,4,3,2,0,2
4,401,550,270,476,0.9,7,4,3,2,0,2
6,432,235,220,334,0.65,7,4,3,2,0,0
1,542,304,278,423,0.93,7,4,3,2,0,2
9,367,512,249,440,0.96,7,4,3,2,0,2
3,392,332,223,362,0.95,7,4,3,2,0,2
8,281,305,173,293,2.29,7,4,3,2,0,2
5,162,456,156,309,0.6,7,4,3,2,0,0
7,392,540,265,466,1.41,7,4,3,2,0,2
2,440,388,254,414,2.21,7,4,3,2,0,2
0,246,367,172,306,1.17,7,4,3,2,0,2
4,288,221,159,254,2.04,7,4,3,2,0,2
6,156,319,126,238,0.61,7,4,3,2,0,0
1,390,198,196,294,1.25,7,4,3,2,0,2
9,200,321,144,260,0.83,7,4,3,2,0,2
3,524,334,276,429,1.62,7,4,3,2,0,2
8,439,202,216,320,1.35,7,4,3,2,0,2
5,437,471,269,454,1.6,7,4,3,2,0,2
7,467,207,228,337,0.72,7,4,3,2,0,0
2,340,497,235,418,1.37,7,4,3,2,0,2
0,174,464,162,319,1.27,7,4,3,2,0,2
4,500,296,259,398,0.64,7,4,3,2,0,0
6,153,202,102,178,2.42,7,4,3,2,0,2
1,314,318,189,316,0.63,7,4,3,2,0,0
9,499,505,301,502,1.34,7,4,3,2,0,2
3,484,499,293,492,2.01,7,4,3,2,0,2
8,533,394,292,464,2.44,7,4,3,2,0,2
5,242,425,182,334,1.57,7,4,3,2,0,2
7,386,370,228,378,1.44,7,4,3,2,0,2
2,275,305,171,290,0.61,7,4,3,2,0,0
0,270,545,217,408,2.11,7,4,3,2,0,2
4,448,151,209,300,2.12,7,4,3,2,0,2
6,163,236,112,200,2.23,7,4,3,2,0,2
1,166,443,155,304,1.95,7,4,3,2,0,2
9,212,456,176,334,0.86,7,4,3,2,0,2
3,190,248,126,219,2.03,7,4,3,2,0,2
8,1705,940,870,1322,4.98,8,4,3,2,0,2
5,805,831,488,818,5.19,8,4,3,2,0,2
7,1281,787,670,1034,5.06,8,4,3,2,0,2
2,1299,506,621,902,4.41,8,4,3,2,0,2
0,973,997,589,985,5.06,8,4,3,2,0,2
4,2469,1000,1188,1734,4.17,8,4,3,2,0,2
6,1061,768,578,914,4.98,8,4,3,2,0,2
1,1684,671,808,1178,5.13,8,4,3,2,0,2
9,1971,735,935,1353,4.47,8,4,3,2,0,2
3,1734,893,872,1314,4.82,8,4,3,2,0,2
8,2070,727,973,1398,3.07,8,4,3,2,0,2
5,2141,569,970,1355,3.55,8,4,3,2,0,2
7,2229,683,1028,1456,5.16,8,4,3,2,0,2
2,2263,414,988,1338,5.52,8,4,3,2,0,2
0,1361,972,739,1166,5.79,8,4,3,2,0,2
4,2450,683,1117,1566,3.62,8,4,3,2,0,2
6,1253,990,699,1122,3.7,8,4,3,2,0,2
1,2493,982,1194,1738,4.06,8,4,3,2,0,2
9,2251,494,999,1372,4.2,8,4,3,2,0,2
3,1143,713,600,928,4.86,8,4,3,2,0,2
8,1560,743,773,1152,3.85,8,4,3,2,0,2
5,1186,707,616,946,4.46,8,4,3,2,0,2
7,2357,740,1091,1548,3.14,8,4,3,2,0,2
2,1728,642,820,1185,5.21,8,4,3,2,0,2
0,2152,645,990,1398,3.98,8,4,3,2,0,2
4,1360,421,628,890,3.06,8,4,3,2,0,2
6,1323,973,724,1148,3.42,8,4,3,2,0,2
1,1965,846,955,1406,4.25,8,4,3,2,0,2
9,2053,418,905,1236,3.42,8,4,3,2,0,2
3,1465,786,743,1126,4.36,8,4,3,2,0,2
8,1668,812,830,1240,3.55,8,4,3,2,0,2
5,1139,436,543,788,3.03,8,4,3,2,0,2
7,2265,628,1032,1446,4.45,8,4,3,2,0,2
2,1082,734,580,908,4.3,8,4,3,2,0,2
0,2318,919,1111,1618,3.46,8,4,3,2,0,2
4,1397,910,741,1154,3.25,8,4,3,2,0,2
6,1940,632,902,1286,4.08,8,4,3,2,0,2
1,1132,523,557,828,4.64,8,4,3,2,0,2
9,2349,695,1079,1522,4.72,8,4,3,2,0,2
3,1769,896,887,1332,4.81,8,4,3,2,0,2
8,2107,501,943,1304,4.59,9,4,3,2,0,2
5,1509,642,732,1076,3.36,9,4,3,2,0,2
7,2375,537,1057,1456,5.61,9,4,3,2,0,2
2,2192,885,1054,1538,3.1,9,4,3,2,0,2
0,856,839,510,848,3.6,9,4,3,2,0,2
4,1986,687,932,1336,5.46,9,4,3,2,0,2
6,1105,992,640,1048,4.25,9,4,3,2,0,2
1,1335,884,711,1110,3.69,9,4,3,2,0,2
9,2150,781,1016,1466,4.89,9,4,3,2,0,2
3,1260,768,658,1014,3.51,9,4,3,2,0,2
8,1763,628,831,1196,4.55,9,4,3,2,0,2
5,1181,692,611,936,4.51,9,4,3,2,0,2
7,2262,808,1066,1535,5.79,9,4,3,2,0,2
2,2142,998,1056,1570,4.96,9,4,3,2,0,2
0,2067,927,1012,1497,5.16,9,4,3,2,0,2
4,1748,680,835,1214,3.25,9,4,3,2,0,2
6,1687,531,781,1109,3.13,9,4,3,2,0,2
1,1970,706,929,1338,3.86,9,4,3,2,0,2
9,2117,806,1008,1462,3.39,9,4,3,2,0,2
3,1667,947,856,1307,3.73,9,4,3,2,0,2
8,2417,772,1121,1594,5.36,9,4,3,2,0,2
5,2352,767,1094,1560,4.34,9,4,3,2,0,2
7,905,960,554,932,4.48,9,4,3,2,0,2
2,985,727,539,856,3.62,9,4,3,2,0,2
0,1146,575,573,860,4.46,9,4,3,2,0,2
4,2427,719,1115,1573,5.23,9,4,3,2,0,2
6,1828,712,874,1270,3.2,9,4,3,2,0,2
1,898,745,508,822,5.54,9,4,3,2,0,2
9,2279,485,1009,1382,5.12,9,4,3,2,0,2
3,1629,704,792,1166,3.67,9,4,3,2,0,2
8,932,468,466,700,4.15,9,4,3,2,0,2
5,1177,575,586,876,5.75,9,4,3,2,0,2
7,1409,495,663,952,5.25,9,4,3,2,0,2
2,2190,800,1036,1495,5.42,9,4,3,2,0,2
0,1254,913,684,1084,5.66,9,4,3,2,0,2
4,1981,671,927,1326,5.22,9,4,3,2,0,2
6,2057,460,915,1258,5.25,9,4,3,2,0,2
1,1436,585,691,1010,3.17,9,4,3,2,0,2
9,1764,675,841,1220,5.47,9,4,3,2,0,2
3,2195,859,1050,1527,5.44,9,4,3,2,0,2
8,1153,447,551,800,5.76,10,4,3,2,0,2
5,1883,988,951,1436,5.37,10,4,3,2,0,2
7,1348,683,676,1016,5.13,10,4,3,2,0,2
2,1191,705,617,948,4.95,10,4,3,2,0,2
0,2488,952,1186,1720,4.9,10,4,3,2,0,2
4,1657,688,800,1172,4.39,10,4,3,2,0,2
6,1596,593,757,1094,5.02,10,4,3,2,0,2
1,2382,892,1131,1637,3.82,10,4,3,2,0,2
9,929,513,474,721,5.1,10,4,3,2,0,2
3,2252,769,1055,1510,3.42,10,4,3,2,0,2
8,2313,447,1015,1380,5.29,10,4,3,2,0,2
5,1674,709,811,1192,4.1,10,4,3,2,0,2
7,1303,408,603,856,3.27,10,4,3,2,0,2
2,2428,404,1052,1416,4.81,10,4,3,2,0,2
0,1506,871,777,1188,4.1,10,4,3,2,0,2
4,888,760,507,824,4.83,10,4,3,2,0,2
6,2191,849,1046,1520,3.9,10,4,3,2,0,2
1,1029,953,602,991,4.99,10,4,3,2,0,2
9,1385,924,739,1154,5.07,10,4,3,2,0,2
3,837,869,509,853,5.56,10,4,3,2,0,2
8,2005,688,940,1346,4.02,10,4,3,2,0,2
5,2004,453,892,1228,3.5,10,4,3,2,0,2
7,1852,836,908,1344,3.49,10,4,3,2,0,2
2,2425,430,1056,1428,3.33,10,4,3,2,0,2
0,2240,984,1093,1612,3.85,10,4,3,2,0,2
4,1351,844,709,1098,4.67,10,4,3,2,0,2
6,2196,435,965,1316,3.99,10,4,3,2,0,2
1,1591,535,743,1063,3.49,10,4,3,2,0,2
9,982,905,574,944,3.44,10,4,3,2,0,2
3,2121,570,962,1346,4.11,10,4,3,2,0,2
8,1739,938,883,1338,3.78,10,4,3,2,0,2
5,2090,495,935,1292,3.97,10,4,3,2,0,2
7,1881,772,907,1326,4.89,10,4,3,2,0,2
2,2308,744,1072,1526,5.75,10,4,3,2,0,2
0,2167,944,1056,1556,3.99,10,4,3,2,0,2
4,2099,726,985,1412,5.57,10,4,3,2,0,2
6,1794,559,829,1176,5.21,10,4,3,2,0,2
1,1039,630,542,834,5.74,10,4,3,2,0,2
9,1995,847,967,1421,3.56,10,4,3,2,0,2
3,984,494,492,739,5.0,10,4,3,2,0,2
8,358,230,189,294,1.25,11,4,3,2,0,2
5,320,163,161,242,2.12,11,4,3,2,0,2
7,283,438,201,360,1.09,11,4,3,2,0,2
2,211,199,124,205,0.57,11,4,3,2,0,0
0,251,372,175,312,0.85,11,4,3,2,0,2
4,473,392,268,432,2.49,11,4,3,2,0,2
6,295,486,215,390,0.99,11,4,3,2,0,2
1,529,221,256,375,1.9,11,4,3,2,0,2
9,343,172,172,258,2.24,11,4,3,2,0,2
3,535,213,257,374,1.43,11,4,3,2,0,2
8,212,326,150,269,2.01,11,4,3,2,0,2
5,494,483,294,488,1.9,11,4,3,2,0,2
7,243,236,144,240,2.15,11,4,3,2,0,2
2,403,336,228,370,0.56,11,4,3,2,0,0
0,398,331,225,364,0.76,11,4,3,2,0,2
4,302,521,225,412,1.04,11,4,3,2,0,2
6,278,436,198,357,0.51,11,4,3,2,0,0
1,252,357,172,304,1.15,11,4,3,2,0,2
9,418,387,245,402,2.25,11,4,3,2,0,2
3,268,527,213,398,2.13,11,4,3,2,0,2
8,230,189,130,210,2.17,11,4,3,2,0,2
5,402,204,202,303,1.22,11,4,3,2,0,2
7,338,514,238,426,2.35,11,4,3,2,0,2
2,506,201,243,354,1.58,11,4,3,2,0,2
0,407,333,229,370,0.83,11,4,3,2,0,2
4,189,427,161,308,2.19,11,4,3,2,0,2
6,197,155,110,176,1.3,11,4,3,2,0,2
1,300,436,207,368,1.29,11,4,3,2,0,2
9,305,193,161,249,2.33,11,4,3,2,0,2
3,326,401,211,364,2.31,11,4,3,2,0,2
8,366,219,190,292,1.59,11,4,3,2,0,2
5,467,357,258,412,0.86,11,4,3,2,0,2
7,313,390,203,352,1.54,11,4,3,2,0,2
2,370,497,247,434,2.47,11,4,3,2,0,2
0,443,464,270,454,0.77,11,4,3,2,0,2
4,452,425,266,438,2.0,11,4,3,2,0,2
6,242,528,202,385,1.46,11,4,3,2,0,2
1,546,268,272,407,0.5,11,4,3,2,0,0
9,152,352,131,252,1.54,11,4,3,2,0,2
3,298,203,160,250,1.7,11,4,3,2,0,2
8,427,444,260,436,1.23,12,4,3,2,0,2
5,478,183,228,330,1.39,12,4,3,2,0,2
7,381,372,227,376,0.85,12,4,3,2,0,2
2,449,211,222,330,1.76,12,4,3,2,0,2
0,531,427,298,479,0.72,12,4,3,2,0,0
4,415,492,264,454,1.2,12,4,3,2,0,2
6,227,470,185,348,2.37,12,4,3,2,0,2
1,444,423,262,434,1.63,12,4,3,2,0,2
9,456,255,233,356,1.76,12,4,3,2,0,2
3,456,526,288,491,1.02,12,4,3,2,0,2
8,339,545,245,442,1.17,12,4,3,2,0,2
5,352,454,232,403,1.44,12,4,3,2,0,2
7,274,266,163,270,1.22,12,4,3,2,0,2
2,274,475,205,374,0.57,12,4,3,2,0,0
0,199,291,138,245,1.64,12,4,3,2,0,2
4,264,273,160,268,0.59,12,4,3,2,0,0
6,275,334,177,304,1.15,12,4,3,2,0,2
1,410,373,239,392,0.57,12,4,3,2,0,0
9,257,346,172,302,1.85,12,4,3,2,0,2
3,498,199,239,348,2.42,12,4,3,2,0,2
8,348,390,217,369,0.53,12,4,3,2,0,0
5,548,346,288,447,1.59,12,4,3,2,0,2
7,476,504,291,490,2.43,12,4,3,2,0,2
2,163,258,117,210,2.29,12,4,3,2,0,2
0,541,342,285,442,1.99,12,4,3,2,0,2
4,279,222,156,250,1.08,12,4,3,2,0,2
6,202,391,159,296,1.8,12,4,3,2,0,2
1,467,433,273,450,2.43,12,4,3,2,0,2
9,517,531,313,524,2.35,12,4,3,2,0,2
3,503,307,263,405,1.42,12,4,3,2,0,2
8,315,532,232,424,1.63,12,4,3,2,0,2
5,525,524,315,524,1.09,12,4,3,2,0,2
7,537,416,298,476,1.8,12,4,3,2,0,2
2,458,486,280,472,2.17,12,4,3,2,0,2
0,325,508,232,416,0.88,12,4,3,2,0,2
4,278,547,221,412,1.11,12,4,3,2,0,2
6,427,349,241,388,1.5,12,4,3,2,0,2
1,194,443,166,318,1.7,12,4,3,2,0,2
9,296,194,157,245,1.48,12,4,3,2,0,2
3,254,372,176,313,2.49,12,4,3,2,0,2
8,423,343,238,383,1.35,13,4,3,2,0,2
5,366,291,205,328,2.44,13,4,3,2,0,2
7,234,454,184,344,1.05,13,4,3,2,0,2
2,373,505,250,439,1.88,13,4,3,2,0,2
0,529,298,271,414,1.72,13,4,3,2,0,2
4,441,550,286,496,1.29,13,4,3,2,0,2
6,198,310,141,254,1.43,13,4,3,2,0,2
1,542,279,273,410,1.72,13,4,3,2,0,2
9,377,331,217,354,2.49,13,4,3,2,0,2
3,439,528,281,484,1.69,13,4,3,2,0,2
8,411,379,240,395,2.28,13,4,3,2,0,2
5,175,539,178,357,0.68,13,4,3,2,0,0
7,193,394,156,294,0.62,13,4,3,2,0,0
2,328,244,180,286,0.73,13,4,3,2,0,0
0,524,376,285,450,1.31,13,4,3,2,0,2
4,384,341,222,362,0.75,13,4,3,2,0,2
6,520,546,317,533,0.97,13,4,3,2,0,2
1,526,170,244,348,1.74,13,4,3,2,0,2
9,489,405,277,447,1.91,13,4,3,2,0,2
3,349,489,237,419,0.86,13,4,3,2,0,2
8,399,177,195,288,1.2,13,4,3,2,0,2
5,264,157,137,210,1.1,13,4,3,2,0,2
7,487,403,275,445,2.1,13,4,3,2,0,2
2,218,378,163,298,1.05,13,4,3,2,0,2
0,185,403,155,294,0.63,13,4,3,2,0,0
4,295,508,220,402,2.0,13,4,3,2,0,2
6,156,549,172,352,1.73,13,4,3,2,0,2
1,512,394,284,453,1.44,13,4,3,2,0,2
9,375,320,214,348,0.75,13,4,3,2,0,2
3,369,385,225,377,1.12,13,4,3,2,0,2
8,515,477,301,496,1.27,13,4,3,2,0,2
5,326,476,226,401,2.06,13,4,3,2,0,2
7,266,351,177,308,0.92,13,4,3,2,0,2
2,185,534,181,360,1.47,13,4,3,2,0,2
0,502,271,255,386,2.23,13,4,3,2,0,2
4,503,367,275,435,1.91,13,4,3,2,0,2
6,534,514,316,524,1.49,13,4,3,2,0,2
1,266,295,165,280,1.56,13,4,3,2,0,2
9,341,494,235,418,2.19,13,4,3,2,0,2
3,295,449,208,372,1.01,13,4,3,2,0,2
8,354,271,196,312,1.4,14,4,3,2,0,2
5,238,475,190,356,0.51,14,4,3,2,0,0
7,229,411,174,320,2.13,14,4,3,2,0,2
2,494,269,251,382,1.16,14,4,3,2,0,2
0,471,463,281,467,2.37,14,4,3,2,0,2
4,188,339,143,264,0.95,14,4,3,2,0,2
6,179,518,175,348,2.2,14,4,3,2,0,2
1,424,453,260,438,1.67,14,4,3,2,0,2
9,286,517,218,402,1.24,14,4,3,2,0,2
3,489,304,256,396,2.38,14,4,3,2,0,2
8,218,419,171,318,1.8,14,4,3,2,0,2
5,544,350,288,447,2.03,14,4,3,2,0,2
7,277,401,191,339,1.96,14,4,3,2,0,2
2,459,187,221,323,0.51,14,4,3,2,0,0
0,415,505,267,460,1.82,14,4,3,2,0,2
4,451,512,283,482,0.55,14,4,3,2,0,0
6,498,475,294,486,0.7,14,4,3,2,0,0
1,270,407,189,338,2.32,14,4,3,2,0,2
9,354,474,236,414,1.54,14,4,3,2,0,2
3,547,367,292,457,0.66,14,4,3,2,0,0
8,309,291,182,300,1.16,14,4,3,2,0,2
5,412,153,195,282,0.65,14,4,3,2,0,0
7,405,448,252,426,2.0,14,4,3,2,0,2
2,331,235,179,283,1.23,14,4,3,2,0,2
0,155,211,104,183,1.75,14,4,3,2,0,2
4,398,323,224,360,1.93,14,4,3,2,0,2
6,178,247,121,212,0.57,14,4,3,2,0,0
1,521,162,241,342,1.92,14,4,3,2,0,2
9,381,456,244,418,1.0,14,4,3,2,0,2
3,403,362,234,382,2.21,14,4,3,2,0,2
8,260,495,203,378,2.34,14,4,3,2,0,2
5,436,258,226,347,2.02,14,4,3,2,0,2
7,430,328,238,379,1.5,14,4,3,2,0,2
2,461,263,237,362,1.47,14,4,3,2,0,2
0,258,225,148,242,1.83,14,4,3,2,0,2
4,304,550,232,427,0.63,14,4,3,2,0,0
6,338,437,223,388,1.87,14,4,3,2,0,2
1,370,281,204,326,0.57,14,4,3,2,0,0
9,383,523,258,453,2.14,14,4,3,2,0,2
3,505,392,280,448,0.71,14,4,3,2,0,0
8,481,549,302,515,0.6,15,4,3,2,0,0
5,233,278,149,256,0.57,15,4,3,2,0,0
7,327,238,178,282,0.92,15,4,3,2,0,2
2,234,475,189,354,2.1,15,4,3,2,0,2
0,499,466,293,482,1.01,15,4,3,2,0,2
4,497,495,298,496,2.13,15,4,3,2,0,2
6,174,397,149,286,1.94,15,4,3,2,0,2
1,291,437,204,364,2.27,15,4,3,2,0,2
9,538,221,259,380,1.19,15,4,3,2,0,2
3,418,422,252,420,0.95,15,4,3,2,0,2
8,478,203,232,340,2.12,15,4,3,2,0,2
5,280,240,160,260,1.14,15,4,3,2,0,2
7,266,304,167,285,2.25,15,4,3,2,0,2
2,318,296,186,307,1.25,15,4,3,2,0,2
0,492,328,262,410,1.62,15,4,3,2,0,2
4,453,422,266,438,2.06,15,4,3,2,0,2
6,422,353,239,388,0.93,15,4,3,2,0,2
1,251,223,145,237,0.96,15,4,3,2,0,2
9,205,337,149,271,2.35,15,4,3,2,0,2
3,354,358,213,356,1.79,15,4,3,2,0,2
8,313,317,189,315,2.14,15,4,3,2,0,2
5,270,241,156,256,2.37,15,4,3,2,0,2
7,209,153,114,181,1.52,15,4,3,2,0,2
2,413,168,199,290,1.78,15,4,3,2,0,2
0,227,227,136,227,2.25,15,4,3,2,0,2
4,495,460,290,478,2.43,15,4,3,2,0,2
6,373,187,187,280,0.8,15,4,3,2,0,2
1,270,501,208,386,1.83,15,4,3,2,0,2
9,216,278,142,247,1.88,15,4,3,2,0,2
3,467,461,279,464,1.42,15,4,3,2,0,2
8,480,189,230,334,1.55,15,4,3,2,0,2
5,211,352,155,282,1.26,15,4,3,2,0,2
7,187,481,171,334,1.74,15,4,3,2,0,2
2,283,510,215,396,1.45,15,4,3,2,0,2
0,478,330,257,404,2.07,15,4,3,2,0,2
4,223,352,160,288,1.25,15,4,3,2,0,2
6,197,157,110,177,1.26,15,4,3,2,0,2
1,281,280,168,280,2.11,15,4,3,2,0,2
9,345,511,240,428,1.75,15,4,3,2,0,2
3,258,533,210,396,0.62,15,4,3,2,0,0
8,404,438,249,421,1.3,16,4,3,2,0,2
5,524,254,260,389,0.56,16,4,3,2,0,0
7,531,263,265,397,1.75,16,4,3,2,0,2
2,379,244,200,312,1.55,16,4,3,2,0,2
0,269,165,141,217,2.37,16,4,3,2,0,2
4,533,345,282,439,1.26,16,4,3,2,0,2
6,268,535,214,402,0.89,16,4,3,2,0,2
1,281,324,177,302,1.26,16,4,3,2,0,2
9,360,175,179,268,1.27,16,4,3,2,0,2
3,371,502,249,436,1.22,16,4,3,2,0,2
8,336,209,176,272,0.91,16,4,3,2,0,2
5,540,387,293,464,0.64,16,4,3,2,0,0
7,513,359,277,436,1.93,16,4,3,2,0,2
2,330,503,233,416,0.72,16,4,3,2,0,0
0,296,426,204,361,2.49,16,4,3,2,0,2
4,447,331,245,389,1.42,16,4,3,2,0,2
6,433,377,249,405,0.71,16,4,3,2,0,0
1,468,211,229,340,0.73,16,4,3,2,0,0
9,513,244,254,378,1.35,16,4,3,2,0,2
3,488,263,248,376,0.77,16,4,3,2,0,2
8,405,283,219,344,2.14,16,4,3,2,0,2
5,245,172,132,208,1.94,16,4,3,2,0,2
7,185,480,170,332,1.38,16,4,3,2,0,2
2,549,164,252,356,1.15,16,4,3,2,0,2
0,290,181,152,236,1.18,16,4,3,2,0,2
4,419,342,236,380,0.55,16,4,3,2,0,0
6,468,398,267,433,1.9,16,4,3,2,0,2
1,477,326,256,402,1.79,16,4,3,2,0,2
9,497,160,231,328,0.98,16,4,3,2,0,2
3,166,318,130,242,2.49,16,4,3,2,0,2
8,394,274,212,334,1.05,16,4,3,2,0,2
5,518,458,299,488,1.27,16,4,3,2,0,2
7,334,236,181,285,1.4,16,4,3,2,0,2
2,516,523,311,520,0.56,16,4,3,2,0,0
0,406,502,263,454,1.68,16,4,3,2,0,2
4,503,485,298,494,0.71,16,4,3,2,0,0
6,496,168,232,332,0.55,16,4,3,2,0,0
1,229,187,129,208,1.89,16,4,3,2,0,2
9,313,389,203,351,2.02,16,4,3,2,0,2
3,468,527,293,498,1.74,16,4,3,2,0,2
8,1015,1495,705,1255,3.78,17,4,3,2,0,2
5,653,1252,512,952,3.56,17,4,3,2,0,2
7,1028,1261,663,1144,3.14,17,4,3,2,0,2
2,635,2413,737,1524,5.69,17,4,3,2,0,2
0,910,1678,700,1294,3.65,17,4,3,2,0,2
4,1064,2471,920,1768,4.16,17,4,3,2,0,2
6,703,1982,678,1342,3.61,17,4,3,2,0,2
1,1003,1831,767,1417,5.7,17,4,3,2,0,2
9,708,1002,484,855,5.26,17,4,3,2,0,2
3,793,1202,558,998,3.93,17,4,3,2,0,2
8,655,1835,629,1245,5.06,17,4,3,2,0,2
5,1177,2655,1002,1916,4.93,17,4,3,2,0,2
7,947,2544,888,1746,4.08,17,4,3,2,0,2
2,987,2232,841,1610,4.14,17,4,3,2,0,2
0,884,1191,592,1038,4.43,17,4,3,2,0,2
4,1030,1050,622,1040,3.09,17,4,3,2,0,2
6,819,2514,830,1666,3.57,17,4,3,2,0,2
1,724,1470,584,1097,5.63,17,4,3,2,0,2
9,866,1878,722,1372,5.14,17,4,3,2,0,2
3,1100,1548,750,1324,4.13,17,4,3,2,0,2
8,760,1141,532,950,5.0,17,4,3,2,0,2
5,666,2404,747,1535,4.25,17,4,3,2,0,2
7,708,2501,783,1604,4.32,17,4,3,2,0,2
2,1032,1988,810,1510,4.54,17,4,3,2,0,2
0,751,2302,761,1526,3.66,17,4,3,2,0,2
4,870,2002,748,1436,4.75,17,4,3,2,0,2
6,749,1070,514,910,4.34,17,4,3,2,0,2
1,1123,1583,766,1353,3.96,17,4,3,2,0,2
9,837,1693,673,1265,3.05,17,4,3,2,0,2
3,801,1486,618,1144,5.46,17,4,3,2,0,2
8,1069,1455,719,1262,3.53,17,4,3,2,0,2
5,622,1753,599,1188,3.92,17,4,3,2,0,2
7,633,1608,575,1120,4.74,17,4,3,2,0,2
2,820,1385,605,1102,5.02,17,4,3,2,0,2
0,1128,1025,656,1076,5.8,17,4,3,2,0,2
4,697,2640,807,1668,5.62,17,4,3,2,0,2
6,856,2020,746,1438,5.34,17,4,3,2,0,2
1,971,1329,654,1150,3.36,17,4,3,2,0,2
9,857,2662,875,1760,4.75,17,4,3,2,0,2
3,1193,2745,1026,1969,3.35,17,4,3,2,0,2
8,700,2113,703,1406,3.66,18,4,3,2,0,2
5,1180,2666,1005,1923,3.22,18,4,3,2,0,2
7,930,2271,826,1600,3.74,18,4,3,2,0,2
2,1117,2038,854,1578,4.98,18,4,3,2,0,2
0,867,2657,878,1762,4.27,18,4,3,2,0,2
4,856,1544,651,1200,3.75,18,4,3,2,0,2
6,1051,2341,889,1696,4.24,18,4,3,2,0,2
1,621,1834,615,1228,5.6,18,4,3,2,0,2
9,844,1422,622,1133,3.57,18,4,3,2,0,2
3,675,1887,647,1281,3.92,18,4,3,2,0,2
8,730,2133,719,1432,4.97,18,4,3,2,0,2
5,905,2172,796,1538,4.33,18,4,3,2,0,2
7,927,1168,604,1048,4.19,18,4,3,2,0,2
2,744,2392,776,1568,3.92,18,4,3,2,0,2
0,756,2522,807,1639,5.52,18,4,3,2,0,2
4,784,1420,598,1102,3.74,18,4,3,2,0,2
6,1160,1672,798,1416,4.29,18,4,3,2,0,2
1,976,1887,768,1432,3.18,18,4,3,2,0,2
9,871,1929,734,1400,3.86,18,4,3,2,0,2
3,867,1633,673,1250,4.88,18,4,3,2,0,2
8,1144,2581,974,1862,4.03,18,4,3,2,0,2
5,637,1539,563,1088,5.64,18,4,3,2,0,2
7,836,2267,788,1552,4.05,18,4,3,2,0,2
2,827,2245,780,1536,4.94,18,4,3,2,0,2
0,1080,2420,916,1750,3.93,18,4,3,2,0,2
4,829,2330,798,1580,4.25,18,4,3,2,0,2
6,683,1626,598,1154,4.72,18,4,3,2,0,2
1,601,1877,616,1239,3.19,18,4,3,2,0,2
9,646,1241,507,944,5.77,18,4,3,2,0,2
3,769,2051,718,1410,4.79,18,4,3,2,0,2
8,976,1686,728,1331,4.28,18,4,3,2,0,2
5,1162,1816,828,1489,5.28,18,4,3,2,0,2
7,923,1898,749,1410,5.54,18,4,3,2,0,2
2,912,2615,888,1764,3.43,18,4,3,2,0,2
0,1151,2763,1013,1957,5.06,18,4,3,2,0,2
4,891,1023,561,957,5.09,18,4,3,2,0,2
6,674,1401,550,1038,4.49,18,4,3,2,0,2
1,969,1972,782,1470,4.97,18,4,3,2,0,2
9,1129,2070,866,1600,5.65,18,4,3,2,0,2
3,870,1325,613,1098,5.79,18,4,3,2,0,2
8,904,1707,703,1306,4.37,19,4,3,2,0,2
5,738,1317,559,1028,4.0,19,4,3,2,0,2
7,1094,1376,713,1235,4.68,19,4,3,2,0,2
2,645,1607,579,1126,3.35,19,4,3,2,0,2
0,901,1570,674,1236,3.95,19,4,3,2,0,2
4,798,2641,847,1720,4.92,19,4,3,2,0,2
6,913,1873,740,1393,3.47,19,4,3,2,0,2
1,1127,2530,957,1828,4.61,19,4,3,2,0,2
9,835,1608,656,1222,4.87,19,4,3,2,0,2
3,673,2786,826,1730,4.37,19,4,3,2,0,2
8,1033,1243,662,1138,4.99,19,4,3,2,0,2
5,816,2758,878,1787,5.02,19,4,3,2,0,2
7,915,2443,855,1679,3.78,19,4,3,2,0,2
2,808,1771,677,1290,3.73,19,4,3,2,0,2
0,1059,2762,976,1910,3.94,19,4,3,2,0,2
4,955,2774,937,1864,5.1,19,4,3,2,0,2
6,720,1695,627,1208,4.47,19,4,3,2,0,2
1,773,2194,748,1484,4.05,19,4,3,2,0,2
9,776,1549,620,1162,4.32,19,4,3,2,0,2
3,613,2395,724,1504,4.61,19,4,3,2,0,2
8,898,1714,702,1306,3.51,19,4,3,2,0,2
5,1191,2727,1022,1959,4.66,19,4,3,2,0,2
7,738,1567,609,1152,3.38,19,4,3,2,0,2
2,1091,2211,879,1651,3.2,19,4,3,2,0,2
0,679,1470,566,1074,3.78,19,4,3,2,0,2
4,896,2340,826,1618,4.9,19,4,3,2,0,2
6,1053,1609,743,1331,3.77,19,4,3,2,0,2
1,632,2381,729,1506,3.29,19,4,3,2,0,2
9,795,1052,528,924,5.75,19,4,3,2,0,2
3,994,2166,831,1580,5.54,19,4,3,2,0,2
8,939,2088,793,1514,5.5,19,4,3,2,0,2
5,1159,1082,680,1120,4.48,19,4,3,2,0,2
7,1008,1730,749,1369,4.78,19,4,3,2,0,2
2,1194,1648,807,1421,3.58,19,4,3,2,0,2
0,628,2286,708,1457,3.59,19,4,3,2,0,2
4,883,1135,580,1009,4.51,19,4,3,2,0,2
6,1116,1613,769,1364,3.34,19,4,3,2,0,2
1,700,1471,574,1086,3.3,19,4,3,2,0,2
9,966,2599,906,1782,5.52,19,4,3,2,0,2
3,1162,2466,958,1814,3.31,19,4,3,2,0,2
8,703,2709,823,1706,3.92,20,4,3,2,0,2
5,1130,1839,820,1484,4.06,20,4,3,2,0,2
7,1104,2219,885,1662,3.29,20,4,3,2,0,2
2,696,1761,631,1228,4.91,20,4,3,2,0,2
0,677,2468,764,1572,5.65,20,4,3,2,0,2
4,1066,2057,838,1562,5.37,20,4,3,2,0,2
6,1096,1275,693,1186,3.56,20,4,3,2,0,2
1,861,1344,613,1102,4.25,20,4,3,2,0,2
9,1084,2292,892,1688,4.04,20,4,3,2,0,2
3,933,1795,732,1364,3.98,20,4,3,2,0,2
8,1067,2346,896,1706,3.83,20,4,3,2,0,2
5,653,2499,761,1576,3.88,20,4,3,2,0,2
7,1088,1952,826,1520,4.47,20,4,3,2,0,2
2,1075,2411,912,1743,3.08,20,4,3,2,0,2
0,990,2231,842,1610,3.06,20,4,3,2,0,2
4,983,1985,790,1484,5.59,20,4,3,2,0,2
6,877,1566,664,1222,4.34,20,4,3,2,0,2
1,943,2795,936,1869,4.49,20,4,3,2,0,2
9,629,1532,558,1080,5.5,20,4,3,2,0,2
3,892,1456,648,1174,5.43,20,4,3,2,0,2
8,679,2581,788,1630,3.18,20,4,3,2,0,2
5,915,1714,709,1314,5.57,20,4,3,2,0,2
7,1023,1043,618,1033,4.55,20,4,3,2,0,2
2,1174,2210,912,1692,3.06,20,4,3,2,0,2
0,1182,1695,812,1438,4.59,20,4,3,2,0,2
4,1010,2726,949,1868,4.59,20,4,3,2,0,2
6,717,1622,611,1170,3.27,20,4,3,2,0,2
1,871,2020,752,1446,5.26,20,4,3,2,0,2
9,988,1708,737,1348,3.18,20,4,3,2,0,2
3,1068,1089,645,1078,3.07,20,4,3,2,0,2
8,991,1201,637,1096,5.45,20,4,3,2,0,2
5,1013,2279,861,1646,4.95,20,4,3,2,0,2
7,1153,2111,883,1632,3.36,20,4,3,2,0,2
2,795,2756,869,1776,3.54,20,4,3,2,0,2
0,866,1696,686,1281,3.71,20,4,3,2,0,2
4,623,1447,539,1035,4.52,20,4,3,2,0,2
6,1056,1604,743,1330,5.22,20,4,3,2,0,2
1,799,2503,820,1651,4.34,20,4,3,2,0,2
9,1006,1498,702,1252,3.83,20,4,3,2,0,2
3,708,1381,559,1044,4.65,20,4,3,2,0,2
8,332,221,177,276,0.93,21,4,3,2,0,2
5,530,473,307,502,1.89,21,4,3,2,0,2
7,337,311,197,324,1.54,21,4,3,2,0,2
2,180,257,123,218,2.07,21,4,3,2,0,2
0,416,508,268,462,1.61,21,4,3,2,0,2
4,415,246,215,330,2.16,21,4,3,2,0,2
6,515,157,237,336,0.63,21,4,3,2,0,0
1,548,178,255,363,1.36,21,4,3,2,0,2
9,442,214,220,328,1.19,21,4,3,2,0,2
3,472,437,276,454,1.82,21,4,3,2,0,2
8,158,287,121,222,1.61,21,4,3,2,0,2
5,547,237,266,392,1.32,21,4,3,2,0,2
7,296,506,220,401,1.67,21,4,3,2,0,2
2,544,372,292,458,2.07,21,4,3,2,0,2
0,331,226,178,278,1.99,21,4,3,2,0,2
4,533,345,282,439,1.42,21,4,3,2,0,2
6,331,381,209,356,0.76,21,4,3,2,0,2
1,219,340,156,280,2.27,21,4,3,2,0,2
9,380,198,192,289,1.49,21,4,3,2,0,2
3,519,376,283,448,0.71,21,4,3,2,0,0
8,372,332,215,352,1.77,21,4,3,2,0,2
5,542,475,312,508,0.87,21,4,3,2,0,2
7,523,449,299,486,1.38,21,4,3,2,0,2
2,247,364,172,306,2.27,21,4,3,2,0,2
0,195,169,112,182,0.6,21,4,3,2,0,0
4,548,519,323,534,1.38,21,4,3,2,0,2
6,454,496,281,475,1.87,21,4,3,2,0,2
1,192,455,168,324,1.26,21,4,3,2,0,2
9,541,381,293,461,1.6,21,4,3,2,0,2
3,394,154,188,274,2.34,21,4,3,2,0,2
8,183,284,130,234,1.46,21,4,3,2,0,2
5,244,449,187,346,0.59,21,4,3,2,0,0
7,501,319,264,410,1.85,21,4,3,2,0,2
2,234,245,143,240,2.45,21,4,3,2,0,2
0,358,501,243,430,1.28,21,4,3,2,0,2
4,409,423,248,416,0.89,21,4,3,2,0,2
6,496,259,250,378,1.64,21,4,3,2,0,2
1,325,201,170,263,1.11,21,4,3,2,0,2
9,385,300,214,342,0.86,21,4,3,2,0,2
3,267,429,193,348,1.93,21,4,3,2,0,2
8,371,333,215,352,1.27,22,4,3,2,0,2
5,241,510,198,376,2.23,22,4,3,2,0,2
7,187,482,171,334,2.13,22,4,3,2,0,2
2,216,314,149,265,2.49,22,4,3,2,0,2
0,500,328,266,414,1.11,22,4,3,2,0,2
4,205,326,147,266,1.17,22,4,3,2,0,2
6,269,232,154,250,1.56,22,4,3,2,0,2
1,310,508,226,409,1.1,22,4,3,2,0,2
9,309,498,223,404,0.61,22,4,3,2,0,0
3,296,532,225,414,1.48,22,4,3,2,0,2
8,293,226,162,260,1.06,22,4,3,2,0,2
5,519,491,306,505,1.04,22,4,3,2,0,2
7,534,416,297,475,2.37,22,4,3,2,0,2
2,525,324,275,424,1.22,22,4,3,2,0,2
0,420,305,229,362,1.51,22,4,3,2,0,2
4,166,159,98,162,0.65,22,4,3,2,0,0
6,534,349,283,442,1.91,22,4,3,2,0,2
1,326,277,186,302,2.43,22,4,3,2,0,2
9,328,189,169,258,1.8,22,4,3,2,0,2
3,389,261,208,325,2.03,22,4,3,2,0,2
8,218,398,167,308,2.24,22,4,3,2,0,2
5,282,449,203,366,0.76,22,4,3,2,0,2
7,392,419,241,406,1.25,22,4,3,2,0,2
2,153,293,120,223,1.88,22,4,3,2,0,2
0,480,369,266,424,0.92,22,4,3,2,0,2
4,527,261,263,394,1.9,22,4,3,2,0,2
6,445,166,211,306,2.32,22,4,3,2,0,2
1,398,272,214,335,1.1,22,4,3,2,0,2
9,344,290,196,317,0.9,22,4,3,2,0,2
3,519,277,263,398,2.05,22,4,3,2,0,2
8,358,222,188,290,0.62,22,4,3,2,0,0
5,282,289,171,286,0.78,22,4,3,2,0,2
7,311,217,168,264,1.83,22,4,3,2,0,2
2,266,382,183,324,1.31,22,4,3,2,0,2
0,203,167,115,185,2.38,22,4,3,2,0,2
4,394,451,248,422,0.91,22,4,3,2,0,2
6,323,208,171,266,1.9,22,4,3,2,0,2
1,166,305,127,236,1.91,22,4,3,2,0,2
9,479,344,260,412,1.32,22,4,3,2,0,2
3,284,396,193,340,2.38,22,4,3,2,0,2
8,199,344,148,272,2.14,23,4,3,2,0,2
5,471,478,284,474,0.73,23,4,3,2,0,0
7,352,261,193,306,1.87,23,4,3,2,0,2
2,412,329,231,370,2.46,23,4,3,2,0,2
0,223,541,197,382,1.76,23,4,3,2,0,2
4,497,429,285,463,1.44,23,4,3,2,0,2
6,523,269,263,396,1.24,23,4,3,2,0,2
1,500,487,297,494,0.83,23,4,3,2,0,2
9,241,357,168,299,1.07,23,4,3,2,0,2
3,442,192,215,317,2.03,23,4,3,2,0,2
8,287,524,220,406,0.9,23,4,3,2,0,2
5,188,496,174,342,1.97,23,4,3,2,0,2
7,327,188,168,258,0.74,23,4,3,2,0,0
2,412,401,245,406,1.08,23,4,3,2,0,2
0,343,163,170,253,0.91,23,4,3,2,0,2
4,220,435,175,328,1.81,23,4,3,2,0,2
6,277,480,207,378,1.57,23,4,3,2,0,2
1,513,425,290,469,2.42,23,4,3,2,0,2
9,266,242,155,254,0.52,23,4,3,2,0,0
3,218,335,154,276,1.45,23,4,3,2,0,2
8,189,479,171,334,0.85,23,4,3,2,0,2
5,362,422,229,392,0.84,23,4,3,2,0,2
7,279,370,186,324,1.09,23,4,3,2,0,2
2,379,236,199,308,1.1,23,4,3,2,0,2
0,534,200,254,367,1.65,23,4,3,2,0,2
4,545,236,265,390,1.56,23,4,3,2,0,2
6,308,508,225,408,0.95,23,4,3,2,0,2
1,162,186,102,174,1.62,23,4,3,2,0,2
9,161,467,158,314,0.53,23,4,3,2,0,0
3,241,179,132,210,2.31,23,4,3,2,0,2
8,178,287,129,232,0.75,23,4,3,2,0,2
5,413,436,252,424,0.86,23,4,3,2,0,2
7,175,524,175,350,0.98,23,4,3,2,0,2
2,539,309,277,424,0.55,23,4,3,2,0,0
0,171,507,170,339,1.34,23,4,3,2,0,2
4,515,371,280,443,2.16,23,4,3,2,0,2
6,232,523,197,378,1.5,23,4,3,2,0,2
1,358,359,215,358,0.54,23,4,3,2,0,0
9,150,332,126,241,0.51,23,4,3,2,0,0
3,243,426,182,334,1.02,23,4,3,2,0,2
8,0,0,0,0,0.0,0,5,3,3,0,1
5,0,0,0,0,0.0,0,5,3,3,0,1
7,0,0,0,0,0.0,0,5,3,3,0,1
2,0,0,0,0,0.0,0,5,3,3,0,1
0,0,0,0,0,0.0,0,5,3,3,0,1
4,0,0,0,0,0.0,0,5,3,3,0,1
6,0,0,0,0,0.0,0,5,3,3,0,1
1,0,0,0,0,0.0,0,5,3,3,0,1
9,0,0,0,0,0.0,0,5,3,3,0,1
3,0,0,0,0,0.0,0,5,3,3,0,1
8,0,0,0,0,0.0,0,5,3,3,0,1
5,0,0,0,0,0.0,0,5,3,3,0,1
7,0,0,0,0,0.0,0,5,3,3,0,1
2,0,0,0,0,0.0,0,5,3,3,0,1
0,0,0,0,0,0.0,0,5,3,3,0,1
4,0,0,0,0,0.0,0,5,3,3,0,1
6,0,0,0,0,0.0,0,5,3,3,0,1
1,0,0,0,0,0.0,0,5,3,3,0,1
9,0,0,0,0,0.0,0,5,3,3,0,1
3,0,0,0,0,0.0,0,5,3,3,0,1
8,0,0,0,0,0.0,0,5,3,3,0,1
5,0,0,0,0,0.0,0,5,3,3,0,1
7,0,0,0,0,0.0,0,5,3,3,0,1
2,0,0,0,0,0.0,0,5,3,3,0,1
0,0,0,0,0,0.0,0,5,3,3,0,1
4,0,0,0,0,0.0,0,5,3,3,0,1
6,0,0,0,0,0.0,0,5,3,3,0,1
1,0,0,0,0,0.0,0,5,3,3,0,1
9,0,0,0,0,0.0,0,5,3,3,0,1
3,0,0,0,0,0.0,0,5,3,3,0,1
8,0,0,0,0,0.0,0,5,3,3,0,1
5,0,0,0,0,0.0,0,5,3,3,0,1
7,0,0,0,0,0.0,0,5,3,3,0,1
2,0,0,0,0,0.0,0,5,3,3,0,1
0,0,0,0,0,0.0,0,5,3,3,0,1
4,0,0,0,0,0.0,0,5,3,3,0,1
6,0,0,0,0,0.0,0,5,3,3,0,1
1,0,0,0,0,0.0,0,5,3,3,0,1
9,0,0,0,0,0.0,0,5,3,3,0,1
3,0,0,0,0,0.0,0,5,3,3,0,1
8,0,0,0,0,0.0,1,5,3,3,0,1
5,0,0,0,0,0.0,1,5,3,3,0,1
7,0,0,0,0,0.0,1,5,3,3,0,1
2,0,0,0,0,0.0,1,5,3,3,0,1
0,0,0,0,0,0.0,1,5,3,3,0,1
4,0,0,0,0,0.0,1,5,3,3,0,1
6,0,0,0,0,0.0,1,5,3,3,0,1
1,0,0,0,0,0.0,1,5,3,3,0,1
9,0,0,0,0,0.0,1,5,3,3,0,1
3,0,0,0,0,0.0,1,5,3,3,0,1
8,0,0,0,0,0.0,1,5,3,3,0,1
5,0,0,0,0,0.0,1,5,3,3,0,1
7,0,0,0,0,0.0,1,5,3,3,0,1
2,0,0,0,0,0.0,1,5,3,3,0,1
0,0,0,0,0,0.0,1,5,3,3,0,1
4,0,0,0,0,0.0,1,5,3,3,0,1
6,0,0,0,0,0.0,1,5,3,3,0,1
1,0,0,0,0,0.0,1,5,3,3,0,1
9,0,0,0,0,0.0,1,5,3,3,0,1
3,0,0,0,0,0.0,1,5,3,3,0,1
8,0,0,0,0,0.0,1,5,3,3,0,1
5,0,0,0,0,0.0,1,5,3,3,0,1
7,0,0,0,0,0.0,1,5,3,3,0,1
2,0,0,0,0,0.0,1,5,3,3,0,1
0,0,0,0,0,0.0,1,5,3,3,0,1
4,0,0,0,0,0.0,1,5,3,3,0,1
6,0,0,0,0,0.0,1,5,3,3,0,1
1,0,0,0,0,0.0,1,5,3,3,0,1
9,0,0,0,0,0.0,1,5,3,3,0,1
3,0,0,0,0,0.0,1,5,3,3,0,1
8,0,0,0,0,0.0,1,5,3,3,0,1
5,0,0,0,0,0.0,1,5,3,3,0,1
7,0,0,0,0,0.0,1,5,3,3,0,1
2,0,0,0,0,0.0,1,5,3,3,0,1
0,0,0,0,0,0.0,1,5,3,3,0,1
4,0,0,0,0,0.0,1,5,3,3,0,1
6,0,0,0,0,0.0,1,5,3,3,0,1
1,0,0,0,0,0.0,1,5,3,3,0,1
9,0,0,0,0,0.0,1,5,3,3,0,1
3,0,0,0,0,0.0,1,5,3,3,0,1
8,0,0,0,0,0.0,2,5,3,3,0,1
5,0,0,0,0,0.0,2,5,3,3,0,1
7,0,0,0,0,0.0,2,5,3,3,0,1
2,0,0,0,0,0.0,2,5,3,3,0,1
0,0,0,0,0,0.0,2,5,3,3,0,1
4,0,0,0,0,0.0,2,5,3,3,0,1
6,0,0,0,0,0.0,2,5,3,3,0,1
1,0,0,0,0,0.0,2,5,3,3,0,1
9,0,0,0,0,0.0,2,5,3,3,0,1
3,0,0,0,0,0.0,2,5,3,3,0,1
8,0,0,0,0,0.0,2,5,3,3,0,1
5,0,0,0,0,0.0,2,5,3,3,0,1
7,0,0,0,0,0.0,2,5,3,3,0,1
2,0,0,0,0,0.0,2,5,3,3,0,1
0,0,0,0,0,0.0,2,5,3,3,0,1
4,0,0,0,0,0.0,2,5,3,3,0,1
6,0,0,0,0,0.0,2,5,3,3,0,1
1,0,0,0,0,0.0,2,5,3,3,0,1
9,0,0,0,0,0.0,2,5,3,3,0,1
3,0,0,0,0,0.0,2,5,3,3,0,1
8,0,0,0,0,0.0,2,5,3,3,0,1
5,0,0,0,0,0.0,2,5,3,3,0,1
7,0,0,0,0,0.0,2,5,3,3,0,1
2,0,0,0,0,0.0,2,5,3,3,0,1
0,0,0,0,0,0.0,2,5,3,3,0,1
4,0,0,0,0,0.0,2,5,3,3,0,1
6,0,0,0,0,0.0,2,5,3,3,0,1
1,0,0,0,0,0.0,2,5,3,3,0,1
9,0,0,0,0,0.0,2,5,3,3,0,1
3,0,0,0,0,0.0,2,5,3,3,0,1
8,0,0,0,0,0.0,2,5,3,3,0,1
5,0,0,0,0,0.0,2,5,3,3,0,1
7,0,0,0,0,0.0,2,5,3,3,0,1
2,0,0,0,0,0.0,2,5,3,3,0,1
0,0,0,0,0,0.0,2,5,3,3,0,1
4,0,0,0,0,0.0,2,5,3,3,0,1
6,0,0,0,0,0.0,2,5,3,3,0,1
1,0,0,0,0,0.0,2,5,3,3,0,1
9,0,0,0,0,0.0,2,5,3,3,0,1
3,0,0,0,0,0.0,2,5,3,3,0,1
8,0,0,0,0,0.0,3,5,3,3,0,1
5,0,0,0,0,0.0,3,5,3,3,0,1
7,0,0,0,0,0.0,3,5,3,3,0,1
2,0,0,0,0,0.0,3,5,3,3,0,1
0,0,0,0,0,0.0,3,5,3,3,0,1
4,0,0,0,0,0.0,3,5,3,3,0,1
6,0,0,0,0,0.0,3,5,3,3,0,1
1,0,0,0,0,0.0,3,5,3,3,0,1
9,0,0,0,0,0.0,3,5,3,3,0,1
3,0,0,0,0,0.0,3,5,3,3,0,1
8,0,0,0,0,0.0,3,5,3,3,0,1
5,0,0,0,0,0.0,3,5,3,3,0,1
7,0,0,0,0,0.0,3,5,3,3,0,1
2,0,0,0,0,0.0,3,5,3,3,0,1
0,0,0,0,0,0.0,3,5,3,3,0,1
4,0,0,0,0,0.0,3,5,3,3,0,1
6,0,0,0,0,0.0,3,5,3,3,0,1
1,0,0,0,0,0.0,3,5,3,3,0,1
9,0,0,0,0,0.0,3,5,3,3,0,1
3,0,0,0,0,0.0,3,5,3,3,0,1
8,0,0,0,0,0.0,3,5,3,3,0,1
5,0,0,0,0,0.0,3,5,3,3,0,1
7,0,0,0,0,0.0,3,5,3,3,0,1
2,0,0,0,0,0.0,3,5,3,3,0,1
0,0,0,0,0,0.0,3,5,3,3,0,1
4,0,0,0,0,0.0,3,5,3,3,0,1
6,0,0,0,0,0.0,3,5,3,3,0,1
1,0,0,0,0,0.0,3,5,3,3,0,1
9,0,0,0,0,0.0,3,5,3,3,0,1
3,0,0,0,0,0.0,3,5,3,3,0,1
8,0,0,0,0,0.0,3,5,3,3,0,1
5,0,0,0,0,0.0,3,5,3,3,0,1
7,0,0,0,0,0.0,3,5,3,3,0,1
2,0,0,0,0,0.0,3,5,3,3,0,1
0,0,0,0,0,0.0,3,5,3,3,0,1
4,0,0,0,0,0.0,3,5,3,3,0,1
6,0,0,0,0,0.0,3,5,3,3,0,1
1,0,0,0,0,0.0,3,5,3,3,0,1
9,0,0,0,0,0.0,3,5,3,3,0,1
3,0,0,0,0,0.0,3,5,3,3,0,1
8,0,0,0,0,0.0,4,5,3,3,0,1
5,0,0,0,0,0.0,4,5,3,3,0,1
7,0,0,0,0,0.0,4,5,3,3,0,1
2,0,0,0,0,0.0,4,5,3,3,0,1
0,0,0,0,0,0.0,4,5,3,3,0,1
4,0,0,0,0,0.0,4,5,3,3,0,1
6,0,0,0,0,0.0,4,5,3,3,0,1
1,0,0,0,0,0.0,4,5,3,3,0,1
9,0,0,0,0,0.0,4,5,3,3,0,1
3,0,0,0,0,0.0,4,5,3,3,0,1
8,0,0,0,0,0.0,4,5,3,3,0,1
5,0,0,0,0,0.0,4,5,3,3,0,1
7,0,0,0,0,0.0,4,5,3,3,0,1
2,0,0,0,0,0.0,4,5,3,3,0,1
0,0,0,0,0,0.0,4,5,3,3,0,1
4,0,0,0,0,0.0,4,5,3,3,0,1
6,0,0,0,0,0.0,4,5,3,3,0,1
1,0,0,0,0,0.0,4,5,3,3,0,1
9,0,0,0,0,0.0,4,5,3,3,0,1
3,0,0,0,0,0.0,4,5,3,3,0,1
8,0,0,0,0,0.0,4,5,3,3,0,1
5,0,0,0,0,0.0,4,5,3,3,0,1
7,0,0,0,0,0.0,4,5,3,3,0,1
2,0,0,0,0,0.0,4,5,3,3,0,1
0,0,0,0,0,0.0,4,5,3,3,0,1
4,0,0,0,0,0.0,4,5,3,3,0,1
6,0,0,0,0,0.0,4,5,3,3,0,1
1,0,0,0,0,0.0,4,5,3,3,0,1
9,0,0,0,0,0.0,4,5,3,3,0,1
3,0,0,0,0,0.0,4,5,3,3,0,1
8,0,0,0,0,0.0,4,5,3,3,0,1
5,0,0,0,0,0.0,4,5,3,3,0,1
7,0,0,0,0,0.0,4,5,3,3,0,1
2,0,0,0,0,0.0,4,5,3,3,0,1
0,0,0,0,0,0.0,4,5,3,3,0,1
4,0,0,0,0,0.0,4,5,3,3,0,1
6,0,0,0,0,0.0,4,5,3,3,0,1
1,0,0,0,0,0.0,4,5,3,3,0,1
9,0,0,0,0,0.0,4,5,3,3,0,1
3,0,0,0,0,0.0,4,5,3,3,0,1
8,0,0,0,0,0.0,5,5,3,3,0,1
5,0,0,0,0,0.0,5,5,3,3,0,1
7,0,0,0,0,0.0,5,5,3,3,0,1
2,0,0,0,0,0.0,5,5,3,3,0,1
0,0,0,0,0,0.0,5,5,3,3,0,1
4,0,0,0,0,0.0,5,5,3,3,0,1
6,0,0,0,0,0.0,5,5,3,3,0,1
1,0,0,0,0,0.0,5,5,3,3,0,1
9,0,0,0,0,0.0,5,5,3,3,0,1
3,0,0,0,0,0.0,5,5,3,3,0,1
8,0,0,0,0,0.0,5,5,3,3,0,1
5,0,0,0,0,0.0,5,5,3,3,0,1
7,0,0,0,0,0.0,5,5,3,3,0,1
2,0,0,0,0,0.0,5,5,3,3,0,1
0,0,0,0,0,0.0,5,5,3,3,0,1
4,0,0,0,0,0.0,5,5,3,3,0,1
6,0,0,0,0,0.0,5,5,3,3,0,1
1,0,0,0,0,0.0,5,5,3,3,0,1
9,0,0,0,0,0.0,5,5,3,3,0,1
3,0,0,0,0,0.0,5,5,3,3,0,1
8,0,0,0,0,0.0,5,5,3,3,0,1
5,0,0,0,0,0.0,5,5,3,3,0,1
7,0,0,0,0,0.0,5,5,3,3,0,1
2,0,0,0,0,0.0,5,5,3,3,0,1
0,0,0,0,0,0.0,5,5,3,3,0,1
4,0,0,0,0,0.0,5,5,3,3,0,1
6,0,0,0,0,0.0,5,5,3,3,0,1
1,0,0,0,0,0.0,5,5,3,3,0,1
9,0,0,0,0,0.0,5,5,3,3,0,1
3,0,0,0,0,0.0,5,5,3,3,0,1
8,0,0,0,0,0.0,5,5,3,3,0,1
5,0,0,0,0,0.0,5,5,3,3,0,1
7,0,0,0,0,0.0,5,5,3,3,0,1
2,0,0,0,0,0.0,5,5,3,3,0,1
0,0,0,0,0,0.0,5,5,3,3,0,1
4,0,0,0,0,0.0,5,5,3,3,0,1
6,0,0,0,0,0.0,5,5,3,3,0,1
1,0,0,0,0,0.0,5,5,3,3,0,1
9,0,0,0,0,0.0,5,5,3,3,0,1
3,0,0,0,0,0.0,5,5,3,3,0,1
8,369,162,180,266,0.75,6,5,3,3,0,2
5,254,279,157,266,1.13,6,5,3,3,0,2
7,293,540,225,416,0.86,6,5,3,3,0,2
2,495,456,289,476,1.76,6,5,3,3,0,2
0,173,282,126,228,2.23,6,5,3,3,0,2
4,290,260,168,275,1.32,6,5,3,3,0,2
6,336,367,208,352,2.47,6,5,3,3,0,2
1,496,331,265,414,2.18,6,5,3,3,0,2
9,327,380,207,354,2.35,6,5,3,3,0,2
3,432,247,222,340,2.44,6,5,3,3,0,2
8,260,156,135,208,0.99,6,5,3,3,0,2
5,308,354,194,331,1.04,6,5,3,3,0,2
7,424,324,234,374,1.09,6,5,3,3,0,2
2,308,457,215,382,1.88,6,5,3,3,0,2
0,469,466,281,468,2.29,6,5,3,3,0,2
4,181,258,124,220,1.25,6,5,3,3,0,2
6,461,186,222,324,1.4,6,5,3,3,0,2
1,324,380,206,352,2.35,6,5,3,3,0,2
9,463,244,234,354,1.65,6,5,3,3,0,2
3,444,228,223,336,2.05,6,5,3,3,0,2
8,392,493,255,442,2.41,6,5,3,3,0,2
5,504,418,285,461,0.95,6,5,3,3,0,2
7,162,483,161,322,0.64,6,5,3,3,0,0
2,230,363,165,296,0.73,6,5,3,3,0,0
0,528,195,250,362,0.79,6,5,3,3,0,2
4,349,328,205,338,2.07,6,5,3,3,0,2
6,272,193,147,232,1.35,6,5,3,3,0,2
1,227,314,154,270,2.07,6,5,3,3,0,2
9,277,381,187,329,1.07,6,5,3,3,0,2
3,343,370,211,356,1.19,6,5,3,3,0,2
8,517,207,248,362,1.01,6,5,3,3,0,2
5,260,166,137,213,1.57,6,5,3,3,0,2
7,337,479,231,408,2.02,6,5,3,3,0,2
2,444,351,248,398,1.13,6,5,3,3,0,2
0,223,365,162,294,1.1,6,5,3,3,0,2
4,180,431,158,306,1.32,6,5,3,3,0,2
6,463,292,244,378,0.64,6,5,3,3,0,0
1,229,444,180,336,1.1,6,5,3,3,0,2
9,540,289,274,414,1.45,6,5,3,3,0,2
3,199,168,113,184,2.16,6,5,3,3,0,2
8,295,187,155,241,2.22,7,5,3,3,0,2
5,533,248,263,390,1.39,7,5,3,3,0,2
7,487,304,256,396,2.43,7,5,3,3,0,2
2,201,164,113,182,1.42,7,5,3,3,0,2
0,444,470,272,457,1.33,7,5,3,3,0,2
4,185,182,110,184,1.91,7,5,3,3,0,2
6,512,154,236,333,1.8,7,5,3,3,0,2
1,234,313,156,274,0.84,7,5,3,3,0,2
9,384,401,234,392,0.77,7,5,3,3,0,2
3,333,498,233,416,1.69,7,5,3,3,0,2
8,481,277,248,379,1.49,7,5,3,3,0,2
5,255,173,137,214,2.25,7,5,3,3,0,2
7,159,480,160,320,2.21,7,5,3,3,0,2
2,528,188,249,358,2.29,7,5,3,3,0,2
0,488,254,246,371,2.4,7,5,3,3,0,2
4,532,418,296,475,1.69,7,5,3,3,0,2
6,213,281,141,247,1.0,7,5,3,3,0,2
1,483,214,236,348,0.73,7,5,3,3,0,0
9,229,537,199,383,1.95,7,5,3,3,0,2
3,246,253,149,250,1.81,7,5,3,3,0,2
8,355,339,210,347,0.65,7,5,3,3,0,0
5,462,210,227,336,0.98,7,5,3,3,0,2
7,350,391,218,370,2.24,7,5,3,3,0,2
2,488,297,255,392,2.49,7,5,3,3,0,2
0,173,237,117,205,0.85,7,5,3,3,0,2
4,433,537,281,485,1.52,7,5,3,3,0,2
6,176,280,126,228,2.29,7,5,3,3,0,2
1,342,204,178,273,0.59,7,5,3,3,0,0
9,418,400,247,409,1.21,7,5,3,3,0,2
3,452,263,233,358,1.31,7,5,3,3,0,2
8,450,469,274,460,1.37,7,5,3,3,0,2
5,196,186,116,191,1.72,7,5,3,3,0,2
7,163,331,131,247,1.44,7,5,3,3,0,2
2,500,219,244,360,1.96,7,5,3,3,0,2
0,468,488,285,478,2.33,7,5,3,3,0,2
4,150,279,116,214,0.66,7,5,3,3,0,0
6,417,295,226,356,1.55,7,5,3,3,0,2
1,431,399,252,415,0.72,7,5,3,3,0,0
9,394,508,259,451,2.0,7,5,3,3,0,2
3,228,186,128,207,0.67,7,5,3,3,0,0
8,2298,989,1117,1644,4.43,8,5,3,3,0,2
5,2237,777,1050,1507,5.37,8,5,3,3,0,2
7,2432,560,1085,1496,5.41,8,5,3,3,0,2
2,896,531,465,714,4.09,8,5,3,3,0,2
0,2230,833,1059,1532,3.26,8,5,3,3,0,2
4,1564,977,821,1270,3.24,8,5,3,3,0,2
6,1379,612,674,996,5.42,8,5,3,3,0,2
1,2482,432,1079,1457,3.03,8,5,3,3,0,2
9,1179,845,641,1012,5.57,8,5,3,3,0,2
3,1023,890,587,956,4.17,8,5,3,3,0,2
8,848,990,537,919,4.44,8,5,3,3,0,2
5,2313,796,1084,1554,5.52,8,5,3,3,0,2
7,866,594,465,730,4.78,8,5,3,3,0,2
2,852,428,426,640,3.92,8,5,3,3,0,2
0,2036,535,921,1286,4.45,8,5,3,3,0,2
4,2127,985,1048,1556,3.29,8,5,3,3,0,2
6,1044,777,573,910,4.4,8,5,3,3,0,2
1,1949,701,920,1325,4.92,8,5,3,3,0,2
9,1683,457,765,1070,4.7,8,5,3,3,0,2
3,1577,865,804,1221,4.91,8,5,3,3,0,2
8,842,895,516,868,5.35,8,5,3,3,0,2
5,1249,854,670,1052,5.44,8,5,3,3,0,2
7,825,824,495,824,3.02,8,5,3,3,0,2
2,1760,686,841,1223,3.28,8,5,3,3,0,2
0,1155,642,590,898,5.33,8,5,3,3,0,2
4,1396,866,732,1131,5.03,8,5,3,3,0,2
6,1703,670,815,1186,5.25,8,5,3,3,0,2
1,1194,497,577,846,3.58,8,5,3,3,0,2
9,1440,899,756,1170,5.31,8,5,3,3,0,2
3,1625,559,762,1092,5.42,8,5,3,3,0,2
8,1920,989,966,1454,3.62,8,5,3,3,0,2
5,1093,887,615,990,5.48,8,5,3,3,0,2
7,2071,811,991,1441,3.91,8,5,3,3,0,2
2,1089,697,575,893,4.77,8,5,3,3,0,2
0,1296,478,614,887,4.18,8,5,3,3,0,2
4,2497,579,1115,1538,4.15,8,5,3,3,0,2
6,1814,918,909,1366,3.31,8,5,3,3,0,2
1,2378,402,1032,1390,3.29,8,5,3,3,0,2
9,1679,676,807,1178,4.88,8,5,3,3,0,2
3,1531,589,730,1060,5.63,8,5,3,3,0,2
8,2487,604,1116,1546,5.75,9,5,3,3,0,2
5,1542,600,737,1071,3.51,9,5,3,3,0,2
7,1713,602,806,1158,4.16,9,5,3,3,0,2
2,904,910,544,907,4.41,9,5,3,3,0,2
0,1136,910,636,1023,3.02,9,5,3,3,0,2
4,1748,486,796,1117,3.08,9,5,3,3,0,2
6,1247,856,670,1052,4.59,9,5,3,3,0,2
1,2360,401,1024,1380,3.23,9,5,3,3,0,2
9,973,789,547,881,5.34,9,5,3,3,0,2
3,2487,496,1094,1492,5.32,9,5,3,3,0,2
8,1752,741,849,1246,3.81,9,5,3,3,0,2
5,1809,950,914,1380,5.11,9,5,3,3,0,2
7,1012,885,582,948,4.61,9,5,3,3,0,2
2,805,978,518,892,4.18,9,5,3,3,0,2
0,1951,865,953,1408,3.13,9,5,3,3,0,2
4,2133,716,996,1424,5.11,9,5,3,3,0,2
6,2097,614,962,1356,4.86,9,5,3,3,0,2
1,2227,655,1022,1441,3.36,9,5,3,3,0,2
9,1184,462,566,823,4.58,9,5,3,3,0,2
3,990,603,517,796,3.26,9,5,3,3,0,2
8,1234,754,644,994,3.26,9,5,3,3,0,2
5,1603,916,824,1260,4.0,9,5,3,3,0,2
7,1625,640,778,1132,4.54,9,5,3,3,0,2
2,2278,582,1028,1430,5.67,9,5,3,3,0,2
0,1119,754,598,936,4.23,9,5,3,3,0,2
4,1751,822,865,1286,5.11,9,5,3,3,0,2
6,938,723,520,830,5.45,9,5,3,3,0,2
1,1325,740,678,1032,5.6,9,5,3,3,0,2
9,2327,579,1047,1453,4.23,9,5,3,3,0,2
3,2117,611,969,1364,3.06,9,5,3,3,0,2
8,1984,642,922,1313,3.07,9,5,3,3,0,2
5,1468,927,773,1198,3.04,9,5,3,3,0,2
7,1986,830,960,1408,3.78,9,5,3,3,0,2
2,1833,917,917,1375,4.39,9,5,3,3,0,2
0,1422,453,659,938,3.54,9,5,3,3,0,2
4,824,936,517,880,3.3,9,5,3,3,0,2
6,1529,812,774,1170,4.84,9,5,3,3,0,2
1,1842,929,923,1386,3.76,9,5,3,3,0,2
9,2201,627,1006,1414,5.39,9,5,3,3,0,2
3,1871,557,860,1214,4.52,9,5,3,3,0,2
8,1927,419,855,1173,5.25,10,5,3,3,0,2
5,2277,725,1056,1501,4.84,10,5,3,3,0,2
7,1380,545,661,962,3.09,10,5,3,3,0,2
2,2357,701,1083,1529,3.87,10,5,3,3,0,2
0,2248,607,1021,1428,5.03,10,5,3,3,0,2
4,2417,946,1156,1682,4.82,10,5,3,3,0,2
6,2335,595,1053,1465,3.78,10,5,3,3,0,2
1,924,817,533,870,4.74,10,5,3,3,0,2
9,1494,485,695,990,4.06,10,5,3,3,0,2
3,2495,897,1177,1696,3.77,10,5,3,3,0,2
8,2052,924,1006,1488,3.32,10,5,3,3,0,2
5,1192,426,562,809,5.08,10,5,3,3,0,2
7,1396,939,746,1168,5.38,10,5,3,3,0,2
2,1982,693,931,1338,4.6,10,5,3,3,0,2
0,2364,720,1090,1542,5.47,10,5,3,3,0,2
4,1481,613,715,1047,3.12,10,5,3,3,0,2
6,1042,820,581,931,4.55,10,5,3,3,0,2
1,1093,907,619,1000,3.39,10,5,3,3,0,2
9,908,515,466,712,4.59,10,5,3,3,0,2
3,1165,625,591,895,4.1,10,5,3,3,0,2
8,1607,551,753,1079,5.22,10,5,3,3,0,2
5,1221,721,633,971,4.74,10,5,3,3,0,2
7,2140,470,950,1305,3.99,10,5,3,3,0,2
2,807,461,415,634,5.15,10,5,3,3,0,2
0,2051,696,960,1374,4.81,10,5,3,3,0,2
4,2104,761,994,1432,3.91,10,5,3,3,0,2
6,1016,430,492,723,4.98,10,5,3,3,0,2
1,2156,945,1051,1550,3.26,10,5,3,3,0,2
9,1200,485,577,842,4.23,10,5,3,3,0,2
3,1776,778,866,1277,3.75,10,5,3,3,0,2
8,2032,863,985,1448,4.08,10,5,3,3,0,2
5,1226,706,632,966,3.54,10,5,3,3,0,2
7,1681,463,765,1072,3.42,10,5,3,3,0,2
2,826,503,431,664,4.53,10,5,3,3,0,2
0,1491,746,746,1118,3.6,10,5,3,3,0,2
4,1216,527,592,872,4.48,10,5,3,3,0,2
6,1198,988,677,1093,3.94,10,5,3,3,0,2
1,1790,677,851,1234,3.71,10,5,3,3,0,2
9,2355,488,1040,1422,3.68,10,5,3,3,0,2
3,1949,659,911,1304,4.64,10,5,3,3,0,2
8,529,352,282,440,1.03,11,5,3,3,0,2
5,411,462,257,436,1.41,11,5,3,3,0,2
7,493,466,290,480,2.43,11,5,3,3,0,2
2,486,337,262,412,1.35,11,5,3,3,0,2
0,233,460,185,346,2.46,11,5,3,3,0,2
4,420,271,222,346,2.36,11,5,3,3,0,2
6,277,359,183,318,1.63,11,5,3,3,0,2
1,539,291,274,415,1.96,11,5,3,3,0,2
9,282,489,211,386,2.44,11,5,3,3,0,2
3,348,427,225,388,2.26,11,5,3,3,0,2
8,479,516,295,498,1.92,11,5,3,3,0,2
5,206,475,177,340,2.13,11,5,3,3,0,2
7,153,173,96,163,1.2,11,5,3,3,0,2
2,355,156,173,256,1.51,11,5,3,3,0,2
0,460,401,264,430,2.47,11,5,3,3,0,2
4,240,429,182,334,1.88,11,5,3,3,0,2
6,211,530,190,370,2.31,11,5,3,3,0,2
1,371,181,185,276,0.71,11,5,3,3,0,0
9,308,327,189,318,1.26,11,5,3,3,0,2
3,366,363,219,364,1.03,11,5,3,3,0,2
8,227,288,148,258,0.82,11,5,3,3,0,2
5,240,492,194,366,1.64,11,5,3,3,0,2
7,357,270,197,314,1.09,11,5,3,3,0,2
2,230,278,148,254,2.32,11,5,3,3,0,2
0,404,468,255,436,1.53,11,5,3,3,0,2
4,441,549,286,495,1.9,11,5,3,3,0,2
6,512,515,308,514,0.76,11,5,3,3,0,2
1,288,424,200,356,1.99,11,5,3,3,0,2
9,534,352,284,443,2.1,11,5,3,3,0,2
3,462,539,293,500,0.64,11,5,3,3,0,0
8,402,366,234,384,0.84,11,5,3,3,0,2
5,465,465,279,465,1.29,11,5,3,3,0,2
7,413,373,240,393,1.54,11,5,3,3,0,2
2,232,318,156,275,1.65,11,5,3,3,0,2
0,460,221,228,340,1.45,11,5,3,3,0,2
4,335,486,231,410,0.63,11,5,3,3,0,0
6,204,381,158,292,1.43,11,5,3,3,0,2
1,304,256,173,280,1.5,11,5,3,3,0,2
9,384,289,211,336,0.88,11,5,3,3,0,2
3,257,264,156,260,1.31,11,5,3,3,0,2
8,434,411,256,422,1.15,12,5,3,3,0,2
5,457,404,264,430,0.85,12,5,3,3,0,2
7,267,335,174,301,2.15,12,5,3,3,0,2
2,169,188,105,178,2.1,12,5,3,3,0,2
0,433,550,283,492,1.74,12,5,3,3,0,2
4,369,430,234,400,0.96,12,5,3,3,0,2
6,440,165,209,302,1.3,12,5,3,3,0,2
1,398,379,235,388,1.95,12,5,3,3,0,2
9,319,164,160,242,0.97,12,5,3,3,0,2
3,422,474,264,448,2.24,12,5,3,3,0,2
8,286,313,177,300,1.05,12,5,3,3,0,2
5,198,453,170,326,2.15,12,5,3,3,0,2
7,319,238,175,278,0.63,12,5,3,3,0,0
2,403,301,221,352,1.86,12,5,3,3,0,2
0,383,225,198,304,1.35,12,5,3,3,0,2
4,298,255,170,276,2.36,12,5,3,3,0,2
6,402,239,209,320,2.21,12,5,3,3,0,2
1,242,407,178,324,2.44,12,5,3,3,0,2
9,331,259,184,295,1.78,12,5,3,3,0,2
3,437,536,282,486,0.67,12,5,3,3,0,0
8,301,358,192,330,1.39,12,5,3,3,0,2
5,529,477,307,503,2.45,12,5,3,3,0,2
7,277,239,159,258,1.21,12,5,3,3,0,2
2,232,238,140,235,0.75,12,5,3,3,0,2
0,216,508,188,362,1.32,12,5,3,3,0,2
4,412,541,273,476,1.03,12,5,3,3,0,2
6,354,460,234,407,1.6,12,5,3,3,0,2
1,285,300,174,292,1.29,12,5,3,3,0,2
9,287,497,214,392,2.1,12,5,3,3,0,2
3,425,321,234,373,0.58,12,5,3,3,0,0
8,540,391,294,466,0.62,12,5,3,3,0,0
5,460,518,288,489,1.79,12,5,3,3,0,2
7,528,304,272,416,1.39,12,5,3,3,0,2
2,224,289,147,256,1.32,12,5,3,3,0,2
0,343,158,169,250,2.43,12,5,3,3,0,2
4,353,281,197,317,1.96,12,5,3,3,0,2
6,494,545,307,520,1.17,12,5,3,3,0,2
1,462,203,225,332,1.02,12,5,3,3,0,2
9,386,494,253,440,1.74,12,5,3,3,0,2
3,167,487,164,327,1.89,12,5,3,3,0,2
8,484,416,277,450,2.03,13,5,3,3,0,2
5,548,440,307,494,1.73,13,5,3,3,0,2
7,410,506,265,458,0.87,13,5,3,3,0,2
2,450,169,214,310,1.27,13,5,3,3,0,2
0,489,430,282,460,0.99,13,5,3,3,0,2
4,170,251,118,210,1.31,13,5,3,3,0,2
6,253,415,184,334,0.57,13,5,3,3,0,0
1,504,370,276,437,1.87,13,5,3,3,0,2
9,430,533,279,482,1.33,13,5,3,3,0,2
3,341,378,212,360,2.41,13,5,3,3,0,2
8,371,351,219,361,2.2,13,5,3,3,0,2
5,443,304,238,374,1.45,13,5,3,3,0,2
7,526,472,305,499,1.58,13,5,3,3,0,2
2,176,440,158,308,2.33,13,5,3,3,0,2
0,215,360,158,288,1.94,13,5,3,3,0,2
4,252,493,199,372,2.38,13,5,3,3,0,2
6,290,443,205,366,2.2,13,5,3,3,0,2
1,326,504,231,415,0.63,13,5,3,3,0,0
9,334,485,231,410,2.0,13,5,3,3,0,2
3,211,332,151,272,1.6,13,5,3,3,0,2
8,539,184,252,362,1.16,13,5,3,3,0,2
5,332,525,238,428,2.22,13,5,3,3,0,2
7,464,437,273,450,1.71,13,5,3,3,0,2
2,405,390,240,398,1.39,13,5,3,3,0,2
0,378,316,214,347,2.05,13,5,3,3,0,2
4,368,547,257,458,1.19,13,5,3,3,0,2
6,333,291,191,312,2.34,13,5,3,3,0,2
1,458,430,269,444,0.86,13,5,3,3,0,2
9,384,535,261,460,1.48,13,5,3,3,0,2
3,397,513,261,455,1.67,13,5,3,3,0,2
8,492,168,230,330,1.81,13,5,3,3,0,2
5,290,211,158,250,0.69,13,5,3,3,0,0
7,398,295,218,346,1.15,13,5,3,3,0,2
2,265,178,142,222,1.92,13,5,3,3,0,2
0,369,262,200,316,2.36,13,5,3,3,0,2
4,295,525,223,410,0.68,13,5,3,3,0,0
6,339,435,223,387,1.19,13,5,3,3,0,2
1,464,444,274,454,1.75,13,5,3,3,0,2
9,328,178,167,253,1.23,13,5,3,3,0,2
3,478,336,258,407,1.82,13,5,3,3,0,2
8,527,377,286,452,1.05,14,5,3,3,0,2
5,412,217,208,314,1.76,14,5,3,3,0,2
7,458,450,273,454,1.08,14,5,3,3,0,2
2,169,262,120,216,0.57,14,5,3,3,0,0
0,263,152,136,208,0.76,14,5,3,3,0,2
4,272,352,179,312,1.66,14,5,3,3,0,2
6,463,396,264,430,1.84,14,5,3,3,0,2
1,428,502,272,465,0.79,14,5,3,3,0,2
9,325,262,182,294,1.03,14,5,3,3,0,2
3,261,313,167,287,1.22,14,5,3,3,0,2
8,232,229,139,230,0.58,14,5,3,3,0,0
5,355,517,245,436,0.65,14,5,3,3,0,0
7,262,449,195,356,1.86,14,5,3,3,0,2
2,243,519,201,381,2.36,14,5,3,3,0,2
0,502,535,308,518,1.35,14,5,3,3,0,2
4,327,545,240,436,2.05,14,5,3,3,0,2
6,179,265,125,222,1.75,14,5,3,3,0,2
1,191,390,154,290,2.17,14,5,3,3,0,2
9,533,382,290,458,0.74,14,5,3,3,0,0
3,223,362,162,292,1.33,14,5,3,3,0,2
8,374,251,200,312,1.26,14,5,3,3,0,2
5,294,366,191,330,1.23,14,5,3,3,0,2
7,439,214,218,326,1.33,14,5,3,3,0,2
2,378,496,250,437,2.39,14,5,3,3,0,2
0,516,158,238,337,0.7,14,5,3,3,0,0
4,367,389,225,378,2.42,14,5,3,3,0,2
6,319,342,196,330,0.5,14,5,3,3,0,0
1,182,478,168,330,1.95,14,5,3,3,0,2
9,434,267,227,350,1.71,14,5,3,3,0,2
3,245,224,143,234,1.11,14,5,3,3,0,2
8,438,538,283,488,1.11,14,5,3,3,0,2
5,303,236,168,270,2.38,14,5,3,3,0,2
7,377,513,253,445,2.22,14,5,3,3,0,2
2,304,245,171,274,1.43,14,5,3,3,0,2
0,372,519,253,446,1.12,14,5,3,3,0,2
4,220,256,139,238,2.44,14,5,3,3,0,2
6,360,403,225,382,2.17,14,5,3,3,0,2
1,209,288,141,248,1.43,14,5,3,3,0,2
9,521,479,304,500,2.3,14,5,3,3,0,2
3,307,250,173,278,1.13,14,5,3,3,0,2
8,436,440,262,438,0.53,15,5,3,3,0,0
5,211,462,177,336,1.62,15,5,3,3,0,2
7,211,214,127,212,0.85,15,5,3,3,0,2
2,218,405,168,312,1.57,15,5,3,3,0,2
0,409,216,207,312,1.79,15,5,3,3,0,2
4,188,231,121,210,0.96,15,5,3,3,0,2
6,218,201,127,210,2.04,15,5,3,3,0,2
1,385,168,188,276,2.0,15,5,3,3,0,2
9,386,433,241,410,1.35,15,5,3,3,0,2
3,425,539,278,482,1.51,15,5,3,3,0,2
8,175,218,114,196,0.65,15,5,3,3,0,0
5,173,418,153,296,1.53,15,5,3,3,0,2
7,449,405,261,427,2.34,15,5,3,3,0,2
2,276,301,171,288,1.73,15,5,3,3,0,2
0,150,527,165,338,2.08,15,5,3,3,0,2
4,353,531,247,442,2.4,15,5,3,3,0,2
6,154,465,155,310,2.47,15,5,3,3,0,2
1,184,477,169,330,2.06,15,5,3,3,0,2
9,168,228,113,198,1.05,15,5,3,3,0,2
3,426,486,268,456,1.74,15,5,3,3,0,2
8,418,495,266,456,1.09,15,5,3,3,0,2
5,188,201,115,194,0.77,15,5,3,3,0,2
7,262,261,157,262,0.82,15,5,3,3,0,2
2,400,424,245,412,2.01,15,5,3,3,0,2
0,319,500,228,410,2.33,15,5,3,3,0,2
4,535,541,322,538,0.68,15,5,3,3,0,0
6,420,182,204,301,0.63,15,5,3,3,0,0
1,358,178,179,268,1.89,15,5,3,3,0,2
9,541,520,320,530,2.39,15,5,3,3,0,2
3,309,212,166,260,1.18,15,5,3,3,0,2
8,355,270,196,312,2.24,15,5,3,3,0,2
5,164,218,109,191,2.36,15,5,3,3,0,2
7,201,258,132,230,0.9,15,5,3,3,0,2
2,511,526,310,518,0.77,15,5,3,3,0,2
0,195,375,153,285,1.61,15,5,3,3,0,2
4,363,433,232,398,2.02,15,5,3,3,0,2
6,467,355,258,411,1.7,15,5,3,3,0,2
1,228,176,126,202,1.67,15,5,3,3,0,2
9,478,271,245,374,0.85,15,5,3,3,0,2
3,195,253,129,224,2.26,15,5,3,3,0,2
8,462,394,264,428,1.4,16,5,3,3,0,2
5,443,444,266,444,2.22,16,5,3,3,0,2
7,395,299,218,347,1.66,16,5,3,3,0,2
2,466,530,292,498,1.72,16,5,3,3,0,2
0,285,441,202,363,0.7,16,5,3,3,0,0
4,533,322,278,428,0.64,16,5,3,3,0,0
6,289,416,199,352,0.62,16,5,3,3,0,0
1,158,270,117,214,1.41,16,5,3,3,0,2
9,421,486,266,454,1.37,16,5,3,3,0,2
3,282,371,187,326,1.41,16,5,3,3,0,2
8,508,188,241,348,0.52,16,5,3,3,0,0
5,523,536,316,530,1.84,16,5,3,3,0,2
7,307,436,210,372,1.75,16,5,3,3,0,2
2,324,431,216,378,2.19,16,5,3,3,0,2
0,529,274,266,402,1.37,16,5,3,3,0,2
4,491,348,266,420,0.94,16,5,3,3,0,2
6,531,366,286,448,2.37,16,5,3,3,0,2
1,268,483,204,376,1.08,16,5,3,3,0,2
9,335,322,198,328,2.13,16,5,3,3,0,2
3,152,508,162,330,1.92,16,5,3,3,0,2
8,332,220,177,276,1.86,16,5,3,3,0,2
5,400,298,220,349,0.82,16,5,3,3,0,2
7,470,394,267,432,0.72,16,5,3,3,0,0
2,227,241,139,234,0.88,16,5,3,3,0,2
0,198,388,157,293,1.08,16,5,3,3,0,2
4,172,535,176,354,0.76,16,5,3,3,0,2
6,545,299,278,422,1.06,16,5,3,3,0,2
1,394,203,198,298,2.14,16,5,3,3,0,2
9,288,466,208,377,1.99,16,5,3,3,0,2
3,260,452,194,356,1.7,16,5,3,3,0,2
8,361,472,239,416,1.52,16,5,3,3,0,2
5,451,387,258,419,1.39,16,5,3,3,0,2
7,355,176,177,266,1.51,16,5,3,3,0,2
2,172,523,173,348,0.83,16,5,3,3,0,2
0,430,413,255,422,0.5,16,5,3,3,0,0
4,523,504,310,514,2.27,16,5,3,3,0,2
6,205,382,158,294,1.7,16,5,3,3,0,2
1,440,341,244,390,1.47,16,5,3,3,0,2
9,214,482,182,348,1.32,16,5,3,3,0,2
3,493,531,303,512,1.79,16,5,3,3,0,2
8,860,2023,749,1442,3.76,17,5,3,3,0,2
5,733,2051,703,1392,5.66,17,5,3,3,0,2
7,722,2300,749,1511,5.49,17,5,3,3,0,2
2,1162,1481,761,1322,4.26,17,5,3,3,0,2
0,1160,1603,785,1382,4.5,17,5,3,3,0,2
4,1107,2019,847,1563,4.28,17,5,3,3,0,2
6,999,1905,781,1452,3.33,17,5,3,3,0,2
1,711,1168,518,940,4.35,17,5,3,3,0,2
9,859,1386,621,1122,4.99,17,5,3,3,0,2
3,749,1160,532,954,3.44,17,5,3,3,0,2
8,971,2180,824,1576,4.14,17,5,3,3,0,2
5,934,1695,713,1314,5.34,17,5,3,3,0,2
7,1136,2023,859,1580,4.41,17,5,3,3,0,2
2,1020,2642,936,1831,4.82,17,5,3,3,0,2
0,1137,1105,676,1121,3.23,17,5,3,3,0,2
4,960,1325,649,1142,3.31,17,5,3,3,0,2
6,1136,1224,699,1180,3.66,17,5,3,3,0,2
1,935,1353,645,1144,4.93,17,5,3,3,0,2
9,834,2102,754,1468,5.23,17,5,3,3,0,2
3,649,2171,694,1410,4.53,17,5,3,3,0,2
8,1062,1054,636,1058,3.28,17,5,3,3,0,2
5,1067,1322,691,1194,5.75,17,5,3,3,0,2
7,876,1666,684,1271,3.02,17,5,3,3,0,2
2,1192,2235,924,1714,4.05,17,5,3,3,0,2
0,898,1433,646,1166,4.44,17,5,3,3,0,2
4,900,2028,766,1464,5.05,17,5,3,3,0,2
6,1058,1180,659,1119,5.23,17,5,3,3,0,2
1,1124,2694,988,1909,3.1,17,5,3,3,0,2
9,1173,2043,878,1608,3.81,17,5,3,3,0,2
3,940,2525,881,1732,5.11,17,5,3,3,0,2
8,647,2229,705,1438,3.63,17,5,3,3,0,2
5,1049,1165,653,1107,4.76,17,5,3,3,0,2
7,983,1614,716,1298,4.07,17,5,3,3,0,2
2,608,2797,803,1702,5.43,17,5,3,3,0,2
0,1006,1293,661,1150,5.49,17,5,3,3,0,2
4,612,1862,617,1237,5.49,17,5,3,3,0,2
6,714,1235,533,974,3.41,17,5,3,3,0,2
1,613,1402,526,1008,4.52,17,5,3,3,0,2
9,682,2163,705,1422,4.79,17,5,3,3,0,2
3,872,2552,859,1712,3.13,17,5,3,3,0,2
8,936,1383,651,1160,4.62,18,5,3,3,0,2
5,1040,1781,772,1410,4.74,18,5,3,3,0,2
7,1132,2547,962,1840,4.65,18,5,3,3,0,2
2,898,2135,786,1516,4.33,18,5,3,3,0,2
0,964,1426,671,1195,5.7,18,5,3,3,0,2
4,1095,1663,771,1379,3.04,18,5,3,3,0,2
6,670,1475,563,1072,3.4,18,5,3,3,0,2
1,779,2050,722,1414,3.7,18,5,3,3,0,2
9,1105,1104,663,1104,4.86,18,5,3,3,0,2
3,1137,2068,868,1602,5.68,18,5,3,3,0,2
8,1045,1770,772,1408,3.4,18,5,3,3,0,2
5,628,2523,756,1576,3.51,18,5,3,3,0,2
7,980,2661,924,1820,4.29,18,5,3,3,0,2
2,891,2664,889,1778,4.91,18,5,3,3,0,2
0,859,2764,896,1812,4.36,18,5,3,3,0,2
4,978,2659,923,1818,3.55,18,5,3,3,0,2
6,1182,1785,830,1484,4.16,18,5,3,3,0,2
1,818,2654,858,1736,5.75,18,5,3,3,0,2
9,750,1701,640,1226,4.41,18,5,3,3,0,2
3,1122,1512,751,1317,4.19,18,5,3,3,0,2
8,940,2380,852,1660,5.42,18,5,3,3,0,2
5,1024,1614,732,1319,3.14,18,5,3,3,0,2
7,851,2425,825,1638,4.06,18,5,3,3,0,2
2,816,1394,605,1105,3.75,18,5,3,3,0,2
0,926,2800,930,1863,5.42,18,5,3,3,0,2
4,1141,1989,854,1565,3.3,18,5,3,3,0,2
6,690,1427,561,1058,3.55,18,5,3,3,0,2
1,729,1819,655,1274,4.53,18,5,3,3,0,2
9,895,1646,687,1270,4.78,18,5,3,3,0,2
3,889,1796,715,1342,4.18,18,5,3,3,0,2
8,1090,2039,844,1564,4.69,18,5,3,3,0,2
5,741,1686,634,1214,3.69,18,5,3,3,0,2
7,1123,2510,951,1816,3.47,18,5,3,3,0,2
2,1200,1397,759,1298,4.65,18,5,3,3,0,2
0,792,2159,749,1476,3.35,18,5,3,3,0,2
4,1065,2129,852,1597,3.84,18,5,3,3,0,2
6,761,2309,766,1535,4.64,18,5,3,3,0,2
1,979,2591,910,1785,4.54,18,5,3,3,0,2
9,713,1020,489,866,4.45,18,5,3,3,0,2
3,989,2408,877,1698,3.82,18,5,3,3,0,2
8,627,1681,587,1154,3.1,19,5,3,3,0,2
5,730,2383,769,1556,5.38,19,5,3,3,0,2
7,1109,2081,860,1595,3.96,19,5,3,3,0,2
2,1027,2725,956,1876,5.34,19,5,3,3,0,2
0,750,1783,657,1266,5.02,19,5,3,3,0,2
4,805,2527,827,1666,4.41,19,5,3,3,0,2
6,1053,1660,753,1356,5.02,19,5,3,3,0,2
1,700,1070,494,885,4.92,19,5,3,3,0,2
9,1123,2505,950,1814,5.79,19,5,3,3,0,2
3,1024,2746,959,1885,5.73,19,5,3,3,0,2
8,602,2204,682,1403,3.2,19,5,3,3,0,2
5,1017,1106,628,1062,5.02,19,5,3,3,0,2
7,661,2684,801,1672,4.33,19,5,3,3,0,2
2,761,2649,834,1705,3.3,19,5,3,3,0,2
0,745,2543,807,1644,4.25,19,5,3,3,0,2
4,848,1435,626,1142,3.89,19,5,3,3,0,2
6,831,2729,878,1780,4.3,19,5,3,3,0,2
1,1147,1548,768,1348,4.31,19,5,3,3,0,2
9,1132,1641,781,1386,5.37,19,5,3,3,0,2
3,955,2727,927,1841,4.62,19,5,3,3,0,2
8,1065,2134,853,1600,3.79,19,5,3,3,0,2
5,842,2679,873,1760,5.3,19,5,3,3,0,2
7,624,1740,598,1182,4.73,19,5,3,3,0,2
2,667,1587,584,1127,3.64,19,5,3,3,0,2
0,732,1530,599,1131,5.72,19,5,3,3,0,2
4,802,2141,749,1472,4.88,19,5,3,3,0,2
6,806,1758,674,1282,5.78,19,5,3,3,0,2
1,757,1453,593,1105,5.11,19,5,3,3,0,2
9,647,2418,742,1532,4.55,19,5,3,3,0,2
3,1121,1843,817,1482,5.62,19,5,3,3,0,2
8,621,1466,542,1044,5.63,19,5,3,3,0,2
5,1033,1047,623,1040,5.54,19,5,3,3,0,2
7,1034,1984,810,1509,4.58,19,5,3,3,0,2
2,861,2353,815,1607,5.02,19,5,3,3,0,2
0,1152,2271,915,1712,3.24,19,5,3,3,0,2
4,693,2666,810,1680,4.43,19,5,3,3,0,2
6,653,1368,535,1010,5.72,19,5,3,3,0,2
1,648,1049,469,848,4.16,19,5,3,3,0,2
9,1055,1906,803,1480,4.67,19,5,3,3,0,2
3,1123,2414,932,1768,5.61,19,5,3,3,0,2
8,884,1536,661,1210,4.34,20,5,3,3,0,2
5,1008,1163,636,1086,4.1,20,5,3,3,0,2
7,1169,1895,847,1532,5.2,20,5,3,3,0,2
2,760,1624,629,1192,4.92,20,5,3,3,0,2
0,842,1086,554,964,4.47,20,5,3,3,0,2
4,610,1229,490,920,5.05,20,5,3,3,0,2
6,990,1036,603,1013,3.3,20,5,3,3,0,2
1,969,2151,818,1560,5.24,20,5,3,3,0,2
9,811,2510,826,1660,3.31,20,5,3,3,0,2
3,1017,1974,802,1496,3.95,20,5,3,3,0,2
8,1087,1159,667,1123,3.14,20,5,3,3,0,2
5,936,2273,829,1604,5.2,20,5,3,3,0,2
7,731,2697,832,1714,5.22,20,5,3,3,0,2
2,813,1747,675,1280,4.61,20,5,3,3,0,2
0,674,2171,704,1422,5.6,20,5,3,3,0,2
4,1057,1835,790,1446,5.28,20,5,3,3,0,2
6,957,2640,911,1798,4.22,20,5,3,3,0,2
1,943,1838,745,1390,3.64,20,5,3,3,0,2
9,1096,2639,966,1868,4.85,20,5,3,3,0,2
3,1164,2640,994,1902,4.05,20,5,3,3,0,2
8,930,2116,795,1523,3.34,20,5,3,3,0,2
5,652,1343,529,998,5.38,20,5,3,3,0,2
7,951,1677,716,1314,4.39,20,5,3,3,0,2
2,839,2103,756,1471,4.33,20,5,3,3,0,2
0,962,1883,761,1422,5.61,20,5,3,3,0,2
4,1068,1389,705,1228,3.74,20,5,3,3,0,2
6,1049,1356,691,1202,5.09,20,5,3,3,0,2
1,776,1103,531,940,4.43,20,5,3,3,0,2
9,1148,2369,933,1758,3.39,20,5,3,3,0,2
3,904,1464,654,1184,4.39,20,5,3,3,0,2
8,1032,1833,779,1432,4.56,20,5,3,3,0,2
5,989,2063,808,1526,4.93,20,5,3,3,0,2
7,1174,1105,691,1140,4.95,20,5,3,3,0,2
2,1170,1627,793,1398,3.03,20,5,3,3,0,2
0,1076,1249,680,1162,5.8,20,5,3,3,0,2
4,959,1243,632,1101,3.3,20,5,3,3,0,2
6,644,1054,468,849,5.4,20,5,3,3,0,2
1,908,1091,581,1000,4.07,20,5,3,3,0,2
9,1147,2358,930,1752,3.29,20,5,3,3,0,2
3,1011,1397,684,1204,5.8,20,5,3,3,0,2
8,171,235,115,203,0.68,21,5,3,3,0,0
5,266,310,168,288,1.13,21,5,3,3,0,2
7,209,365,157,287,0.75,21,5,3,3,0,2
2,232,428,178,330,0.77,21,5,3,3,0,2
0,439,358,247,398,0.61,21,5,3,3,0,0
4,430,412,254,421,1.56,21,5,3,3,0,2
6,263,155,136,209,1.65,21,5,3,3,0,2
1,361,458,236,410,1.0,21,5,3,3,0,2
9,370,170,182,270,1.19,21,5,3,3,0,2
3,365,214,189,290,1.74,21,5,3,3,0,2
8,152,282,117,217,1.42,21,5,3,3,0,2
5,320,180,164,250,2.5,21,5,3,3,0,2
7,360,206,185,283,1.26,21,5,3,3,0,2
2,258,480,199,369,1.23,21,5,3,3,0,2
0,287,186,152,236,1.13,21,5,3,3,0,2
4,489,239,243,364,2.43,21,5,3,3,0,2
6,319,514,230,416,2.02,21,5,3,3,0,2
1,376,310,212,343,1.11,21,5,3,3,0,2
9,322,224,174,273,2.15,21,5,3,3,0,2
3,373,295,208,334,0.84,21,5,3,3,0,2
8,229,520,196,374,1.18,21,5,3,3,0,2
5,202,231,127,216,0.89,21,5,3,3,0,2
7,176,318,134,247,1.43,21,5,3,3,0,2
2,272,496,208,384,1.64,21,5,3,3,0,2
0,395,469,252,432,2.0,21,5,3,3,0,2
4,223,165,122,194,1.43,21,5,3,3,0,2
6,364,497,245,430,0.95,21,5,3,3,0,2
1,165,352,136,258,1.82,21,5,3,3,0,2
9,313,435,212,374,2.47,21,5,3,3,0,2
3,271,248,158,260,2.0,21,5,3,3,0,2
8,351,162,173,256,1.49,21,5,3,3,0,2
5,249,420,184,334,0.92,21,5,3,3,0,2
7,514,372,280,443,1.48,21,5,3,3,0,2
2,289,344,184,316,2.19,21,5,3,3,0,2
0,338,393,214,366,0.85,21,5,3,3,0,2
4,474,296,249,385,1.81,21,5,3,3,0,2
6,223,383,166,303,2.39,21,5,3,3,0,2
1,501,489,298,495,0.84,21,5,3,3,0,2
9,252,440,189,346,2.48,21,5,3,3,0,2
3,497,239,247,368,1.17,21,5,3,3,0,2
8,497,334,266,416,1.63,22,5,3,3,0,2
5,545,309,280,427,0.72,22,5,3,3,0,0
7,189,206,117,198,1.83,22,5,3,3,0,2
2,485,332,260,408,1.95,22,5,3,3,0,2
0,174,539,177,356,1.72,22,5,3,3,0,2
4,454,170,216,312,2.27,22,5,3,3,0,2
6,420,286,225,353,1.92,22,5,3,3,0,2
1,203,402,162,302,2.17,22,5,3,3,0,2
9,189,464,168,326,0.94,22,5,3,3,0,2
3,208,488,181,348,2.48,22,5,3,3,0,2
8,358,490,241,424,1.7,22,5,3,3,0,2
5,290,450,206,370,0.66,22,5,3,3,0,0
7,258,474,198,366,1.26,22,5,3,3,0,2
2,157,511,165,334,2.21,22,5,3,3,0,2
0,543,174,252,358,1.45,22,5,3,3,0,2
4,176,341,139,258,1.74,22,5,3,3,0,2
6,403,354,232,378,1.8,22,5,3,3,0,2
1,262,407,186,334,2.17,22,5,3,3,0,2
9,396,549,268,472,1.91,22,5,3,3,0,2
3,382,511,255,446,1.25,22,5,3,3,0,2
8,538,284,272,411,1.48,22,5,3,3,0,2
5,418,246,216,332,2.13,22,5,3,3,0,2
7,528,268,265,398,1.25,22,5,3,3,0,2
2,172,150,99,161,0.82,22,5,3,3,0,2
0,509,472,298,490,0.65,22,5,3,3,0,0
4,260,263,157,262,0.75,22,5,3,3,0,2
6,482,302,253,392,1.17,22,5,3,3,0,2
1,308,501,223,404,2.04,22,5,3,3,0,2
9,324,332,196,328,2.2,22,5,3,3,0,2
3,549,455,311,502,2.34,22,5,3,3,0,2
8,202,383,157,292,2.06,22,5,3,3,0,2
5,275,513,213,394,0.86,22,5,3,3,0,2
7,310,243,173,276,1.22,22,5,3,3,0,2
2,398,227,205,312,2.41,22,5,3,3,0,2
0,282,453,203,368,1.68,22,5,3,3,0,2
4,504,372,276,438,1.15,22,5,3,3,0,2
6,474,304,250,389,1.88,22,5,3,3,0,2
1,469,192,226,330,2.34,22,5,3,3,0,2
9,236,424,179,330,0.53,22,5,3,3,0,0
3,515,245,255,380,2.46,22,5,3,3,0,2
8,512,550,315,531,0.51,23,5,3,3,0,0
5,278,160,143,219,0.56,23,5,3,3,0,0
7,397,543,267,470,1.59,23,5,3,3,0,2
2,522,538,316,530,0.71,23,5,3,3,0,0
0,235,191,132,213,0.55,23,5,3,3,0,0
4,364,451,236,408,1.73,23,5,3,3,0,2
6,220,215,131,218,1.63,23,5,3,3,0,2
1,315,331,192,323,2.0,23,5,3,3,0,2
9,441,421,261,431,1.49,23,5,3,3,0,2
3,516,260,258,388,0.55,23,5,3,3,0,0
8,465,495,285,480,1.37,23,5,3,3,0,2
5,242,357,168,300,1.79,23,5,3,3,0,2
7,412,275,220,344,0.56,23,5,3,3,0,0
2,486,422,279,454,1.39,23,5,3,3,0,2
0,310,160,156,235,2.41,23,5,3,3,0,2
4,433,385,250,409,1.15,23,5,3,3,0,2
6,332,438,220,385,1.31,23,5,3,3,0,2
1,382,543,261,462,1.96,23,5,3,3,0,2
9,362,474,240,418,1.18,23,5,3,3,0,2
3,188,209,117,198,2.19,23,5,3,3,0,2
8,184,216,117,200,1.77,23,5,3,3,0,2
5,465,169,220,317,2.11,23,5,3,3,0,2
7,263,412,188,338,2.35,23,5,3,3,0,2
2,274,375,185,324,1.64,23,5,3,3,0,2
0,397,483,255,440,0.66,23,5,3,3,0,0
4,312,334,192,323,1.97,23,5,3,3,0,2
6,438,437,263,438,2.36,23,5,3,3,0,2
1,266,479,202,372,2.46,23,5,3,3,0,2
9,254,330,168,292,2.45,23,5,3,3,0,2
3,200,218,124,209,0.91,23,5,3,3,0,2
8,533,538,321,536,1.08,23,5,3,3,0,2
5,512,419,289,466,2.0,23,5,3,3,0,2
7,283,408,195,346,0.76,23,5,3,3,0,2
2,511,470,298,490,1.25,23,5,3,3,0,2
0,156,335,129,246,1.31,23,5,3,3,0,2
4,396,351,229,374,1.76,23,5,3,3,0,2
6,387,452,245,420,0.73,23,5,3,3,0,0
1,498,325,264,412,1.43,23,5,3,3,0,2
9,362,244,194,303,1.8,23,5,3,3,0,2
3,519,537,315,528,2.35,23,5,3,3,0,2
8,0,0,0,0,0.0,0,6,3,4,0,1
5,0,0,0,0,0.0,0,6,3,4,0,1
7,0,0,0,0,0.0,0,6,3,4,0,1
2,0,0,0,0,0.0,0,6,3,4,0,1
0,0,0,0,0,0.0,0,6,3,4,0,1
4,0,0,0,0,0.0,0,6,3,4,0,1
6,0,0,0,0,0.0,0,6,3,4,0,1
1,0,0,0,0,0.0,0,6,3,4,0,1
9,0,0,0,0,0.0,0,6,3,4,0,1
3,0,0,0,0,0.0,0,6,3,4,0,1
8,0,0,0,0,0.0,0,6,3,4,0,1
5,0,0,0,0,0.0,0,6,3,4,0,1
7,0,0,0,0,0.0,0,6,3,4,0,1
2,0,0,0,0,0.0,0,6,3,4,0,1
0,0,0,0,0,0.0,0,6,3,4,0,1
4,0,0,0,0,0.0,0,6,3,4,0,1
6,0,0,0,0,0.0,0,6,3,4,0,1
1,0,0,0,0,0.0,0,6,3,4,0,1
9,0,0,0,0,0.0,0,6,3,4,0,1
3,0,0,0,0,0.0,0,6,3,4,0,1
8,0,0,0,0,0.0,0,6,3,4,0,1
5,0,0,0,0,0.0,0,6,3,4,0,1
7,0,0,0,0,0.0,0,6,3,4,0,1
2,0,0,0,0,0.0,0,6,3,4,0,1
0,0,0,0,0,0.0,0,6,3,4,0,1
4,0,0,0,0,0.0,0,6,3,4,0,1
6,0,0,0,0,0.0,0,6,3,4,0,1
1,0,0,0,0,0.0,0,6,3,4,0,1
9,0,0,0,0,0.0,0,6,3,4,0,1
3,0,0,0,0,0.0,0,6,3,4,0,1
8,0,0,0,0,0.0,0,6,3,4,0,1
5,0,0,0,0,0.0,0,6,3,4,0,1
7,0,0,0,0,0.0,0,6,3,4,0,1
2,0,0,0,0,0.0,0,6,3,4,0,1
0,0,0,0,0,0.0,0,6,3,4,0,1
4,0,0,0,0,0.0,0,6,3,4,0,1
6,0,0,0,0,0.0,0,6,3,4,0,1
1,0,0,0,0,0.0,0,6,3,4,0,1
9,0,0,0,0,0.0,0,6,3,4,0,1
3,0,0,0,0,0.0,0,6,3,4,0,1
8,0,0,0,0,0.0,1,6,3,4,0,1
5,0,0,0,0,0.0,1,6,3,4,0,1
7,0,0,0,0,0.0,1,6,3,4,0,1
2,0,0,0,0,0.0,1,6,3,4,0,1
0,0,0,0,0,0.0,1,6,3,4,0,1
4,0,0,0,0,0.0,1,6,3,4,0,1
6,0,0,0,0,0.0,1,6,3,4,0,1
1,0,0,0,0,0.0,1,6,3,4,0,1
9,0,0,0,0,0.0,1,6,3,4,0,1
3,0,0,0,0,0.0,1,6,3,4,0,1
8,0,0,0,0,0.0,1,6,3,4,0,1
5,0,0,0,0,0.0,1,6,3,4,0,1
7,0,0,0,0,0.0,1,6,3,4,0,1
2,0,0,0,0,0.0,1,6,3,4,0,1
0,0,0,0,0,0.0,1,6,3,4,0,1
4,0,0,0,0,0.0,1,6,3,4,0,1
6,0,0,0,0,0.0,1,6,3,4,0,1
1,0,0,0,0,0.0,1,6,3,4,0,1
9,0,0,0,0,0.0,1,6,3,4,0,1
3,0,0,0,0,0.0,1,6,3,4,0,1
8,0,0,0,0,0.0,1,6,3,4,0,1
5,0,0,0,0,0.0,1,6,3,4,0,1
7,0,0,0,0,0.0,1,6,3,4,0,1
2,0,0,0,0,0.0,1,6,3,4,0,1
0,0,0,0,0,0.0,1,6,3,4,0,1
4,0,0,0,0,0.0,1,6,3,4,0,1
6,0,0,0,0,0.0,1,6,3,4,0,1
1,0,0,0,0,0.0,1,6,3,4,0,1
9,0,0,0,0,0.0,1,6,3,4,0,1
3,0,0,0,0,0.0,1,6,3,4,0,1
8,0,0,0,0,0.0,1,6,3,4,0,1
5,0,0,0,0,0.0,1,6,3,4,0,1
7,0,0,0,0,0.0,1,6,3,4,0,1
2,0,0,0,0,0.0,1,6,3,4,0,1
0,0,0,0,0,0.0,1,6,3,4,0,1
4,0,0,0,0,0.0,1,6,3,4,0,1
6,0,0,0,0,0.0,1,6,3,4,0,1
1,0,0,0,0,0.0,1,6,3,4,0,1
9,0,0,0,0,0.0,1,6,3,4,0,1
3,0,0,0,0,0.0,1,6,3,4,0,1
8,0,0,0,0,0.0,2,6,3,4,0,1
5,0,0,0,0,0.0,2,6,3,4,0,1
7,0,0,0,0,0.0,2,6,3,4,0,1
2,0,0,0,0,0.0,2,6,3,4,0,1
0,0,0,0,0,0.0,2,6,3,4,0,1
4,0,0,0,0,0.0,2,6,3,4,0,1
6,0,0,0,0,0.0,2,6,3,4,0,1
1,0,0,0,0,0.0,2,6,3,4,0,1
9,0,0,0,0,0.0,2,6,3,4,0,1
3,0,0,0,0,0.0,2,6,3,4,0,1
8,0,0,0,0,0.0,2,6,3,4,0,1
5,0,0,0,0,0.0,2,6,3,4,0,1
7,0,0,0,0,0.0,2,6,3,4,0,1
2,0,0,0,0,0.0,2,6,3,4,0,1
0,0,0,0,0,0.0,2,6,3,4,0,1
4,0,0,0,0,0.0,2,6,3,4,0,1
6,0,0,0,0,0.0,2,6,3,4,0,1
1,0,0,0,0,0.0,2,6,3,4,0,1
9,0,0,0,0,0.0,2,6,3,4,0,1
3,0,0,0,0,0.0,2,6,3,4,0,1
8,0,0,0,0,0.0,2,6,3,4,0,1
5,0,0,0,0,0.0,2,6,3,4,0,1
7,0,0,0,0,0.0,2,6,3,4,0,1
2,0,0,0,0,0.0,2,6,3,4,0,1
0,0,0,0,0,0.0,2,6,3,4,0,1
4,0,0,0,0,0.0,2,6,3,4,0,1
6,0,0,0,0,0.0,2,6,3,4,0,1
1,0,0,0,0,0.0,2,6,3,4,0,1
9,0,0,0,0,0.0,2,6,3,4,0,1
3,0,0,0,0,0.0,2,6,3,4,0,1
8,0,0,0,0,0.0,2,6,3,4,0,1
5,0,0,0,0,0.0,2,6,3,4,0,1
7,0,0,0,0,0.0,2,6,3,4,0,1
2,0,0,0,0,0.0,2,6,3,4,0,1
0,0,0,0,0,0.0,2,6,3,4,0,1
4,0,0,0,0,0.0,2,6,3,4,0,1
6,0,0,0,0,0.0,2,6,3,4,0,1
1,0,0,0,0,0.0,2,6,3,4,0,1
9,0,0,0,0,0.0,2,6,3,4,0,1
3,0,0,0,0,0.0,2,6,3,4,0,1
8,0,0,0,0,0.0,3,6,3,4,0,1
5,0,0,0,0,0.0,3,6,3,4,0,1
7,0,0,0,0,0.0,3,6,3,4,0,1
2,0,0,0,0,0.0,3,6,3,4,0,1
0,0,0,0,0,0.0,3,6,3,4,0,1
4,0,0,0,0,0.0,3,6,3,4,0,1
6,0,0,0,0,0.0,3,6,3,4,0,1
1,0,0,0,0,0.0,3,6,3,4,0,1
9,0,0,0,0,0.0,3,6,3,4,0,1
3,0,0,0,0,0.0,3,6,3,4,0,1
8,0,0,0,0,0.0,3,6,3,4,0,1
5,0,0,0,0,0.0,3,6,3,4,0,1
7,0,0,0,0,0.0,3,6,3,4,0,1
2,0,0,0,0,0.0,3,6,3,4,0,1
0,0,0,0,0,0.0,3,6,3,4,0,1
4,0,0,0,0,0.0,3,6,3,4,0,1
6,0,0,0,0,0.0,3,6,3,4,0,1
1,0,0,0,0,0.0,3,6,3,4,0,1
9,0,0,0,0,0.0,3,6,3,4,0,1
3,0,0,0,0,0.0,3,6,3,4,0,1
8,0,0,0,0,0.0,3,6,3,4,0,1
5,0,0,0,0,0.0,3,6,3,4,0,1
7,0,0,0,0,0.0,3,6,3,4,0,1
2,0,0,0,0,0.0,3,6,3,4,0,1
0,0,0,0,0,0.0,3,6,3,4,0,1
4,0,0,0,0,0.0,3,6,3,4,0,1
6,0,0,0,0,0.0,3,6,3,4,0,1
1,0,0,0,0,0.0,3,6,3,4,0,1
9,0,0,0,0,0.0,3,6,3,4,0,1
3,0,0,0,0,0.0,3,6,3,4,0,1
8,0,0,0,0,0.0,3,6,3,4,0,1
5,0,0,0,0,0.0,3,6,3,4,0,1
7,0,0,0,0,0.0,3,6,3,4,0,1
2,0,0,0,0,0.0,3,6,3,4,0,1
0,0,0,0,0,0.0,3,6,3,4,0,1
4,0,0,0,0,0.0,3,6,3,4,0,1
6,0,0,0,0,0.0,3,6,3,4,0,1
1,0,0,0,0,0.0,3,6,3,4,0,1
9,0,0,0,0,0.0,3,6,3,4,0,1
3,0,0,0,0,0.0,3,6,3,4,0,1
8,0,0,0,0,0.0,4,6,3,4,0,1
5,0,0,0,0,0.0,4,6,3,4,0,1
7,0,0,0,0,0.0,4,6,3,4,0,1
2,0,0,0,0,0.0,4,6,3,4,0,1
0,0,0,0,0,0.0,4,6,3,4,0,1
4,0,0,0,0,0.0,4,6,3,4,0,1
6,0,0,0,0,0.0,4,6,3,4,0,1
1,0,0,0,0,0.0,4,6,3,4,0,1
9,0,0,0,0,0.0,4,6,3,4,0,1
3,0,0,0,0,0.0,4,6,3,4,0,1
8,0,0,0,0,0.0,4,6,3,4,0,1
5,0,0,0,0,0.0,4,6,3,4,0,1
7,0,0,0,0,0.0,4,6,3,4,0,1
2,0,0,0,0,0.0,4,6,3,4,0,1
0,0,0,0,0,0.0,4,6,3,4,0,1
4,0,0,0,0,0.0,4,6,3,4,0,1
6,0,0,0,0,0.0,4,6,3,4,0,1
1,0,0,0,0,0.0,4,6,3,4,0,1
9,0,0,0,0,0.0,4,6,3,4,0,1
3,0,0,0,0,0.0,4,6,3,4,0,1
8,0,0,0,0,0.0,4,6,3,4,0,1
5,0,0,0,0,0.0,4,6,3,4,0,1
7,0,0,0,0,0.0,4,6,3,4,0,1
2,0,0,0,0,0.0,4,6,3,4,0,1
0,0,0,0,0,0.0,4,6,3,4,0,1
4,0,0,0,0,0.0,4,6,3,4,0,1
6,0,0,0,0,0.0,4,6,3,4,0,1
1,0,0,0,0,0.0,4,6,3,4,0,1
9,0,0,0,0,0.0,4,6,3,4,0,1
3,0,0,0,0,0.0,4,6,3,4,0,1
8,0,0,0,0,0.0,4,6,3,4,0,1
5,0,0,0,0,0.0,4,6,3,4,0,1
7,0,0,0,0,0.0,4,6,3,4,0,1
2,0,0,0,0,0.0,4,6,3,4,0,1
0,0,0,0,0,0.0,4,6,3,4,0,1
4,0,0,0,0,0.0,4,6,3,4,0,1
6,0,0,0,0,0.0,4,6,3,4,0,1
1,0,0,0,0,0.0,4,6,3,4,0,1
9,0,0,0,0,0.0,4,6,3,4,0,1
3,0,0,0,0,0.0,4,6,3,4,0,1
8,0,0,0,0,0.0,5,6,3,4,0,1
5,0,0,0,0,0.0,5,6,3,4,0,1
7,0,0,0,0,0.0,5,6,3,4,0,1
2,0,0,0,0,0.0,5,6,3,4,0,1
0,0,0,0,0,0.0,5,6,3,4,0,1
4,0,0,0,0,0.0,5,6,3,4,0,1
6,0,0,0,0,0.0,5,6,3,4,0,1
1,0,0,0,0,0.0,5,6,3,4,0,1
9,0,0,0,0,0.0,5,6,3,4,0,1
3,0,0,0,0,0.0,5,6,3,4,0,1
8,0,0,0,0,0.0,5,6,3,4,0,1
5,0,0,0,0,0.0,5,6,3,4,0,1
7,0,0,0,0,0.0,5,6,3,4,0,1
2,0,0,0,0,0.0,5,6,3,4,0,1
0,0,0,0,0,0.0,5,6,3,4,0,1
4,0,0,0,0,0.0,5,6,3,4,0,1
6,0,0,0,0,0.0,5,6,3,4,0,1
1,0,0,0,0,0.0,5,6,3,4,0,1
9,0,0,0,0,0.0,5,6,3,4,0,1
3,0,0,0,0,0.0,5,6,3,4,0,1
8,0,0,0,0,0.0,5,6,3,4,0,1
5,0,0,0,0,0.0,5,6,3,4,0,1
7,0,0,0,0,0.0,5,6,3,4,0,1
2,0,0,0,0,0.0,5,6,3,4,0,1
0,0,0,0,0,0.0,5,6,3,4,0,1
4,0,0,0,0,0.0,5,6,3,4,0,1
6,0,0,0,0,0.0,5,6,3,4,0,1
1,0,0,0,0,0.0,5,6,3,4,0,1
9,0,0,0,0,0.0,5,6,3,4,0,1
3,0,0,0,0,0.0,5,6,3,4,0,1
8,0,0,0,0,0.0,5,6,3,4,0,1
5,0,0,0,0,0.0,5,6,3,4,0,1
7,0,0,0,0,0.0,5,6,3,4,0,1
2,0,0,0,0,0.0,5,6,3,4,0,1
0,0,0,0,0,0.0,5,6,3,4,0,1
4,0,0,0,0,0.0,5,6,3,4,0,1
6,0,0,0,0,0.0,5,6,3,4,0,1
1,0,0,0,0,0.0,5,6,3,4,0,1
9,0,0,0,0,0.0,5,6,3,4,0,1
3,0,0,0,0,0.0,5,6,3,4,0,1
8,318,162,160,240,1.16,6,6,3,4,0,2
5,378,247,201,312,1.63,6,6,3,4,0,2
7,465,474,281,470,1.3,6,6,3,4,0,2
2,261,428,190,344,1.4,6,6,3,4,0,2
0,464,506,287,485,0.67,6,6,3,4,0,0
4,219,377,163,298,0.8,6,6,3,4,0,2
6,242,446,186,344,0.56,6,6,3,4,0,0
1,530,220,256,375,2.48,6,6,3,4,0,2
9,291,171,151,231,0.77,6,6,3,4,0,2
3,427,251,221,339,1.6,6,6,3,4,0,2
8,472,408,270,440,0.94,6,6,3,4,0,2
5,493,539,305,516,0.86,6,6,3,4,0,2
7,530,430,298,480,1.91,6,6,3,4,0,2
2,226,232,137,229,0.77,6,6,3,4,0,2
0,270,464,201,367,1.0,6,6,3,4,0,2
4,510,407,285,458,2.16,6,6,3,4,0,2
6,373,446,238,410,1.67,6,6,3,4,0,2
1,485,221,238,353,2.35,6,6,3,4,0,2
9,488,200,235,344,1.48,6,6,3,4,0,2
3,533,427,299,480,0.58,6,6,3,4,0,0
8,346,529,244,438,0.92,6,6,3,4,0,2
5,199,266,133,232,0.85,6,6,3,4,0,2
7,322,326,194,324,1.79,6,6,3,4,0,2
2,352,354,212,353,1.81,6,6,3,4,0,2
0,536,275,269,406,1.28,6,6,3,4,0,2
4,293,241,165,267,1.52,6,6,3,4,0,2
6,284,347,183,316,2.4,6,6,3,4,0,2
1,531,189,250,360,1.74,6,6,3,4,0,2
9,536,209,256,372,1.62,6,6,3,4,0,2
3,540,376,291,458,0.64,6,6,3,4,0,0
8,307,160,155,234,1.62,6,6,3,4,0,2
5,362,508,246,435,0.66,6,6,3,4,0,0
7,407,336,230,372,1.98,6,6,3,4,0,2
2,230,261,144,246,1.77,6,6,3,4,0,2
0,282,473,207,378,1.91,6,6,3,4,0,2
4,188,319,139,254,1.99,6,6,3,4,0,2
6,434,469,267,452,2.06,6,6,3,4,0,2
1,514,447,295,480,0.93,6,6,3,4,0,2
9,419,313,230,366,1.9,6,6,3,4,0,2
3,304,254,172,279,1.91,6,6,3,4,0,2
8,474,323,254,398,0.72,7,6,3,4,0,0
5,162,165,98,164,2.08,7,6,3,4,0,2
7,406,490,260,448,1.66,7,6,3,4,0,2
2,249,344,168,296,1.1,7,6,3,4,0,2
0,472,234,236,353,1.69,7,6,3,4,0,2
4,287,307,176,297,2.29,7,6,3,4,0,2
6,431,256,224,344,2.16,7,6,3,4,0,2
1,219,413,170,316,1.7,7,6,3,4,0,2
9,264,156,137,210,1.37,7,6,3,4,0,2
3,403,404,242,404,1.88,7,6,3,4,0,2
8,313,397,205,355,2.13,7,6,3,4,0,2
5,352,513,243,432,1.55,7,6,3,4,0,2
7,445,483,275,464,0.61,7,6,3,4,0,0
2,526,296,270,411,2.0,7,6,3,4,0,2
0,152,283,117,218,0.51,7,6,3,4,0,0
4,169,407,149,288,2.43,7,6,3,4,0,2
6,402,519,265,460,1.8,7,6,3,4,0,2
1,354,367,215,360,2.49,7,6,3,4,0,2
9,333,288,191,310,1.81,7,6,3,4,0,2
3,453,287,239,370,2.17,7,6,3,4,0,2
8,508,421,287,464,0.52,7,6,3,4,0,0
5,540,435,303,488,2.49,7,6,3,4,0,2
7,384,333,220,358,1.62,7,6,3,4,0,2
2,487,229,241,358,0.74,7,6,3,4,0,0
0,267,456,198,362,2.26,7,6,3,4,0,2
4,171,180,104,176,0.96,7,6,3,4,0,2
6,274,268,163,271,1.05,7,6,3,4,0,2
1,279,426,197,352,2.4,7,6,3,4,0,2
9,446,260,230,353,0.62,7,6,3,4,0,0
3,381,327,218,354,1.6,7,6,3,4,0,2
8,338,290,193,314,1.85,7,6,3,4,0,2
5,509,547,313,528,0.93,7,6,3,4,0,2
7,262,184,142,223,0.85,7,6,3,4,0,2
2,152,543,169,348,0.85,7,6,3,4,0,2
0,467,491,285,479,1.91,7,6,3,4,0,2
4,347,233,185,290,1.64,7,6,3,4,0,2
6,172,407,150,290,1.85,7,6,3,4,0,2
1,298,543,228,420,2.39,7,6,3,4,0,2
9,248,347,169,298,0.73,7,6,3,4,0,0
3,445,390,256,418,1.06,7,6,3,4,0,2
8,961,530,490,746,5.47,8,6,3,4,0,2
5,1394,932,744,1163,4.9,8,6,3,4,0,2
7,995,430,484,712,5.54,8,6,3,4,0,2
2,828,732,478,780,5.38,8,6,3,4,0,2
0,1574,580,746,1077,5.25,8,6,3,4,0,2
4,1139,527,561,833,3.65,8,6,3,4,0,2
6,1288,882,692,1085,4.1,8,6,3,4,0,2
1,1847,703,879,1275,3.54,8,6,3,4,0,2
9,1663,732,812,1198,5.32,8,6,3,4,0,2
3,899,596,479,748,4.19,8,6,3,4,0,2
8,1521,999,808,1260,4.79,8,6,3,4,0,2
5,2169,720,1012,1444,4.95,8,6,3,4,0,2
7,2053,927,1007,1490,3.99,8,6,3,4,0,2
2,2236,904,1075,1570,3.6,8,6,3,4,0,2
0,1850,816,903,1333,3.51,8,6,3,4,0,2
4,1117,405,528,761,3.07,8,6,3,4,0,2
6,2040,782,972,1411,3.47,8,6,3,4,0,2
1,1426,409,652,918,5.14,8,6,3,4,0,2
9,1006,693,541,850,3.51,8,6,3,4,0,2
3,800,489,418,644,3.15,8,6,3,4,0,2
8,1496,800,758,1148,4.88,8,6,3,4,0,2
5,1984,625,919,1304,5.25,8,6,3,4,0,2
7,2488,938,1183,1713,4.78,8,6,3,4,0,2
2,2271,686,1046,1478,3.02,8,6,3,4,0,2
0,2283,841,1081,1562,3.72,8,6,3,4,0,2
4,1005,679,538,842,4.71,8,6,3,4,0,2
6,1784,672,848,1228,4.39,8,6,3,4,0,2
1,1675,622,794,1148,3.32,8,6,3,4,0,2
9,2192,884,1054,1538,5.0,8,6,3,4,0,2
3,2330,417,1015,1374,3.39,8,6,3,4,0,2
8,1851,553,851,1202,3.33,8,6,3,4,0,2
5,1115,824,611,970,3.36,8,6,3,4,0,2
7,2456,566,1096,1511,4.06,8,6,3,4,0,2
2,1527,694,750,1110,5.51,8,6,3,4,0,2
0,2412,534,1072,1473,4.32,8,6,3,4,0,2
4,2433,526,1078,1480,5.59,8,6,3,4,0,2
6,2030,879,988,1454,4.12,8,6,3,4,0,2
1,1346,915,721,1130,4.3,8,6,3,4,0,2
9,2261,616,1028,1438,3.86,8,6,3,4,0,2
3,1847,910,921,1378,5.21,8,6,3,4,0,2
8,1227,514,594,870,4.2,9,6,3,4,0,2
5,1879,741,900,1310,5.33,9,6,3,4,0,2
7,925,909,552,917,4.27,9,6,3,4,0,2
2,1049,552,530,800,4.8,9,6,3,4,0,2
0,1404,727,707,1066,4.19,9,6,3,4,0,2
4,1479,483,688,981,5.2,9,6,3,4,0,2
6,1725,681,826,1203,3.75,9,6,3,4,0,2
1,998,959,591,978,4.58,9,6,3,4,0,2
9,2424,740,1118,1582,4.33,9,6,3,4,0,2
3,2391,981,1153,1686,3.29,9,6,3,4,0,2
8,1889,789,913,1339,5.74,9,6,3,4,0,2
5,1217,661,619,939,4.67,9,6,3,4,0,2
7,2391,436,1044,1414,5.52,9,6,3,4,0,2
2,2157,969,1057,1563,5.15,9,6,3,4,0,2
0,1268,969,701,1118,5.21,9,6,3,4,0,2
4,1804,785,879,1294,3.7,9,6,3,4,0,2
6,1290,585,633,938,4.58,9,6,3,4,0,2
1,2192,470,971,1331,3.28,9,6,3,4,0,2
9,1082,483,529,782,3.89,9,6,3,4,0,2
3,2461,441,1073,1451,3.21,9,6,3,4,0,2
8,1303,527,627,915,5.28,9,6,3,4,0,2
5,1251,994,699,1122,4.41,9,6,3,4,0,2
7,1061,686,562,874,3.43,9,6,3,4,0,2
2,2226,769,1044,1498,5.13,9,6,3,4,0,2
0,2400,758,1112,1579,3.87,9,6,3,4,0,2
4,1915,953,957,1434,3.05,9,6,3,4,0,2
6,1298,595,638,946,3.81,9,6,3,4,0,2
1,2327,917,1114,1622,3.34,9,6,3,4,0,2
9,1270,568,622,919,5.65,9,6,3,4,0,2
3,2209,477,979,1343,4.49,9,6,3,4,0,2
8,986,810,556,898,3.52,9,6,3,4,0,2
5,1790,526,821,1158,5.61,9,6,3,4,0,2
7,2376,996,1150,1686,3.86,9,6,3,4,0,2
2,1644,683,794,1164,4.92,9,6,3,4,0,2
0,1638,758,807,1198,5.07,9,6,3,4,0,2
4,1268,401,587,834,5.43,9,6,3,4,0,2
6,1494,615,721,1054,5.17,9,6,3,4,0,2
1,1472,947,778,1210,5.71,9,6,3,4,0,2
9,2012,995,1004,1504,4.74,9,6,3,4,0,2
3,952,792,539,872,5.12,9,6,3,4,0,2
8,1426,878,746,1152,4.35,10,6,3,4,0,2
5,1181,652,603,916,3.19,10,6,3,4,0,2
7,1911,715,907,1313,4.3,10,6,3,4,0,2
2,2384,647,1083,1516,4.33,10,6,3,4,0,2
0,2268,816,1070,1542,3.58,10,6,3,4,0,2
4,1348,564,652,956,4.79,10,6,3,4,0,2
6,1958,829,949,1394,4.53,10,6,3,4,0,2
1,985,776,549,880,3.05,10,6,3,4,0,2
9,2411,581,1081,1496,5.19,10,6,3,4,0,2
3,1617,664,780,1140,3.53,10,6,3,4,0,2
8,1166,823,631,994,3.25,10,6,3,4,0,2
5,2426,850,1140,1638,3.06,10,6,3,4,0,2
7,1383,915,736,1149,4.31,10,6,3,4,0,2
2,1793,961,909,1377,5.57,10,6,3,4,0,2
0,1765,410,788,1088,3.46,10,6,3,4,0,2
4,1916,654,897,1285,3.71,10,6,3,4,0,2
6,1910,794,923,1352,4.68,10,6,3,4,0,2
1,2044,561,930,1302,4.04,10,6,3,4,0,2
9,843,411,419,627,4.53,10,6,3,4,0,2
3,1637,627,780,1132,3.78,10,6,3,4,0,2
8,2416,935,1153,1676,3.89,10,6,3,4,0,2
5,1890,433,843,1162,4.26,10,6,3,4,0,2
7,1399,974,754,1186,5.75,10,6,3,4,0,2
2,1941,508,878,1224,4.37,10,6,3,4,0,2
0,1775,520,814,1148,4.61,10,6,3,4,0,2
4,870,521,452,696,3.23,10,6,3,4,0,2
6,1501,840,768,1170,4.23,10,6,3,4,0,2
1,1875,417,833,1146,5.16,10,6,3,4,0,2
9,980,780,548,880,5.42,10,6,3,4,0,2
3,1644,411,740,1028,3.46,10,6,3,4,0,2
8,972,721,533,846,4.32,10,6,3,4,0,2
5,953,510,483,732,5.02,10,6,3,4,0,2
7,2500,620,1124,1560,5.04,10,6,3,4,0,2
2,1674,745,819,1210,4.81,10,6,3,4,0,2
0,2057,545,932,1301,3.84,10,6,3,4,0,2
4,1845,604,859,1224,3.98,10,6,3,4,0,2
6,1652,485,758,1068,4.82,10,6,3,4,0,2
1,1142,470,551,806,3.76,10,6,3,4,0,2
9,837,709,477,773,3.38,10,6,3,4,0,2
3,1086,717,578,902,3.56,10,6,3,4,0,2
8,193,187,115,190,1.35,11,6,3,4,0,2
5,359,493,242,426,2.08,11,6,3,4,0,2
7,338,371,209,354,1.71,11,6,3,4,0,2
2,373,315,212,344,0.84,11,6,3,4,0,2
0,442,318,240,380,1.82,11,6,3,4,0,2
4,504,541,310,522,0.61,11,6,3,4,0,0
6,479,268,245,374,0.71,11,6,3,4,0,0
1,269,289,165,279,0.75,11,6,3,4,0,2
9,400,436,247,418,0.73,11,6,3,4,0,0
3,207,506,184,356,0.51,11,6,3,4,0,0
8,395,471,252,433,1.61,11,6,3,4,0,2
5,510,335,271,422,2.05,11,6,3,4,0,2
7,321,323,193,322,2.12,11,6,3,4,0,2
2,232,262,145,247,1.76,11,6,3,4,0,2
0,427,158,202,292,1.01,11,6,3,4,0,2
4,411,175,199,293,1.55,11,6,3,4,0,2
6,373,221,193,297,1.75,11,6,3,4,0,2
1,380,401,232,390,2.22,11,6,3,4,0,2
9,550,330,286,440,1.39,11,6,3,4,0,2
3,482,508,294,495,0.63,11,6,3,4,0,0
8,420,270,222,345,2.19,11,6,3,4,0,2
5,269,381,184,325,0.8,11,6,3,4,0,2
7,538,429,301,484,2.17,11,6,3,4,0,2
2,330,342,200,336,1.84,11,6,3,4,0,2
0,475,225,235,350,0.83,11,6,3,4,0,2
4,457,486,280,472,0.88,11,6,3,4,0,2
6,408,501,263,454,1.7,11,6,3,4,0,2
1,548,456,310,502,1.09,11,6,3,4,0,2
9,298,476,214,387,1.33,11,6,3,4,0,2
3,351,525,245,438,2.33,11,6,3,4,0,2
8,535,250,264,392,0.94,11,6,3,4,0,2
5,442,267,230,354,1.41,11,6,3,4,0,2
7,339,339,203,339,1.69,11,6,3,4,0,2
2,428,283,228,356,1.46,11,6,3,4,0,2
0,337,445,224,391,1.85,11,6,3,4,0,2
4,458,194,222,326,2.13,11,6,3,4,0,2
6,373,510,251,442,1.35,11,6,3,4,0,2
1,537,207,256,372,0.92,11,6,3,4,0,2
9,375,254,201,314,2.24,11,6,3,4,0,2
3,474,209,231,342,2.47,11,6,3,4,0,2
8,422,225,214,324,1.46,12,6,3,4,0,2
5,243,478,193,360,0.74,12,6,3,4,0,0
7,159,309,125,234,2.34,12,6,3,4,0,2
2,475,168,224,322,0.91,12,6,3,4,0,2
0,509,503,304,506,2.36,12,6,3,4,0,2
4,437,160,207,298,1.66,12,6,3,4,0,2
6,247,159,131,203,1.51,12,6,3,4,0,2
1,393,440,245,416,2.42,12,6,3,4,0,2
9,262,283,161,272,1.84,12,6,3,4,0,2
3,272,384,186,328,1.64,12,6,3,4,0,2
8,512,248,254,380,1.49,12,6,3,4,0,2
5,172,517,172,344,0.99,12,6,3,4,0,2
7,300,359,192,330,2.49,12,6,3,4,0,2
2,316,289,184,302,1.99,12,6,3,4,0,2
0,326,376,206,351,1.64,12,6,3,4,0,2
4,238,482,192,360,1.29,12,6,3,4,0,2
6,498,216,242,357,1.4,12,6,3,4,0,2
1,455,252,232,354,1.0,12,6,3,4,0,2
9,362,294,204,328,0.89,12,6,3,4,0,2
3,164,275,121,220,1.36,12,6,3,4,0,2
8,478,265,244,372,0.77,12,6,3,4,0,2
5,282,232,159,257,0.68,12,6,3,4,0,0
7,335,223,179,279,1.95,12,6,3,4,0,2
2,185,211,116,198,0.65,12,6,3,4,0,0
0,531,395,291,463,0.85,12,6,3,4,0,2
4,453,359,253,406,1.44,12,6,3,4,0,2
6,352,385,218,368,0.74,12,6,3,4,0,0
1,232,309,155,270,0.69,12,6,3,4,0,0
9,269,284,164,276,2.22,12,6,3,4,0,2
3,490,417,279,454,1.28,12,6,3,4,0,2
8,155,419,146,287,1.61,12,6,3,4,0,2
5,238,482,192,360,1.12,12,6,3,4,0,2
7,539,364,288,452,1.75,12,6,3,4,0,2
2,495,253,249,374,1.47,12,6,3,4,0,2
0,239,352,166,296,1.55,12,6,3,4,0,2
4,328,505,232,416,2.28,12,6,3,4,0,2
6,274,394,188,334,0.51,12,6,3,4,0,0
1,422,386,246,404,0.91,12,6,3,4,0,2
9,371,466,242,418,2.22,12,6,3,4,0,2
3,413,408,247,410,2.45,12,6,3,4,0,2
8,537,349,285,443,0.89,13,6,3,4,0,2
5,246,309,160,278,1.33,13,6,3,4,0,2
7,363,221,189,292,0.79,13,6,3,4,0,2
2,427,336,238,382,1.54,13,6,3,4,0,2
0,547,397,298,472,1.16,13,6,3,4,0,2
4,208,303,144,256,2.43,13,6,3,4,0,2
6,307,381,199,344,2.21,13,6,3,4,0,2
1,181,521,177,351,0.61,13,6,3,4,0,0
9,465,506,287,486,2.26,13,6,3,4,0,2
3,360,235,191,298,1.22,13,6,3,4,0,2
8,441,174,211,308,1.21,13,6,3,4,0,2
5,161,300,124,230,2.48,13,6,3,4,0,2
7,499,455,291,477,1.64,13,6,3,4,0,2
2,292,234,164,263,1.78,13,6,3,4,0,2
0,182,232,119,207,1.55,13,6,3,4,0,2
4,417,306,228,362,1.32,13,6,3,4,0,2
6,452,332,247,392,1.96,13,6,3,4,0,2
1,292,352,187,322,1.51,13,6,3,4,0,2
9,221,484,185,352,0.65,13,6,3,4,0,0
3,370,197,187,284,1.93,13,6,3,4,0,2
8,463,528,291,496,2.16,13,6,3,4,0,2
5,327,286,188,306,1.59,13,6,3,4,0,2
7,546,372,293,459,0.52,13,6,3,4,0,0
2,208,521,187,364,1.34,13,6,3,4,0,2
0,245,315,161,280,1.5,13,6,3,4,0,2
4,455,294,241,374,0.74,13,6,3,4,0,0
6,229,260,144,244,1.1,13,6,3,4,0,2
1,210,502,184,356,1.3,13,6,3,4,0,2
9,307,181,159,244,1.79,13,6,3,4,0,2
3,233,161,125,197,2.15,13,6,3,4,0,2
8,210,347,153,278,1.5,13,6,3,4,0,2
5,210,449,174,330,1.34,13,6,3,4,0,2
7,216,358,158,287,0.99,13,6,3,4,0,2
2,275,233,157,254,0.89,13,6,3,4,0,2
0,396,350,228,373,2.35,13,6,3,4,0,2
4,371,358,220,364,1.73,13,6,3,4,0,2
6,487,208,236,348,1.61,13,6,3,4,0,2
1,243,282,154,262,1.73,13,6,3,4,0,2
9,225,446,179,336,2.26,13,6,3,4,0,2
3,211,202,125,206,1.94,13,6,3,4,0,2
8,492,293,255,392,1.04,14,6,3,4,0,2
5,351,366,214,358,0.65,14,6,3,4,0,0
7,513,263,258,388,0.87,14,6,3,4,0,2
2,492,206,238,349,2.35,14,6,3,4,0,2
0,541,187,254,364,0.97,14,6,3,4,0,2
4,292,301,177,296,2.36,14,6,3,4,0,2
6,453,386,258,420,1.24,14,6,3,4,0,2
1,522,440,297,481,1.49,14,6,3,4,0,2
9,476,476,286,476,1.73,14,6,3,4,0,2
3,308,300,183,304,0.85,14,6,3,4,0,2
8,328,158,163,243,2.14,14,6,3,4,0,2
5,220,174,123,197,0.6,14,6,3,4,0,0
7,323,475,224,399,1.96,14,6,3,4,0,2
2,442,187,214,314,1.11,14,6,3,4,0,2
0,500,512,302,506,2.25,14,6,3,4,0,2
4,276,404,191,340,1.22,14,6,3,4,0,2
6,424,499,269,462,1.95,14,6,3,4,0,2
1,541,473,311,507,0.94,14,6,3,4,0,2
9,273,336,176,304,2.44,14,6,3,4,0,2
3,342,222,181,282,1.88,14,6,3,4,0,2
8,153,270,115,212,1.78,14,6,3,4,0,2
5,306,419,206,362,1.25,14,6,3,4,0,2
7,451,509,282,480,1.21,14,6,3,4,0,2
2,387,381,231,384,2.0,14,6,3,4,0,2
0,186,482,171,334,0.69,14,6,3,4,0,0
4,463,308,247,386,2.09,14,6,3,4,0,2
6,498,528,305,513,1.69,14,6,3,4,0,2
1,299,485,217,392,1.18,14,6,3,4,0,2
9,173,210,111,192,1.38,14,6,3,4,0,2
3,335,482,230,408,1.32,14,6,3,4,0,2
8,516,282,263,399,1.03,14,6,3,4,0,2
5,209,363,156,286,0.81,14,6,3,4,0,2
7,361,337,212,349,1.84,14,6,3,4,0,2
2,345,291,196,318,1.24,14,6,3,4,0,2
0,179,301,132,240,2.06,14,6,3,4,0,2
4,199,313,142,256,1.53,14,6,3,4,0,2
6,267,319,171,293,1.99,14,6,3,4,0,2
1,447,541,287,494,1.16,14,6,3,4,0,2
9,381,355,223,368,0.56,14,6,3,4,0,0
3,181,239,120,210,1.01,14,6,3,4,0,2
8,389,432,242,410,1.6,15,6,3,4,0,2
5,258,397,183,328,1.91,15,6,3,4,0,2
7,508,424,288,466,1.7,15,6,3,4,0,2
2,238,456,186,347,1.25,15,6,3,4,0,2
0,516,514,309,515,1.99,15,6,3,4,0,2
4,429,498,271,464,1.65,15,6,3,4,0,2
6,487,246,244,366,1.31,15,6,3,4,0,2
1,358,250,193,304,1.77,15,6,3,4,0,2
9,227,430,177,328,1.36,15,6,3,4,0,2
3,477,400,271,438,1.61,15,6,3,4,0,2
8,517,232,253,374,1.65,15,6,3,4,0,2
5,465,338,254,402,2.39,15,6,3,4,0,2
7,258,542,212,400,1.7,15,6,3,4,0,2
2,538,220,259,379,0.98,15,6,3,4,0,2
0,548,518,323,533,1.85,15,6,3,4,0,2
4,472,354,260,413,1.88,15,6,3,4,0,2
6,160,291,122,226,1.34,15,6,3,4,0,2
1,266,286,164,276,0.56,15,6,3,4,0,0
9,265,493,205,379,1.1,15,6,3,4,0,2
3,356,440,230,398,0.94,15,6,3,4,0,2
8,269,164,140,216,1.65,15,6,3,4,0,2
5,182,406,154,294,0.73,15,6,3,4,0,0
7,241,499,196,370,1.28,15,6,3,4,0,2
2,500,232,246,366,0.96,15,6,3,4,0,2
0,414,185,203,300,2.11,15,6,3,4,0,2
4,220,294,147,257,2.11,15,6,3,4,0,2
6,259,452,194,356,1.59,15,6,3,4,0,2
1,320,249,178,284,1.28,15,6,3,4,0,2
9,179,347,141,263,2.33,15,6,3,4,0,2
3,536,180,250,358,2.04,15,6,3,4,0,2
8,510,550,314,530,0.53,15,6,3,4,0,0
5,350,188,178,269,1.35,15,6,3,4,0,2
7,550,440,308,495,0.86,15,6,3,4,0,2
2,366,357,218,362,2.15,15,6,3,4,0,2
0,277,213,153,245,1.13,15,6,3,4,0,2
4,227,446,180,336,1.27,15,6,3,4,0,2
6,525,172,244,348,1.16,15,6,3,4,0,2
1,212,182,121,197,0.51,15,6,3,4,0,0
9,476,291,249,384,0.95,15,6,3,4,0,2
3,382,250,203,316,1.31,15,6,3,4,0,2
8,481,321,257,401,1.13,16,6,3,4,0,2
5,390,471,250,430,1.44,16,6,3,4,0,2
7,213,263,138,238,2.48,16,6,3,4,0,2
2,181,500,172,340,0.62,16,6,3,4,0,0
0,169,152,98,160,1.79,16,6,3,4,0,2
4,488,390,273,439,1.65,16,6,3,4,0,2
6,262,224,150,243,0.66,16,6,3,4,0,0
1,548,385,296,466,1.48,16,6,3,4,0,2
9,525,418,294,472,0.6,16,6,3,4,0,0
3,185,152,104,168,1.89,16,6,3,4,0,2
8,416,309,228,362,0.97,16,6,3,4,0,2
5,308,471,217,390,1.06,16,6,3,4,0,2
7,205,202,122,204,0.66,16,6,3,4,0,0
2,507,440,291,474,1.46,16,6,3,4,0,2
0,399,484,256,442,1.42,16,6,3,4,0,2
4,151,307,122,229,0.55,16,6,3,4,0,0
6,522,511,311,516,0.56,16,6,3,4,0,0
1,433,438,261,436,1.47,16,6,3,4,0,2
9,512,341,273,426,2.04,16,6,3,4,0,2
3,220,457,179,338,1.04,16,6,3,4,0,2
8,429,490,270,460,2.48,16,6,3,4,0,2
5,307,180,159,244,1.78,16,6,3,4,0,2
7,377,324,216,350,1.8,16,6,3,4,0,2
2,174,479,165,326,2.22,16,6,3,4,0,2
0,163,312,128,238,0.7,16,6,3,4,0,0
4,378,436,238,407,2.43,16,6,3,4,0,2
6,342,153,167,248,2.16,16,6,3,4,0,2
1,264,357,177,310,2.27,16,6,3,4,0,2
9,358,195,182,276,0.74,16,6,3,4,0,0
3,399,442,248,420,2.3,16,6,3,4,0,2
8,214,537,193,376,1.8,16,6,3,4,0,2
5,445,193,217,319,0.67,16,6,3,4,0,0
7,490,494,295,492,1.67,16,6,3,4,0,2
2,191,499,176,345,1.47,16,6,3,4,0,2
0,549,397,299,473,1.79,16,6,3,4,0,2
4,174,488,167,331,0.66,16,6,3,4,0,0
6,547,214,262,380,2.07,16,6,3,4,0,2
1,366,227,192,296,1.46,16,6,3,4,0,2
9,223,460,181,342,1.7,16,6,3,4,0,2
3,231,522,197,376,0.88,16,6,3,4,0,2
8,676,1293,529,984,5.62,17,6,3,4,0,2
5,796,1047,528,922,4.17,17,6,3,4,0,2
7,770,2602,828,1686,4.91,17,6,3,4,0,2
2,740,1176,531,958,5.46,17,6,3,4,0,2
0,854,2656,873,1755,3.11,17,6,3,4,0,2
4,707,2078,698,1392,4.11,17,6,3,4,0,2
6,917,1642,695,1280,5.25,17,6,3,4,0,2
1,719,1052,498,886,3.45,17,6,3,4,0,2
9,1039,1291,674,1165,5.57,17,6,3,4,0,2
3,824,2781,886,1802,5.29,17,6,3,4,0,2
8,775,1907,691,1341,3.88,17,6,3,4,0,2
5,727,2314,754,1520,3.87,17,6,3,4,0,2
7,1104,1412,724,1258,4.68,17,6,3,4,0,2
2,965,2499,886,1732,4.63,17,6,3,4,0,2
0,1130,1185,689,1158,3.5,17,6,3,4,0,2
4,1098,1064,652,1081,5.71,17,6,3,4,0,2
6,704,1865,655,1284,4.9,17,6,3,4,0,2
1,951,1970,774,1460,3.32,17,6,3,4,0,2
9,1189,1720,820,1454,3.73,17,6,3,4,0,2
3,1029,1828,777,1428,4.01,17,6,3,4,0,2
8,972,2759,941,1866,5.15,17,6,3,4,0,2
5,1119,1698,787,1408,5.48,17,6,3,4,0,2
7,609,1829,609,1219,5.2,17,6,3,4,0,2
2,683,1240,521,962,3.75,17,6,3,4,0,2
0,1143,1449,747,1296,3.5,17,6,3,4,0,2
4,1109,1046,653,1078,3.92,17,6,3,4,0,2
6,958,2131,809,1544,4.8,17,6,3,4,0,2
1,761,1825,669,1293,5.11,17,6,3,4,0,2
9,738,2677,831,1708,3.4,17,6,3,4,0,2
3,788,1580,631,1184,5.36,17,6,3,4,0,2
8,864,1725,691,1294,5.78,17,6,3,4,0,2
5,1164,1609,787,1386,5.71,17,6,3,4,0,2
7,775,1756,661,1266,5.55,17,6,3,4,0,2
2,724,1260,542,992,3.13,17,6,3,4,0,2
0,766,2568,820,1667,3.47,17,6,3,4,0,2
4,896,2616,882,1756,4.89,17,6,3,4,0,2
6,1148,1415,742,1282,3.07,17,6,3,4,0,2
1,1188,2187,913,1688,4.22,17,6,3,4,0,2
9,1189,1564,788,1376,5.01,17,6,3,4,0,2
3,851,1201,581,1026,4.82,17,6,3,4,0,2
8,1075,2644,959,1860,4.37,18,6,3,4,0,2
5,859,2074,758,1466,3.38,18,6,3,4,0,2
7,620,2227,693,1424,5.69,18,6,3,4,0,2
2,674,1667,603,1170,4.09,18,6,3,4,0,2
0,1086,1675,769,1380,4.57,18,6,3,4,0,2
4,723,1128,515,926,4.74,18,6,3,4,0,2
6,1137,1797,814,1467,4.1,18,6,3,4,0,2
1,757,1727,648,1242,4.43,18,6,3,4,0,2
9,1103,2590,959,1846,4.5,18,6,3,4,0,2
3,792,1842,685,1317,5.21,18,6,3,4,0,2
8,1192,2693,1015,1942,3.28,18,6,3,4,0,2
5,1034,1006,615,1020,3.17,18,6,3,4,0,2
7,1043,2591,935,1817,3.92,18,6,3,4,0,2
2,760,2069,718,1414,3.81,18,6,3,4,0,2
0,979,1325,657,1152,3.24,18,6,3,4,0,2
4,832,2170,767,1501,3.62,18,6,3,4,0,2
6,883,2260,805,1572,3.1,18,6,3,4,0,2
1,1163,2728,1011,1946,5.22,18,6,3,4,0,2
9,637,1909,637,1273,4.79,18,6,3,4,0,2
3,925,2555,881,1740,4.56,18,6,3,4,0,2
8,955,1333,649,1144,4.96,18,6,3,4,0,2
5,693,1575,592,1134,3.06,18,6,3,4,0,2
7,861,2628,870,1744,4.76,18,6,3,4,0,2
2,727,2296,750,1512,4.4,18,6,3,4,0,2
0,1056,2627,948,1842,3.46,18,6,3,4,0,2
4,990,2544,905,1767,4.37,18,6,3,4,0,2
6,1032,1899,793,1466,5.38,18,6,3,4,0,2
1,918,2052,778,1485,5.74,18,6,3,4,0,2
9,1041,2587,934,1814,3.33,18,6,3,4,0,2
3,952,1904,762,1428,4.64,18,6,3,4,0,2
8,819,1299,587,1059,4.0,18,6,3,4,0,2
5,849,1248,589,1048,4.85,18,6,3,4,0,2
7,822,1432,615,1127,5.28,18,6,3,4,0,2
2,975,1680,726,1328,3.6,18,6,3,4,0,2
0,617,1487,544,1052,5.28,18,6,3,4,0,2
4,1141,2557,968,1849,5.08,18,6,3,4,0,2
6,935,1789,732,1362,3.3,18,6,3,4,0,2
1,1120,2646,977,1883,4.09,18,6,3,4,0,2
9,804,2208,763,1506,3.09,18,6,3,4,0,2
3,1092,1219,681,1156,4.49,18,6,3,4,0,2
8,761,1299,564,1030,3.42,19,6,3,4,0,2
5,899,2396,839,1648,5.49,19,6,3,4,0,2
7,868,2328,813,1598,5.01,19,6,3,4,0,2
2,736,2559,806,1648,4.48,19,6,3,4,0,2
0,1068,1890,805,1479,5.75,19,6,3,4,0,2
4,718,2451,777,1584,3.06,19,6,3,4,0,2
6,967,1772,741,1370,4.93,19,6,3,4,0,2
1,764,1650,636,1207,3.53,19,6,3,4,0,2
9,796,2741,867,1768,3.83,19,6,3,4,0,2
3,752,2530,807,1641,4.35,19,6,3,4,0,2
8,632,1797,612,1214,5.07,19,6,3,4,0,2
5,1071,2605,949,1838,5.36,19,6,3,4,0,2
7,1091,1342,705,1216,3.97,19,6,3,4,0,2
2,767,2453,797,1610,3.38,19,6,3,4,0,2
0,831,2168,766,1500,5.39,19,6,3,4,0,2
4,1117,1751,797,1434,3.72,19,6,3,4,0,2
6,731,2114,715,1422,3.88,19,6,3,4,0,2
1,906,2453,853,1680,3.73,19,6,3,4,0,2
9,600,1718,584,1159,4.59,19,6,3,4,0,2
3,775,1628,636,1202,5.03,19,6,3,4,0,2
8,1181,2358,944,1770,3.43,19,6,3,4,0,2
5,873,1528,655,1200,5.08,19,6,3,4,0,2
7,1157,1634,790,1396,4.79,19,6,3,4,0,2
2,783,1330,579,1056,3.78,19,6,3,4,0,2
0,1133,1966,846,1550,3.37,19,6,3,4,0,2
4,997,2180,835,1588,4.07,19,6,3,4,0,2
6,975,1305,651,1140,5.39,19,6,3,4,0,2
1,795,1907,699,1351,3.2,19,6,3,4,0,2
9,1045,2642,946,1844,5.44,19,6,3,4,0,2
3,1115,1186,683,1150,5.55,19,6,3,4,0,2
8,766,1246,556,1006,4.13,19,6,3,4,0,2
5,671,2266,722,1468,4.85,19,6,3,4,0,2
7,832,1210,575,1021,5.64,19,6,3,4,0,2
2,705,1351,552,1028,4.55,19,6,3,4,0,2
0,1020,2315,871,1668,4.08,19,6,3,4,0,2
4,701,1052,491,876,4.5,19,6,3,4,0,2
6,603,1487,539,1045,3.98,19,6,3,4,0,2
1,1123,2478,945,1800,5.29,19,6,3,4,0,2
9,1193,1009,679,1101,4.25,19,6,3,4,0,2
3,716,1744,635,1230,4.46,19,6,3,4,0,2
8,996,2084,815,1540,5.22,20,6,3,4,0,2
5,1022,1898,788,1460,5.07,20,6,3,4,0,2
7,1122,2625,974,1874,5.52,20,6,3,4,0,2
2,1135,2124,879,1630,3.8,20,6,3,4,0,2
0,615,2602,766,1608,5.19,20,6,3,4,0,2
4,896,2174,793,1535,4.51,20,6,3,4,0,2
6,1146,1960,850,1553,5.63,20,6,3,4,0,2
1,752,2425,786,1588,5.02,20,6,3,4,0,2
9,1175,2612,992,1894,5.02,20,6,3,4,0,2
3,889,1089,573,989,5.32,20,6,3,4,0,2
8,1173,1625,794,1399,4.89,20,6,3,4,0,2
5,1131,1363,725,1247,5.26,20,6,3,4,0,2
7,1165,1195,705,1180,3.89,20,6,3,4,0,2
2,1155,2023,867,1589,5.06,20,6,3,4,0,2
0,1142,2561,969,1852,5.08,20,6,3,4,0,2
4,647,2486,756,1566,4.44,20,6,3,4,0,2
6,654,1860,634,1257,4.36,20,6,3,4,0,2
1,1174,1486,767,1330,5.73,20,6,3,4,0,2
9,763,1219,549,991,3.8,20,6,3,4,0,2
3,1049,2353,890,1701,5.02,20,6,3,4,0,2
8,1007,2139,831,1573,4.89,20,6,3,4,0,2
5,1029,1964,804,1496,3.93,20,6,3,4,0,2
7,1034,1526,719,1280,5.18,20,6,3,4,0,2
2,639,1799,615,1219,4.05,20,6,3,4,0,2
0,765,1357,577,1061,4.73,20,6,3,4,0,2
4,616,2397,726,1506,3.34,20,6,3,4,0,2
6,817,2565,840,1691,4.66,20,6,3,4,0,2
1,1142,1710,799,1426,3.92,20,6,3,4,0,2
9,744,1769,651,1256,5.67,20,6,3,4,0,2
3,997,1023,603,1010,3.8,20,6,3,4,0,2
8,837,2444,824,1640,4.15,20,6,3,4,0,2
5,615,2632,772,1624,3.93,20,6,3,4,0,2
7,1181,1720,816,1450,3.99,20,6,3,4,0,2
2,660,1813,627,1236,3.28,20,6,3,4,0,2
0,816,2562,839,1689,3.19,20,6,3,4,0,2
4,820,1588,646,1204,4.22,20,6,3,4,0,2
6,1102,2395,920,1748,3.36,20,6,3,4,0,2
1,1184,1106,695,1145,5.33,20,6,3,4,0,2
9,999,1152,630,1076,4.82,20,6,3,4,0,2
3,776,1447,600,1112,4.98,20,6,3,4,0,2
8,299,400,200,350,0.53,21,6,3,4,0,0
5,202,416,164,309,0.87,21,6,3,4,0,2
7,252,334,168,293,0.79,21,6,3,4,0,2
2,395,467,251,431,0.93,21,6,3,4,0,2
0,331,464,225,398,1.61,21,6,3,4,0,2
4,483,522,298,502,2.4,21,6,3,4,0,2
6,400,420,244,410,2.34,21,6,3,4,0,2
1,522,506,310,514,1.85,21,6,3,4,0,2
9,208,192,122,200,1.14,21,6,3,4,0,2
3,174,346,139,260,1.38,21,6,3,4,0,2
8,163,162,98,162,0.54,21,6,3,4,0,0
5,312,207,166,260,1.75,21,6,3,4,0,2
7,212,517,188,364,2.36,21,6,3,4,0,2
2,300,204,161,252,1.75,21,6,3,4,0,2
0,264,200,146,232,1.48,21,6,3,4,0,2
4,233,534,200,384,0.9,21,6,3,4,0,2
6,204,256,133,230,2.12,21,6,3,4,0,2
1,296,409,200,352,1.2,21,6,3,4,0,2
9,246,242,147,244,1.86,21,6,3,4,0,2
3,474,221,234,348,0.64,21,6,3,4,0,0
8,479,429,277,454,2.46,21,6,3,4,0,2
5,262,479,201,370,1.66,21,6,3,4,0,2
7,314,278,181,296,0.75,21,6,3,4,0,2
2,227,519,195,373,2.45,21,6,3,4,0,2
0,437,431,261,434,1.7,21,6,3,4,0,2
4,475,267,243,371,1.45,21,6,3,4,0,2
6,195,271,132,233,1.69,21,6,3,4,0,2
1,523,207,251,365,0.84,21,6,3,4,0,2
9,491,451,287,471,2.3,21,6,3,4,0,2
3,294,342,186,318,0.59,21,6,3,4,0,0
8,366,151,177,258,2.25,21,6,3,4,0,2
5,244,451,188,348,2.35,21,6,3,4,0,2
7,169,428,153,298,1.37,21,6,3,4,0,2
2,375,221,194,298,2.15,21,6,3,4,0,2
0,283,208,155,246,0.77,21,6,3,4,0,2
4,547,366,292,456,1.06,21,6,3,4,0,2
6,394,258,209,326,1.07,21,6,3,4,0,2
1,294,518,221,406,1.96,21,6,3,4,0,2
9,417,294,226,356,2.43,21,6,3,4,0,2
3,373,204,190,288,1.22,21,6,3,4,0,2
8,422,227,214,324,1.19,22,6,3,4,0,2
5,347,399,219,373,1.13,22,6,3,4,0,2
7,282,538,220,410,1.07,22,6,3,4,0,2
2,364,316,209,340,2.47,22,6,3,4,0,2
0,399,289,217,344,0.73,22,6,3,4,0,0
4,229,301,152,265,1.21,22,6,3,4,0,2
6,247,299,159,273,0.71,22,6,3,4,0,0
1,385,433,241,409,0.81,22,6,3,4,0,2
9,203,526,186,364,0.92,22,6,3,4,0,2
3,183,474,168,328,1.27,22,6,3,4,0,2
8,503,319,265,411,1.27,22,6,3,4,0,2
5,267,539,215,403,0.82,22,6,3,4,0,2
7,468,251,237,360,1.14,22,6,3,4,0,2
2,246,441,187,344,2.38,22,6,3,4,0,2
0,240,495,195,368,1.7,22,6,3,4,0,2
4,289,200,156,244,2.48,22,6,3,4,0,2
6,426,169,204,298,1.16,22,6,3,4,0,2
1,447,327,244,387,1.2,22,6,3,4,0,2
9,212,235,132,224,0.93,22,6,3,4,0,2
3,165,346,135,256,2.33,22,6,3,4,0,2
8,264,162,138,213,1.66,22,6,3,4,0,2
5,351,386,218,368,0.78,22,6,3,4,0,2
7,186,414,157,300,1.13,22,6,3,4,0,2
2,304,323,186,314,1.36,22,6,3,4,0,2
0,399,269,213,334,0.56,22,6,3,4,0,0
4,444,322,242,383,1.88,22,6,3,4,0,2
6,501,341,269,421,2.35,22,6,3,4,0,2
1,376,296,210,336,0.76,22,6,3,4,0,2
9,359,497,243,428,2.03,22,6,3,4,0,2
3,518,395,286,456,1.04,22,6,3,4,0,2
8,256,293,161,274,0.58,22,6,3,4,0,0
5,252,298,160,275,1.35,22,6,3,4,0,2
7,423,244,218,334,1.14,22,6,3,4,0,2
2,290,232,162,261,1.29,22,6,3,4,0,2
0,229,219,135,224,0.81,22,6,3,4,0,2
4,244,516,201,380,1.81,22,6,3,4,0,2
6,438,355,246,396,1.46,22,6,3,4,0,2
1,225,369,164,297,1.16,22,6,3,4,0,2
9,407,311,225,359,0.52,22,6,3,4,0,0
3,486,257,246,372,1.86,22,6,3,4,0,2
8,263,441,193,352,2.0,23,6,3,4,0,2
5,426,248,220,337,1.58,23,6,3,4,0,2
7,235,289,152,262,1.37,23,6,3,4,0,2
2,446,236,226,341,1.06,23,6,3,4,0,2
0,367,461,239,414,1.98,23,6,3,4,0,2
4,347,543,247,445,1.9,23,6,3,4,0,2
6,507,159,235,333,1.86,23,6,3,4,0,2
1,399,357,231,378,2.39,23,6,3,4,0,2
9,168,247,117,208,0.7,23,6,3,4,0,0
3,315,426,211,370,1.1,23,6,3,4,0,2
8,344,370,212,357,1.56,23,6,3,4,0,2
5,185,499,174,342,2.35,23,6,3,4,0,2
7,513,334,272,424,1.79,23,6,3,4,0,2
2,414,162,198,288,1.48,23,6,3,4,0,2
0,438,266,228,352,2.19,23,6,3,4,0,2
4,365,170,180,268,1.55,23,6,3,4,0,2
6,313,538,233,426,0.94,23,6,3,4,0,2
1,495,211,240,353,1.35,23,6,3,4,0,2
9,537,297,274,417,0.95,23,6,3,4,0,2
3,168,461,159,314,2.03,23,6,3,4,0,2
8,400,489,258,444,1.77,23,6,3,4,0,2
5,330,477,227,404,0.53,23,6,3,4,0,0
7,486,420,278,453,1.75,23,6,3,4,0,2
2,169,502,168,336,1.24,23,6,3,4,0,2
0,173,485,166,329,1.38,23,6,3,4,0,2
4,383,246,202,314,1.54,23,6,3,4,0,2
6,538,355,286,446,2.04,23,6,3,4,0,2
1,315,354,197,334,1.14,23,6,3,4,0,2
9,251,304,161,278,2.4,23,6,3,4,0,2
3,176,167,104,172,1.84,23,6,3,4,0,2
8,290,274,171,282,1.05,23,6,3,4,0,2
5,324,531,236,428,2.47,23,6,3,4,0,2
7,310,180,160,245,1.91,23,6,3,4,0,2
2,343,273,192,308,0.57,23,6,3,4,0,0
0,245,199,138,222,0.82,23,6,3,4,0,2
4,527,538,318,532,1.32,23,6,3,4,0,2
6,331,481,229,406,1.74,23,6,3,4,0,2
1,412,349,235,380,0.6,23,6,3,4,0,0
9,412,504,266,458,1.7,23,6,3,4,0,2
3,190,238,124,214,2.04,23,6,3,4,0,2
8,0,0,0,0,0.0,0,7,3,5,1,1
5,0,0,0,0,0.0,0,7,3,5,1,1
7,0,0,0,0,0.0,0,7,3,5,1,1
2,0,0,0,0,0.0,0,7,3,5,1,1
0,0,0,0,0,0.0,0,7,3,5,1,1
4,0,0,0,0,0.0,0,7,3,5,1,1
6,0,0,0,0,0.0,0,7,3,5,1,1
1,0,0,0,0,0.0,0,7,3,5,1,1
9,0,0,0,0,0.0,0,7,3,5,1,1
3,0,0,0,0,0.0,0,7,3,5,1,1
8,0,0,0,0,0.0,0,7,3,5,1,1
5,0,0,0,0,0.0,0,7,3,5,1,1
7,0,0,0,0,0.0,0,7,3,5,1,1
2,0,0,0,0,0.0,0,7,3,5,1,1
0,0,0,0,0,0.0,0,7,3,5,1,1
4,0,0,0,0,0.0,0,7,3,5,1,1
6,0,0,0,0,0.0,0,7,3,5,1,1
1,0,0,0,0,0.0,0,7,3,5,1,1
9,0,0,0,0,0.0,0,7,3,5,1,1
3,0,0,0,0,0.0,0,7,3,5,1,1
8,0,0,0,0,0.0,0,7,3,5,1,1
5,0,0,0,0,0.0,0,7,3,5,1,1
7,0,0,0,0,0.0,0,7,3,5,1,1
2,0,0,0,0,0.0,0,7,3,5,1,1
0,0,0,0,0,0.0,0,7,3,5,1,1
4,0,0,0,0,0.0,0,7,3,5,1,1
6,0,0,0,0,0.0,0,7,3,5,1,1
1,0,0,0,0,0.0,0,7,3,5,1,1
9,0,0,0,0,0.0,0,7,3,5,1,1
3,0,0,0,0,0.0,0,7,3,5,1,1
8,0,0,0,0,0.0,0,7,3,5,1,1
5,0,0,0,0,0.0,0,7,3,5,1,1
7,0,0,0,0,0.0,0,7,3,5,1,1
2,0,0,0,0,0.0,0,7,3,5,1,1
0,0,0,0,0,0.0,0,7,3,5,1,1
4,0,0,0,0,0.0,0,7,3,5,1,1
6,0,0,0,0,0.0,0,7,3,5,1,1
1,0,0,0,0,0.0,0,7,3,5,1,1
9,0,0,0,0,0.0,0,7,3,5,1,1
3,0,0,0,0,0.0,0,7,3,5,1,1
8,0,0,0,0,0.0,1,7,3,5,1,1
5,0,0,0,0,0.0,1,7,3,5,1,1
7,0,0,0,0,0.0,1,7,3,5,1,1
2,0,0,0,0,0.0,1,7,3,5,1,1
0,0,0,0,0,0.0,1,7,3,5,1,1
4,0,0,0,0,0.0,1,7,3,5,1,1
6,0,0,0,0,0.0,1,7,3,5,1,1
1,0,0,0,0,0.0,1,7,3,5,1,1
9,0,0,0,0,0.0,1,7,3,5,1,1
3,0,0,0,0,0.0,1,7,3,5,1,1
8,0,0,0,0,0.0,1,7,3,5,1,1
5,0,0,0,0,0.0,1,7,3,5,1,1
7,0,0,0,0,0.0,1,7,3,5,1,1
2,0,0,0,0,0.0,1,7,3,5,1,1
0,0,0,0,0,0.0,1,7,3,5,1,1
4,0,0,0,0,0.0,1,7,3,5,1,1
6,0,0,0,0,0.0,1,7,3,5,1,1
1,0,0,0,0,0.0,1,7,3,5,1,1
9,0,0,0,0,0.0,1,7,3,5,1,1
3,0,0,0,0,0.0,1,7,3,5,1,1
8,0,0,0,0,0.0,1,7,3,5,1,1
5,0,0,0,0,0.0,1,7,3,5,1,1
7,0,0,0,0,0.0,1,7,3,5,1,1
2,0,0,0,0,0.0,1,7,3,5,1,1
0,0,0,0,0,0.0,1,7,3,5,1,1
4,0,0,0,0,0.0,1,7,3,5,1,1
6,0,0,0,0,0.0,1,7,3,5,1,1
1,0,0,0,0,0.0,1,7,3,5,1,1
9,0,0,0,0,0.0,1,7,3,5,1,1
3,0,0,0,0,0.0,1,7,3,5,1,1
8,0,0,0,0,0.0,1,7,3,5,1,1
5,0,0,0,0,0.0,1,7,3,5,1,1
7,0,0,0,0,0.0,1,7,3,5,1,1
2,0,0,0,0,0.0,1,7,3,5,1,1
0,0,0,0,0,0.0,1,7,3,5,1,1
4,0,0,0,0,0.0,1,7,3,5,1,1
6,0,0,0,0,0.0,1,7,3,5,1,1
1,0,0,0,0,0.0,1,7,3,5,1,1
9,0,0,0,0,0.0,1,7,3,5,1,1
3,0,0,0,0,0.0,1,7,3,5,1,1
8,0,0,0,0,0.0,2,7,3,5,1,1
5,0,0,0,0,0.0,2,7,3,5,1,1
7,0,0,0,0,0.0,2,7,3,5,1,1
2,0,0,0,0,0.0,2,7,3,5,1,1
0,0,0,0,0,0.0,2,7,3,5,1,1
4,0,0,0,0,0.0,2,7,3,5,1,1
6,0,0,0,0,0.0,2,7,3,5,1,1
1,0,0,0,0,0.0,2,7,3,5,1,1
9,0,0,0,0,0.0,2,7,3,5,1,1
3,0,0,0,0,0.0,2,7,3,5,1,1
8,0,0,0,0,0.0,2,7,3,5,1,1
5,0,0,0,0,0.0,2,7,3,5,1,1
7,0,0,0,0,0.0,2,7,3,5,1,1
2,0,0,0,0,0.0,2,7,3,5,1,1
0,0,0,0,0,0.0,2,7,3,5,1,1
4,0,0,0,0,0.0,2,7,3,5,1,1
6,0,0,0,0,0.0,2,7,3,5,1,1
1,0,0,0,0,0.0,2,7,3,5,1,1
9,0,0,0,0,0.0,2,7,3,5,1,1
3,0,0,0,0,0.0,2,7,3,5,1,1
8,0,0,0,0,0.0,2,7,3,5,1,1
5,0,0,0,0,0.0,2,7,3,5,1,1
7,0,0,0,0,0.0,2,7,3,5,1,1
2,0,0,0,0,0.0,2,7,3,5,1,1
0,0,0,0,0,0.0,2,7,3,5,1,1
4,0,0,0,0,0.0,2,7,3,5,1,1
6,0,0,0,0,0.0,2,7,3,5,1,1
1,0,0,0,0,0.0,2,7,3,5,1,1
9,0,0,0,0,0.0,2,7,3,5,1,1
3,0,0,0,0,0.0,2,7,3,5,1,1
8,0,0,0,0,0.0,2,7,3,5,1,1
5,0,0,0,0,0.0,2,7,3,5,1,1
7,0,0,0,0,0.0,2,7,3,5,1,1
2,0,0,0,0,0.0,2,7,3,5,1,1
0,0,0,0,0,0.0,2,7,3,5,1,1
4,0,0,0,0,0.0,2,7,3,5,1,1
6,0,0,0,0,0.0,2,7,3,5,1,1
1,0,0,0,0,0.0,2,7,3,5,1,1
9,0,0,0,0,0.0,2,7,3,5,1,1
3,0,0,0,0,0.0,2,7,3,5,1,1
8,0,0,0,0,0.0,3,7,3,5,1,1
5,0,0,0,0,0.0,3,7,3,5,1,1
7,0,0,0,0,0.0,3,7,3,5,1,1
2,0,0,0,0,0.0,3,7,3,5,1,1
0,0,0,0,0,0.0,3,7,3,5,1,1
4,0,0,0,0,0.0,3,7,3,5,1,1
6,0,0,0,0,0.0,3,7,3,5,1,1
1,0,0,0,0,0.0,3,7,3,5,1,1
9,0,0,0,0,0.0,3,7,3,5,1,1
3,0,0,0,0,0.0,3,7,3,5,1,1
8,0,0,0,0,0.0,3,7,3,5,1,1
5,0,0,0,0,0.0,3,7,3,5,1,1
7,0,0,0,0,0.0,3,7,3,5,1,1
2,0,0,0,0,0.0,3,7,3,5,1,1
0,0,0,0,0,0.0,3,7,3,5,1,1
4,0,0,0,0,0.0,3,7,3,5,1,1
6,0,0,0,0,0.0,3,7,3,5,1,1
1,0,0,0,0,0.0,3,7,3,5,1,1
9,0,0,0,0,0.0,3,7,3,5,1,1
3,0,0,0,0,0.0,3,7,3,5,1,1
8,0,0,0,0,0.0,3,7,3,5,1,1
5,0,0,0,0,0.0,3,7,3,5,1,1
7,0,0,0,0,0.0,3,7,3,5,1,1
2,0,0,0,0,0.0,3,7,3,5,1,1
0,0,0,0,0,0.0,3,7,3,5,1,1
4,0,0,0,0,0.0,3,7,3,5,1,1
6,0,0,0,0,0.0,3,7,3,5,1,1
1,0,0,0,0,0.0,3,7,3,5,1,1
9,0,0,0,0,0.0,3,7,3,5,1,1
3,0,0,0,0,0.0,3,7,3,5,1,1
8,0,0,0,0,0.0,3,7,3,5,1,1
5,0,0,0,0,0.0,3,7,3,5,1,1
7,0,0,0,0,0.0,3,7,3,5,1,1
2,0,0,0,0,0.0,3,7,3,5,1,1
0,0,0,0,0,0.0,3,7,3,5,1,1
4,0,0,0,0,0.0,3,7,3,5,1,1
6,0,0,0,0,0.0,3,7,3,5,1,1
1,0,0,0,0,0.0,3,7,3,5,1,1
9,0,0,0,0,0.0,3,7,3,5,1,1
3,0,0,0,0,0.0,3,7,3,5,1,1
8,0,0,0,0,0.0,4,7,3,5,1,1
5,0,0,0,0,0.0,4,7,3,5,1,1
7,0,0,0,0,0.0,4,7,3,5,1,1
2,0,0,0,0,0.0,4,7,3,5,1,1
0,0,0,0,0,0.0,4,7,3,5,1,1
4,0,0,0,0,0.0,4,7,3,5,1,1
6,0,0,0,0,0.0,4,7,3,5,1,1
1,0,0,0,0,0.0,4,7,3,5,1,1
9,0,0,0,0,0.0,4,7,3,5,1,1
3,0,0,0,0,0.0,4,7,3,5,1,1
8,0,0,0,0,0.0,4,7,3,5,1,1
5,0,0,0,0,0.0,4,7,3,5,1,1
7,0,0,0,0,0.0,4,7,3,5,1,1
2,0,0,0,0,0.0,4,7,3,5,1,1
0,0,0,0,0,0.0,4,7,3,5,1,1
4,0,0,0,0,0.0,4,7,3,5,1,1
6,0,0,0,0,0.0,4,7,3,5,1,1
1,0,0,0,0,0.0,4,7,3,5,1,1
9,0,0,0,0,0.0,4,7,3,5,1,1
3,0,0,0,0,0.0,4,7,3,5,1,1
8,0,0,0,0,0.0,4,7,3,5,1,1
5,0,0,0,0,0.0,4,7,3,5,1,1
7,0,0,0,0,0.0,4,7,3,5,1,1
2,0,0,0,0,0.0,4,7,3,5,1,1
0,0,0,0,0,0.0,4,7,3,5,1,1
4,0,0,0,0,0.0,4,7,3,5,1,1
6,0,0,0,0,0.0,4,7,3,5,1,1
1,0,0,0,0,0.0,4,7,3,5,1,1
9,0,0,0,0,0.0,4,7,3,5,1,1
3,0,0,0,0,0.0,4,7,3,5,1,1
8,0,0,0,0,0.0,4,7,3,5,1,1
5,0,0,0,0,0.0,4,7,3,5,1,1
7,0,0,0,0,0.0,4,7,3,5,1,1
2,0,0,0,0,0.0,4,7,3,5,1,1
0,0,0,0,0,0.0,4,7,3,5,1,1
4,0,0,0,0,0.0,4,7,3,5,1,1
6,0,0,0,0,0.0,4,7,3,5,1,1
1,0,0,0,0,0.0,4,7,3,5,1,1
9,0,0,0,0,0.0,4,7,3,5,1,1
3,0,0,0,0,0.0,4,7,3,5,1,1
8,0,0,0,0,0.0,5,7,3,5,1,1
5,0,0,0,0,0.0,5,7,3,5,1,1
7,0,0,0,0,0.0,5,7,3,5,1,1
2,0,0,0,0,0.0,5,7,3,5,1,1
0,0,0,0,0,0.0,5,7,3,5,1,1
4,0,0,0,0,0.0,5,7,3,5,1,1
6,0,0,0,0,0.0,5,7,3,5,1,1
1,0,0,0,0,0.0,5,7,3,5,1,1
9,0,0,0,0,0.0,5,7,3,5,1,1
3,0,0,0,0,0.0,5,7,3,5,1,1
8,0,0,0,0,0.0,5,7,3,5,1,1
5,0,0,0,0,0.0,5,7,3,5,1,1
7,0,0,0,0,0.0,5,7,3,5,1,1
2,0,0,0,0,0.0,5,7,3,5,1,1
0,0,0,0,0,0.0,5,7,3,5,1,1
4,0,0,0,0,0.0,5,7,3,5,1,1
6,0,0,0,0,0.0,5,7,3,5,1,1
1,0,0,0,0,0.0,5,7,3,5,1,1
9,0,0,0,0,0.0,5,7,3,5,1,1
3,0,0,0,0,0.0,5,7,3,5,1,1
8,0,0,0,0,0.0,5,7,3,5,1,1
5,0,0,0,0,0.0,5,7,3,5,1,1
7,0,0,0,0,0.0,5,7,3,5,1,1
2,0,0,0,0,0.0,5,7,3,5,1,1
0,0,0,0,0,0.0,5,7,3,5,1,1
4,0,0,0,0,0.0,5,7,3,5,1,1
6,0,0,0,0,0.0,5,7,3,5,1,1
1,0,0,0,0,0.0,5,7,3,5,1,1
9,0,0,0,0,0.0,5,7,3,5,1,1
3,0,0,0,0,0.0,5,7,3,5,1,1
8,0,0,0,0,0.0,5,7,3,5,1,1
5,0,0,0,0,0.0,5,7,3,5,1,1
7,0,0,0,0,0.0,5,7,3,5,1,1
2,0,0,0,0,0.0,5,7,3,5,1,1
0,0,0,0,0,0.0,5,7,3,5,1,1
4,0,0,0,0,0.0,5,7,3,5,1,1
6,0,0,0,0,0.0,5,7,3,5,1,1
1,0,0,0,0,0.0,5,7,3,5,1,1
9,0,0,0,0,0.0,5,7,3,5,1,1
3,0,0,0,0,0.0,5,7,3,5,1,1
8,426,471,265,448,0.54,6,7,3,5,1,0
5,213,496,184,354,1.2,6,7,3,5,1,2
7,364,366,219,365,2.24,6,7,3,5,1,2
2,249,496,199,372,2.22,6,7,3,5,1,2
0,169,243,116,206,1.8,6,7,3,5,1,2
4,196,185,115,190,1.06,6,7,3,5,1,2
6,176,302,131,239,1.39,6,7,3,5,1,2
1,266,411,189,338,0.73,6,7,3,5,1,0
9,488,181,231,334,2.14,6,7,3,5,1,2
3,468,193,226,330,0.72,6,7,3,5,1,0
8,323,490,227,406,2.03,6,7,3,5,1,2
5,458,470,277,464,1.68,6,7,3,5,1,2
7,185,459,166,322,2.12,6,7,3,5,1,2
2,270,164,141,217,0.99,6,7,3,5,1,2
0,450,503,281,476,2.25,6,7,3,5,1,2
4,459,408,265,434,0.84,6,7,3,5,1,2
6,525,498,310,512,2.41,6,7,3,5,1,2
1,496,351,269,424,2.36,6,7,3,5,1,2
9,189,402,156,296,0.58,6,7,3,5,1,0
3,362,400,225,381,1.02,6,7,3,5,1,2
8,529,205,253,367,1.75,6,7,3,5,1,2
5,450,225,225,338,0.69,6,7,3,5,1,0
7,515,235,253,375,2.05,6,7,3,5,1,2
2,287,518,218,402,1.74,6,7,3,5,1,2
0,297,176,154,236,2.31,6,7,3,5,1,2
4,364,158,177,261,0.74,6,7,3,5,1,0
6,545,414,301,480,2.08,6,7,3,5,1,2
1,168,394,146,281,1.5,6,7,3,5,1,2
9,250,230,146,240,2.29,6,7,3,5,1,2
3,284,504,214,394,1.29,6,7,3,5,1,2
8,394,159,189,276,2.26,6,7,3,5,1,2
5,367,193,185,280,1.73,6,7,3,5,1,2
7,497,168,232,332,1.26,6,7,3,5,1,2
2,333,496,232,414,2.12,6,7,3,5,1,2
0,370,496,247,433,2.05,6,7,3,5,1,2
4,517,543,315,530,2.19,6,7,3,5,1,2
6,513,542,314,528,2.45,6,7,3,5,1,2
1,249,202,140,226,0.69,6,7,3,5,1,0
9,538,335,282,436,2.37,6,7,3,5,1,2
3,529,332,278,430,1.16,6,7,3,5,1,2
8,258,184,140,221,0.67,7,7,3,5,1,0
5,172,456,160,314,1.59,7,7,3,5,1,2
7,242,383,173,312,1.16,7,7,3,5,1,2
2,272,271,163,272,2.46,7,7,3,5,1,2
0,221,205,129,213,1.62,7,7,3,5,1,2
4,386,337,222,362,1.73,7,7,3,5,1,2
6,258,278,159,268,1.98,7,7,3,5,1,2
1,254,303,162,278,1.41,7,7,3,5,1,2
9,203,345,150,274,2.39,7,7,3,5,1,2
3,241,525,201,383,1.48,7,7,3,5,1,2
8,526,403,291,464,2.44,7,7,3,5,1,2
5,256,418,186,337,1.82,7,7,3,5,1,2
7,416,490,264,453,2.15,7,7,3,5,1,2
2,277,408,192,342,1.44,7,7,3,5,1,2
0,275,337,177,306,1.63,7,7,3,5,1,2
4,179,362,144,270,0.74,7,7,3,5,1,0
6,247,471,193,359,2.37,7,7,3,5,1,2
1,470,261,240,366,2.38,7,7,3,5,1,2
9,406,324,227,365,2.04,7,7,3,5,1,2
3,248,465,192,356,1.84,7,7,3,5,1,2
8,456,362,255,409,0.86,7,7,3,5,1,2
5,365,468,240,416,0.62,7,7,3,5,1,0
7,477,387,268,432,1.99,7,7,3,5,1,2
2,268,235,154,252,1.9,7,7,3,5,1,2
0,519,218,251,368,1.92,7,7,3,5,1,2
4,189,411,158,300,2.48,7,7,3,5,1,2
6,216,463,179,340,2.19,7,7,3,5,1,2
1,297,328,184,312,0.54,7,7,3,5,1,0
9,312,428,210,370,0.68,7,7,3,5,1,0
3,301,369,194,335,1.57,7,7,3,5,1,2
8,405,328,228,366,1.37,7,7,3,5,1,2
5,450,275,235,362,1.36,7,7,3,5,1,2
7,295,165,151,230,0.61,7,7,3,5,1,0
2,502,291,259,396,2.06,7,7,3,5,1,2
0,267,404,188,336,0.56,7,7,3,5,1,0
4,368,238,195,303,0.75,7,7,3,5,1,2
6,548,287,277,418,0.72,7,7,3,5,1,0
1,483,410,275,446,1.66,7,7,3,5,1,2
9,262,179,141,220,1.58,7,7,3,5,1,2
3,538,266,268,402,1.88,7,7,3,5,1,2
8,1881,510,854,1196,5.54,8,7,3,5,1,2
5,1821,944,917,1382,3.95,8,7,3,5,1,2
7,1037,855,586,946,4.19,8,7,3,5,1,2
2,1016,710,548,863,5.32,8,7,3,5,1,2
0,1960,953,975,1456,5.64,8,7,3,5,1,2
4,2453,837,1149,1645,4.89,8,7,3,5,1,2
6,2481,947,1182,1714,5.62,8,7,3,5,1,2
1,2226,997,1090,1612,4.73,8,7,3,5,1,2
9,1644,615,781,1130,3.77,8,7,3,5,1,2
3,2449,632,1106,1540,3.65,8,7,3,5,1,2
8,1549,557,731,1053,3.89,8,7,3,5,1,2
5,2098,699,979,1398,4.03,8,7,3,5,1,2
7,2157,799,1023,1478,5.31,8,7,3,5,1,2
2,1726,579,806,1152,4.67,8,7,3,5,1,2
0,1817,626,852,1222,4.69,8,7,3,5,1,2
4,2076,795,989,1436,4.94,8,7,3,5,1,2
6,1377,578,666,978,5.79,8,7,3,5,1,2
1,1997,811,961,1404,3.94,8,7,3,5,1,2
9,1860,569,858,1214,3.36,8,7,3,5,1,2
3,1516,771,761,1144,5.58,8,7,3,5,1,2
8,2420,538,1076,1479,3.78,8,7,3,5,1,2
5,1248,814,662,1031,4.87,8,7,3,5,1,2
7,1492,942,785,1217,4.79,8,7,3,5,1,2
2,946,653,509,800,4.89,8,7,3,5,1,2
0,2134,834,1020,1484,3.74,8,7,3,5,1,2
4,1788,499,815,1144,3.32,8,7,3,5,1,2
6,1134,882,630,1008,4.58,8,7,3,5,1,2
1,1946,878,954,1412,4.51,8,7,3,5,1,2
9,1880,619,876,1250,4.12,8,7,3,5,1,2
3,983,597,513,790,3.34,8,7,3,5,1,2
8,1388,710,697,1049,5.11,8,7,3,5,1,2
5,1216,883,663,1050,3.72,8,7,3,5,1,2
7,1523,546,718,1034,3.21,8,7,3,5,1,2
2,1169,529,573,849,5.42,8,7,3,5,1,2
0,2113,553,956,1333,3.72,8,7,3,5,1,2
4,1064,584,542,824,5.16,8,7,3,5,1,2
6,2409,930,1150,1670,4.88,8,7,3,5,1,2
1,2275,789,1068,1532,4.14,8,7,3,5,1,2
9,843,436,424,640,3.34,8,7,3,5,1,2
3,2404,874,1136,1639,5.65,8,7,3,5,1,2
8,810,684,461,747,4.55,9,7,3,5,1,2
5,1699,750,830,1224,4.68,9,7,3,5,1,2
7,2187,938,1062,1562,3.23,9,7,3,5,1,2
2,840,841,504,840,3.17,9,7,3,5,1,2
0,1966,505,887,1236,4.54,9,7,3,5,1,2
4,1766,659,838,1212,3.71,9,7,3,5,1,2
6,1214,580,602,897,3.1,9,7,3,5,1,2
1,863,837,513,850,3.08,9,7,3,5,1,2
9,1538,725,760,1132,5.79,9,7,3,5,1,2
3,1761,671,839,1216,4.24,9,7,3,5,1,2
8,959,973,578,966,3.03,9,7,3,5,1,2
5,1534,921,798,1228,5.1,9,7,3,5,1,2
7,1935,527,879,1231,3.26,9,7,3,5,1,2
2,1521,691,747,1106,4.24,9,7,3,5,1,2
0,1034,687,551,860,5.17,9,7,3,5,1,2
4,1921,993,967,1457,4.19,9,7,3,5,1,2
6,1604,987,839,1296,4.71,9,7,3,5,1,2
1,1076,629,556,852,4.7,9,7,3,5,1,2
9,1897,620,883,1258,4.03,9,7,3,5,1,2
3,806,942,511,874,5.02,9,7,3,5,1,2
8,2082,934,1020,1508,3.59,9,7,3,5,1,2
5,2044,631,944,1338,5.56,9,7,3,5,1,2
7,2012,551,915,1282,3.32,9,7,3,5,1,2
2,1269,512,610,890,5.75,9,7,3,5,1,2
0,897,843,527,870,5.43,9,7,3,5,1,2
4,1478,958,783,1218,5.68,9,7,3,5,1,2
6,1484,456,685,970,4.68,9,7,3,5,1,2
1,1077,970,625,1024,5.51,9,7,3,5,1,2
9,2323,655,1060,1489,4.33,9,7,3,5,1,2
3,1829,884,908,1356,3.47,9,7,3,5,1,2
8,2240,922,1080,1581,5.64,9,7,3,5,1,2
5,1550,772,774,1161,3.96,9,7,3,5,1,2
7,1669,785,825,1227,3.88,9,7,3,5,1,2
2,2141,886,1034,1514,4.16,9,7,3,5,1,2
0,1826,462,823,1144,5.49,9,7,3,5,1,2
4,1839,457,827,1148,5.68,9,7,3,5,1,2
6,1430,667,705,1048,4.55,9,7,3,5,1,2
1,915,557,477,736,3.14,9,7,3,5,1,2
9,1803,976,916,1390,5.46,9,7,3,5,1,2
3,1756,953,893,1354,3.2,9,7,3,5,1,2
8,2006,447,892,1226,3.94,10,7,3,5,1,2
5,1471,939,776,1205,4.42,10,7,3,5,1,2
7,865,941,534,903,4.01,10,7,3,5,1,2
2,2399,608,1081,1504,3.59,10,7,3,5,1,2
0,1984,451,884,1218,3.93,10,7,3,5,1,2
4,1788,968,909,1378,3.45,10,7,3,5,1,2
6,2435,942,1162,1688,4.18,10,7,3,5,1,2
1,2440,615,1099,1528,3.39,10,7,3,5,1,2
9,1896,745,907,1320,5.47,10,7,3,5,1,2
3,1510,773,759,1142,4.13,10,7,3,5,1,2
8,2124,845,1019,1484,5.51,10,7,3,5,1,2
5,2429,731,1118,1580,4.95,10,7,3,5,1,2
7,1197,614,602,906,4.27,10,7,3,5,1,2
2,974,657,521,816,4.32,10,7,3,5,1,2
0,2003,754,952,1378,5.02,10,7,3,5,1,2
4,2180,646,1001,1413,3.31,10,7,3,5,1,2
6,935,656,505,796,4.66,10,7,3,5,1,2
1,1772,753,859,1262,4.54,10,7,3,5,1,2
9,2485,618,1118,1552,3.41,10,7,3,5,1,2
3,2266,444,995,1355,3.17,10,7,3,5,1,2
8,1099,650,570,874,3.04,10,7,3,5,1,2
5,1196,541,587,868,4.92,10,7,3,5,1,2
7,1000,857,571,928,4.83,10,7,3,5,1,2
2,2400,464,1053,1432,3.57,10,7,3,5,1,2
0,1357,418,626,888,4.18,10,7,3,5,1,2
4,1153,694,600,924,3.48,10,7,3,5,1,2
6,1517,415,690,966,3.5,10,7,3,5,1,2
1,1512,552,715,1032,4.65,10,7,3,5,1,2
9,1030,613,535,822,3.47,10,7,3,5,1,2
3,1691,542,785,1116,3.41,10,7,3,5,1,2
8,1091,520,540,806,3.71,10,7,3,5,1,2
5,1545,580,734,1062,4.25,10,7,3,5,1,2
7,1408,827,729,1118,3.36,10,7,3,5,1,2
2,2373,673,1084,1523,3.83,10,7,3,5,1,2
0,989,470,490,730,4.34,10,7,3,5,1,2
4,2359,752,1094,1556,4.09,10,7,3,5,1,2
6,1906,472,857,1189,4.9,10,7,3,5,1,2
1,1638,765,808,1202,5.28,10,7,3,5,1,2
9,2243,734,1044,1488,3.7,10,7,3,5,1,2
3,1020,698,548,859,4.63,10,7,3,5,1,2
8,498,357,271,428,2.32,11,7,3,5,1,2
5,205,271,136,238,1.38,11,7,3,5,1,2
7,313,361,197,337,1.2,11,7,3,5,1,2
2,226,406,172,316,1.33,11,7,3,5,1,2
0,372,177,184,274,1.24,11,7,3,5,1,2
4,186,545,183,366,1.32,11,7,3,5,1,2
6,477,548,300,512,2.43,11,7,3,5,1,2
1,361,406,226,384,1.91,11,7,3,5,1,2
9,466,158,218,312,1.64,11,7,3,5,1,2
3,258,222,148,240,2.35,11,7,3,5,1,2
8,349,524,244,436,2.41,11,7,3,5,1,2
5,242,163,129,202,0.77,11,7,3,5,1,2
7,460,411,266,436,2.24,11,7,3,5,1,2
2,158,193,102,176,0.9,11,7,3,5,1,2
0,244,381,174,312,1.17,11,7,3,5,1,2
4,485,198,234,342,2.08,11,7,3,5,1,2
6,189,189,113,189,1.77,11,7,3,5,1,2
1,371,303,209,337,1.82,11,7,3,5,1,2
9,389,367,229,378,0.94,11,7,3,5,1,2
3,304,163,154,234,2.06,11,7,3,5,1,2
8,277,359,183,318,2.28,11,7,3,5,1,2
5,429,293,230,361,2.19,11,7,3,5,1,2
7,541,294,275,418,1.14,11,7,3,5,1,2
2,481,329,258,405,1.49,11,7,3,5,1,2
0,386,536,262,461,0.93,11,7,3,5,1,2
4,315,467,219,391,2.42,11,7,3,5,1,2
6,495,444,287,470,1.22,11,7,3,5,1,2
1,251,299,160,275,1.77,11,7,3,5,1,2
9,452,385,258,418,1.18,11,7,3,5,1,2
3,373,202,190,288,2.34,11,7,3,5,1,2
8,414,335,233,374,2.06,11,7,3,5,1,2
5,500,189,238,344,1.79,11,7,3,5,1,2
7,483,198,233,340,1.28,11,7,3,5,1,2
2,462,187,222,324,1.31,11,7,3,5,1,2
0,512,181,241,346,0.65,11,7,3,5,1,0
4,549,282,276,416,1.74,11,7,3,5,1,2
6,402,232,207,317,1.88,11,7,3,5,1,2
1,272,235,156,254,2.24,11,7,3,5,1,2
9,215,485,183,350,2.42,11,7,3,5,1,2
3,385,246,203,316,2.3,11,7,3,5,1,2
8,251,233,147,242,1.68,12,7,3,5,1,2
5,503,504,302,504,1.43,12,7,3,5,1,2
7,388,356,226,372,2.33,12,7,3,5,1,2
2,264,242,154,253,2.28,12,7,3,5,1,2
0,262,211,147,236,0.65,12,7,3,5,1,0
4,539,332,282,436,0.97,12,7,3,5,1,2
6,284,510,216,397,0.56,12,7,3,5,1,0
1,181,179,108,180,1.36,12,7,3,5,1,2
9,538,206,256,372,2.34,12,7,3,5,1,2
3,281,196,152,238,1.04,12,7,3,5,1,2
8,188,167,109,178,2.12,12,7,3,5,1,2
5,268,512,210,390,1.6,12,7,3,5,1,2
7,345,205,179,275,2.13,12,7,3,5,1,2
2,239,213,138,226,1.75,12,7,3,5,1,2
0,208,544,192,376,2.32,12,7,3,5,1,2
4,242,262,149,252,2.1,12,7,3,5,1,2
6,478,431,277,454,1.01,12,7,3,5,1,2
1,168,360,139,264,0.53,12,7,3,5,1,0
9,422,371,243,396,2.06,12,7,3,5,1,2
3,499,291,258,395,2.06,12,7,3,5,1,2
8,394,300,218,347,2.18,12,7,3,5,1,2
5,242,220,141,231,2.1,12,7,3,5,1,2
7,191,384,153,288,1.56,12,7,3,5,1,2
2,198,447,169,322,1.34,12,7,3,5,1,2
0,338,177,171,258,1.49,12,7,3,5,1,2
4,299,295,179,297,1.5,12,7,3,5,1,2
6,393,412,240,402,0.89,12,7,3,5,1,2
1,221,321,153,271,0.87,12,7,3,5,1,2
9,445,226,223,336,1.2,12,7,3,5,1,2
3,375,254,201,314,1.34,12,7,3,5,1,2
8,152,523,165,338,2.22,12,7,3,5,1,2
5,513,383,282,448,2.09,12,7,3,5,1,2
7,333,455,224,394,1.95,12,7,3,5,1,2
2,485,509,296,497,0.85,12,7,3,5,1,2
0,349,212,182,280,0.55,12,7,3,5,1,0
4,238,335,162,286,1.4,12,7,3,5,1,2
6,231,228,138,230,1.17,12,7,3,5,1,2
1,246,287,156,266,1.79,12,7,3,5,1,2
9,532,465,306,498,1.7,12,7,3,5,1,2
3,422,321,233,372,1.99,12,7,3,5,1,2
8,344,281,194,312,0.93,13,7,3,5,1,2
5,366,546,256,456,0.95,13,7,3,5,1,2
7,489,389,273,439,1.14,13,7,3,5,1,2
2,538,409,297,474,1.9,13,7,3,5,1,2
0,368,412,230,390,2.03,13,7,3,5,1,2
4,346,222,183,284,1.38,13,7,3,5,1,2
6,549,197,259,373,2.49,13,7,3,5,1,2
1,438,365,248,402,0.57,13,7,3,5,1,0
9,337,463,227,400,1.61,13,7,3,5,1,2
3,410,458,256,434,1.92,13,7,3,5,1,2
8,284,431,200,358,0.72,13,7,3,5,1,0
5,195,266,131,230,2.04,13,7,3,5,1,2
7,260,363,177,312,1.73,13,7,3,5,1,2
2,156,249,112,202,1.13,13,7,3,5,1,2
0,527,335,278,431,0.84,13,7,3,5,1,2
4,365,150,176,258,0.81,13,7,3,5,1,2
6,216,302,147,259,2.19,13,7,3,5,1,2
1,334,234,180,284,2.49,13,7,3,5,1,2
9,357,406,224,382,2.2,13,7,3,5,1,2
3,251,548,210,400,0.73,13,7,3,5,1,0
8,290,376,191,333,0.79,13,7,3,5,1,2
5,318,345,196,332,2.34,13,7,3,5,1,2
7,271,234,155,252,2.25,13,7,3,5,1,2
2,436,499,274,468,1.57,13,7,3,5,1,2
0,304,450,212,377,0.56,13,7,3,5,1,0
4,474,454,280,464,0.73,13,7,3,5,1,0
6,278,490,209,384,1.98,13,7,3,5,1,2
1,233,361,165,297,1.71,13,7,3,5,1,2
9,378,286,208,332,2.31,13,7,3,5,1,2
3,363,417,229,390,2.09,13,7,3,5,1,2
8,432,413,255,422,0.71,13,7,3,5,1,0
5,530,211,254,370,1.34,13,7,3,5,1,2
7,403,489,259,446,1.23,13,7,3,5,1,2
2,273,245,158,259,0.52,13,7,3,5,1,0
0,446,318,242,382,1.54,13,7,3,5,1,2
4,372,366,222,369,2.09,13,7,3,5,1,2
6,436,279,230,358,0.58,13,7,3,5,1,0
1,406,227,208,316,0.85,13,7,3,5,1,2
9,277,329,177,303,1.2,13,7,3,5,1,2
3,533,190,251,362,2.27,13,7,3,5,1,2
8,431,264,225,348,1.27,14,7,3,5,1,2
5,446,435,265,440,1.51,14,7,3,5,1,2
7,440,222,220,331,1.22,14,7,3,5,1,2
2,490,446,285,468,2.3,14,7,3,5,1,2
0,157,168,96,162,2.21,14,7,3,5,1,2
4,283,439,201,361,0.74,14,7,3,5,1,0
6,258,510,205,384,2.39,14,7,3,5,1,2
1,297,268,172,282,1.67,14,7,3,5,1,2
9,216,234,133,225,0.86,14,7,3,5,1,2
3,422,515,272,468,1.68,14,7,3,5,1,2
8,257,292,161,274,0.78,14,7,3,5,1,2
5,281,309,174,295,1.42,14,7,3,5,1,2
7,520,378,284,449,0.98,14,7,3,5,1,2
2,406,356,234,381,2.37,14,7,3,5,1,2
0,428,180,207,304,2.08,14,7,3,5,1,2
4,374,490,248,432,1.65,14,7,3,5,1,2
6,420,279,224,350,1.33,14,7,3,5,1,2
1,385,289,212,337,1.16,14,7,3,5,1,2
9,357,492,241,424,2.32,14,7,3,5,1,2
3,150,176,95,163,1.69,14,7,3,5,1,2
8,331,284,189,308,2.29,14,7,3,5,1,2
5,361,233,191,297,1.99,14,7,3,5,1,2
7,344,281,194,312,2.28,14,7,3,5,1,2
2,541,455,307,498,1.41,14,7,3,5,1,2
0,344,188,175,266,2.34,14,7,3,5,1,2
4,521,173,243,347,1.42,14,7,3,5,1,2
6,165,220,110,192,0.96,14,7,3,5,1,2
1,522,152,239,337,0.58,14,7,3,5,1,0
9,430,279,228,354,1.43,14,7,3,5,1,2
3,445,517,281,481,2.5,14,7,3,5,1,2
8,223,193,128,208,1.6,14,7,3,5,1,2
5,423,427,255,425,1.41,14,7,3,5,1,2
7,492,226,242,359,0.57,14,7,3,5,1,0
2,420,286,225,353,1.52,14,7,3,5,1,2
0,196,170,112,183,2.02,14,7,3,5,1,2
4,545,269,272,407,1.99,14,7,3,5,1,2
6,450,390,258,420,2.42,14,7,3,5,1,2
1,214,154,116,184,1.95,14,7,3,5,1,2
9,469,458,279,464,2.4,14,7,3,5,1,2
3,162,452,155,307,0.6,14,7,3,5,1,0
8,445,289,236,367,1.88,15,7,3,5,1,2
5,352,382,217,367,1.52,15,7,3,5,1,2
7,484,342,262,413,1.59,15,7,3,5,1,2
2,240,233,143,236,2.06,15,7,3,5,1,2
0,447,524,284,486,1.19,15,7,3,5,1,2
4,449,219,223,334,0.61,15,7,3,5,1,0
6,394,176,193,285,2.11,15,7,3,5,1,2
1,344,211,180,278,0.84,15,7,3,5,1,2
9,355,449,232,402,2.46,15,7,3,5,1,2
3,327,420,215,374,1.22,15,7,3,5,1,2
8,214,379,161,296,1.4,15,7,3,5,1,2
5,336,418,218,377,0.67,15,7,3,5,1,0
7,514,427,291,470,1.84,15,7,3,5,1,2
2,431,324,237,378,1.1,15,7,3,5,1,2
0,276,430,196,353,1.1,15,7,3,5,1,2
4,375,335,217,355,1.49,15,7,3,5,1,2
6,222,202,129,212,1.55,15,7,3,5,1,2
1,254,297,161,276,1.22,15,7,3,5,1,2
9,416,503,267,460,1.56,15,7,3,5,1,2
3,432,518,276,475,1.14,15,7,3,5,1,2
8,360,338,212,349,2.36,15,7,3,5,1,2
5,443,475,272,459,1.28,15,7,3,5,1,2
7,225,534,197,380,1.48,15,7,3,5,1,2
2,346,461,231,404,1.36,15,7,3,5,1,2
0,536,247,264,392,0.92,15,7,3,5,1,2
4,231,487,190,359,1.74,15,7,3,5,1,2
6,272,331,175,302,0.54,15,7,3,5,1,0
1,255,451,192,353,0.88,15,7,3,5,1,2
9,359,356,215,358,1.49,15,7,3,5,1,2
3,224,539,197,382,2.42,15,7,3,5,1,2
8,187,403,155,295,2.38,15,7,3,5,1,2
5,440,352,246,396,1.09,15,7,3,5,1,2
7,175,417,153,296,0.71,15,7,3,5,1,0
2,360,381,220,370,1.13,15,7,3,5,1,2
0,173,238,117,206,1.15,15,7,3,5,1,2
4,183,486,170,334,0.88,15,7,3,5,1,2
6,434,385,251,410,0.85,15,7,3,5,1,2
1,475,163,223,319,1.95,15,7,3,5,1,2
9,318,344,196,331,0.67,15,7,3,5,1,0
3,274,314,172,294,2.2,15,7,3,5,1,2
8,366,322,211,344,1.61,16,7,3,5,1,2
5,536,286,272,411,0.74,16,7,3,5,1,0
7,439,396,255,418,1.29,16,7,3,5,1,2
2,158,194,102,176,2.14,16,7,3,5,1,2
0,389,232,202,310,0.83,16,7,3,5,1,2
4,237,328,160,282,1.15,16,7,3,5,1,2
6,526,330,276,428,2.4,16,7,3,5,1,2
1,177,157,102,167,2.15,16,7,3,5,1,2
9,443,379,253,411,1.52,16,7,3,5,1,2
3,273,372,184,322,1.5,16,7,3,5,1,2
8,489,333,262,411,1.96,16,7,3,5,1,2
5,404,331,228,368,1.35,16,7,3,5,1,2
7,435,196,213,316,1.54,16,7,3,5,1,2
2,351,545,249,448,1.78,16,7,3,5,1,2
0,419,362,240,390,2.31,16,7,3,5,1,2
4,445,283,235,364,1.16,16,7,3,5,1,2
6,247,506,200,376,1.55,16,7,3,5,1,2
1,539,169,249,354,2.36,16,7,3,5,1,2
9,413,175,200,294,0.95,16,7,3,5,1,2
3,534,500,314,517,1.22,16,7,3,5,1,2
8,370,470,242,420,2.15,16,7,3,5,1,2
5,540,345,285,442,2.16,16,7,3,5,1,2
7,403,275,216,339,1.77,16,7,3,5,1,2
2,205,199,122,202,1.02,16,7,3,5,1,2
0,264,258,157,261,1.66,16,7,3,5,1,2
4,157,152,93,154,2.3,16,7,3,5,1,2
6,392,415,240,404,0.87,16,7,3,5,1,2
1,510,311,266,410,1.94,16,7,3,5,1,2
9,417,202,207,310,0.81,16,7,3,5,1,2
3,244,470,192,357,0.94,16,7,3,5,1,2
8,153,214,104,184,1.57,16,7,3,5,1,2
5,358,316,206,337,1.17,16,7,3,5,1,2
7,431,436,260,434,1.87,16,7,3,5,1,2
2,465,379,262,422,2.16,16,7,3,5,1,2
0,393,307,219,350,1.23,16,7,3,5,1,2
4,336,471,229,404,1.53,16,7,3,5,1,2
6,266,420,190,343,0.78,16,7,3,5,1,2
1,342,208,178,275,0.8,16,7,3,5,1,2
9,156,506,164,331,1.48,16,7,3,5,1,2
3,241,329,162,285,2.25,16,7,3,5,1,2
8,1093,1713,780,1403,5.72,17,7,3,5,1,2
5,639,2433,742,1536,4.28,17,7,3,5,1,2
7,1061,1283,681,1172,5.08,17,7,3,5,1,2
2,761,2288,762,1524,5.22,17,7,3,5,1,2
0,1112,1855,816,1484,3.95,17,7,3,5,1,2
4,951,2663,913,1807,3.75,17,7,3,5,1,2
6,1134,1901,834,1518,4.24,17,7,3,5,1,2
1,1000,1246,649,1123,5.56,17,7,3,5,1,2
9,744,1748,647,1246,3.82,17,7,3,5,1,2
3,625,2322,714,1474,3.15,17,7,3,5,1,2
8,1049,2399,899,1724,5.41,17,7,3,5,1,2
5,706,1243,531,974,5.25,17,7,3,5,1,2
7,703,1209,523,956,3.01,17,7,3,5,1,2
2,717,2175,722,1446,5.76,17,7,3,5,1,2
0,908,2127,789,1518,5.74,17,7,3,5,1,2
4,1096,2398,918,1747,4.72,17,7,3,5,1,2
6,1035,1386,691,1210,4.93,17,7,3,5,1,2
1,1030,1306,673,1168,5.47,17,7,3,5,1,2
9,818,2002,728,1410,3.34,17,7,3,5,1,2
3,882,2689,891,1786,3.18,17,7,3,5,1,2
8,1110,1288,702,1199,3.3,17,7,3,5,1,2
5,833,1355,604,1094,5.55,17,7,3,5,1,2
7,696,2239,726,1468,4.57,17,7,3,5,1,2
2,1017,2496,906,1756,4.62,17,7,3,5,1,2
0,1196,2677,1014,1936,4.75,17,7,3,5,1,2
4,989,1398,675,1194,3.27,17,7,3,5,1,2
6,1015,1855,777,1435,5.64,17,7,3,5,1,2
1,1043,2337,885,1690,4.44,17,7,3,5,1,2
9,758,2439,791,1598,3.96,17,7,3,5,1,2
3,1021,2438,896,1730,3.45,17,7,3,5,1,2
8,944,2692,916,1818,3.67,17,7,3,5,1,2
5,662,1744,614,1203,5.31,17,7,3,5,1,2
7,877,2494,850,1686,4.68,17,7,3,5,1,2
2,1177,1035,678,1106,4.47,17,7,3,5,1,2
0,1135,2226,899,1680,3.27,17,7,3,5,1,2
4,614,2487,743,1550,5.28,17,7,3,5,1,2
6,986,2342,863,1664,4.8,17,7,3,5,1,2
1,900,1623,685,1262,3.76,17,7,3,5,1,2
9,1096,2626,964,1861,3.93,17,7,3,5,1,2
3,1175,1155,701,1165,3.97,17,7,3,5,1,2
8,776,1938,698,1357,4.53,18,7,3,5,1,2
5,716,2453,777,1584,3.03,18,7,3,5,1,2
7,749,2322,764,1536,5.74,18,7,3,5,1,2
2,1106,2557,954,1832,3.14,18,7,3,5,1,2
0,950,2653,911,1802,4.59,18,7,3,5,1,2
4,1051,2730,966,1890,5.7,18,7,3,5,1,2
6,963,1627,711,1295,3.13,18,7,3,5,1,2
1,682,1514,576,1098,5.47,18,7,3,5,1,2
9,665,1502,566,1084,4.78,18,7,3,5,1,2
3,1195,1479,774,1337,4.81,18,7,3,5,1,2
8,862,2445,834,1654,4.76,18,7,3,5,1,2
5,1055,1291,680,1173,4.94,18,7,3,5,1,2
7,707,1299,543,1003,3.33,18,7,3,5,1,2
2,714,1958,677,1336,4.92,18,7,3,5,1,2
0,862,1912,727,1387,4.39,18,7,3,5,1,2
4,809,2429,809,1619,5.25,18,7,3,5,1,2
6,918,1625,692,1272,4.8,18,7,3,5,1,2
1,1027,1901,791,1464,3.52,18,7,3,5,1,2
9,805,2235,769,1520,4.93,18,7,3,5,1,2
3,696,2471,773,1584,4.03,18,7,3,5,1,2
8,1019,2518,911,1768,5.72,18,7,3,5,1,2
5,727,2220,735,1474,4.07,18,7,3,5,1,2
7,832,2190,771,1511,4.68,18,7,3,5,1,2
2,656,1492,561,1074,3.98,18,7,3,5,1,2
0,1089,1982,832,1536,5.45,18,7,3,5,1,2
4,747,1818,662,1282,4.41,18,7,3,5,1,2
6,889,2716,899,1802,3.74,18,7,3,5,1,2
1,947,2197,818,1572,4.27,18,7,3,5,1,2
9,1126,2690,988,1908,3.92,18,7,3,5,1,2
3,974,1651,720,1312,3.19,18,7,3,5,1,2
8,662,1704,606,1183,3.13,18,7,3,5,1,2
5,1127,1606,772,1366,3.45,18,7,3,5,1,2
7,940,2129,802,1534,4.94,18,7,3,5,1,2
2,773,1533,616,1153,5.67,18,7,3,5,1,2
0,1165,1634,793,1400,3.46,18,7,3,5,1,2
4,696,2304,739,1500,3.85,18,7,3,5,1,2
6,669,1575,583,1122,5.49,18,7,3,5,1,2
1,1163,1080,681,1122,5.22,18,7,3,5,1,2
9,845,1008,540,926,4.9,18,7,3,5,1,2
3,1115,2379,922,1747,3.84,18,7,3,5,1,2
8,1156,1342,731,1249,3.99,19,7,3,5,1,2
5,891,1516,660,1204,3.37,19,7,3,5,1,2
7,1042,2190,855,1616,4.95,19,7,3,5,1,2
2,959,1092,602,1026,5.28,19,7,3,5,1,2
0,769,1084,524,926,4.86,19,7,3,5,1,2
4,971,2205,829,1588,4.63,19,7,3,5,1,2
6,1020,1296,667,1158,3.77,19,7,3,5,1,2
1,728,1197,531,962,3.11,19,7,3,5,1,2
9,1121,1735,795,1428,3.98,19,7,3,5,1,2
3,655,2054,673,1354,5.15,19,7,3,5,1,2
8,1013,2767,959,1890,5.48,19,7,3,5,1,2
5,1181,1661,805,1421,5.77,19,7,3,5,1,2
7,1168,1369,741,1268,3.15,19,7,3,5,1,2
2,1060,2383,901,1722,5.18,19,7,3,5,1,2
0,1067,1508,728,1288,4.04,19,7,3,5,1,2
4,846,2778,894,1812,3.34,19,7,3,5,1,2
6,837,1030,541,934,4.36,19,7,3,5,1,2
1,648,2227,705,1438,4.78,19,7,3,5,1,2
9,1159,2626,989,1892,3.29,19,7,3,5,1,2
3,928,2216,814,1572,5.68,19,7,3,5,1,2
8,652,2773,815,1712,5.27,19,7,3,5,1,2
5,935,1852,744,1394,4.58,19,7,3,5,1,2
7,1065,1884,803,1474,4.64,19,7,3,5,1,2
2,622,1536,556,1079,4.84,19,7,3,5,1,2
0,1005,2451,892,1728,3.7,19,7,3,5,1,2
4,1175,1781,826,1478,5.23,19,7,3,5,1,2
6,661,1050,474,856,4.06,19,7,3,5,1,2
1,1124,2035,857,1580,3.02,19,7,3,5,1,2
9,626,2127,676,1376,3.4,19,7,3,5,1,2
3,1102,1973,835,1538,4.51,19,7,3,5,1,2
8,774,2534,816,1654,5.21,19,7,3,5,1,2
5,845,1788,696,1316,4.45,19,7,3,5,1,2
7,874,1843,718,1358,4.24,19,7,3,5,1,2
2,818,1911,709,1364,4.4,19,7,3,5,1,2
0,1189,1910,858,1550,3.58,19,7,3,5,1,2
4,1193,2179,913,1686,5.01,19,7,3,5,1,2
6,762,2454,796,1608,3.38,19,7,3,5,1,2
1,1078,2110,853,1594,4.36,19,7,3,5,1,2
9,852,1785,698,1318,4.43,19,7,3,5,1,2
3,740,2714,839,1727,4.66,19,7,3,5,1,2
8,1104,1170,676,1137,5.46,20,7,3,5,1,2
5,738,1981,691,1360,3.54,20,7,3,5,1,2
7,992,1084,614,1038,3.23,20,7,3,5,1,2
2,880,2042,760,1461,4.88,20,7,3,5,1,2
0,974,1397,669,1186,4.72,20,7,3,5,1,2
4,881,2721,897,1801,4.16,20,7,3,5,1,2
6,1185,1219,718,1202,4.31,20,7,3,5,1,2
1,719,1746,637,1232,4.18,20,7,3,5,1,2
9,601,2044,649,1322,3.28,20,7,3,5,1,2
3,1028,1873,786,1450,5.2,20,7,3,5,1,2
8,1149,1996,859,1572,5.7,20,7,3,5,1,2
5,860,1417,627,1138,4.56,20,7,3,5,1,2
7,781,2387,790,1584,4.69,20,7,3,5,1,2
2,935,2267,827,1601,4.49,20,7,3,5,1,2
0,797,1537,626,1167,5.22,20,7,3,5,1,2
4,667,2364,740,1516,3.31,20,7,3,5,1,2
6,655,1945,651,1300,3.03,20,7,3,5,1,2
1,858,2183,780,1520,5.42,20,7,3,5,1,2
9,789,1971,710,1380,4.46,20,7,3,5,1,2
3,721,1134,515,928,4.71,20,7,3,5,1,2
8,868,1965,740,1416,3.75,20,7,3,5,1,2
5,1023,1974,804,1498,3.24,20,7,3,5,1,2
7,707,1783,639,1245,4.14,20,7,3,5,1,2
2,853,1949,731,1401,3.56,20,7,3,5,1,2
0,623,2676,784,1650,3.99,20,7,3,5,1,2
4,784,2133,740,1458,5.09,20,7,3,5,1,2
6,666,1101,487,884,5.19,20,7,3,5,1,2
1,925,1843,739,1384,5.8,20,7,3,5,1,2
9,860,1955,735,1408,3.78,20,7,3,5,1,2
3,702,2289,739,1496,3.54,20,7,3,5,1,2
8,702,1678,616,1190,5.13,20,7,3,5,1,2
5,750,2499,800,1624,4.14,20,7,3,5,1,2
7,613,2467,739,1540,3.99,20,7,3,5,1,2
2,665,1322,530,994,3.38,20,7,3,5,1,2
0,659,1554,574,1106,3.09,20,7,3,5,1,2
4,704,1534,588,1119,4.04,20,7,3,5,1,2
6,1171,1585,785,1378,4.2,20,7,3,5,1,2
1,789,1454,606,1122,4.32,20,7,3,5,1,2
9,855,1279,598,1067,5.06,20,7,3,5,1,2
3,637,2747,804,1692,3.66,20,7,3,5,1,2
8,178,469,165,324,0.68,21,7,3,5,1,0
5,329,366,205,348,1.44,21,7,3,5,1,2
7,258,347,173,302,2.03,21,7,3,5,1,2
2,545,191,256,368,2.33,21,7,3,5,1,2
0,355,221,186,288,0.98,21,7,3,5,1,2
4,441,293,235,367,0.63,21,7,3,5,1,0
6,440,527,281,484,1.42,21,7,3,5,1,2
1,391,265,209,328,1.69,21,7,3,5,1,2
9,264,339,173,302,0.55,21,7,3,5,1,0
3,307,332,189,320,1.16,21,7,3,5,1,2
8,393,308,219,350,1.78,21,7,3,5,1,2
5,233,410,175,322,0.96,21,7,3,5,1,2
7,288,433,202,360,1.4,21,7,3,5,1,2
2,549,467,313,508,0.63,21,7,3,5,1,0
0,354,191,180,272,1.87,21,7,3,5,1,2
4,280,406,193,343,1.95,21,7,3,5,1,2
6,157,469,157,313,2.09,21,7,3,5,1,2
1,479,451,282,465,1.8,21,7,3,5,1,2
9,441,468,270,454,2.35,21,7,3,5,1,2
3,481,150,222,316,1.7,21,7,3,5,1,2
8,320,246,177,283,1.61,21,7,3,5,1,2
5,277,354,182,316,2.35,21,7,3,5,1,2
7,483,401,273,442,2.48,21,7,3,5,1,2
2,307,239,171,273,1.16,21,7,3,5,1,2
0,170,413,151,292,0.71,21,7,3,5,1,0
4,391,174,191,282,1.06,21,7,3,5,1,2
6,286,534,221,410,1.7,21,7,3,5,1,2
1,368,519,251,444,2.33,21,7,3,5,1,2
9,179,275,127,227,1.15,21,7,3,5,1,2
3,378,243,200,310,1.94,21,7,3,5,1,2
8,215,354,157,284,0.71,21,7,3,5,1,0
5,227,255,142,241,1.56,21,7,3,5,1,2
7,389,247,205,318,2.45,21,7,3,5,1,2
2,456,534,289,495,2.33,21,7,3,5,1,2
0,207,165,116,186,1.25,21,7,3,5,1,2
4,182,527,178,354,2.12,21,7,3,5,1,2
6,476,502,291,489,1.32,21,7,3,5,1,2
1,202,503,181,352,2.27,21,7,3,5,1,2
9,467,153,217,310,2.12,21,7,3,5,1,2
3,496,535,305,516,1.03,21,7,3,5,1,2
8,217,481,183,349,1.6,22,7,3,5,1,2
5,215,486,183,350,0.72,22,7,3,5,1,0
7,187,456,166,322,1.44,22,7,3,5,1,2
2,218,367,161,292,2.48,22,7,3,5,1,2
0,168,375,142,272,1.73,22,7,3,5,1,2
4,512,223,249,368,0.55,22,7,3,5,1,0
6,330,232,178,281,0.65,22,7,3,5,1,0
1,245,375,173,310,0.77,22,7,3,5,1,2
9,257,244,152,250,2.19,22,7,3,5,1,2
3,223,337,157,280,1.8,22,7,3,5,1,2
8,306,319,186,312,1.59,22,7,3,5,1,2
5,415,442,254,428,1.25,22,7,3,5,1,2
7,383,338,221,360,0.71,22,7,3,5,1,0
2,522,397,288,460,2.48,22,7,3,5,1,2
0,346,174,173,260,1.13,22,7,3,5,1,2
4,539,479,311,509,1.01,22,7,3,5,1,2
6,327,452,221,390,2.49,22,7,3,5,1,2
1,480,303,253,392,1.35,22,7,3,5,1,2
9,490,355,267,422,1.58,22,7,3,5,1,2
3,471,190,226,330,0.86,22,7,3,5,1,2
8,312,294,184,303,1.79,22,7,3,5,1,2
5,531,157,244,344,1.64,22,7,3,5,1,2
7,514,428,291,471,1.02,22,7,3,5,1,2
2,268,403,188,336,2.15,22,7,3,5,1,2
0,305,385,199,345,2.44,22,7,3,5,1,2
4,332,440,221,386,1.16,22,7,3,5,1,2
6,281,246,162,264,1.52,22,7,3,5,1,2
1,300,334,187,317,1.57,22,7,3,5,1,2
9,168,395,146,282,1.91,22,7,3,5,1,2
3,492,273,251,382,1.62,22,7,3,5,1,2
8,325,540,238,432,0.55,22,7,3,5,1,0
5,421,381,245,401,1.82,22,7,3,5,1,2
7,520,197,247,358,1.28,22,7,3,5,1,2
2,505,530,308,518,1.93,22,7,3,5,1,2
0,331,262,185,296,0.97,22,7,3,5,1,2
4,260,504,205,382,2.18,22,7,3,5,1,2
6,540,217,259,378,0.55,22,7,3,5,1,0
1,524,275,265,400,0.97,22,7,3,5,1,2
9,251,264,153,258,1.41,22,7,3,5,1,2
3,190,370,150,280,1.6,22,7,3,5,1,2
8,356,201,183,278,2.27,23,7,3,5,1,2
5,452,336,248,394,1.06,23,7,3,5,1,2
7,158,344,132,251,1.28,23,7,3,5,1,2
2,418,413,250,416,0.88,23,7,3,5,1,2
0,311,250,174,280,1.69,23,7,3,5,1,2
4,465,505,287,485,1.97,23,7,3,5,1,2
6,238,259,147,248,1.6,23,7,3,5,1,2
1,409,184,200,296,1.53,23,7,3,5,1,2
9,384,428,239,406,0.93,23,7,3,5,1,2
3,430,215,215,322,1.56,23,7,3,5,1,2
8,248,427,185,338,1.45,23,7,3,5,1,2
5,542,499,317,520,2.22,23,7,3,5,1,2
7,490,461,288,476,0.73,23,7,3,5,1,0
2,304,490,220,397,0.69,23,7,3,5,1,0
0,342,327,202,334,0.8,23,7,3,5,1,2
4,292,187,154,240,0.97,23,7,3,5,1,2
6,268,332,174,300,2.15,23,7,3,5,1,2
1,470,502,288,486,1.11,23,7,3,5,1,2
9,288,418,199,353,2.0,23,7,3,5,1,2
3,400,229,206,314,2.33,23,7,3,5,1,2
8,507,213,245,360,2.36,23,7,3,5,1,2
5,307,428,208,368,0.88,23,7,3,5,1,2
7,314,223,170,268,0.93,23,7,3,5,1,2
2,369,372,222,370,0.73,23,7,3,5,1,0
0,249,227,145,238,0.59,23,7,3,5,1,0
4,254,176,137,215,2.01,23,7,3,5,1,2
6,462,231,231,346,2.09,23,7,3,5,1,2
1,409,284,220,346,2.33,23,7,3,5,1,2
9,397,272,213,334,0.62,23,7,3,5,1,0
3,412,517,268,464,1.01,23,7,3,5,1,2
8,211,284,141,248,2.01,23,7,3,5,1,2
5,153,253,112,203,1.42,23,7,3,5,1,2
7,484,522,298,503,0.9,23,7,3,5,1,2
2,184,393,152,288,0.87,23,7,3,5,1,2
0,526,294,269,410,1.39,23,7,3,5,1,2
4,155,178,98,166,1.23,23,7,3,5,1,2
6,527,463,303,495,0.74,23,7,3,5,1,0
1,347,231,185,289,1.23,23,7,3,5,1,2
9,477,528,296,502,1.09,23,7,3,5,1,2
3,416,382,243,399,1.83,23,7,3,5,1,2
8,0,0,0,0,0.0,0,8,3,6,1,1
5,0,0,0,0,0.0,0,8,3,6,1,1
7,0,0,0,0,0.0,0,8,3,6,1,1
2,0,0,0,0,0.0,0,8,3,6,1,1
0,0,0,0,0,0.0,0,8,3,6,1,1
4,0,0,0,0,0.0,0,8,3,6,1,1
6,0,0,0,0,0.0,0,8,3,6,1,1
1,0,0,0,0,0.0,0,8,3,6,1,1
9,0,0,0,0,0.0,0,8,3,6,1,1
3,0,0,0,0,0.0,0,8,3,6,1,1
8,0,0,0,0,0.0,0,8,3,6,1,1
5,0,0,0,0,0.0,0,8,3,6,1,1
7,0,0,0,0,0.0,0,8,3,6,1,1
2,0,0,0,0,0.0,0,8,3,6,1,1
0,0,0,0,0,0.0,0,8,3,6,1,1
4,0,0,0,0,0.0,0,8,3,6,1,1
6,0,0,0,0,0.0,0,8,3,6,1,1
1,0,0,0,0,0.0,0,8,3,6,1,1
9,0,0,0,0,0.0,0,8,3,6,1,1
3,0,0,0,0,0.0,0,8,3,6,1,1
8,0,0,0,0,0.0,0,8,3,6,1,1
5,0,0,0,0,0.0,0,8,3,6,1,1
7,0,0,0,0,0.0,0,8,3,6,1,1
2,0,0,0,0,0.0,0,8,3,6,1,1
0,0,0,0,0,0.0,0,8,3,6,1,1
4,0,0,0,0,0.0,0,8,3,6,1,1
6,0,0,0,0,0.0,0,8,3,6,1,1
1,0,0,0,0,0.0,0,8,3,6,1,1
9,0,0,0,0,0.0,0,8,3,6,1,1
3,0,0,0,0,0.0,0,8,3,6,1,1
8,0,0,0,0,0.0,0,8,3,6,1,1
5,0,0,0,0,0.0,0,8,3,6,1,1
7,0,0,0,0,0.0,0,8,3,6,1,1
2,0,0,0,0,0.0,0,8,3,6,1,1
0,0,0,0,0,0.0,0,8,3,6,1,1
4,0,0,0,0,0.0,0,8,3,6,1,1
6,0,0,0,0,0.0,0,8,3,6,1,1
1,0,0,0,0,0.0,0,8,3,6,1,1
9,0,0,0,0,0.0,0,8,3,6,1,1
3,0,0,0,0,0.0,0,8,3,6,1,1
8,0,0,0,0,0.0,1,8,3,6,1,1
5,0,0,0,0,0.0,1,8,3,6,1,1
7,0,0,0,0,0.0,1,8,3,6,1,1
2,0,0,0,0,0.0,1,8,3,6,1,1
0,0,0,0,0,0.0,1,8,3,6,1,1
4,0,0,0,0,0.0,1,8,3,6,1,1
6,0,0,0,0,0.0,1,8,3,6,1,1
1,0,0,0,0,0.0,1,8,3,6,1,1
9,0,0,0,0,0.0,1,8,3,6,1,1
3,0,0,0,0,0.0,1,8,3,6,1,1
8,0,0,0,0,0.0,1,8,3,6,1,1
5,0,0,0,0,0.0,1,8,3,6,1,1
7,0,0,0,0,0.0,1,8,3,6,1,1
2,0,0,0,0,0.0,1,8,3,6,1,1
0,0,0,0,0,0.0,1,8,3,6,1,1
4,0,0,0,0,0.0,1,8,3,6,1,1
6,0,0,0,0,0.0,1,8,3,6,1,1
1,0,0,0,0,0.0,1,8,3,6,1,1
9,0,0,0,0,0.0,1,8,3,6,1,1
3,0,0,0,0,0.0,1,8,3,6,1,1
8,0,0,0,0,0.0,1,8,3,6,1,1
5,0,0,0,0,0.0,1,8,3,6,1,1
7,0,0,0,0,0.0,1,8,3,6,1,1
2,0,0,0,0,0.0,1,8,3,6,1,1
0,0,0,0,0,0.0,1,8,3,6,1,1
4,0,0,0,0,0.0,1,8,3,6,1,1
6,0,0,0,0,0.0,1,8,3,6,1,1
1,0,0,0,0,0.0,1,8,3,6,1,1
9,0,0,0,0,0.0,1,8,3,6,1,1
3,0,0,0,0,0.0,1,8,3,6,1,1
8,0,0,0,0,0.0,1,8,3,6,1,1
5,0,0,0,0,0.0,1,8,3,6,1,1
7,0,0,0,0,0.0,1,8,3,6,1,1
2,0,0,0,0,0.0,1,8,3,6,1,1
0,0,0,0,0,0.0,1,8,3,6,1,1
4,0,0,0,0,0.0,1,8,3,6,1,1
6,0,0,0,0,0.0,1,8,3,6,1,1
1,0,0,0,0,0.0,1,8,3,6,1,1
9,0,0,0,0,0.0,1,8,3,6,1,1
3,0,0,0,0,0.0,1,8,3,6,1,1
8,0,0,0,0,0.0,2,8,3,6,1,1
5,0,0,0,0,0.0,2,8,3,6,1,1
7,0,0,0,0,0.0,2,8,3,6,1,1
2,0,0,0,0,0.0,2,8,3,6,1,1
0,0,0,0,0,0.0,2,8,3,6,1,1
4,0,0,0,0,0.0,2,8,3,6,1,1
6,0,0,0,0,0.0,2,8,3,6,1,1
1,0,0,0,0,0.0,2,8,3,6,1,1
9,0,0,0,0,0.0,2,8,3,6,1,1
3,0,0,0,0,0.0,2,8,3,6,1,1
8,0,0,0,0,0.0,2,8,3,6,1,1
5,0,0,0,0,0.0,2,8,3,6,1,1
7,0,0,0,0,0.0,2,8,3,6,1,1
2,0,0,0,0,0.0,2,8,3,6,1,1
0,0,0,0,0,0.0,2,8,3,6,1,1
4,0,0,0,0,0.0,2,8,3,6,1,1
6,0,0,0,0,0.0,2,8,3,6,1,1
1,0,0,0,0,0.0,2,8,3,6,1,1
9,0,0,0,0,0.0,2,8,3,6,1,1
3,0,0,0,0,0.0,2,8,3,6,1,1
8,0,0,0,0,0.0,2,8,3,6,1,1
5,0,0,0,0,0.0,2,8,3,6,1,1
7,0,0,0,0,0.0,2,8,3,6,1,1
2,0,0,0,0,0.0,2,8,3,6,1,1
0,0,0,0,0,0.0,2,8,3,6,1,1
4,0,0,0,0,0.0,2,8,3,6,1,1
6,0,0,0,0,0.0,2,8,3,6,1,1
1,0,0,0,0,0.0,2,8,3,6,1,1
9,0,0,0,0,0.0,2,8,3,6,1,1
3,0,0,0,0,0.0,2,8,3,6,1,1
8,0,0,0,0,0.0,2,8,3,6,1,1
5,0,0,0,0,0.0,2,8,3,6,1,1
7,0,0,0,0,0.0,2,8,3,6,1,1
2,0,0,0,0,0.0,2,8,3,6,1,1
0,0,0,0,0,0.0,2,8,3,6,1,1
4,0,0,0,0,0.0,2,8,3,6,1,1
6,0,0,0,0,0.0,2,8,3,6,1,1
1,0,0,0,0,0.0,2,8,3,6,1,1
9,0,0,0,0,0.0,2,8,3,6,1,1
3,0,0,0,0,0.0,2,8,3,6,1,1
8,0,0,0,0,0.0,3,8,3,6,1,1
5,0,0,0,0,0.0,3,8,3,6,1,1
7,0,0,0,0,0.0,3,8,3,6,1,1
2,0,0,0,0,0.0,3,8,3,6,1,1
0,0,0,0,0,0.0,3,8,3,6,1,1
4,0,0,0,0,0.0,3,8,3,6,1,1
6,0,0,0,0,0.0,3,8,3,6,1,1
1,0,0,0,0,0.0,3,8,3,6,1,1
9,0,0,0,0,0.0,3,8,3,6,1,1
3,0,0,0,0,0.0,3,8,3,6,1,1
8,0,0,0,0,0.0,3,8,3,6,1,1
5,0,0,0,0,0.0,3,8,3,6,1,1
7,0,0,0,0,0.0,3,8,3,6,1,1
2,0,0,0,0,0.0,3,8,3,6,1,1
0,0,0,0,0,0.0,3,8,3,6,1,1
4,0,0,0,0,0.0,3,8,3,6,1,1
6,0,0,0,0,0.0,3,8,3,6,1,1
1,0,0,0,0,0.0,3,8,3,6,1,1
9,0,0,0,0,0.0,3,8,3,6,1,1
3,0,0,0,0,0.0,3,8,3,6,1,1
8,0,0,0,0,0.0,3,8,3,6,1,1
5,0,0,0,0,0.0,3,8,3,6,1,1
7,0,0,0,0,0.0,3,8,3,6,1,1
2,0,0,0,0,0.0,3,8,3,6,1,1
0,0,0,0,0,0.0,3,8,3,6,1,1
4,0,0,0,0,0.0,3,8,3,6,1,1
6,0,0,0,0,0.0,3,8,3,6,1,1
1,0,0,0,0,0.0,3,8,3,6,1,1
9,0,0,0,0,0.0,3,8,3,6,1,1
3,0,0,0,0,0.0,3,8,3,6,1,1
8,0,0,0,0,0.0,3,8,3,6,1,1
5,0,0,0,0,0.0,3,8,3,6,1,1
7,0,0,0,0,0.0,3,8,3,6,1,1
2,0,0,0,0,0.0,3,8,3,6,1,1
0,0,0,0,0,0.0,3,8,3,6,1,1
4,0,0,0,0,0.0,3,8,3,6,1,1
6,0,0,0,0,0.0,3,8,3,6,1,1
1,0,0,0,0,0.0,3,8,3,6,1,1
9,0,0,0,0,0.0,3,8,3,6,1,1
3,0,0,0,0,0.0,3,8,3,6,1,1
8,0,0,0,0,0.0,4,8,3,6,1,1
5,0,0,0,0,0.0,4,8,3,6,1,1
7,0,0,0,0,0.0,4,8,3,6,1,1
2,0,0,0,0,0.0,4,8,3,6,1,1
0,0,0,0,0,0.0,4,8,3,6,1,1
4,0,0,0,0,0.0,4,8,3,6,1,1
6,0,0,0,0,0.0,4,8,3,6,1,1
1,0,0,0,0,0.0,4,8,3,6,1,1
9,0,0,0,0,0.0,4,8,3,6,1,1
3,0,0,0,0,0.0,4,8,3,6,1,1
8,0,0,0,0,0.0,4,8,3,6,1,1
5,0,0,0,0,0.0,4,8,3,6,1,1
7,0,0,0,0,0.0,4,8,3,6,1,1
2,0,0,0,0,0.0,4,8,3,6,1,1
0,0,0,0,0,0.0,4,8,3,6,1,1
4,0,0,0,0,0.0,4,8,3,6,1,1
6,0,0,0,0,0.0,4,8,3,6,1,1
1,0,0,0,0,0.0,4,8,3,6,1,1
9,0,0,0,0,0.0,4,8,3,6,1,1
3,0,0,0,0,0.0,4,8,3,6,1,1
8,0,0,0,0,0.0,4,8,3,6,1,1
5,0,0,0,0,0.0,4,8,3,6,1,1
7,0,0,0,0,0.0,4,8,3,6,1,1
2,0,0,0,0,0.0,4,8,3,6,1,1
0,0,0,0,0,0.0,4,8,3,6,1,1
4,0,0,0,0,0.0,4,8,3,6,1,1
6,0,0,0,0,0.0,4,8,3,6,1,1
1,0,0,0,0,0.0,4,8,3,6,1,1
9,0,0,0,0,0.0,4,8,3,6,1,1
3,0,0,0,0,0.0,4,8,3,6,1,1
8,0,0,0,0,0.0,4,8,3,6,1,1
5,0,0,0,0,0.0,4,8,3,6,1,1
7,0,0,0,0,0.0,4,8,3,6,1,1
2,0,0,0,0,0.0,4,8,3,6,1,1
0,0,0,0,0,0.0,4,8,3,6,1,1
4,0,0,0,0,0.0,4,8,3,6,1,1
6,0,0,0,0,0.0,4,8,3,6,1,1
1,0,0,0,0,0.0,4,8,3,6,1,1
9,0,0,0,0,0.0,4,8,3,6,1,1
3,0,0,0,0,0.0,4,8,3,6,1,1
8,0,0,0,0,0.0,5,8,3,6,1,1
5,0,0,0,0,0.0,5,8,3,6,1,1
7,0,0,0,0,0.0,5,8,3,6,1,1
2,0,0,0,0,0.0,5,8,3,6,1,1
0,0,0,0,0,0.0,5,8,3,6,1,1
4,0,0,0,0,0.0,5,8,3,6,1,1
6,0,0,0,0,0.0,5,8,3,6,1,1
1,0,0,0,0,0.0,5,8,3,6,1,1
9,0,0,0,0,0.0,5,8,3,6,1,1
3,0,0,0,0,0.0,5,8,3,6,1,1
8,0,0,0,0,0.0,5,8,3,6,1,1
5,0,0,0,0,0.0,5,8,3,6,1,1
7,0,0,0,0,0.0,5,8,3,6,1,1
2,0,0,0,0,0.0,5,8,3,6,1,1
0,0,0,0,0,0.0,5,8,3,6,1,1
4,0,0,0,0,0.0,5,8,3,6,1,1
6,0,0,0,0,0.0,5,8,3,6,1,1
1,0,0,0,0,0.0,5,8,3,6,1,1
9,0,0,0,0,0.0,5,8,3,6,1,1
3,0,0,0,0,0.0,5,8,3,6,1,1
8,0,0,0,0,0.0,5,8,3,6,1,1
5,0,0,0,0,0.0,5,8,3,6,1,1
7,0,0,0,0,0.0,5,8,3,6,1,1
2,0,0,0,0,0.0,5,8,3,6,1,1
0,0,0,0,0,0.0,5,8,3,6,1,1
4,0,0,0,0,0.0,5,8,3,6,1,1
6,0,0,0,0,0.0,5,8,3,6,1,1
1,0,0,0,0,0.0,5,8,3,6,1,1
9,0,0,0,0,0.0,5,8,3,6,1,1
3,0,0,0,0,0.0,5,8,3,6,1,1
8,0,0,0,0,0.0,5,8,3,6,1,1
5,0,0,0,0,0.0,5,8,3,6,1,1
7,0,0,0,0,0.0,5,8,3,6,1,1
2,0,0,0,0,0.0,5,8,3,6,1,1
0,0,0,0,0,0.0,5,8,3,6,1,1
4,0,0,0,0,0.0,5,8,3,6,1,1
6,0,0,0,0,0.0,5,8,3,6,1,1
1,0,0,0,0,0.0,5,8,3,6,1,1
9,0,0,0,0,0.0,5,8,3,6,1,1
3,0,0,0,0,0.0,5,8,3,6,1,1
8,457,189,221,323,2.23,6,8,3,6,1,2
5,459,372,258,416,2.39,6,8,3,6,1,2
7,318,227,173,272,1.65,6,8,3,6,1,2
2,360,460,236,410,1.7,6,8,3,6,1,2
0,199,207,121,203,0.82,6,8,3,6,1,2
4,207,379,159,293,2.06,6,8,3,6,1,2
6,541,225,261,383,0.7,6,8,3,6,1,0
1,158,176,98,167,1.32,6,8,3,6,1,2
9,187,209,117,198,2.45,6,8,3,6,1,2
3,479,428,277,454,2.39,6,8,3,6,1,2
8,288,540,223,414,1.26,6,8,3,6,1,2
5,465,238,234,352,1.62,6,8,3,6,1,2
7,202,520,185,361,0.73,6,8,3,6,1,0
2,392,456,248,424,1.68,6,8,3,6,1,2
0,310,293,183,302,0.95,6,8,3,6,1,2
4,203,528,187,366,1.01,6,8,3,6,1,2
6,369,333,214,351,1.06,6,8,3,6,1,2
1,168,387,145,278,2.47,6,8,3,6,1,2
9,183,420,157,302,1.54,6,8,3,6,1,2
3,273,452,200,362,0.84,6,8,3,6,1,2
8,479,515,295,497,0.69,6,8,3,6,1,0
5,383,256,204,320,0.71,6,8,3,6,1,0
7,334,340,202,337,1.66,6,8,3,6,1,2
2,409,215,207,312,1.8,6,8,3,6,1,2
0,466,327,252,396,1.4,6,8,3,6,1,2
4,407,325,228,366,1.11,6,8,3,6,1,2
6,261,549,214,405,2.25,6,8,3,6,1,2
1,258,336,170,297,1.09,6,8,3,6,1,2
9,305,384,199,344,0.65,6,8,3,6,1,0
3,344,390,216,367,0.77,6,8,3,6,1,2
8,311,293,183,302,0.65,6,8,3,6,1,0
5,186,303,135,244,0.95,6,8,3,6,1,2
7,156,245,111,200,1.16,6,8,3,6,1,2
2,482,531,299,506,0.87,6,8,3,6,1,2
0,538,268,269,403,0.87,6,8,3,6,1,2
4,306,465,215,386,1.02,6,8,3,6,1,2
6,281,543,221,412,0.81,6,8,3,6,1,2
1,366,237,194,302,2.38,6,8,3,6,1,2
9,533,265,266,399,2.07,6,8,3,6,1,2
3,277,252,161,264,0.59,6,8,3,6,1,0
8,326,527,236,426,1.67,7,8,3,6,1,2
5,319,475,223,397,1.16,7,8,3,6,1,2
7,485,179,230,332,1.77,7,8,3,6,1,2
2,482,500,293,491,0.87,7,8,3,6,1,2
0,253,219,145,236,0.55,7,8,3,6,1,0
4,280,401,192,340,2.46,7,8,3,6,1,2
6,228,471,185,350,0.75,7,8,3,6,1,2
1,538,404,296,471,0.93,7,8,3,6,1,2
9,301,501,221,401,1.99,7,8,3,6,1,2
3,522,320,273,421,0.92,7,8,3,6,1,2
8,519,286,265,402,1.63,7,8,3,6,1,2
5,220,355,159,288,1.8,7,8,3,6,1,2
7,322,524,234,423,0.54,7,8,3,6,1,0
2,511,152,235,332,1.93,7,8,3,6,1,2
0,230,416,175,323,1.18,7,8,3,6,1,2
4,541,240,264,390,1.43,7,8,3,6,1,2
6,456,209,224,332,2.45,7,8,3,6,1,2
1,292,524,222,408,2.24,7,8,3,6,1,2
9,494,263,250,378,0.73,7,8,3,6,1,0
3,286,286,172,286,1.72,7,8,3,6,1,2
8,457,236,230,346,1.26,7,8,3,6,1,2
5,224,213,132,218,0.79,7,8,3,6,1,2
7,472,432,275,452,2.48,7,8,3,6,1,2
2,421,200,208,310,2.32,7,8,3,6,1,2
0,488,426,280,457,0.77,7,8,3,6,1,2
4,273,372,184,322,2.24,7,8,3,6,1,2
6,220,470,182,345,0.88,7,8,3,6,1,2
1,179,253,122,216,2.46,7,8,3,6,1,2
9,263,231,151,247,2.37,7,8,3,6,1,2
3,293,444,206,368,1.0,7,8,3,6,1,2
8,250,509,202,380,1.53,7,8,3,6,1,2
5,467,205,228,336,1.58,7,8,3,6,1,2
7,183,385,150,284,1.33,7,8,3,6,1,2
2,317,195,166,256,2.06,7,8,3,6,1,2
0,209,523,188,366,1.39,7,8,3,6,1,2
4,481,290,250,386,0.53,7,8,3,6,1,0
6,449,531,286,490,1.38,7,8,3,6,1,2
1,190,291,134,240,1.72,7,8,3,6,1,2
9,258,207,145,232,0.52,7,8,3,6,1,0
3,178,404,152,291,1.55,7,8,3,6,1,2
8,1756,602,823,1179,4.67,8,8,3,6,1,2
5,1369,862,720,1116,3.06,8,8,3,6,1,2
7,930,544,481,737,3.59,8,8,3,6,1,2
2,1235,489,592,862,5.23,8,8,3,6,1,2
0,1694,904,858,1299,3.75,8,8,3,6,1,2
4,2134,470,948,1302,5.12,8,8,3,6,1,2
6,2496,620,1122,1558,4.89,8,8,3,6,1,2
1,1770,469,802,1120,4.32,8,8,3,6,1,2
9,1254,790,660,1022,5.66,8,8,3,6,1,2
3,1874,971,944,1422,3.19,8,8,3,6,1,2
8,1704,554,792,1129,4.24,8,8,3,6,1,2
5,1319,838,695,1078,5.39,8,8,3,6,1,2
7,1896,574,873,1235,3.13,8,8,3,6,1,2
2,2000,695,939,1348,3.85,8,8,3,6,1,2
0,1815,524,831,1170,5.35,8,8,3,6,1,2
4,1099,629,565,864,5.45,8,8,3,6,1,2
6,1929,728,917,1328,3.4,8,8,3,6,1,2
1,956,925,567,940,3.49,8,8,3,6,1,2
9,2335,587,1051,1461,4.34,8,8,3,6,1,2
3,2374,751,1100,1562,4.56,8,8,3,6,1,2
8,1247,726,644,986,4.96,8,8,3,6,1,2
5,2374,554,1060,1464,5.71,8,8,3,6,1,2
7,1383,727,699,1055,4.43,8,8,3,6,1,2
2,2356,504,1043,1430,4.07,8,8,3,6,1,2
0,1957,469,877,1213,4.35,8,8,3,6,1,2
4,1006,871,577,938,3.07,8,8,3,6,1,2
6,925,842,538,884,3.73,8,8,3,6,1,2
1,2418,708,1109,1563,4.43,8,8,3,6,1,2
9,1662,812,827,1237,4.05,8,8,3,6,1,2
3,2336,636,1062,1486,5.73,8,8,3,6,1,2
8,1428,596,690,1012,4.06,8,8,3,6,1,2
5,1555,987,819,1271,3.51,8,8,3,6,1,2
7,1145,596,577,870,3.3,8,8,3,6,1,2
2,1346,673,673,1010,3.81,8,8,3,6,1,2
0,1071,902,609,986,4.42,8,8,3,6,1,2
4,1784,623,838,1204,4.82,8,8,3,6,1,2
6,1526,841,779,1184,4.46,8,8,3,6,1,2
1,2008,423,888,1216,5.36,8,8,3,6,1,2
9,2294,845,1087,1570,3.33,8,8,3,6,1,2
3,1967,996,986,1482,3.61,8,8,3,6,1,2
8,1157,598,582,878,3.05,9,8,3,6,1,2
5,1603,663,774,1133,4.47,9,8,3,6,1,2
7,1225,401,570,813,4.64,9,8,3,6,1,2
2,1156,811,625,984,3.29,9,8,3,6,1,2
0,1838,773,890,1306,3.14,9,8,3,6,1,2
4,2333,729,1079,1531,5.07,9,8,3,6,1,2
6,2370,820,1112,1595,3.46,9,8,3,6,1,2
1,2294,553,1028,1424,3.72,9,8,3,6,1,2
9,2209,562,996,1386,5.09,9,8,3,6,1,2
3,1423,811,731,1117,4.81,9,8,3,6,1,2
8,1741,499,796,1120,4.24,9,8,3,6,1,2
5,1325,461,622,893,5.21,9,8,3,6,1,2
7,1151,572,575,862,3.31,9,8,3,6,1,2
2,872,840,517,856,4.55,9,8,3,6,1,2
0,1029,959,603,994,4.36,9,8,3,6,1,2
4,1378,941,739,1160,5.14,9,8,3,6,1,2
6,921,702,509,812,4.4,9,8,3,6,1,2
1,1489,698,735,1094,4.45,9,8,3,6,1,2
9,1034,895,593,964,3.17,9,8,3,6,1,2
3,1477,631,717,1054,4.49,9,8,3,6,1,2
8,826,754,481,790,4.27,9,8,3,6,1,2
5,995,972,592,984,3.76,9,8,3,6,1,2
7,1574,1000,830,1287,3.4,9,8,3,6,1,2
2,1488,455,686,972,5.77,9,8,3,6,1,2
0,2182,493,971,1338,4.62,9,8,3,6,1,2
4,1484,580,710,1032,4.7,9,8,3,6,1,2
6,2201,543,989,1372,3.12,9,8,3,6,1,2
1,2404,719,1105,1562,5.54,9,8,3,6,1,2
9,1973,795,948,1384,3.88,9,8,3,6,1,2
3,2102,601,961,1352,5.49,9,8,3,6,1,2
8,916,888,544,902,4.94,9,8,3,6,1,2
5,843,692,476,768,5.07,9,8,3,6,1,2
7,1344,827,703,1086,4.78,9,8,3,6,1,2
2,1279,435,599,857,3.61,9,8,3,6,1,2
0,2398,414,1042,1406,4.05,9,8,3,6,1,2
4,1840,523,841,1182,3.17,9,8,3,6,1,2
6,2337,420,1019,1378,3.66,9,8,3,6,1,2
1,2127,678,986,1402,5.35,9,8,3,6,1,2
9,1420,713,711,1066,3.31,9,8,3,6,1,2
3,1135,745,603,940,5.7,9,8,3,6,1,2
8,1502,727,746,1114,3.31,10,8,3,6,1,2
5,2433,493,1072,1463,5.52,10,8,3,6,1,2
7,1307,859,695,1083,3.09,10,8,3,6,1,2
2,1672,617,792,1144,4.76,10,8,3,6,1,2
0,851,467,434,659,3.83,10,8,3,6,1,2
4,2136,910,1036,1523,4.62,10,8,3,6,1,2
6,1631,415,735,1023,5.0,10,8,3,6,1,2
1,2184,456,965,1320,3.96,10,8,3,6,1,2
9,968,771,541,870,5.52,10,8,3,6,1,2
3,2393,581,1073,1487,3.69,10,8,3,6,1,2
8,2281,795,1071,1538,4.46,10,8,3,6,1,2
5,1627,596,770,1112,4.52,10,8,3,6,1,2
7,1533,429,699,981,4.33,10,8,3,6,1,2
2,1965,405,867,1185,3.72,10,8,3,6,1,2
0,2429,536,1079,1482,3.24,10,8,3,6,1,2
4,2099,573,954,1336,3.37,10,8,3,6,1,2
6,1231,783,649,1007,5.76,10,8,3,6,1,2
1,1976,476,886,1226,4.16,10,8,3,6,1,2
9,2038,737,963,1388,5.76,10,8,3,6,1,2
3,1272,953,699,1112,4.41,10,8,3,6,1,2
8,1147,453,549,800,5.68,10,8,3,6,1,2
5,2500,758,1152,1629,5.47,10,8,3,6,1,2
7,1746,460,790,1103,3.53,10,8,3,6,1,2
2,2477,662,1123,1570,3.95,10,8,3,6,1,2
0,888,842,524,865,3.27,10,8,3,6,1,2
4,1570,866,801,1218,3.6,10,8,3,6,1,2
6,2124,632,976,1378,4.15,10,8,3,6,1,2
1,2062,908,1006,1485,5.56,10,8,3,6,1,2
9,2074,779,985,1426,3.55,10,8,3,6,1,2
3,1031,450,502,740,4.66,10,8,3,6,1,2
8,1747,475,794,1111,4.82,10,8,3,6,1,2
5,1273,452,600,862,4.68,10,8,3,6,1,2
7,2030,805,973,1418,4.54,10,8,3,6,1,2
2,2399,859,1131,1629,4.38,10,8,3,6,1,2
0,1239,716,639,978,3.68,10,8,3,6,1,2
4,2133,400,933,1266,5.54,10,8,3,6,1,2
6,1655,740,810,1198,4.77,10,8,3,6,1,2
1,1148,795,618,972,5.7,10,8,3,6,1,2
9,2258,676,1038,1467,3.78,10,8,3,6,1,2
3,1535,594,733,1064,5.56,10,8,3,6,1,2
8,276,302,171,289,1.22,11,8,3,6,1,2
5,180,399,152,290,2.26,11,8,3,6,1,2
7,165,408,148,286,0.85,11,8,3,6,1,2
2,256,342,171,299,0.59,11,8,3,6,1,0
0,438,474,270,456,2.28,11,8,3,6,1,2
4,504,186,239,345,0.85,11,8,3,6,1,2
6,355,207,183,281,1.48,11,8,3,6,1,2
1,377,350,221,364,2.25,11,8,3,6,1,2
9,222,161,121,192,1.52,11,8,3,6,1,2
3,508,501,303,504,1.25,11,8,3,6,1,2
8,314,545,235,430,1.39,11,8,3,6,1,2
5,457,549,293,503,1.5,11,8,3,6,1,2
7,537,312,277,424,2.44,11,8,3,6,1,2
2,207,502,183,354,1.66,11,8,3,6,1,2
0,161,445,153,303,1.81,11,8,3,6,1,2
4,268,155,138,212,2.41,11,8,3,6,1,2
6,228,227,137,228,1.12,11,8,3,6,1,2
1,378,178,187,278,0.87,11,8,3,6,1,2
9,456,483,279,470,2.4,11,8,3,6,1,2
3,448,420,263,434,1.1,11,8,3,6,1,2
8,364,497,245,430,0.65,11,8,3,6,1,0
5,528,367,285,448,1.38,11,8,3,6,1,2
7,473,188,227,330,1.26,11,8,3,6,1,2
2,184,425,159,304,0.98,11,8,3,6,1,2
0,231,413,175,322,1.12,11,8,3,6,1,2
4,323,388,207,356,2.18,11,8,3,6,1,2
6,186,398,154,292,1.58,11,8,3,6,1,2
1,218,518,191,368,2.0,11,8,3,6,1,2
9,166,519,170,342,2.25,11,8,3,6,1,2
3,504,390,280,447,1.52,11,8,3,6,1,2
8,522,339,277,430,2.21,11,8,3,6,1,2
5,533,532,320,532,2.4,11,8,3,6,1,2
7,425,320,234,372,1.05,11,8,3,6,1,2
2,424,530,276,477,2.3,11,8,3,6,1,2
0,281,214,155,248,0.65,11,8,3,6,1,0
4,245,257,149,251,2.16,11,8,3,6,1,2
6,425,490,268,458,1.81,11,8,3,6,1,2
1,189,460,168,324,0.87,11,8,3,6,1,2
9,414,415,249,414,1.94,11,8,3,6,1,2
3,249,269,153,259,2.21,11,8,3,6,1,2
8,441,339,244,390,2.08,12,8,3,6,1,2
5,425,330,236,378,1.11,12,8,3,6,1,2
7,516,189,244,352,2.47,12,8,3,6,1,2
2,393,337,225,365,2.09,12,8,3,6,1,2
0,328,508,233,418,1.44,12,8,3,6,1,2
4,200,523,185,362,2.0,12,8,3,6,1,2
6,336,163,167,250,0.71,12,8,3,6,1,0
1,293,293,176,293,2.42,12,8,3,6,1,2
9,290,540,224,415,1.73,12,8,3,6,1,2
3,490,265,249,378,2.04,12,8,3,6,1,2
8,515,456,297,486,1.02,12,8,3,6,1,2
5,457,494,282,476,1.26,12,8,3,6,1,2
7,469,520,292,494,0.79,12,8,3,6,1,2
2,315,398,206,356,1.08,12,8,3,6,1,2
0,241,267,150,254,0.58,12,8,3,6,1,0
4,534,373,288,454,1.77,12,8,3,6,1,2
6,456,221,227,338,1.08,12,8,3,6,1,2
1,458,538,291,498,2.19,12,8,3,6,1,2
9,178,326,136,252,2.02,12,8,3,6,1,2
3,522,272,263,397,1.11,12,8,3,6,1,2
8,297,255,170,276,2.27,12,8,3,6,1,2
5,539,530,322,534,1.78,12,8,3,6,1,2
7,393,282,214,338,1.74,12,8,3,6,1,2
2,428,201,211,314,1.21,12,8,3,6,1,2
0,523,413,292,468,0.83,12,8,3,6,1,2
4,367,533,253,450,1.37,12,8,3,6,1,2
6,487,434,282,460,1.51,12,8,3,6,1,2
1,301,457,212,379,0.94,12,8,3,6,1,2
9,364,188,183,276,0.77,12,8,3,6,1,2
3,285,171,148,228,0.72,12,8,3,6,1,0
8,235,327,159,281,1.96,12,8,3,6,1,2
5,472,379,265,426,2.49,12,8,3,6,1,2
7,390,269,210,330,0.72,12,8,3,6,1,0
2,330,362,204,346,1.04,12,8,3,6,1,2
0,273,457,201,365,2.11,12,8,3,6,1,2
4,223,432,176,328,2.23,12,8,3,6,1,2
6,496,426,284,461,2.29,12,8,3,6,1,2
1,426,173,205,300,2.01,12,8,3,6,1,2
9,413,505,266,459,2.16,12,8,3,6,1,2
3,163,290,123,226,2.49,12,8,3,6,1,2
8,223,536,196,380,1.12,13,8,3,6,1,2
5,393,255,208,324,1.26,13,8,3,6,1,2
7,162,205,106,184,0.65,13,8,3,6,1,0
2,340,420,220,380,0.54,13,8,3,6,1,0
0,296,238,166,267,1.28,13,8,3,6,1,2
4,423,460,261,442,0.92,13,8,3,6,1,2
6,220,197,127,208,1.92,13,8,3,6,1,2
1,291,520,220,406,1.15,13,8,3,6,1,2
9,419,229,213,324,1.36,13,8,3,6,1,2
3,170,198,108,184,0.54,13,8,3,6,1,0
8,383,436,240,410,2.49,13,8,3,6,1,2
5,230,236,139,233,0.66,13,8,3,6,1,0
7,521,365,281,443,2.2,13,8,3,6,1,2
2,535,478,310,506,2.27,13,8,3,6,1,2
0,500,252,250,376,2.18,13,8,3,6,1,2
4,474,373,264,424,0.84,13,8,3,6,1,2
6,355,520,246,438,0.71,13,8,3,6,1,0
1,534,350,284,442,0.59,13,8,3,6,1,0
9,384,306,215,345,1.15,13,8,3,6,1,2
3,449,270,234,360,1.79,13,8,3,6,1,2
8,154,193,100,174,2.38,13,8,3,6,1,2
5,438,541,283,490,1.53,13,8,3,6,1,2
7,521,244,257,382,1.82,13,8,3,6,1,2
2,263,477,201,370,1.77,13,8,3,6,1,2
0,337,242,183,290,0.86,13,8,3,6,1,2
4,345,285,195,315,1.81,13,8,3,6,1,2
6,256,237,150,246,1.22,13,8,3,6,1,2
1,489,531,302,510,1.07,13,8,3,6,1,2
9,151,348,130,250,1.73,13,8,3,6,1,2
3,325,244,179,284,0.56,13,8,3,6,1,0
8,515,323,271,419,2.3,13,8,3,6,1,2
5,196,348,148,272,2.11,13,8,3,6,1,2
7,412,227,210,320,1.57,13,8,3,6,1,2
2,353,186,178,270,1.75,13,8,3,6,1,2
0,396,330,224,363,1.05,13,8,3,6,1,2
4,212,510,187,361,2.31,13,8,3,6,1,2
6,321,309,190,315,1.93,13,8,3,6,1,2
1,371,150,178,260,1.32,13,8,3,6,1,2
9,153,264,114,208,2.07,13,8,3,6,1,2
3,436,219,218,328,1.57,13,8,3,6,1,2
8,212,513,187,362,1.87,14,8,3,6,1,2
5,381,316,216,348,1.43,14,8,3,6,1,2
7,388,401,235,394,1.29,14,8,3,6,1,2
2,550,277,275,414,2.11,14,8,3,6,1,2
0,212,411,167,312,0.53,14,8,3,6,1,0
4,299,532,226,416,1.74,14,8,3,6,1,2
6,532,534,320,533,2.43,14,8,3,6,1,2
1,162,345,134,254,2.43,14,8,3,6,1,2
9,338,360,207,349,2.5,14,8,3,6,1,2
3,199,352,150,276,2.26,14,8,3,6,1,2
8,189,215,119,202,1.49,14,8,3,6,1,2
5,461,529,290,495,2.21,14,8,3,6,1,2
7,529,498,311,514,1.53,14,8,3,6,1,2
2,196,497,178,346,1.3,14,8,3,6,1,2
0,425,269,224,347,0.78,14,8,3,6,1,2
4,255,410,184,332,0.85,14,8,3,6,1,2
6,155,508,164,332,2.35,14,8,3,6,1,2
1,411,351,235,381,2.34,14,8,3,6,1,2
9,462,406,266,434,0.89,14,8,3,6,1,2
3,374,487,247,430,1.27,14,8,3,6,1,2
8,491,207,238,349,0.72,14,8,3,6,1,0
5,400,343,229,372,1.11,14,8,3,6,1,2
7,230,284,149,257,1.88,14,8,3,6,1,2
2,250,361,172,306,0.83,14,8,3,6,1,2
0,485,530,300,508,1.77,14,8,3,6,1,2
4,333,252,184,292,1.29,14,8,3,6,1,2
6,196,151,109,174,0.91,14,8,3,6,1,2
1,458,207,225,332,1.98,14,8,3,6,1,2
9,461,203,225,332,2.35,14,8,3,6,1,2
3,503,267,255,385,0.77,14,8,3,6,1,2
8,528,417,295,472,1.29,14,8,3,6,1,2
5,427,460,263,444,1.55,14,8,3,6,1,2
7,442,529,283,486,1.17,14,8,3,6,1,2
2,151,334,127,242,2.14,14,8,3,6,1,2
0,500,206,241,353,1.39,14,8,3,6,1,2
4,302,301,181,302,1.19,14,8,3,6,1,2
6,212,287,142,250,1.75,14,8,3,6,1,2
1,452,169,215,310,1.92,14,8,3,6,1,2
9,219,195,127,207,1.45,14,8,3,6,1,2
3,159,331,130,245,0.71,14,8,3,6,1,0
8,464,512,288,488,0.62,15,8,3,6,1,0
5,541,254,267,398,2.14,15,8,3,6,1,2
7,248,361,171,304,1.2,15,8,3,6,1,2
2,406,182,199,294,2.0,15,8,3,6,1,2
0,396,290,216,343,0.56,15,8,3,6,1,0
4,281,295,171,288,0.93,15,8,3,6,1,2
6,461,176,220,318,1.81,15,8,3,6,1,2
1,351,265,193,308,2.16,15,8,3,6,1,2
9,478,323,256,400,1.06,15,8,3,6,1,2
3,344,362,210,353,1.75,15,8,3,6,1,2
8,185,343,143,264,1.7,15,8,3,6,1,2
5,155,346,131,250,1.43,15,8,3,6,1,2
7,170,492,166,331,1.02,15,8,3,6,1,2
2,405,364,235,384,1.82,15,8,3,6,1,2
0,453,322,246,388,2.41,15,8,3,6,1,2
4,258,170,137,214,2.02,15,8,3,6,1,2
6,542,254,268,398,0.72,15,8,3,6,1,0
1,284,287,171,286,2.04,15,8,3,6,1,2
9,464,232,232,348,1.85,15,8,3,6,1,2
3,203,432,168,318,1.79,15,8,3,6,1,2
8,472,353,259,412,2.47,15,8,3,6,1,2
5,366,240,194,303,1.57,15,8,3,6,1,2
7,377,320,215,348,2.35,15,8,3,6,1,2
2,247,488,196,368,2.12,15,8,3,6,1,2
0,155,342,130,248,0.57,15,8,3,6,1,0
4,349,290,198,320,1.62,15,8,3,6,1,2
6,391,263,209,327,2.06,15,8,3,6,1,2
1,403,380,237,392,0.53,15,8,3,6,1,0
9,549,155,251,352,1.66,15,8,3,6,1,2
3,389,466,249,428,1.1,15,8,3,6,1,2
8,155,381,138,268,2.41,15,8,3,6,1,2
5,511,302,265,406,2.15,15,8,3,6,1,2
7,155,488,160,322,0.89,15,8,3,6,1,2
2,548,230,265,389,1.3,15,8,3,6,1,2
0,202,344,150,273,1.34,15,8,3,6,1,2
4,324,276,185,300,1.78,15,8,3,6,1,2
6,499,507,301,503,2.08,15,8,3,6,1,2
1,244,376,173,310,2.21,15,8,3,6,1,2
9,410,487,261,448,2.38,15,8,3,6,1,2
3,364,471,240,418,2.48,15,8,3,6,1,2
8,470,338,256,404,2.33,16,8,3,6,1,2
5,294,435,205,364,2.44,16,8,3,6,1,2
7,412,388,242,400,1.42,16,8,3,6,1,2
2,477,282,247,380,1.57,16,8,3,6,1,2
0,546,300,278,423,0.86,16,8,3,6,1,2
4,468,285,244,376,0.92,16,8,3,6,1,2
6,203,286,138,244,2.31,16,8,3,6,1,2
1,262,214,148,238,1.99,16,8,3,6,1,2
9,154,219,105,186,2.5,16,8,3,6,1,2
3,389,425,241,407,0.66,16,8,3,6,1,0
8,244,550,208,397,2.35,16,8,3,6,1,2
5,166,238,114,202,2.49,16,8,3,6,1,2
7,357,237,190,297,2.18,16,8,3,6,1,2
2,423,416,252,420,1.63,16,8,3,6,1,2
0,390,180,192,285,1.14,16,8,3,6,1,2
4,330,350,202,340,1.69,16,8,3,6,1,2
6,351,373,215,362,0.71,16,8,3,6,1,0
1,436,384,251,410,1.99,16,8,3,6,1,2
9,347,449,229,398,2.47,16,8,3,6,1,2
3,396,508,260,452,1.81,16,8,3,6,1,2
8,437,445,264,441,1.48,16,8,3,6,1,2
5,429,172,206,300,1.89,16,8,3,6,1,2
7,196,305,139,250,2.04,16,8,3,6,1,2
2,302,306,182,304,2.05,16,8,3,6,1,2
0,513,212,248,362,2.15,16,8,3,6,1,2
4,340,234,183,287,0.62,16,8,3,6,1,0
6,438,327,241,382,1.06,16,8,3,6,1,2
1,314,417,209,366,0.85,16,8,3,6,1,2
9,347,499,239,423,1.12,16,8,3,6,1,2
3,233,517,197,375,0.86,16,8,3,6,1,2
8,286,380,190,333,0.59,16,8,3,6,1,0
5,467,544,296,506,0.83,16,8,3,6,1,2
7,434,265,227,350,1.24,16,8,3,6,1,2
2,470,401,268,436,0.58,16,8,3,6,1,0
0,484,314,256,399,1.75,16,8,3,6,1,2
4,276,426,196,351,0.58,16,8,3,6,1,0
6,420,152,198,286,2.0,16,8,3,6,1,2
1,450,214,223,332,1.74,16,8,3,6,1,2
9,397,496,258,446,1.84,16,8,3,6,1,2
3,426,460,262,443,1.68,16,8,3,6,1,2
8,907,1042,571,974,3.94,17,8,3,6,1,2
5,643,2705,798,1674,4.65,17,8,3,6,1,2
7,621,1836,616,1228,5.29,17,8,3,6,1,2
2,889,1737,703,1313,4.77,17,8,3,6,1,2
0,1021,1403,689,1212,3.27,17,8,3,6,1,2
4,690,1887,653,1288,3.82,17,8,3,6,1,2
6,707,1907,664,1307,5.69,17,8,3,6,1,2
1,1037,1301,675,1169,3.1,17,8,3,6,1,2
9,825,2716,873,1770,5.2,17,8,3,6,1,2
3,999,2435,887,1717,4.39,17,8,3,6,1,2
8,913,2168,799,1540,3.09,17,8,3,6,1,2
5,1071,2762,981,1916,5.28,17,8,3,6,1,2
7,1014,1451,696,1232,5.02,17,8,3,6,1,2
2,959,2111,806,1535,4.95,17,8,3,6,1,2
0,839,1351,606,1095,4.21,17,8,3,6,1,2
4,1083,1750,783,1416,3.57,17,8,3,6,1,2
6,1042,1754,768,1398,4.67,17,8,3,6,1,2
1,726,1929,676,1328,4.94,17,8,3,6,1,2
9,602,2527,746,1564,5.05,17,8,3,6,1,2
3,1018,1800,767,1409,4.26,17,8,3,6,1,2
8,700,2650,810,1675,3.74,17,8,3,6,1,2
5,948,1680,715,1314,4.49,17,8,3,6,1,2
7,1193,1841,845,1517,5.16,17,8,3,6,1,2
2,732,1500,593,1116,3.71,17,8,3,6,1,2
0,839,2198,775,1518,5.76,17,8,3,6,1,2
4,665,1080,482,872,5.1,17,8,3,6,1,2
6,967,2244,836,1606,3.53,17,8,3,6,1,2
1,648,1291,517,970,3.63,17,8,3,6,1,2
9,714,2393,764,1554,5.51,17,8,3,6,1,2
3,606,2186,680,1396,3.42,17,8,3,6,1,2
8,1010,1948,794,1479,5.56,17,8,3,6,1,2
5,765,1353,577,1059,5.23,17,8,3,6,1,2
7,1059,2164,856,1612,3.88,17,8,3,6,1,2
2,738,2233,742,1486,5.32,17,8,3,6,1,2
0,868,1555,658,1212,5.69,17,8,3,6,1,2
4,799,1149,549,974,3.13,17,8,3,6,1,2
6,805,1036,529,920,4.12,17,8,3,6,1,2
1,1111,1864,817,1488,3.08,17,8,3,6,1,2
9,797,2442,807,1620,5.49,17,8,3,6,1,2
3,1101,1059,652,1080,5.28,17,8,3,6,1,2
8,1152,2411,943,1782,4.93,18,8,3,6,1,2
5,812,1024,530,918,4.26,18,8,3,6,1,2
7,841,2000,736,1420,4.46,18,8,3,6,1,2
2,865,1459,638,1162,4.91,18,8,3,6,1,2
0,807,1470,617,1138,5.32,18,8,3,6,1,2
4,977,2039,799,1508,3.56,18,8,3,6,1,2
6,1104,1902,822,1503,3.73,18,8,3,6,1,2
1,616,1691,585,1154,3.29,18,8,3,6,1,2
9,1120,2565,961,1842,3.15,18,8,3,6,1,2
3,731,1116,516,924,3.55,18,8,3,6,1,2
8,625,2656,781,1640,3.96,18,8,3,6,1,2
5,1087,2536,942,1812,5.68,18,8,3,6,1,2
7,863,1096,564,980,3.88,18,8,3,6,1,2
2,741,1257,548,999,5.54,18,8,3,6,1,2
0,1195,2309,940,1752,4.37,18,8,3,6,1,2
4,684,1208,515,946,5.5,18,8,3,6,1,2
6,965,2601,906,1783,4.94,18,8,3,6,1,2
1,1128,1514,754,1321,3.66,18,8,3,6,1,2
9,788,2639,843,1714,4.85,18,8,3,6,1,2
3,993,1962,790,1478,5.35,18,8,3,6,1,2
8,1022,2700,949,1861,4.6,18,8,3,6,1,2
5,1193,1246,726,1220,4.44,18,8,3,6,1,2
7,787,2516,818,1652,3.09,18,8,3,6,1,2
2,1007,2612,925,1810,4.09,18,8,3,6,1,2
0,602,1580,557,1091,4.7,18,8,3,6,1,2
4,838,1676,670,1257,5.32,18,8,3,6,1,2
6,667,1163,499,915,3.44,18,8,3,6,1,2
1,883,2014,756,1448,5.0,18,8,3,6,1,2
9,973,1558,701,1266,4.93,18,8,3,6,1,2
3,814,1983,722,1398,3.66,18,8,3,6,1,2
8,831,1951,723,1391,3.55,18,8,3,6,1,2
5,634,2798,813,1716,5.63,18,8,3,6,1,2
7,1147,2275,914,1711,3.61,18,8,3,6,1,2
2,1100,1048,650,1074,4.34,18,8,3,6,1,2
0,790,1898,696,1344,3.25,18,8,3,6,1,2
4,808,1017,527,912,4.18,18,8,3,6,1,2
6,923,1315,632,1119,5.34,18,8,3,6,1,2
1,999,2225,845,1612,4.44,18,8,3,6,1,2
9,779,2269,765,1524,4.19,18,8,3,6,1,2
3,897,2289,817,1593,3.44,18,8,3,6,1,2
8,838,2679,871,1758,5.07,19,8,3,6,1,2
5,713,1600,605,1156,5.46,19,8,3,6,1,2
7,1173,1771,823,1472,4.36,19,8,3,6,1,2
2,1147,1267,712,1207,5.07,19,8,3,6,1,2
0,668,1807,629,1238,5.67,19,8,3,6,1,2
4,962,1985,782,1474,3.09,19,8,3,6,1,2
6,920,2178,804,1549,5.72,19,8,3,6,1,2
1,641,2517,760,1579,3.03,19,8,3,6,1,2
9,1168,1695,806,1432,3.37,19,8,3,6,1,2
3,1154,1404,742,1279,4.84,19,8,3,6,1,2
8,755,1929,688,1342,3.75,19,8,3,6,1,2
5,726,2424,775,1575,4.39,19,8,3,6,1,2
7,966,1979,782,1472,3.8,19,8,3,6,1,2
2,613,2252,696,1432,4.7,19,8,3,6,1,2
0,629,2317,715,1473,3.59,19,8,3,6,1,2
4,682,1841,641,1262,3.07,19,8,3,6,1,2
6,738,1860,667,1299,3.43,19,8,3,6,1,2
1,917,1834,734,1376,4.06,19,8,3,6,1,2
9,1148,2585,976,1866,3.82,19,8,3,6,1,2
3,752,1578,616,1165,3.49,19,8,3,6,1,2
8,701,1634,607,1168,3.98,19,8,3,6,1,2
5,1003,2234,848,1618,4.27,19,8,3,6,1,2
7,950,1148,610,1049,5.35,19,8,3,6,1,2
2,873,2059,761,1466,5.6,19,8,3,6,1,2
0,766,1286,564,1026,4.72,19,8,3,6,1,2
4,1124,2432,936,1778,3.56,19,8,3,6,1,2
6,1138,2462,948,1800,5.72,19,8,3,6,1,2
1,898,1420,643,1159,4.11,19,8,3,6,1,2
9,662,2347,734,1504,3.4,19,8,3,6,1,2
3,611,2124,669,1368,4.21,19,8,3,6,1,2
8,823,2428,815,1626,3.76,19,8,3,6,1,2
5,949,2524,884,1736,3.84,19,8,3,6,1,2
7,1100,2158,872,1629,5.66,19,8,3,6,1,2
2,1120,1603,769,1362,4.26,19,8,3,6,1,2
0,859,1054,554,956,3.89,19,8,3,6,1,2
4,941,1775,731,1358,5.63,19,8,3,6,1,2
6,735,1271,548,1003,4.14,19,8,3,6,1,2
1,1182,2661,1005,1922,4.12,19,8,3,6,1,2
9,703,2761,833,1732,3.96,19,8,3,6,1,2
3,776,1877,686,1326,3.98,19,8,3,6,1,2
8,827,1754,682,1290,4.79,20,8,3,6,1,2
5,1134,2455,945,1794,4.68,20,8,3,6,1,2
7,994,2283,854,1638,5.2,20,8,3,6,1,2
2,731,1183,529,957,3.24,20,8,3,6,1,2
0,790,1504,617,1147,4.24,20,8,3,6,1,2
4,1172,1419,753,1296,5.52,20,8,3,6,1,2
6,741,1670,630,1206,5.29,20,8,3,6,1,2
1,724,1714,632,1219,4.82,20,8,3,6,1,2
9,927,2590,889,1758,4.7,20,8,3,6,1,2
3,768,1729,653,1248,3.44,20,8,3,6,1,2
8,1024,1985,807,1504,3.26,20,8,3,6,1,2
5,997,2316,862,1656,4.37,20,8,3,6,1,2
7,783,1345,582,1064,3.95,20,8,3,6,1,2
2,1009,1838,771,1424,5.0,20,8,3,6,1,2
0,1158,1791,821,1474,5.57,20,8,3,6,1,2
4,1189,2413,958,1801,4.43,20,8,3,6,1,2
6,735,1024,499,880,4.19,20,8,3,6,1,2
1,923,1444,658,1184,5.54,20,8,3,6,1,2
9,1078,1832,798,1455,5.59,20,8,3,6,1,2
3,900,1702,700,1301,4.59,20,8,3,6,1,2
8,760,2185,741,1472,4.11,20,8,3,6,1,2
5,714,2327,751,1520,3.93,20,8,3,6,1,2
7,731,2778,848,1754,4.1,20,8,3,6,1,2
2,720,2538,796,1629,5.5,20,8,3,6,1,2
0,666,2229,712,1448,4.84,20,8,3,6,1,2
4,1200,2044,889,1622,5.77,20,8,3,6,1,2
6,802,1077,536,940,5.09,20,8,3,6,1,2
1,730,2058,704,1394,4.18,20,8,3,6,1,2
9,915,1551,676,1233,5.11,20,8,3,6,1,2
3,1136,2314,917,1725,5.53,20,8,3,6,1,2
8,941,1430,662,1186,5.4,20,8,3,6,1,2
5,992,1696,736,1344,3.78,20,8,3,6,1,2
7,702,1265,534,984,3.09,20,8,3,6,1,2
2,1198,2663,1012,1930,4.35,20,8,3,6,1,2
0,771,2490,806,1630,3.72,20,8,3,6,1,2
4,983,2133,820,1558,4.75,20,8,3,6,1,2
6,912,2766,918,1839,4.26,20,8,3,6,1,2
1,1129,1114,674,1122,3.12,20,8,3,6,1,2
9,1102,2101,861,1602,4.03,20,8,3,6,1,2
3,662,1975,660,1318,5.6,20,8,3,6,1,2
8,447,258,230,352,0.87,21,8,3,6,1,2
5,412,162,197,287,0.72,21,8,3,6,1,0
7,422,229,215,326,0.73,21,8,3,6,1,0
2,470,270,242,370,2.48,21,8,3,6,1,2
0,288,290,173,289,1.89,21,8,3,6,1,2
4,385,347,223,366,1.85,21,8,3,6,1,2
6,177,244,120,210,0.62,21,8,3,6,1,0
1,386,400,234,393,1.45,21,8,3,6,1,2
9,233,416,176,324,1.65,21,8,3,6,1,2
3,265,381,182,323,1.57,21,8,3,6,1,2
8,295,534,225,414,2.26,21,8,3,6,1,2
5,199,163,112,181,1.89,21,8,3,6,1,2
7,230,460,184,345,1.23,21,8,3,6,1,2
2,200,486,177,343,1.06,21,8,3,6,1,2
0,451,325,245,388,1.85,21,8,3,6,1,2
4,451,401,261,426,2.39,21,8,3,6,1,2
6,425,258,222,342,2.29,21,8,3,6,1,2
1,421,430,254,426,1.85,21,8,3,6,1,2
9,456,531,289,494,0.52,21,8,3,6,1,0
3,376,516,254,446,1.8,21,8,3,6,1,2
8,421,176,204,298,0.99,21,8,3,6,1,2
5,369,355,219,362,1.42,21,8,3,6,1,2
7,275,497,209,386,1.71,21,8,3,6,1,2
2,364,306,207,335,0.93,21,8,3,6,1,2
0,250,368,174,309,1.8,21,8,3,6,1,2
4,201,342,149,272,0.62,21,8,3,6,1,0
6,210,204,125,207,1.87,21,8,3,6,1,2
1,329,305,193,317,2.12,21,8,3,6,1,2
9,504,441,290,472,2.49,21,8,3,6,1,2
3,341,250,186,296,0.95,21,8,3,6,1,2
8,507,402,283,454,0.74,21,8,3,6,1,0
5,161,475,159,318,1.49,21,8,3,6,1,2
7,260,349,174,304,1.69,21,8,3,6,1,2
2,453,487,279,470,2.07,21,8,3,6,1,2
0,221,453,179,337,1.68,21,8,3,6,1,2
4,267,496,206,382,0.67,21,8,3,6,1,0
6,183,222,118,202,1.41,21,8,3,6,1,2
1,352,209,183,280,1.02,21,8,3,6,1,2
9,406,208,204,307,1.15,21,8,3,6,1,2
3,201,474,175,338,0.71,21,8,3,6,1,0
8,188,270,129,229,1.6,22,8,3,6,1,2
5,187,409,157,298,1.75,22,8,3,6,1,2
7,189,393,154,291,1.58,22,8,3,6,1,2
2,186,199,114,192,2.15,22,8,3,6,1,2
0,406,252,213,329,0.56,22,8,3,6,1,0
4,394,199,197,296,1.65,22,8,3,6,1,2
6,411,200,204,306,1.26,22,8,3,6,1,2
1,363,153,176,258,0.73,22,8,3,6,1,0
9,420,223,213,322,2.31,22,8,3,6,1,2
3,239,181,132,210,1.96,22,8,3,6,1,2
8,286,418,198,352,1.79,22,8,3,6,1,2
5,491,541,305,516,1.68,22,8,3,6,1,2
7,202,324,146,263,1.19,22,8,3,6,1,2
2,463,297,245,380,2.4,22,8,3,6,1,2
0,234,432,180,333,2.47,22,8,3,6,1,2
4,212,277,140,244,2.24,22,8,3,6,1,2
6,191,196,116,194,0.72,22,8,3,6,1,0
1,177,306,132,242,2.45,22,8,3,6,1,2
9,372,467,242,420,1.7,22,8,3,6,1,2
3,294,367,191,330,1.76,22,8,3,6,1,2
8,314,384,202,349,2.06,22,8,3,6,1,2
5,384,382,230,383,1.26,22,8,3,6,1,2
7,352,295,200,324,1.76,22,8,3,6,1,2
2,482,218,236,350,0.76,22,8,3,6,1,2
0,162,530,171,346,2.41,22,8,3,6,1,2
4,353,333,208,343,2.27,22,8,3,6,1,2
6,471,348,258,410,1.24,22,8,3,6,1,2
1,501,408,282,454,2.02,22,8,3,6,1,2
9,386,272,209,329,2.22,22,8,3,6,1,2
3,251,321,165,286,1.96,22,8,3,6,1,2
8,358,520,247,439,2.35,22,8,3,6,1,2
5,160,526,169,343,0.85,22,8,3,6,1,2
7,189,502,176,346,0.54,22,8,3,6,1,0
2,209,225,129,217,0.94,22,8,3,6,1,2
0,511,244,253,378,1.1,22,8,3,6,1,2
4,372,460,241,416,0.59,22,8,3,6,1,0
6,214,234,132,224,1.89,22,8,3,6,1,2
1,236,538,202,387,1.94,22,8,3,6,1,2
9,318,272,182,295,2.12,22,8,3,6,1,2
3,533,245,262,389,1.05,22,8,3,6,1,2
8,283,546,222,414,0.58,23,8,3,6,1,0
5,293,177,153,235,2.16,23,8,3,6,1,2
7,306,436,210,371,0.58,23,8,3,6,1,0
2,420,201,208,310,1.36,23,8,3,6,1,2
0,187,256,126,222,2.09,23,8,3,6,1,2
4,231,453,183,342,2.02,23,8,3,6,1,2
6,171,454,159,312,1.79,23,8,3,6,1,2
1,238,160,127,199,1.51,23,8,3,6,1,2
9,202,499,181,350,1.18,23,8,3,6,1,2
3,436,314,237,375,0.77,23,8,3,6,1,2
8,328,546,240,437,2.49,23,8,3,6,1,2
5,244,185,135,214,1.87,23,8,3,6,1,2
7,270,303,169,286,1.63,23,8,3,6,1,2
2,259,197,143,228,2.31,23,8,3,6,1,2
0,197,208,120,202,1.87,23,8,3,6,1,2
4,402,172,195,287,2.34,23,8,3,6,1,2
6,499,448,289,474,2.33,23,8,3,6,1,2
1,445,259,230,352,1.11,23,8,3,6,1,2
9,510,318,268,414,1.01,23,8,3,6,1,2
3,546,401,299,474,0.98,23,8,3,6,1,2
8,532,240,261,386,2.44,23,8,3,6,1,2
5,538,312,278,425,1.76,23,8,3,6,1,2
7,358,189,181,274,1.56,23,8,3,6,1,2
2,497,372,273,434,2.33,23,8,3,6,1,2
0,219,508,189,364,2.38,23,8,3,6,1,2
4,176,241,119,208,2.4,23,8,3,6,1,2
6,479,160,224,320,2.44,23,8,3,6,1,2
1,534,190,252,362,1.63,23,8,3,6,1,2
9,417,528,272,472,1.82,23,8,3,6,1,2
3,205,183,119,194,0.88,23,8,3,6,1,2
8,471,498,288,484,0.53,23,8,3,6,1,0
5,309,342,192,326,2.08,23,8,3,6,1,2
7,228,391,169,310,1.1,23,8,3,6,1,2
2,441,491,275,466,1.33,23,8,3,6,1,2
0,539,324,280,432,2.33,23,8,3,6,1,2
4,506,239,250,372,1.37,23,8,3,6,1,2
6,531,337,280,434,0.62,23,8,3,6,1,0
1,282,312,175,297,2.13,23,8,3,6,1,2
9,541,359,288,450,0.85,23,8,3,6,1,2
3,261,338,172,300,2.07,23,8,3,6,1,2
8,0,0,0,0,0.0,0,9,3,0,0,1
5,0,0,0,0,0.0,0,9,3,0,0,1
7,0,0,0,0,0.0,0,9,3,0,0,1
2,0,0,0,0,0.0,0,9,3,0,0,1
0,0,0,0,0,0.0,0,9,3,0,0,1
4,0,0,0,0,0.0,0,9,3,0,0,1
6,0,0,0,0,0.0,0,9,3,0,0,1
1,0,0,0,0,0.0,0,9,3,0,0,1
9,0,0,0,0,0.0,0,9,3,0,0,1
3,0,0,0,0,0.0,0,9,3,0,0,1
8,0,0,0,0,0.0,0,9,3,0,0,1
5,0,0,0,0,0.0,0,9,3,0,0,1
7,0,0,0,0,0.0,0,9,3,0,0,1
2,0,0,0,0,0.0,0,9,3,0,0,1
0,0,0,0,0,0.0,0,9,3,0,0,1
4,0,0,0,0,0.0,0,9,3,0,0,1
6,0,0,0,0,0.0,0,9,3,0,0,1
1,0,0,0,0,0.0,0,9,3,0,0,1
9,0,0,0,0,0.0,0,9,3,0,0,1
3,0,0,0,0,0.0,0,9,3,0,0,1
8,0,0,0,0,0.0,0,9,3,0,0,1
5,0,0,0,0,0.0,0,9,3,0,0,1
7,0,0,0,0,0.0,0,9,3,0,0,1
2,0,0,0,0,0.0,0,9,3,0,0,1
0,0,0,0,0,0.0,0,9,3,0,0,1
4,0,0,0,0,0.0,0,9,3,0,0,1
6,0,0,0,0,0.0,0,9,3,0,0,1
1,0,0,0,0,0.0,0,9,3,0,0,1
9,0,0,0,0,0.0,0,9,3,0,0,1
3,0,0,0,0,0.0,0,9,3,0,0,1
8,0,0,0,0,0.0,0,9,3,0,0,1
5,0,0,0,0,0.0,0,9,3,0,0,1
7,0,0,0,0,0.0,0,9,3,0,0,1
2,0,0,0,0,0.0,0,9,3,0,0,1
0,0,0,0,0,0.0,0,9,3,0,0,1
4,0,0,0,0,0.0,0,9,3,0,0,1
6,0,0,0,0,0.0,0,9,3,0,0,1
1,0,0,0,0,0.0,0,9,3,0,0,1
9,0,0,0,0,0.0,0,9,3,0,0,1
3,0,0,0,0,0.0,0,9,3,0,0,1
8,0,0,0,0,0.0,1,9,3,0,0,1
5,0,0,0,0,0.0,1,9,3,0,0,1
7,0,0,0,0,0.0,1,9,3,0,0,1
2,0,0,0,0,0.0,1,9,3,0,0,1
0,0,0,0,0,0.0,1,9,3,0,0,1
4,0,0,0,0,0.0,1,9,3,0,0,1
6,0,0,0,0,0.0,1,9,3,0,0,1
1,0,0,0,0,0.0,1,9,3,0,0,1
9,0,0,0,0,0.0,1,9,3,0,0,1
3,0,0,0,0,0.0,1,9,3,0,0,1
8,0,0,0,0,0.0,1,9,3,0,0,1
5,0,0,0,0,0.0,1,9,3,0,0,1
7,0,0,0,0,0.0,1,9,3,0,0,1
2,0,0,0,0,0.0,1,9,3,0,0,1
0,0,0,0,0,0.0,1,9,3,0,0,1
4,0,0,0,0,0.0,1,9,3,0,0,1
6,0,0,0,0,0.0,1,9,3,0,0,1
1,0,0,0,0,0.0,1,9,3,0,0,1
9,0,0,0,0,0.0,1,9,3,0,0,1
3,0,0,0,0,0.0,1,9,3,0,0,1
8,0,0,0,0,0.0,1,9,3,0,0,1
5,0,0,0,0,0.0,1,9,3,0,0,1
7,0,0,0,0,0.0,1,9,3,0,0,1
2,0,0,0,0,0.0,1,9,3,0,0,1
0,0,0,0,0,0.0,1,9,3,0,0,1
4,0,0,0,0,0.0,1,9,3,0,0,1
6,0,0,0,0,0.0,1,9,3,0,0,1
1,0,0,0,0,0.0,1,9,3,0,0,1
9,0,0,0,0,0.0,1,9,3,0,0,1
3,0,0,0,0,0.0,1,9,3,0,0,1
8,0,0,0,0,0.0,1,9,3,0,0,1
5,0,0,0,0,0.0,1,9,3,0,0,1
7,0,0,0,0,0.0,1,9,3,0,0,1
2,0,0,0,0,0.0,1,9,3,0,0,1
0,0,0,0,0,0.0,1,9,3,0,0,1
4,0,0,0,0,0.0,1,9,3,0,0,1
6,0,0,0,0,0.0,1,9,3,0,0,1
1,0,0,0,0,0.0,1,9,3,0,0,1
9,0,0,0,0,0.0,1,9,3,0,0,1
3,0,0,0,0,0.0,1,9,3,0,0,1
8,0,0,0,0,0.0,2,9,3,0,0,1
5,0,0,0,0,0.0,2,9,3,0,0,1
7,0,0,0,0,0.0,2,9,3,0,0,1
2,0,0,0,0,0.0,2,9,3,0,0,1
0,0,0,0,0,0.0,2,9,3,0,0,1
4,0,0,0,0,0.0,2,9,3,0,0,1
6,0,0,0,0,0.0,2,9,3,0,0,1
1,0,0,0,0,0.0,2,9,3,0,0,1
9,0,0,0,0,0.0,2,9,3,0,0,1
3,0,0,0,0,0.0,2,9,3,0,0,1
8,0,0,0,0,0.0,2,9,3,0,0,1
5,0,0,0,0,0.0,2,9,3,0,0,1
7,0,0,0,0,0.0,2,9,3,0,0,1
2,0,0,0,0,0.0,2,9,3,0,0,1
0,0,0,0,0,0.0,2,9,3,0,0,1
4,0,0,0,0,0.0,2,9,3,0,0,1
6,0,0,0,0,0.0,2,9,3,0,0,1
1,0,0,0,0,0.0,2,9,3,0,0,1
9,0,0,0,0,0.0,2,9,3,0,0,1
3,0,0,0,0,0.0,2,9,3,0,0,1
8,0,0,0,0,0.0,2,9,3,0,0,1
5,0,0,0,0,0.0,2,9,3,0,0,1
7,0,0,0,0,0.0,2,9,3,0,0,1
2,0,0,0,0,0.0,2,9,3,0,0,1
0,0,0,0,0,0.0,2,9,3,0,0,1
4,0,0,0,0,0.0,2,9,3,0,0,1
6,0,0,0,0,0.0,2,9,3,0,0,1
1,0,0,0,0,0.0,2,9,3,0,0,1
9,0,0,0,0,0.0,2,9,3,0,0,1
3,0,0,0,0,0.0,2,9,3,0,0,1
8,0,0,0,0,0.0,2,9,3,0,0,1
5,0,0,0,0,0.0,2,9,3,0,0,1
7,0,0,0,0,0.0,2,9,3,0,0,1
2,0,0,0,0,0.0,2,9,3,0,0,1
0,0,0,0,0,0.0,2,9,3,0,0,1
4,0,0,0,0,0.0,2,9,3,0,0,1
6,0,0,0,0,0.0,2,9,3,0,0,1
1,0,0,0,0,0.0,2,9,3,0,0,1
9,0,0,0,0,0.0,2,9,3,0,0,1
3,0,0,0,0,0.0,2,9,3,0,0,1
8,0,0,0,0,0.0,3,9,3,0,0,1
5,0,0,0,0,0.0,3,9,3,0,0,1
7,0,0,0,0,0.0,3,9,3,0,0,1
2,0,0,0,0,0.0,3,9,3,0,0,1
0,0,0,0,0,0.0,3,9,3,0,0,1
4,0,0,0,0,0.0,3,9,3,0,0,1
6,0,0,0,0,0.0,3,9,3,0,0,1
1,0,0,0,0,0.0,3,9,3,0,0,1
9,0,0,0,0,0.0,3,9,3,0,0,1
3,0,0,0,0,0.0,3,9,3,0,0,1
8,0,0,0,0,0.0,3,9,3,0,0,1
5,0,0,0,0,0.0,3,9,3,0,0,1
7,0,0,0,0,0.0,3,9,3,0,0,1
2,0,0,0,0,0.0,3,9,3,0,0,1
0,0,0,0,0,0.0,3,9,3,0,0,1
4,0,0,0,0,0.0,3,9,3,0,0,1
6,0,0,0,0,0.0,3,9,3,0,0,1
1,0,0,0,0,0.0,3,9,3,0,0,1
9,0,0,0,0,0.0,3,9,3,0,0,1
3,0,0,0,0,0.0,3,9,3,0,0,1
8,0,0,0,0,0.0,3,9,3,0,0,1
5,0,0,0,0,0.0,3,9,3,0,0,1
7,0,0,0,0,0.0,3,9,3,0,0,1
2,0,0,0,0,0.0,3,9,3,0,0,1
0,0,0,0,0,0.0,3,9,3,0,0,1
4,0,0,0,0,0.0,3,9,3,0,0,1
6,0,0,0,0,0.0,3,9,3,0,0,1
1,0,0,0,0,0.0,3,9,3,0,0,1
9,0,0,0,0,0.0,3,9,3,0,0,1
3,0,0,0,0,0.0,3,9,3,0,0,1
8,0,0,0,0,0.0,3,9,3,0,0,1
5,0,0,0,0,0.0,3,9,3,0,0,1
7,0,0,0,0,0.0,3,9,3,0,0,1
2,0,0,0,0,0.0,3,9,3,0,0,1
0,0,0,0,0,0.0,3,9,3,0,0,1
4,0,0,0,0,0.0,3,9,3,0,0,1
6,0,0,0,0,0.0,3,9,3,0,0,1
1,0,0,0,0,0.0,3,9,3,0,0,1
9,0,0,0,0,0.0,3,9,3,0,0,1
3,0,0,0,0,0.0,3,9,3,0,0,1
8,0,0,0,0,0.0,4,9,3,0,0,1
5,0,0,0,0,0.0,4,9,3,0,0,1
7,0,0,0,0,0.0,4,9,3,0,0,1
2,0,0,0,0,0.0,4,9,3,0,0,1
0,0,0,0,0,0.0,4,9,3,0,0,1
4,0,0,0,0,0.0,4,9,3,0,0,1
6,0,0,0,0,0.0,4,9,3,0,0,1
1,0,0,0,0,0.0,4,9,3,0,0,1
9,0,0,0,0,0.0,4,9,3,0,0,1
3,0,0,0,0,0.0,4,9,3,0,0,1
8,0,0,0,0,0.0,4,9,3,0,0,1
5,0,0,0,0,0.0,4,9,3,0,0,1
7,0,0,0,0,0.0,4,9,3,0,0,1
2,0,0,0,0,0.0,4,9,3,0,0,1
0,0,0,0,0,0.0,4,9,3,0,0,1
4,0,0,0,0,0.0,4,9,3,0,0,1
6,0,0,0,0,0.0,4,9,3,0,0,1
1,0,0,0,0,0.0,4,9,3,0,0,1
9,0,0,0,0,0.0,4,9,3,0,0,1
3,0,0,0,0,0.0,4,9,3,0,0,1
8,0,0,0,0,0.0,4,9,3,0,0,1
5,0,0,0,0,0.0,4,9,3,0,0,1
7,0,0,0,0,0.0,4,9,3,0,0,1
2,0,0,0,0,0.0,4,9,3,0,0,1
0,0,0,0,0,0.0,4,9,3,0,0,1
4,0,0,0,0,0.0,4,9,3,0,0,1
6,0,0,0,0,0.0,4,9,3,0,0,1
1,0,0,0,0,0.0,4,9,3,0,0,1
9,0,0,0,0,0.0,4,9,3,0,0,1
3,0,0,0,0,0.0,4,9,3,0,0,1
8,0,0,0,0,0.0,4,9,3,0,0,1
5,0,0,0,0,0.0,4,9,3,0,0,1
7,0,0,0,0,0.0,4,9,3,0,0,1
2,0,0,0,0,0.0,4,9,3,0,0,1
0,0,0,0,0,0.0,4,9,3,0,0,1
4,0,0,0,0,0.0,4,9,3,0,0,1
6,0,0,0,0,0.0,4,9,3,0,0,1
1,0,0,0,0,0.0,4,9,3,0,0,1
9,0,0,0,0,0.0,4,9,3,0,0,1
3,0,0,0,0,0.0,4,9,3,0,0,1
8,0,0,0,0,0.0,5,9,3,0,0,1
5,0,0,0,0,0.0,5,9,3,0,0,1
7,0,0,0,0,0.0,5,9,3,0,0,1
2,0,0,0,0,0.0,5,9,3,0,0,1
0,0,0,0,0,0.0,5,9,3,0,0,1
4,0,0,0,0,0.0,5,9,3,0,0,1
6,0,0,0,0,0.0,5,9,3,0,0,1
1,0,0,0,0,0.0,5,9,3,0,0,1
9,0,0,0,0,0.0,5,9,3,0,0,1
3,0,0,0,0,0.0,5,9,3,0,0,1
8,0,0,0,0,0.0,5,9,3,0,0,1
5,0,0,0,0,0.0,5,9,3,0,0,1
7,0,0,0,0,0.0,5,9,3,0,0,1
2,0,0,0,0,0.0,5,9,3,0,0,1
0,0,0,0,0,0.0,5,9,3,0,0,1
4,0,0,0,0,0.0,5,9,3,0,0,1
6,0,0,0,0,0.0,5,9,3,0,0,1
1,0,0,0,0,0.0,5,9,3,0,0,1
9,0,0,0,0,0.0,5,9,3,0,0,1
3,0,0,0,0,0.0,5,9,3,0,0,1
8,0,0,0,0,0.0,5,9,3,0,0,1
5,0,0,0,0,0.0,5,9,3,0,0,1
7,0,0,0,0,0.0,5,9,3,0,0,1
2,0,0,0,0,0.0,5,9,3,0,0,1
0,0,0,0,0,0.0,5,9,3,0,0,1
4,0,0,0,0,0.0,5,9,3,0,0,1
6,0,0,0,0,0.0,5,9,3,0,0,1
1,0,0,0,0,0.0,5,9,3,0,0,1
9,0,0,0,0,0.0,5,9,3,0,0,1
3,0,0,0,0,0.0,5,9,3,0,0,1
8,0,0,0,0,0.0,5,9,3,0,0,1
5,0,0,0,0,0.0,5,9,3,0,0,1
7,0,0,0,0,0.0,5,9,3,0,0,1
2,0,0,0,0,0.0,5,9,3,0,0,1
0,0,0,0,0,0.0,5,9,3,0,0,1
4,0,0,0,0,0.0,5,9,3,0,0,1
6,0,0,0,0,0.0,5,9,3,0,0,1
1,0,0,0,0,0.0,5,9,3,0,0,1
9,0,0,0,0,0.0,5,9,3,0,0,1
3,0,0,0,0,0.0,5,9,3,0,0,1
8,262,270,159,266,0.98,6,9,3,0,0,2
5,435,174,209,304,1.84,6,9,3,0,0,2
7,415,289,224,352,2.46,6,9,3,0,0,2
2,307,323,187,315,2.35,6,9,3,0,0,2
0,228,514,194,371,0.7,6,9,3,0,0,0
4,512,463,297,488,2.49,6,9,3,0,0,2
6,159,456,155,308,1.9,6,9,3,0,0,2
1,358,337,211,348,1.58,6,9,3,0,0,2
9,417,343,235,380,2.23,6,9,3,0,0,2
3,314,244,174,279,1.42,6,9,3,0,0,2
8,444,288,235,366,1.89,6,9,3,0,0,2
5,473,165,222,319,1.04,6,9,3,0,0,2
7,399,156,191,278,2.04,6,9,3,0,0,2
2,339,440,224,390,1.44,6,9,3,0,0,2
0,290,479,212,384,1.76,6,9,3,0,0,2
4,455,430,268,442,0.68,6,9,3,0,0,0
6,192,458,168,325,1.33,6,9,3,0,0,2
1,496,383,275,440,1.02,6,9,3,0,0,2
9,242,325,162,284,0.57,6,9,3,0,0,0
3,546,476,314,511,1.89,6,9,3,0,0,2
8,424,329,235,376,1.3,6,9,3,0,0,2
5,493,533,304,513,1.49,6,9,3,0,0,2
7,377,422,235,400,2.47,6,9,3,0,0,2
2,546,397,298,472,2.16,6,9,3,0,0,2
0,322,258,180,290,2.09,6,9,3,0,0,2
4,321,303,189,312,1.33,6,9,3,0,0,2
6,281,223,157,252,0.86,6,9,3,0,0,2
1,192,191,115,192,1.72,6,9,3,0,0,2
9,424,419,253,422,0.67,6,9,3,0,0,0
3,478,229,237,354,1.84,6,9,3,0,0,2
8,478,499,291,488,1.68,6,9,3,0,0,2
5,224,323,154,274,2.09,6,9,3,0,0,2
7,312,379,201,346,1.31,6,9,3,0,0,2
2,250,476,195,363,1.24,6,9,3,0,0,2
0,164,424,150,294,0.82,6,9,3,0,0,2
4,150,154,91,152,1.48,6,9,3,0,0,2
6,427,427,256,427,2.42,6,9,3,0,0,2
1,469,377,263,423,0.79,6,9,3,0,0,2
9,326,540,238,433,2.47,6,9,3,0,0,2
3,454,293,240,374,1.45,6,9,3,0,0,2
8,539,273,270,406,1.65,7,9,3,0,0,2
5,287,289,173,288,1.96,7,9,3,0,0,2
7,514,185,243,350,2.06,7,9,3,0,0,2
2,472,442,277,457,1.5,7,9,3,0,0,2
0,393,437,245,415,1.34,7,9,3,0,0,2
4,166,379,142,272,1.79,7,9,3,0,0,2
6,449,304,240,376,1.72,7,9,3,0,0,2
1,248,198,139,223,2.21,7,9,3,0,0,2
9,341,294,195,318,1.91,7,9,3,0,0,2
3,333,469,227,401,0.71,7,9,3,0,0,0
8,496,248,248,372,1.22,7,9,3,0,0,2
5,154,500,162,327,2.33,7,9,3,0,0,2
7,296,199,158,248,1.61,7,9,3,0,0,2
2,474,216,233,345,1.62,7,9,3,0,0,2
0,338,468,229,403,2.18,7,9,3,0,0,2
4,199,441,168,320,0.84,7,9,3,0,0,2
6,314,481,222,398,1.26,7,9,3,0,0,2
1,371,451,239,411,0.58,7,9,3,0,0,0
9,474,281,246,378,1.42,7,9,3,0,0,2
3,350,454,231,402,0.67,7,9,3,0,0,0
8,297,406,200,352,1.91,7,9,3,0,0,2
5,195,387,155,291,1.28,7,9,3,0,0,2
7,363,367,219,365,1.37,7,9,3,0,0,2
2,180,210,114,195,1.58,7,9,3,0,0,2
0,263,285,162,274,0.97,7,9,3,0,0,2
4,241,351,167,296,2.12,7,9,3,0,0,2
6,396,231,205,314,1.19,7,9,3,0,0,2
1,508,505,304,506,2.08,7,9,3,0,0,2
9,512,332,271,422,0.94,7,9,3,0,0,2
3,199,526,185,362,1.7,7,9,3,0,0,2
8,448,432,266,440,0.95,7,9,3,0,0,2
5,204,495,181,350,0.69,7,9,3,0,0,0
7,533,373,288,453,0.75,7,9,3,0,0,2
2,250,231,146,240,0.96,7,9,3,0,0,2
0,339,341,204,340,1.94,7,9,3,0,0,2
4,247,406,180,326,0.61,7,9,3,0,0,0
6,481,206,234,344,2.35,7,9,3,0,0,2
1,288,179,151,234,1.34,7,9,3,0,0,2
9,471,456,280,464,2.24,7,9,3,0,0,2
3,456,375,257,416,0.8,7,9,3,0,0,2
8,2285,673,1049,1479,5.13,8,9,3,0,0,2
5,953,410,463,682,4.19,8,9,3,0,0,2
7,1041,830,582,936,4.41,8,9,3,0,0,2
2,2484,792,1152,1638,3.05,8,9,3,0,0,2
0,1846,506,840,1176,4.89,8,9,3,0,0,2
4,2330,688,1070,1509,5.06,8,9,3,0,0,2
6,2068,890,1005,1479,5.68,8,9,3,0,0,2
1,2009,868,977,1438,5.23,8,9,3,0,0,2
9,2011,952,995,1482,4.05,8,9,3,0,0,2
3,2025,668,944,1346,3.83,8,9,3,0,0,2
8,2491,559,1108,1525,3.42,8,9,3,0,0,2
5,2024,450,900,1237,3.98,8,9,3,0,0,2
7,1882,443,841,1162,4.57,8,9,3,0,0,2
2,1793,989,915,1391,5.79,8,9,3,0,0,2
0,2045,862,990,1454,4.1,8,9,3,0,0,2
4,1025,949,600,987,3.65,8,9,3,0,0,2
6,1362,552,655,957,3.79,8,9,3,0,0,2
1,958,655,514,806,3.14,8,9,3,0,0,2
9,1261,482,601,872,5.37,8,9,3,0,0,2
3,844,683,474,764,4.52,8,9,3,0,0,2
8,1395,491,656,943,5.71,8,9,3,0,0,2
5,1387,821,719,1104,3.66,8,9,3,0,0,2
7,960,624,509,792,4.22,8,9,3,0,0,2
2,2282,656,1044,1469,3.36,8,9,3,0,0,2
0,1249,709,641,979,4.67,8,9,3,0,0,2
4,2443,548,1087,1496,4.19,8,9,3,0,0,2
6,2038,425,900,1232,5.54,8,9,3,0,0,2
1,952,546,490,749,3.88,8,9,3,0,0,2
9,834,707,475,770,4.8,8,9,3,0,0,2
3,2042,531,923,1286,4.37,8,9,3,0,0,2
8,2114,969,1039,1542,4.88,8,9,3,0,0,2
5,2143,933,1044,1538,3.87,8,9,3,0,0,2
7,2106,627,968,1366,5.47,8,9,3,0,0,2
2,1284,824,678,1054,5.63,8,9,3,0,0,2
0,1251,881,677,1066,5.6,8,9,3,0,0,2
4,1610,978,840,1294,3.31,8,9,3,0,0,2
6,1085,961,626,1023,3.51,8,9,3,0,0,2
1,1202,727,626,964,3.52,8,9,3,0,0,2
9,1680,616,795,1148,3.69,8,9,3,0,0,2
3,1857,618,866,1238,5.76,8,9,3,0,0,2
8,1230,497,591,864,4.92,9,9,3,0,0,2
5,1580,911,814,1246,3.89,9,9,3,0,0,2
7,2136,426,940,1281,4.5,9,9,3,0,0,2
2,1405,665,695,1035,3.03,9,9,3,0,0,2
0,1283,808,675,1046,4.95,9,9,3,0,0,2
4,2405,602,1082,1504,5.76,9,9,3,0,0,2
6,1177,784,628,980,3.88,9,9,3,0,0,2
1,1293,443,606,868,3.46,9,9,3,0,0,2
9,845,981,534,913,5.6,9,9,3,0,0,2
3,2149,663,992,1406,4.91,9,9,3,0,0,2
8,1017,532,513,774,3.82,9,9,3,0,0,2
5,2462,458,1076,1460,4.75,9,9,3,0,0,2
7,1582,414,716,998,4.76,9,9,3,0,0,2
2,815,880,502,848,4.91,9,9,3,0,0,2
0,810,930,510,870,4.25,9,9,3,0,0,2
4,1194,663,610,928,4.01,9,9,3,0,0,2
6,2383,827,1119,1605,3.05,9,9,3,0,0,2
1,1648,788,817,1218,5.19,9,9,3,0,0,2
9,1732,638,820,1185,3.39,9,9,3,0,0,2
3,2415,407,1047,1411,5.38,9,9,3,0,0,2
8,2142,446,946,1294,4.09,9,9,3,0,0,2
5,1526,523,715,1024,4.02,9,9,3,0,0,2
7,2145,955,1049,1550,5.61,9,9,3,0,0,2
2,1035,537,521,786,4.93,9,9,3,0,0,2
0,2153,594,980,1374,4.18,9,9,3,0,0,2
4,881,783,509,832,5.17,9,9,3,0,0,2
6,1784,937,901,1360,4.45,9,9,3,0,0,2
1,1374,822,714,1098,5.37,9,9,3,0,0,2
9,2190,582,992,1386,4.85,9,9,3,0,0,2
3,2412,795,1124,1604,3.34,9,9,3,0,0,2
8,2132,710,995,1421,4.2,9,9,3,0,0,2
5,2353,961,1133,1657,3.78,9,9,3,0,0,2
7,2145,709,1000,1427,4.94,9,9,3,0,0,2
2,1426,638,698,1032,4.53,9,9,3,0,0,2
0,1294,862,690,1078,5.51,9,9,3,0,0,2
4,1546,626,744,1086,5.59,9,9,3,0,0,2
6,1353,713,684,1033,3.13,9,9,3,0,0,2
1,1585,624,759,1104,3.75,9,9,3,0,0,2
9,1613,769,799,1191,3.76,9,9,3,0,0,2
3,1962,495,884,1228,5.23,9,9,3,0,0,2
8,1869,565,861,1217,4.0,10,9,3,0,0,2
5,1482,570,707,1026,3.57,10,9,3,0,0,2
7,1772,520,813,1146,5.5,10,9,3,0,0,2
2,1070,929,614,1000,3.34,10,9,3,0,0,2
0,2427,970,1165,1698,4.27,10,9,3,0,0,2
4,2126,535,957,1330,3.34,10,9,3,0,0,2
6,1231,467,586,849,3.15,10,9,3,0,0,2
1,1169,742,616,956,4.57,10,9,3,0,0,2
9,1051,542,529,796,3.32,10,9,3,0,0,2
3,1093,916,620,1004,5.65,10,9,3,0,0,2
8,1255,967,695,1111,3.32,10,9,3,0,0,2
5,2150,727,1005,1438,4.65,10,9,3,0,0,2
7,2349,933,1126,1641,5.37,10,9,3,0,0,2
2,2009,480,900,1244,3.03,10,9,3,0,0,2
0,1602,676,776,1139,4.9,10,9,3,0,0,2
4,1157,509,565,833,3.4,10,9,3,0,0,2
6,1433,922,758,1178,4.95,10,9,3,0,0,2
1,1627,893,829,1260,3.08,10,9,3,0,0,2
9,2286,961,1107,1624,4.58,10,9,3,0,0,2
3,869,663,480,766,3.32,10,9,3,0,0,2
8,1320,964,721,1142,3.25,10,9,3,0,0,2
5,1200,448,570,824,5.3,10,9,3,0,0,2
7,2371,802,1109,1586,4.91,10,9,3,0,0,2
2,2319,544,1036,1432,3.71,10,9,3,0,0,2
0,1859,700,884,1280,3.75,10,9,3,0,0,2
4,1915,989,964,1452,3.91,10,9,3,0,0,2
6,1251,889,678,1070,5.09,10,9,3,0,0,2
1,2196,646,1008,1421,3.29,10,9,3,0,0,2
9,1756,702,843,1229,4.21,10,9,3,0,0,2
3,1978,885,968,1432,4.91,10,9,3,0,0,2
8,1350,558,652,954,5.08,10,9,3,0,0,2
5,1036,952,605,994,4.01,10,9,3,0,0,2
7,1640,662,788,1151,3.02,10,9,3,0,0,2
2,2452,710,1123,1581,4.2,10,9,3,0,0,2
0,1398,871,733,1134,4.35,10,9,3,0,0,2
4,2127,713,993,1420,4.0,10,9,3,0,0,2
6,1492,907,778,1200,3.92,10,9,3,0,0,2
1,1171,839,636,1005,4.67,10,9,3,0,0,2
9,2386,402,1035,1394,3.58,10,9,3,0,0,2
3,1485,720,738,1102,4.58,10,9,3,0,0,2
8,331,497,232,414,0.8,11,9,3,0,0,2
5,505,260,254,382,2.3,11,9,3,0,0,2
7,412,189,203,300,0.6,11,9,3,0,0,0
2,192,168,110,180,2.19,11,9,3,0,0,2
0,189,225,121,207,2.08,11,9,3,0,0,2
4,488,456,286,472,1.95,11,9,3,0,0,2
6,252,369,175,310,1.55,11,9,3,0,0,2
1,338,290,193,314,0.83,11,9,3,0,0,2
9,359,310,206,334,2.34,11,9,3,0,0,2
3,378,361,223,370,0.69,11,9,3,0,0,0
8,160,488,162,324,1.94,11,9,3,0,0,2
5,546,418,302,482,1.86,11,9,3,0,0,2
7,319,539,235,429,1.27,11,9,3,0,0,2
2,266,229,152,248,1.78,11,9,3,0,0,2
0,506,318,266,412,1.99,11,9,3,0,0,2
4,348,256,190,302,1.56,11,9,3,0,0,2
6,213,187,123,200,1.13,11,9,3,0,0,2
1,173,296,128,234,1.61,11,9,3,0,0,2
9,276,361,183,318,1.59,11,9,3,0,0,2
3,318,170,161,244,1.89,11,9,3,0,0,2
8,301,307,182,304,1.96,11,9,3,0,0,2
5,540,369,290,454,1.22,11,9,3,0,0,2
7,202,438,168,320,1.51,11,9,3,0,0,2
2,362,370,219,366,1.42,11,9,3,0,0,2
0,273,395,188,334,1.45,11,9,3,0,0,2
4,470,206,229,338,0.79,11,9,3,0,0,2
6,187,358,146,272,1.0,11,9,3,0,0,2
1,489,466,289,478,0.9,11,9,3,0,0,2
9,510,457,295,484,0.88,11,9,3,0,0,2
3,294,311,180,302,1.9,11,9,3,0,0,2
8,234,440,182,337,1.79,11,9,3,0,0,2
5,515,508,308,512,1.06,11,9,3,0,0,2
7,538,292,274,415,1.41,11,9,3,0,0,2
2,260,434,191,347,0.76,11,9,3,0,0,2
0,516,477,302,496,1.36,11,9,3,0,0,2
4,222,359,161,290,1.6,11,9,3,0,0,2
6,357,199,183,278,1.46,11,9,3,0,0,2
1,535,459,306,497,1.06,11,9,3,0,0,2
9,452,353,251,402,0.71,11,9,3,0,0,0
3,185,488,172,336,1.93,11,9,3,0,0,2
8,293,315,180,304,1.91,12,9,3,0,0,2
5,152,363,133,258,2.16,12,9,3,0,0,2
7,341,314,199,328,1.99,12,9,3,0,0,2
2,441,435,263,438,1.8,12,9,3,0,0,2
0,342,408,218,375,0.98,12,9,3,0,0,2
4,533,432,300,482,0.55,12,9,3,0,0,0
6,166,258,118,212,0.72,12,9,3,0,0,0
1,326,368,204,347,0.71,12,9,3,0,0,0
9,359,513,246,436,0.52,12,9,3,0,0,0
3,514,302,266,408,1.42,12,9,3,0,0,2
8,434,155,205,294,1.2,12,9,3,0,0,2
5,356,457,234,406,0.63,12,9,3,0,0,0
7,309,517,227,413,0.57,12,9,3,0,0,0
2,419,327,233,373,1.33,12,9,3,0,0,2
0,483,537,301,510,1.7,12,9,3,0,0,2
4,180,442,160,311,1.98,12,9,3,0,0,2
6,248,289,157,268,0.55,12,9,3,0,0,0
1,173,269,123,221,1.74,12,9,3,0,0,2
9,355,179,178,267,1.67,12,9,3,0,0,2
3,341,156,168,248,0.96,12,9,3,0,0,2
8,163,208,107,186,1.86,12,9,3,0,0,2
5,233,287,151,260,1.5,12,9,3,0,0,2
7,527,219,255,373,1.88,12,9,3,0,0,2
2,185,202,114,194,1.22,12,9,3,0,0,2
0,229,275,147,252,2.03,12,9,3,0,0,2
4,380,469,246,424,0.78,12,9,3,0,0,2
6,209,452,174,330,1.75,12,9,3,0,0,2
1,322,408,210,365,1.89,12,9,3,0,0,2
9,393,340,225,366,2.37,12,9,3,0,0,2
3,321,414,211,368,2.27,12,9,3,0,0,2
8,302,439,209,370,1.27,12,9,3,0,0,2
5,550,190,258,370,0.97,12,9,3,0,0,2
7,318,227,173,272,2.22,12,9,3,0,0,2
2,266,171,141,218,1.92,12,9,3,0,0,2
0,406,320,226,363,2.16,12,9,3,0,0,2
4,150,421,144,286,1.84,12,9,3,0,0,2
6,275,216,153,246,0.7,12,9,3,0,0,0
1,230,238,140,234,1.83,12,9,3,0,0,2
9,388,298,215,343,1.5,12,9,3,0,0,2
3,285,423,199,354,2.24,12,9,3,0,0,2
8,457,511,285,484,1.05,13,9,3,0,0,2
5,413,337,233,375,2.4,13,9,3,0,0,2
7,429,489,269,459,1.53,13,9,3,0,0,2
2,353,322,206,338,2.15,13,9,3,0,0,2
0,496,268,252,382,2.12,13,9,3,0,0,2
4,217,264,140,240,2.32,13,9,3,0,0,2
6,248,549,209,398,0.63,13,9,3,0,0,0
1,230,272,146,251,2.44,13,9,3,0,0,2
9,479,469,285,474,1.53,13,9,3,0,0,2
3,201,293,139,247,2.04,13,9,3,0,0,2
8,432,206,214,319,1.87,13,9,3,0,0,2
5,431,419,256,425,1.32,13,9,3,0,0,2
7,353,164,174,258,2.01,13,9,3,0,0,2
2,435,504,275,470,0.97,13,9,3,0,0,2
0,271,206,150,238,1.13,13,9,3,0,0,2
4,443,391,255,417,1.36,13,9,3,0,0,2
6,203,255,132,229,2.4,13,9,3,0,0,2
1,544,249,267,396,1.54,13,9,3,0,0,2
9,403,422,246,412,2.29,13,9,3,0,0,2
3,539,437,303,488,2.29,13,9,3,0,0,2
8,469,393,266,431,1.6,13,9,3,0,0,2
5,222,520,193,371,0.84,13,9,3,0,0,2
7,152,317,124,234,1.71,13,9,3,0,0,2
2,351,241,189,296,0.91,13,9,3,0,0,2
0,426,361,243,394,1.23,13,9,3,0,0,2
4,500,386,277,443,1.72,13,9,3,0,0,2
6,451,169,214,310,2.16,13,9,3,0,0,2
1,272,366,182,319,2.04,13,9,3,0,0,2
9,487,340,263,414,0.8,13,9,3,0,0,2
3,227,197,130,212,1.47,13,9,3,0,0,2
8,277,384,188,330,1.44,13,9,3,0,0,2
5,404,246,211,325,1.51,13,9,3,0,0,2
7,201,260,132,230,2.47,13,9,3,0,0,2
2,291,231,163,261,0.61,13,9,3,0,0,0
0,283,384,190,334,1.82,13,9,3,0,0,2
4,213,480,181,346,2.16,13,9,3,0,0,2
6,420,301,228,360,2.5,13,9,3,0,0,2
1,489,275,251,382,1.2,13,9,3,0,0,2
9,349,478,235,414,2.44,13,9,3,0,0,2
3,529,195,251,362,2.39,13,9,3,0,0,2
8,541,368,290,454,1.65,14,9,3,0,0,2
5,345,283,195,314,2.03,14,9,3,0,0,2
7,516,422,291,469,0.51,14,9,3,0,0,0
2,373,230,195,302,2.05,14,9,3,0,0,2
0,233,215,136,224,0.81,14,9,3,0,0,2
4,420,325,233,372,2.43,14,9,3,0,0,2
6,419,380,244,400,1.37,14,9,3,0,0,2
1,501,533,307,517,0.57,14,9,3,0,0,0
9,488,243,244,366,1.26,14,9,3,0,0,2
3,549,487,317,518,0.92,14,9,3,0,0,2
8,173,274,124,224,1.85,14,9,3,0,0,2
5,180,219,116,200,0.8,14,9,3,0,0,2
7,321,277,184,299,1.78,14,9,3,0,0,2
2,328,260,183,294,1.12,14,9,3,0,0,2
0,435,152,204,294,2.19,14,9,3,0,0,2
4,152,305,122,228,1.1,14,9,3,0,0,2
6,544,508,319,526,1.33,14,9,3,0,0,2
1,272,414,192,343,2.02,14,9,3,0,0,2
9,338,531,241,434,1.92,14,9,3,0,0,2
3,269,203,148,236,1.96,14,9,3,0,0,2
8,200,402,160,301,2.05,14,9,3,0,0,2
5,160,507,165,334,0.53,14,9,3,0,0,0
7,308,467,217,388,2.26,14,9,3,0,0,2
2,370,268,202,319,0.6,14,9,3,0,0,0
0,226,437,178,332,1.06,14,9,3,0,0,2
4,372,241,197,306,1.03,14,9,3,0,0,2
6,252,398,180,325,1.69,14,9,3,0,0,2
1,218,447,177,332,1.15,14,9,3,0,0,2
9,480,250,242,365,0.53,14,9,3,0,0,0
3,371,250,198,310,0.86,14,9,3,0,0,2
8,532,320,277,426,2.45,14,9,3,0,0,2
5,325,193,169,259,0.53,14,9,3,0,0,0
7,525,526,315,526,2.21,14,9,3,0,0,2
2,198,538,187,368,0.62,14,9,3,0,0,0
0,508,295,262,402,2.5,14,9,3,0,0,2
4,223,377,165,300,2.19,14,9,3,0,0,2
6,237,465,188,351,1.74,14,9,3,0,0,2
1,510,186,241,348,1.42,14,9,3,0,0,2
9,536,353,285,444,1.63,14,9,3,0,0,2
3,156,206,104,181,1.81,14,9,3,0,0,2
8,509,288,261,398,1.15,15,9,3,0,0,2
5,206,513,185,360,0.56,15,9,3,0,0,0
7,468,152,218,310,1.14,15,9,3,0,0,2
2,454,259,233,356,0.51,15,9,3,0,0,0
0,158,327,129,242,1.59,15,9,3,0,0,2
4,415,478,262,446,2.17,15,9,3,0,0,2
6,155,182,98,168,1.18,15,9,3,0,0,2
1,190,468,170,329,0.72,15,9,3,0,0,0
9,174,465,163,320,1.6,15,9,3,0,0,2
3,437,363,247,400,0.8,15,9,3,0,0,2
8,394,363,230,378,2.38,15,9,3,0,0,2
5,155,455,153,305,0.72,15,9,3,0,0,0
7,261,389,182,325,1.77,15,9,3,0,0,2
2,469,390,266,430,1.41,15,9,3,0,0,2
0,310,344,193,327,1.25,15,9,3,0,0,2
4,387,246,204,316,1.66,15,9,3,0,0,2
6,479,548,301,514,1.19,15,9,3,0,0,2
1,410,369,238,390,1.92,15,9,3,0,0,2
9,475,405,271,440,0.58,15,9,3,0,0,0
3,481,214,235,348,1.35,15,9,3,0,0,2
8,518,490,305,504,0.75,15,9,3,0,0,2
5,468,356,258,412,2.23,15,9,3,0,0,2
7,520,351,278,436,1.49,15,9,3,0,0,2
2,314,191,164,252,1.69,15,9,3,0,0,2
0,268,516,210,392,1.73,15,9,3,0,0,2
4,425,418,254,422,0.54,15,9,3,0,0,0
6,348,207,181,278,1.13,15,9,3,0,0,2
1,504,409,283,456,1.26,15,9,3,0,0,2
9,451,545,289,498,1.22,15,9,3,0,0,2
3,348,435,226,392,1.02,15,9,3,0,0,2
8,437,421,259,429,1.07,15,9,3,0,0,2
5,391,220,200,306,2.17,15,9,3,0,0,2
7,476,154,221,315,1.66,15,9,3,0,0,2
2,207,320,147,264,1.94,15,9,3,0,0,2
0,268,233,154,250,2.14,15,9,3,0,0,2
4,388,186,192,287,1.12,15,9,3,0,0,2
6,416,547,276,482,0.83,15,9,3,0,0,2
1,172,390,147,281,2.07,15,9,3,0,0,2
9,169,458,159,314,1.55,15,9,3,0,0,2
3,209,300,144,254,2.03,15,9,3,0,0,2
8,444,185,215,314,1.81,16,9,3,0,0,2
5,188,341,143,264,2.08,16,9,3,0,0,2
7,277,450,201,364,1.62,16,9,3,0,0,2
2,431,248,222,340,2.23,16,9,3,0,0,2
0,230,277,147,254,0.72,16,9,3,0,0,0
4,447,210,221,328,0.93,16,9,3,0,0,2
6,311,474,219,392,0.91,16,9,3,0,0,2
1,400,302,220,351,0.81,16,9,3,0,0,2
9,298,154,150,226,1.04,16,9,3,0,0,2
3,426,536,278,481,2.04,16,9,3,0,0,2
8,469,439,275,454,2.05,16,9,3,0,0,2
5,408,457,255,432,1.76,16,9,3,0,0,2
7,239,452,186,346,0.98,16,9,3,0,0,2
2,303,172,156,238,0.8,16,9,3,0,0,2
0,252,540,209,396,1.93,16,9,3,0,0,2
4,522,210,251,366,2.18,16,9,3,0,0,2
6,544,336,285,440,1.0,16,9,3,0,0,2
1,261,235,151,248,1.49,16,9,3,0,0,2
9,291,424,201,358,1.44,16,9,3,0,0,2
3,399,277,215,338,1.28,16,9,3,0,0,2
8,208,517,187,362,1.1,16,9,3,0,0,2
5,194,249,127,222,1.97,16,9,3,0,0,2
7,250,374,175,312,1.92,16,9,3,0,0,2
2,481,457,284,469,2.11,16,9,3,0,0,2
0,179,372,146,276,0.72,16,9,3,0,0,0
4,263,516,208,390,1.85,16,9,3,0,0,2
6,335,226,179,280,2.29,16,9,3,0,0,2
1,414,380,242,397,2.08,16,9,3,0,0,2
9,329,468,225,398,2.09,16,9,3,0,0,2
3,188,527,181,358,1.62,16,9,3,0,0,2
8,152,301,121,226,1.1,16,9,3,0,0,2
5,358,269,197,314,0.81,16,9,3,0,0,2
7,405,214,205,310,2.28,16,9,3,0,0,2
2,233,291,151,262,0.68,16,9,3,0,0,0
0,179,450,162,314,2.06,16,9,3,0,0,2
4,492,521,301,506,1.83,16,9,3,0,0,2
6,162,368,138,265,2.04,16,9,3,0,0,2
1,550,550,330,550,0.54,16,9,3,0,0,0
9,328,276,186,302,0.99,16,9,3,0,0,2
3,488,264,248,376,0.79,16,9,3,0,0,2
8,981,1900,772,1440,3.23,17,9,3,0,0,2
5,698,2056,690,1377,4.91,17,9,3,0,0,2
7,818,1871,701,1344,3.11,17,9,3,0,0,2
2,886,2058,766,1472,3.03,17,9,3,0,0,2
0,1067,1539,735,1303,4.64,17,9,3,0,0,2
4,654,2449,751,1552,4.17,17,9,3,0,0,2
6,1103,2309,903,1706,4.48,17,9,3,0,0,2
1,905,2319,826,1612,5.16,17,9,3,0,0,2
9,636,2249,704,1442,4.29,17,9,3,0,0,2
3,1112,1070,659,1091,3.51,17,9,3,0,0,2
8,941,2285,833,1613,5.65,17,9,3,0,0,2
5,776,1957,702,1366,4.88,17,9,3,0,0,2
7,1140,1179,692,1160,5.69,17,9,3,0,0,2
2,997,2248,848,1622,4.32,17,9,3,0,0,2
0,1037,1651,745,1344,5.59,17,9,3,0,0,2
4,802,2511,823,1656,5.41,17,9,3,0,0,2
6,756,1655,633,1206,3.2,17,9,3,0,0,2
1,842,2230,783,1536,4.51,17,9,3,0,0,2
9,619,2712,790,1666,4.04,17,9,3,0,0,2
3,880,2439,840,1660,3.57,17,9,3,0,0,2
8,609,2165,677,1387,3.33,17,9,3,0,0,2
5,1044,1243,666,1144,4.56,17,9,3,0,0,2
7,1034,1195,653,1114,4.28,17,9,3,0,0,2
2,744,2685,835,1714,4.05,17,9,3,0,0,2
0,742,1416,580,1079,3.39,17,9,3,0,0,2
4,1142,2254,908,1698,3.13,17,9,3,0,0,2
6,1009,2241,852,1625,5.53,17,9,3,0,0,2
1,1122,1066,662,1094,3.64,17,9,3,0,0,2
9,1195,1032,684,1114,4.77,17,9,3,0,0,2
3,769,1636,635,1202,3.78,17,9,3,0,0,2
8,863,1335,612,1099,4.39,17,9,3,0,0,2
5,1042,2229,863,1636,5.66,17,9,3,0,0,2
7,1137,2552,965,1844,3.88,17,9,3,0,0,2
2,867,1732,693,1300,5.37,17,9,3,0,0,2
0,942,1110,599,1026,3.14,17,9,3,0,0,2
4,747,2240,747,1494,4.76,17,9,3,0,0,2
6,675,2319,734,1497,4.21,17,9,3,0,0,2
1,855,1103,563,979,4.84,17,9,3,0,0,2
9,1108,2178,879,1643,4.87,17,9,3,0,0,2
3,1031,1913,795,1472,3.83,17,9,3,0,0,2
8,944,1561,690,1252,5.18,18,9,3,0,0,2
5,799,2099,739,1449,5.57,18,9,3,0,0,2
7,1127,2133,877,1630,4.56,18,9,3,0,0,2
2,1075,2488,928,1782,4.5,18,9,3,0,0,2
0,612,1377,520,994,3.69,18,9,3,0,0,2
4,737,1356,566,1046,5.66,18,9,3,0,0,2
6,961,2405,865,1683,3.57,18,9,3,0,0,2
1,713,1477,581,1095,4.21,18,9,3,0,0,2
9,1094,1614,760,1354,4.66,18,9,3,0,0,2
3,790,2077,731,1434,3.56,18,9,3,0,0,2
8,870,2312,810,1591,4.49,18,9,3,0,0,2
5,1062,1054,636,1058,5.14,18,9,3,0,0,2
7,774,2741,858,1758,3.9,18,9,3,0,0,2
2,1189,1824,840,1506,4.22,18,9,3,0,0,2
0,1185,2113,897,1649,4.22,18,9,3,0,0,2
4,822,1370,603,1096,4.83,18,9,3,0,0,2
6,762,1439,593,1100,4.9,18,9,3,0,0,2
1,940,2027,781,1484,4.74,18,9,3,0,0,2
9,627,1650,581,1138,4.23,18,9,3,0,0,2
3,958,1634,710,1296,4.33,18,9,3,0,0,2
8,1103,2247,891,1675,5.07,18,9,3,0,0,2
5,894,2558,869,1726,5.68,18,9,3,0,0,2
7,893,1057,569,975,5.31,18,9,3,0,0,2
2,953,2020,785,1486,3.74,18,9,3,0,0,2
0,887,1433,641,1160,4.08,18,9,3,0,0,2
4,1194,1492,776,1343,3.91,18,9,3,0,0,2
6,942,2504,878,1723,5.03,18,9,3,0,0,2
1,964,2327,851,1646,3.81,18,9,3,0,0,2
9,866,1881,723,1374,3.14,18,9,3,0,0,2
3,1090,1168,670,1129,5.7,18,9,3,0,0,2
8,744,1875,673,1310,3.64,18,9,3,0,0,2
5,738,1058,507,898,3.37,18,9,3,0,0,2
7,1083,2000,833,1542,3.29,18,9,3,0,0,2
2,633,2580,769,1606,5.76,18,9,3,0,0,2
0,1182,1556,784,1369,4.55,18,9,3,0,0,2
4,871,1054,559,962,5.03,18,9,3,0,0,2
6,620,1529,554,1074,4.3,18,9,3,0,0,2
1,961,2429,870,1695,5.71,18,9,3,0,0,2
9,974,1176,625,1075,4.61,18,9,3,0,0,2
3,984,1547,703,1266,3.47,18,9,3,0,0,2
8,682,1350,543,1016,5.28,19,9,3,0,0,2
5,1149,2570,974,1860,4.78,19,9,3,0,0,2
7,707,1988,680,1348,4.32,19,9,3,0,0,2
2,911,1279,620,1095,3.18,19,9,3,0,0,2
0,887,2668,888,1778,3.96,19,9,3,0,0,2
4,892,1307,618,1100,5.18,19,9,3,0,0,2
6,987,2083,811,1535,3.17,19,9,3,0,0,2
1,819,1744,676,1282,3.26,19,9,3,0,0,2
9,1145,1372,732,1258,3.11,19,9,3,0,0,2
3,630,1598,572,1114,3.66,19,9,3,0,0,2
8,823,1096,548,960,5.21,19,9,3,0,0,2
5,1099,1072,654,1086,4.44,19,9,3,0,0,2
7,1043,1850,787,1446,4.71,19,9,3,0,0,2
2,1172,2066,882,1619,5.57,19,9,3,0,0,2
0,713,2441,773,1577,3.79,19,9,3,0,0,2
4,1059,1109,645,1084,3.12,19,9,3,0,0,2
6,936,1531,681,1234,3.94,19,9,3,0,0,2
1,1115,2528,952,1822,3.3,19,9,3,0,0,2
9,1153,1370,735,1262,4.52,19,9,3,0,0,2
3,780,1217,555,998,4.12,19,9,3,0,0,2
8,1055,2740,970,1898,5.11,19,9,3,0,0,2
5,1096,2264,891,1680,4.51,19,9,3,0,0,2
7,663,2793,824,1728,5.18,19,9,3,0,0,2
2,932,1381,649,1156,4.52,19,9,3,0,0,2
0,935,1842,742,1388,3.55,19,9,3,0,0,2
4,888,2386,832,1637,5.14,19,9,3,0,0,2
6,750,1462,592,1106,4.13,19,9,3,0,0,2
1,953,1245,630,1099,3.26,19,9,3,0,0,2
9,1089,2493,934,1791,5.38,19,9,3,0,0,2
3,761,2719,848,1740,5.33,19,9,3,0,0,2
8,1102,1756,792,1429,3.74,19,9,3,0,0,2
5,748,1246,548,997,4.21,19,9,3,0,0,2
7,722,2678,824,1700,3.39,19,9,3,0,0,2
2,667,1793,625,1230,5.26,19,9,3,0,0,2
0,674,1713,612,1194,3.25,19,9,3,0,0,2
4,743,2800,857,1772,5.51,19,9,3,0,0,2
6,858,1335,610,1096,4.39,19,9,3,0,0,2
1,898,2199,799,1548,3.94,19,9,3,0,0,2
9,979,1125,617,1052,5.38,19,9,3,0,0,2
3,1086,1201,675,1144,4.31,19,9,3,0,0,2
8,810,2305,785,1558,4.63,20,9,3,0,0,2
5,1165,1728,812,1446,3.55,20,9,3,0,0,2
7,952,1837,748,1394,3.8,20,9,3,0,0,2
2,1176,2397,950,1786,4.99,20,9,3,0,0,2
0,846,1557,650,1202,5.19,20,9,3,0,0,2
4,1187,1244,724,1216,5.74,20,9,3,0,0,2
6,1114,1865,819,1490,4.59,20,9,3,0,0,2
1,1021,2673,943,1847,3.47,20,9,3,0,0,2
9,958,2055,794,1506,3.15,20,9,3,0,0,2
3,785,2163,747,1474,3.65,20,9,3,0,0,2
8,1178,2767,1025,1972,4.45,20,9,3,0,0,2
5,1126,1691,789,1408,3.38,20,9,3,0,0,2
7,601,1948,630,1274,5.75,20,9,3,0,0,2
2,685,2280,730,1482,3.96,20,9,3,0,0,2
0,1076,1683,767,1380,5.4,20,9,3,0,0,2
4,1092,1450,727,1271,3.84,20,9,3,0,0,2
6,651,2506,762,1578,4.86,20,9,3,0,0,2
1,847,2307,800,1577,3.23,20,9,3,0,0,2
9,627,2148,680,1388,3.83,20,9,3,0,0,2
3,1166,2739,1014,1952,5.75,20,9,3,0,0,2
8,941,1725,721,1333,3.15,20,9,3,0,0,2
5,619,2721,792,1670,4.39,20,9,3,0,0,2
7,1168,1792,826,1480,4.73,20,9,3,0,0,2
2,1093,2685,974,1889,4.29,20,9,3,0,0,2
0,601,2027,646,1314,3.34,20,9,3,0,0,2
4,855,1883,719,1369,3.9,20,9,3,0,0,2
6,977,2721,935,1849,5.32,20,9,3,0,0,2
1,1171,2746,1018,1958,3.3,20,9,3,0,0,2
9,837,2009,737,1423,4.94,20,9,3,0,0,2
3,948,2018,783,1483,5.47,20,9,3,0,0,2
8,609,1866,617,1238,3.34,20,9,3,0,0,2
5,1072,1566,742,1319,3.36,20,9,3,0,0,2
7,781,1522,617,1152,4.2,20,9,3,0,0,2
2,1110,1616,767,1363,4.86,20,9,3,0,0,2
0,1131,2216,896,1674,5.52,20,9,3,0,0,2
4,699,2686,817,1692,4.25,20,9,3,0,0,2
6,626,2624,775,1625,4.77,20,9,3,0,0,2
1,710,2382,760,1546,5.18,20,9,3,0,0,2
9,1133,1708,795,1420,4.62,20,9,3,0,0,2
3,762,1964,698,1363,5.71,20,9,3,0,0,2
8,252,305,162,278,1.95,21,9,3,0,0,2
5,512,457,296,484,2.26,21,9,3,0,0,2
7,444,327,243,386,2.37,21,9,3,0,0,2
2,285,247,163,266,1.45,21,9,3,0,0,2
0,439,240,224,340,1.1,21,9,3,0,0,2
4,284,286,171,285,1.45,21,9,3,0,0,2
6,289,386,193,338,2.34,21,9,3,0,0,2
1,365,288,204,326,0.51,21,9,3,0,0,0
9,548,185,256,366,0.97,21,9,3,0,0,2
3,408,470,257,439,2.31,21,9,3,0,0,2
8,543,242,266,392,1.24,21,9,3,0,0,2
5,237,548,204,392,1.68,21,9,3,0,0,2
7,452,485,278,468,1.5,21,9,3,0,0,2
2,495,457,289,476,2.04,21,9,3,0,0,2
0,299,521,224,410,1.56,21,9,3,0,0,2
4,322,478,224,400,1.23,21,9,3,0,0,2
6,150,438,148,294,1.24,21,9,3,0,0,2
1,329,200,172,264,0.6,21,9,3,0,0,0
9,317,426,212,372,2.38,21,9,3,0,0,2
3,321,159,160,240,1.47,21,9,3,0,0,2
8,317,298,186,308,2.19,21,9,3,0,0,2
5,279,391,190,335,1.6,21,9,3,0,0,2
7,326,253,181,290,1.06,21,9,3,0,0,2
2,374,239,197,306,0.88,21,9,3,0,0,2
0,340,479,232,410,1.61,21,9,3,0,0,2
4,550,464,313,507,1.22,21,9,3,0,0,2
6,543,202,258,372,1.89,21,9,3,0,0,2
1,310,355,195,332,1.45,21,9,3,0,0,2
9,302,507,222,404,2.18,21,9,3,0,0,2
3,203,164,114,184,1.7,21,9,3,0,0,2
8,368,506,248,437,1.43,21,9,3,0,0,2
5,371,175,183,273,1.48,21,9,3,0,0,2
7,240,240,144,240,0.82,21,9,3,0,0,2
2,203,332,148,268,1.03,21,9,3,0,0,2
0,163,269,119,216,1.98,21,9,3,0,0,2
4,517,303,267,410,1.3,21,9,3,0,0,2
6,335,484,231,410,1.31,21,9,3,0,0,2
1,341,397,216,369,0.64,21,9,3,0,0,0
9,173,220,113,196,1.99,21,9,3,0,0,2
3,280,528,218,404,1.17,21,9,3,0,0,2
8,200,432,166,316,1.92,22,9,3,0,0,2
5,485,180,230,332,2.27,22,9,3,0,0,2
7,279,264,164,272,1.36,22,9,3,0,0,2
2,324,330,196,327,0.84,22,9,3,0,0,2
0,457,478,278,468,1.12,22,9,3,0,0,2
4,266,410,188,338,1.14,22,9,3,0,0,2
6,441,490,274,466,0.83,22,9,3,0,0,2
1,512,271,259,392,2.41,22,9,3,0,0,2
9,290,157,147,224,0.6,22,9,3,0,0,0
3,420,361,240,390,2.22,22,9,3,0,0,2
8,296,152,149,224,2.44,22,9,3,0,0,2
5,153,156,92,154,1.12,22,9,3,0,0,2
7,255,156,133,206,2.07,22,9,3,0,0,2
2,347,266,192,306,2.39,22,9,3,0,0,2
0,502,222,245,362,1.15,22,9,3,0,0,2
4,176,496,170,336,0.92,22,9,3,0,0,2
6,320,537,235,428,2.26,22,9,3,0,0,2
1,508,346,272,427,0.74,22,9,3,0,0,0
9,248,501,199,374,0.89,22,9,3,0,0,2
3,363,400,225,382,1.4,22,9,3,0,0,2
8,270,161,140,216,2.05,22,9,3,0,0,2
5,351,531,247,441,1.77,22,9,3,0,0,2
7,304,468,215,386,1.31,22,9,3,0,0,2
2,486,433,281,460,1.04,22,9,3,0,0,2
0,480,385,269,432,1.26,22,9,3,0,0,2
4,435,450,264,442,1.65,22,9,3,0,0,2
6,521,452,299,486,0.7,22,9,3,0,0,0
1,244,522,202,383,0.89,22,9,3,0,0,2
9,520,337,275,428,1.45,22,9,3,0,0,2
3,469,342,256,406,1.76,22,9,3,0,0,2
8,356,383,219,370,2.3,22,9,3,0,0,2
5,435,260,226,348,1.15,22,9,3,0,0,2
7,213,216,128,214,1.4,22,9,3,0,0,2
2,280,428,198,354,2.07,22,9,3,0,0,2
0,285,265,167,275,1.3,22,9,3,0,0,2
4,275,400,190,338,1.31,22,9,3,0,0,2
6,395,175,193,285,1.92,22,9,3,0,0,2
1,515,261,258,388,1.69,22,9,3,0,0,2
9,452,273,235,362,2.2,22,9,3,0,0,2
3,151,365,133,258,2.15,22,9,3,0,0,2
8,182,479,169,330,1.8,23,9,3,0,0,2
5,208,249,133,228,0.7,23,9,3,0,0,0
7,530,256,263,393,1.47,23,9,3,0,0,2
2,527,522,315,524,1.52,23,9,3,0,0,2
0,162,153,95,158,1.83,23,9,3,0,0,2
4,197,345,148,271,0.83,23,9,3,0,0,2
6,353,416,224,384,1.04,23,9,3,0,0,2
1,166,285,123,226,2.18,23,9,3,0,0,2
9,258,275,158,266,0.92,23,9,3,0,0,2
3,195,441,166,318,0.97,23,9,3,0,0,2
8,315,322,190,318,2.32,23,9,3,0,0,2
5,160,457,155,308,2.23,23,9,3,0,0,2
7,170,479,164,324,1.16,23,9,3,0,0,2
2,293,169,151,231,1.99,23,9,3,0,0,2
0,425,496,269,460,2.32,23,9,3,0,0,2
4,158,536,170,347,0.92,23,9,3,0,0,2
6,183,203,114,193,2.17,23,9,3,0,0,2
1,458,471,277,464,0.5,23,9,3,0,0,0
9,548,304,280,426,2.43,23,9,3,0,0,2
3,513,276,260,394,1.2,23,9,3,0,0,2
8,301,282,177,292,0.92,23,9,3,0,0,2
5,193,496,176,344,1.62,23,9,3,0,0,2
7,289,508,217,398,1.92,23,9,3,0,0,2
2,544,169,251,356,0.58,23,9,3,0,0,0
0,320,234,175,277,1.0,23,9,3,0,0,2
4,367,401,227,384,2.19,23,9,3,0,0,2
6,269,404,188,336,1.87,23,9,3,0,0,2
1,288,151,145,220,1.33,23,9,3,0,0,2
9,206,362,155,284,2.11,23,9,3,0,0,2
3,369,430,234,400,1.14,23,9,3,0,0,2
8,212,249,135,230,1.12,23,9,3,0,0,2
5,422,480,265,451,2.27,23,9,3,0,0,2
7,204,462,174,333,1.5,23,9,3,0,0,2
2,388,538,263,463,0.79,23,9,3,0,0,2
0,437,293,233,365,1.3,23,9,3,0,0,2
4,217,548,196,382,2.47,23,9,3,0,0,2
6,268,482,204,375,2.44,23,9,3,0,0,2
1,330,415,215,372,0.69,23,9,3,0,0,0
9,202,466,174,334,1.16,23,9,3,0,0,2
3,340,377,211,358,2.45,23,9,3,0,0,2
8,0,0,0,0,0.0,0,10,3,1,0,1
5,0,0,0,0,0.0,0,10,3,1,0,1
7,0,0,0,0,0.0,0,10,3,1,0,1
2,0,0,0,0,0.0,0,10,3,1,0,1
0,0,0,0,0,0.0,0,10,3,1,0,1
4,0,0,0,0,0.0,0,10,3,1,0,1
6,0,0,0,0,0.0,0,10,3,1,0,1
1,0,0,0,0,0.0,0,10,3,1,0,1
9,0,0,0,0,0.0,0,10,3,1,0,1
3,0,0,0,0,0.0,0,10,3,1,0,1
8,0,0,0,0,0.0,0,10,3,1,0,1
5,0,0,0,0,0.0,0,10,3,1,0,1
7,0,0,0,0,0.0,0,10,3,1,0,1
2,0,0,0,0,0.0,0,10,3,1,0,1
0,0,0,0,0,0.0,0,10,3,1,0,1
4,0,0,0,0,0.0,0,10,3,1,0,1
6,0,0,0,0,0.0,0,10,3,1,0,1
1,0,0,0,0,0.0,0,10,3,1,0,1
9,0,0,0,0,0.0,0,10,3,1,0,1
3,0,0,0,0,0.0,0,10,3,1,0,1
8,0,0,0,0,0.0,0,10,3,1,0,1
5,0,0,0,0,0.0,0,10,3,1,0,1
7,0,0,0,0,0.0,0,10,3,1,0,1
2,0,0,0,0,0.0,0,10,3,1,0,1
0,0,0,0,0,0.0,0,10,3,1,0,1
4,0,0,0,0,0.0,0,10,3,1,0,1
6,0,0,0,0,0.0,0,10,3,1,0,1
1,0,0,0,0,0.0,0,10,3,1,0,1
9,0,0,0,0,0.0,0,10,3,1,0,1
3,0,0,0,0,0.0,0,10,3,1,0,1
8,0,0,0,0,0.0,0,10,3,1,0,1
5,0,0,0,0,0.0,0,10,3,1,0,1
7,0,0,0,0,0.0,0,10,3,1,0,1
2,0,0,0,0,0.0,0,10,3,1,0,1
0,0,0,0,0,0.0,0,10,3,1,0,1
4,0,0,0,0,0.0,0,10,3,1,0,1
6,0,0,0,0,0.0,0,10,3,1,0,1
1,0,0,0,0,0.0,0,10,3,1,0,1
9,0,0,0,0,0.0,0,10,3,1,0,1
3,0,0,0,0,0.0,0,10,3,1,0,1
8,0,0,0,0,0.0,1,10,3,1,0,1
5,0,0,0,0,0.0,1,10,3,1,0,1
7,0,0,0,0,0.0,1,10,3,1,0,1
2,0,0,0,0,0.0,1,10,3,1,0,1
0,0,0,0,0,0.0,1,10,3,1,0,1
4,0,0,0,0,0.0,1,10,3,1,0,1
6,0,0,0,0,0.0,1,10,3,1,0,1
1,0,0,0,0,0.0,1,10,3,1,0,1
9,0,0,0,0,0.0,1,10,3,1,0,1
3,0,0,0,0,0.0,1,10,3,1,0,1
8,0,0,0,0,0.0,1,10,3,1,0,1
5,0,0,0,0,0.0,1,10,3,1,0,1
7,0,0,0,0,0.0,1,10,3,1,0,1
2,0,0,0,0,0.0,1,10,3,1,0,1
0,0,0,0,0,0.0,1,10,3,1,0,1
4,0,0,0,0,0.0,1,10,3,1,0,1
6,0,0,0,0,0.0,1,10,3,1,0,1
1,0,0,0,0,0.0,1,10,3,1,0,1
9,0,0,0,0,0.0,1,10,3,1,0,1
3,0,0,0,0,0.0,1,10,3,1,0,1
8,0,0,0,0,0.0,1,10,3,1,0,1
5,0,0,0,0,0.0,1,10,3,1,0,1
7,0,0,0,0,0.0,1,10,3,1,0,1
2,0,0,0,0,0.0,1,10,3,1,0,1
0,0,0,0,0,0.0,1,10,3,1,0,1
4,0,0,0,0,0.0,1,10,3,1,0,1
6,0,0,0,0,0.0,1,10,3,1,0,1
1,0,0,0,0,0.0,1,10,3,1,0,1
9,0,0,0,0,0.0,1,10,3,1,0,1
3,0,0,0,0,0.0,1,10,3,1,0,1
8,0,0,0,0,0.0,1,10,3,1,0,1
5,0,0,0,0,0.0,1,10,3,1,0,1
7,0,0,0,0,0.0,1,10,3,1,0,1
2,0,0,0,0,0.0,1,10,3,1,0,1
0,0,0,0,0,0.0,1,10,3,1,0,1
4,0,0,0,0,0.0,1,10,3,1,0,1
6,0,0,0,0,0.0,1,10,3,1,0,1
1,0,0,0,0,0.0,1,10,3,1,0,1
9,0,0,0,0,0.0,1,10,3,1,0,1
3,0,0,0,0,0.0,1,10,3,1,0,1
8,0,0,0,0,0.0,2,10,3,1,0,1
5,0,0,0,0,0.0,2,10,3,1,0,1
7,0,0,0,0,0.0,2,10,3,1,0,1
2,0,0,0,0,0.0,2,10,3,1,0,1
0,0,0,0,0,0.0,2,10,3,1,0,1
4,0,0,0,0,0.0,2,10,3,1,0,1
6,0,0,0,0,0.0,2,10,3,1,0,1
1,0,0,0,0,0.0,2,10,3,1,0,1
9,0,0,0,0,0.0,2,10,3,1,0,1
3,0,0,0,0,0.0,2,10,3,1,0,1
8,0,0,0,0,0.0,2,10,3,1,0,1
5,0,0,0,0,0.0,2,10,3,1,0,1
7,0,0,0,0,0.0,2,10,3,1,0,1
2,0,0,0,0,0.0,2,10,3,1,0,1
0,0,0,0,0,0.0,2,10,3,1,0,1
4,0,0,0,0,0.0,2,10,3,1,0,1
6,0,0,0,0,0.0,2,10,3,1,0,1
1,0,0,0,0,0.0,2,10,3,1,0,1
9,0,0,0,0,0.0,2,10,3,1,0,1
3,0,0,0,0,0.0,2,10,3,1,0,1
8,0,0,0,0,0.0,2,10,3,1,0,1
5,0,0,0,0,0.0,2,10,3,1,0,1
7,0,0,0,0,0.0,2,10,3,1,0,1
2,0,0,0,0,0.0,2,10,3,1,0,1
0,0,0,0,0,0.0,2,10,3,1,0,1
4,0,0,0,0,0.0,2,10,3,1,0,1
6,0,0,0,0,0.0,2,10,3,1,0,1
1,0,0,0,0,0.0,2,10,3,1,0,1
9,0,0,0,0,0.0,2,10,3,1,0,1
3,0,0,0,0,0.0,2,10,3,1,0,1
8,0,0,0,0,0.0,2,10,3,1,0,1
5,0,0,0,0,0.0,2,10,3,1,0,1
7,0,0,0,0,0.0,2,10,3,1,0,1
2,0,0,0,0,0.0,2,10,3,1,0,1
0,0,0,0,0,0.0,2,10,3,1,0,1
4,0,0,0,0,0.0,2,10,3,1,0,1
6,0,0,0,0,0.0,2,10,3,1,0,1
1,0,0,0,0,0.0,2,10,3,1,0,1
9,0,0,0,0,0.0,2,10,3,1,0,1
3,0,0,0,0,0.0,2,10,3,1,0,1
8,0,0,0,0,0.0,3,10,3,1,0,1
5,0,0,0,0,0.0,3,10,3,1,0,1
7,0,0,0,0,0.0,3,10,3,1,0,1
2,0,0,0,0,0.0,3,10,3,1,0,1
0,0,0,0,0,0.0,3,10,3,1,0,1
4,0,0,0,0,0.0,3,10,3,1,0,1
6,0,0,0,0,0.0,3,10,3,1,0,1
1,0,0,0,0,0.0,3,10,3,1,0,1
9,0,0,0,0,0.0,3,10,3,1,0,1
3,0,0,0,0,0.0,3,10,3,1,0,1
8,0,0,0,0,0.0,3,10,3,1,0,1
5,0,0,0,0,0.0,3,10,3,1,0,1
7,0,0,0,0,0.0,3,10,3,1,0,1
2,0,0,0,0,0.0,3,10,3,1,0,1
0,0,0,0,0,0.0,3,10,3,1,0,1
4,0,0,0,0,0.0,3,10,3,1,0,1
6,0,0,0,0,0.0,3,10,3,1,0,1
1,0,0,0,0,0.0,3,10,3,1,0,1
9,0,0,0,0,0.0,3,10,3,1,0,1
3,0,0,0,0,0.0,3,10,3,1,0,1
8,0,0,0,0,0.0,3,10,3,1,0,1
5,0,0,0,0,0.0,3,10,3,1,0,1
7,0,0,0,0,0.0,3,10,3,1,0,1
2,0,0,0,0,0.0,3,10,3,1,0,1
0,0,0,0,0,0.0,3,10,3,1,0,1
4,0,0,0,0,0.0,3,10,3,1,0,1
6,0,0,0,0,0.0,3,10,3,1,0,1
1,0,0,0,0,0.0,3,10,3,1,0,1
9,0,0,0,0,0.0,3,10,3,1,0,1
3,0,0,0,0,0.0,3,10,3,1,0,1
8,0,0,0,0,0.0,3,10,3,1,0,1
5,0,0,0,0,0.0,3,10,3,1,0,1
7,0,0,0,0,0.0,3,10,3,1,0,1
2,0,0,0,0,0.0,3,10,3,1,0,1
0,0,0,0,0,0.0,3,10,3,1,0,1
4,0,0,0,0,0.0,3,10,3,1,0,1
6,0,0,0,0,0.0,3,10,3,1,0,1
1,0,0,0,0,0.0,3,10,3,1,0,1
9,0,0,0,0,0.0,3,10,3,1,0,1
3,0,0,0,0,0.0,3,10,3,1,0,1
8,0,0,0,0,0.0,4,10,3,1,0,1
5,0,0,0,0,0.0,4,10,3,1,0,1
7,0,0,0,0,0.0,4,10,3,1,0,1
2,0,0,0,0,0.0,4,10,3,1,0,1
0,0,0,0,0,0.0,4,10,3,1,0,1
4,0,0,0,0,0.0,4,10,3,1,0,1
6,0,0,0,0,0.0,4,10,3,1,0,1
1,0,0,0,0,0.0,4,10,3,1,0,1
9,0,0,0,0,0.0,4,10,3,1,0,1
3,0,0,0,0,0.0,4,10,3,1,0,1
8,0,0,0,0,0.0,4,10,3,1,0,1
5,0,0,0,0,0.0,4,10,3,1,0,1
7,0,0,0,0,0.0,4,10,3,1,0,1
2,0,0,0,0,0.0,4,10,3,1,0,1
0,0,0,0,0,0.0,4,10,3,1,0,1
4,0,0,0,0,0.0,4,10,3,1,0,1
6,0,0,0,0,0.0,4,10,3,1,0,1
1,0,0,0,0,0.0,4,10,3,1,0,1
9,0,0,0,0,0.0,4,10,3,1,0,1
3,0,0,0,0,0.0,4,10,3,1,0,1
8,0,0,0,0,0.0,4,10,3,1,0,1
5,0,0,0,0,0.0,4,10,3,1,0,1
7,0,0,0,0,0.0,4,10,3,1,0,1
2,0,0,0,0,0.0,4,10,3,1,0,1
0,0,0,0,0,0.0,4,10,3,1,0,1
4,0,0,0,0,0.0,4,10,3,1,0,1
6,0,0,0,0,0.0,4,10,3,1,0,1
1,0,0,0,0,0.0,4,10,3,1,0,1
9,0,0,0,0,0.0,4,10,3,1,0,1
3,0,0,0,0,0.0,4,10,3,1,0,1
8,0,0,0,0,0.0,4,10,3,1,0,1
5,0,0,0,0,0.0,4,10,3,1,0,1
7,0,0,0,0,0.0,4,10,3,1,0,1
2,0,0,0,0,0.0,4,10,3,1,0,1
0,0,0,0,0,0.0,4,10,3,1,0,1
4,0,0,0,0,0.0,4,10,3,1,0,1
6,0,0,0,0,0.0,4,10,3,1,0,1
1,0,0,0,0,0.0,4,10,3,1,0,1
9,0,0,0,0,0.0,4,10,3,1,0,1
3,0,0,0,0,0.0,4,10,3,1,0,1
8,0,0,0,0,0.0,5,10,3,1,0,1
5,0,0,0,0,0.0,5,10,3,1,0,1
7,0,0,0,0,0.0,5,10,3,1,0,1
2,0,0,0,0,0.0,5,10,3,1,0,1
0,0,0,0,0,0.0,5,10,3,1,0,1
4,0,0,0,0,0.0,5,10,3,1,0,1
6,0,0,0,0,0.0,5,10,3,1,0,1
1,0,0,0,0,0.0,5,10,3,1,0,1
9,0,0,0,0,0.0,5,10,3,1,0,1
3,0,0,0,0,0.0,5,10,3,1,0,1
8,0,0,0,0,0.0,5,10,3,1,0,1
5,0,0,0,0,0.0,5,10,3,1,0,1
7,0,0,0,0,0.0,5,10,3,1,0,1
2,0,0,0,0,0.0,5,10,3,1,0,1
0,0,0,0,0,0.0,5,10,3,1,0,1
4,0,0,0,0,0.0,5,10,3,1,0,1
6,0,0,0,0,0.0,5,10,3,1,0,1
1,0,0,0,0,0.0,5,10,3,1,0,1
9,0,0,0,0,0.0,5,10,3,1,0,1
3,0,0,0,0,0.0,5,10,3,1,0,1
8,0,0,0,0,0.0,5,10,3,1,0,1
5,0,0,0,0,0.0,5,10,3,1,0,1
7,0,0,0,0,0.0,5,10,3,1,0,1
2,0,0,0,0,0.0,5,10,3,1,0,1
0,0,0,0,0,0.0,5,10,3,1,0,1
4,0,0,0,0,0.0,5,10,3,1,0,1
6,0,0,0,0,0.0,5,10,3,1,0,1
1,0,0,0,0,0.0,5,10,3,1,0,1
9,0,0,0,0,0.0,5,10,3,1,0,1
3,0,0,0,0,0.0,5,10,3,1,0,1
8,0,0,0,0,0.0,5,10,3,1,0,1
5,0,0,0,0,0.0,5,10,3,1,0,1
7,0,0,0,0,0.0,5,10,3,1,0,1
2,0,0,0,0,0.0,5,10,3,1,0,1
0,0,0,0,0,0.0,5,10,3,1,0,1
4,0,0,0,0,0.0,5,10,3,1,0,1
6,0,0,0,0,0.0,5,10,3,1,0,1
1,0,0,0,0,0.0,5,10,3,1,0,1
9,0,0,0,0,0.0,5,10,3,1,0,1
3,0,0,0,0,0.0,5,10,3,1,0,1
8,366,328,212,347,0.78,6,10,3,1,0,2
5,497,433,285,465,1.39,6,10,3,1,0,2
7,368,437,235,402,1.26,6,10,3,1,0,2
2,510,379,280,444,0.58,6,10,3,1,0,0
0,295,526,223,410,2.21,6,10,3,1,0,2
4,403,160,193,282,1.07,6,10,3,1,0,2
6,353,294,200,324,1.59,6,10,3,1,0,2
1,336,479,230,408,2.26,6,10,3,1,0,2
9,183,443,162,313,2.15,6,10,3,1,0,2
3,267,513,209,390,2.0,6,10,3,1,0,2
8,312,296,184,304,2.09,6,10,3,1,0,2
5,416,305,227,360,1.2,6,10,3,1,0,2
7,195,404,159,300,1.14,6,10,3,1,0,2
2,252,323,165,288,2.17,6,10,3,1,0,2
0,280,233,159,256,2.06,6,10,3,1,0,2
4,224,200,130,212,0.69,6,10,3,1,0,0
6,544,293,276,418,1.02,6,10,3,1,0,2
1,297,282,175,290,1.06,6,10,3,1,0,2
9,273,295,168,284,1.24,6,10,3,1,0,2
3,397,517,262,457,2.32,6,10,3,1,0,2
8,203,181,117,192,1.69,6,10,3,1,0,2
5,309,332,190,320,1.43,6,10,3,1,0,2
7,435,515,277,475,2.37,6,10,3,1,0,2
2,196,152,109,174,1.82,6,10,3,1,0,2
0,363,275,200,319,1.69,6,10,3,1,0,2
4,501,164,233,332,1.05,6,10,3,1,0,2
6,262,538,212,400,2.24,6,10,3,1,0,2
1,173,407,151,290,1.11,6,10,3,1,0,2
9,193,348,147,270,0.52,6,10,3,1,0,0
3,389,178,191,284,1.18,6,10,3,1,0,2
8,257,413,185,335,1.69,6,10,3,1,0,2
5,443,381,253,412,2.23,6,10,3,1,0,2
7,418,263,220,340,0.98,6,10,3,1,0,2
2,411,512,267,462,0.54,6,10,3,1,0,0
0,507,234,250,370,0.68,6,10,3,1,0,0
4,404,328,227,366,2.4,6,10,3,1,0,2
6,390,153,187,272,2.02,6,10,3,1,0,2
1,301,185,157,243,1.72,6,10,3,1,0,2
9,488,204,236,346,2.34,6,10,3,1,0,2
3,364,395,225,380,2.03,6,10,3,1,0,2
8,203,232,128,218,0.87,7,10,3,1,0,2
5,312,361,197,336,2.13,7,10,3,1,0,2
7,406,453,253,430,2.02,7,10,3,1,0,2
2,162,477,160,320,1.2,7,10,3,1,0,2
0,548,369,293,458,2.31,7,10,3,1,0,2
4,204,515,185,360,1.62,7,10,3,1,0,2
6,258,193,142,226,0.72,7,10,3,1,0,0
1,221,342,157,282,0.68,7,10,3,1,0,0
9,360,548,254,454,2.32,7,10,3,1,0,2
3,520,399,288,460,1.93,7,10,3,1,0,2
8,431,489,270,460,1.01,7,10,3,1,0,2
5,331,470,226,400,2.38,7,10,3,1,0,2
7,356,287,200,322,2.48,7,10,3,1,0,2
2,374,497,249,436,1.03,7,10,3,1,0,2
0,379,309,213,344,2.14,7,10,3,1,0,2
4,314,467,219,390,2.33,7,10,3,1,0,2
6,322,354,200,338,0.9,7,10,3,1,0,2
1,428,454,262,441,2.08,7,10,3,1,0,2
9,268,361,179,314,1.33,7,10,3,1,0,2
3,245,375,173,310,2.34,7,10,3,1,0,2
8,168,481,163,324,1.83,7,10,3,1,0,2
5,172,361,141,266,2.04,7,10,3,1,0,2
7,237,395,174,316,1.93,7,10,3,1,0,2
2,202,528,186,365,1.62,7,10,3,1,0,2
0,196,512,181,354,1.63,7,10,3,1,0,2
4,328,541,239,434,1.99,7,10,3,1,0,2
6,525,348,280,436,2.07,7,10,3,1,0,2
1,369,450,238,410,1.89,7,10,3,1,0,2
9,423,530,275,476,1.09,7,10,3,1,0,2
3,315,365,199,340,1.78,7,10,3,1,0,2
8,230,200,132,215,1.63,7,10,3,1,0,2
5,190,388,154,289,2.17,7,10,3,1,0,2
7,264,383,182,324,2.2,7,10,3,1,0,2
2,484,543,302,514,1.96,7,10,3,1,0,2
0,455,509,284,482,0.61,7,10,3,1,0,0
4,430,209,214,320,0.63,7,10,3,1,0,0
6,351,232,187,292,2.48,7,10,3,1,0,2
1,455,408,264,432,0.67,7,10,3,1,0,0
9,372,422,233,397,0.87,7,10,3,1,0,2
3,432,395,252,414,2.36,7,10,3,1,0,2
8,933,847,543,890,5.56,8,10,3,1,0,2
5,2337,427,1020,1382,5.43,8,10,3,1,0,2
7,929,758,523,844,4.36,8,10,3,1,0,2
2,1178,750,621,964,5.19,8,10,3,1,0,2
0,2168,808,1029,1488,3.67,8,10,3,1,0,2
4,1638,608,777,1123,3.16,8,10,3,1,0,2
6,2046,516,922,1281,4.94,8,10,3,1,0,2
1,996,578,514,787,5.48,8,10,3,1,0,2
9,1087,823,599,955,3.43,8,10,3,1,0,2
3,1045,947,607,996,5.45,8,10,3,1,0,2
8,1011,833,571,922,3.19,8,10,3,1,0,2
5,931,490,470,710,3.11,8,10,3,1,0,2
7,1404,526,667,965,4.25,8,10,3,1,0,2
2,1995,693,937,1344,3.89,8,10,3,1,0,2
0,1541,850,786,1196,4.09,8,10,3,1,0,2
4,1224,549,599,886,4.18,8,10,3,1,0,2
6,1190,733,623,962,3.25,8,10,3,1,0,2
1,1799,484,816,1142,4.42,8,10,3,1,0,2
9,1430,628,698,1029,4.67,8,10,3,1,0,2
3,896,546,468,721,5.53,8,10,3,1,0,2
8,2431,511,1075,1471,4.86,8,10,3,1,0,2
5,1155,611,584,883,5.67,8,10,3,1,0,2
7,1735,823,859,1279,5.29,8,10,3,1,0,2
2,2200,588,998,1394,4.25,8,10,3,1,0,2
0,2146,624,983,1385,5.26,8,10,3,1,0,2
4,1240,725,641,982,4.14,8,10,3,1,0,2
6,2290,598,1036,1444,5.47,8,10,3,1,0,2
1,2270,561,1020,1416,5.58,8,10,3,1,0,2
9,1402,408,642,905,3.34,8,10,3,1,0,2
3,1825,615,853,1220,3.67,8,10,3,1,0,2
8,1024,843,578,934,3.19,8,10,3,1,0,2
5,1040,986,613,1013,4.5,8,10,3,1,0,2
7,1597,962,831,1280,5.01,8,10,3,1,0,2
2,826,961,523,894,4.42,8,10,3,1,0,2
0,901,435,447,668,4.31,8,10,3,1,0,2
4,1765,418,790,1092,3.6,8,10,3,1,0,2
6,858,678,479,768,5.23,8,10,3,1,0,2
1,1289,587,633,938,4.1,8,10,3,1,0,2
9,1426,426,656,926,5.27,8,10,3,1,0,2
3,961,851,555,906,4.74,8,10,3,1,0,2
8,2040,841,984,1440,4.53,9,10,3,1,0,2
5,1877,991,949,1434,3.65,9,10,3,1,0,2
7,1909,767,917,1338,3.83,9,10,3,1,0,2
2,1625,650,780,1138,3.64,9,10,3,1,0,2
0,1665,852,836,1258,3.82,9,10,3,1,0,2
4,1602,692,779,1147,4.87,9,10,3,1,0,2
6,1302,658,652,980,3.32,9,10,3,1,0,2
1,1065,426,511,746,5.23,9,10,3,1,0,2
9,2238,511,997,1374,5.77,9,10,3,1,0,2
3,2027,476,906,1252,4.23,9,10,3,1,0,2
8,2228,636,1018,1432,4.32,9,10,3,1,0,2
5,1295,441,606,868,5.47,9,10,3,1,0,2
7,1635,627,779,1131,3.53,9,10,3,1,0,2
2,1939,725,921,1332,4.32,9,10,3,1,0,2
0,1877,817,914,1347,3.56,9,10,3,1,0,2
4,1749,591,818,1170,3.68,9,10,3,1,0,2
6,1854,958,933,1406,3.12,9,10,3,1,0,2
1,881,904,533,892,5.18,9,10,3,1,0,2
9,2499,628,1125,1564,3.85,9,10,3,1,0,2
3,2440,592,1094,1516,4.65,9,10,3,1,0,2
8,2280,554,1023,1417,3.6,9,10,3,1,0,2
5,1123,755,600,939,5.03,9,10,3,1,0,2
7,1225,954,681,1090,3.34,9,10,3,1,0,2
2,2109,491,942,1300,5.75,9,10,3,1,0,2
0,1249,905,681,1077,3.16,9,10,3,1,0,2
4,1768,641,835,1204,3.71,9,10,3,1,0,2
6,2464,504,1086,1484,5.07,9,10,3,1,0,2
1,1595,619,762,1107,5.64,9,10,3,1,0,2
9,2454,490,1080,1472,5.06,9,10,3,1,0,2
3,1655,669,796,1162,4.45,9,10,3,1,0,2
8,1511,654,735,1082,3.72,9,10,3,1,0,2
5,2429,900,1152,1664,3.91,9,10,3,1,0,2
7,1669,938,855,1304,4.24,9,10,3,1,0,2
2,920,910,550,915,4.27,9,10,3,1,0,2
0,1908,783,920,1346,3.13,9,10,3,1,0,2
4,1403,841,729,1122,5.67,9,10,3,1,0,2
6,1496,749,748,1122,4.07,9,10,3,1,0,2
1,2326,598,1050,1462,4.26,9,10,3,1,0,2
9,2396,792,1117,1594,4.5,9,10,3,1,0,2
3,1129,486,549,808,3.22,9,10,3,1,0,2
8,2423,990,1167,1706,3.51,10,10,3,1,0,2
5,2083,995,1032,1539,3.44,10,10,3,1,0,2
7,1601,620,764,1110,3.74,10,10,3,1,0,2
2,1790,694,855,1242,5.03,10,10,3,1,0,2
0,1399,791,718,1095,4.34,10,10,3,1,0,2
4,2217,577,1002,1397,3.24,10,10,3,1,0,2
6,1737,871,869,1304,3.75,10,10,3,1,0,2
1,1368,477,643,922,3.09,10,10,3,1,0,2
9,2439,824,1140,1632,3.32,10,10,3,1,0,2
3,2011,772,959,1392,5.15,10,10,3,1,0,2
8,2173,772,1024,1472,4.25,10,10,3,1,0,2
5,818,762,480,790,5.08,10,10,3,1,0,2
7,1666,922,851,1294,5.36,10,10,3,1,0,2
2,838,565,448,702,4.44,10,10,3,1,0,2
0,1270,490,606,880,3.39,10,10,3,1,0,2
4,1734,896,873,1315,5.14,10,10,3,1,0,2
6,2234,688,1031,1461,3.09,10,10,3,1,0,2
1,1254,551,612,902,4.62,10,10,3,1,0,2
9,2475,800,1150,1638,4.19,10,10,3,1,0,2
3,2098,727,985,1412,3.02,10,10,3,1,0,2
8,2183,653,1004,1418,4.36,10,10,3,1,0,2
5,2188,419,959,1304,5.41,10,10,3,1,0,2
7,1439,668,709,1054,5.01,10,10,3,1,0,2
2,1882,804,914,1343,5.62,10,10,3,1,0,2
0,1306,616,646,961,3.14,10,10,3,1,0,2
4,1425,936,757,1180,5.61,10,10,3,1,0,2
6,1307,911,705,1109,5.1,10,10,3,1,0,2
1,2314,436,1013,1375,5.13,10,10,3,1,0,2
9,1632,459,745,1046,3.25,10,10,3,1,0,2
3,2148,529,965,1338,3.48,10,10,3,1,0,2
8,917,785,524,851,3.44,10,10,3,1,0,2
5,1471,619,712,1045,3.6,10,10,3,1,0,2
7,1163,639,593,901,5.74,10,10,3,1,0,2
2,1943,718,921,1330,3.5,10,10,3,1,0,2
0,1275,524,615,900,5.62,10,10,3,1,0,2
4,2317,713,1069,1515,4.26,10,10,3,1,0,2
6,2394,494,1056,1444,3.35,10,10,3,1,0,2
1,2042,792,975,1417,4.02,10,10,3,1,0,2
9,1859,767,897,1313,4.46,10,10,3,1,0,2
3,1170,449,558,810,5.76,10,10,3,1,0,2
8,205,209,124,207,1.98,11,10,3,1,0,2
5,481,395,271,438,1.54,11,10,3,1,0,2
7,546,280,274,413,1.65,11,10,3,1,0,2
2,158,393,142,276,0.59,11,10,3,1,0,0
0,176,296,130,236,2.3,11,10,3,1,0,2
4,205,259,134,232,2.32,11,10,3,1,0,2
6,506,164,235,335,1.6,11,10,3,1,0,2
1,172,264,122,218,2.12,11,10,3,1,0,2
9,277,213,153,245,0.5,11,10,3,1,0,0
3,418,317,231,368,1.49,11,10,3,1,0,2
8,375,456,241,416,0.69,11,10,3,1,0,0
5,231,415,175,323,1.48,11,10,3,1,0,2
7,302,437,208,370,1.98,11,10,3,1,0,2
2,521,475,303,498,0.84,11,10,3,1,0,2
0,314,426,211,370,1.32,11,10,3,1,0,2
4,154,215,105,184,1.67,11,10,3,1,0,2
6,351,496,240,424,0.96,11,10,3,1,0,2
1,232,345,162,288,1.28,11,10,3,1,0,2
9,520,388,286,454,1.57,11,10,3,1,0,2
3,182,496,172,339,0.7,11,10,3,1,0,0
8,329,246,181,288,2.34,11,10,3,1,0,2
5,523,368,283,446,2.03,11,10,3,1,0,2
7,165,488,164,326,0.63,11,10,3,1,0,0
2,184,538,181,361,1.95,11,10,3,1,0,2
0,399,417,243,408,2.06,11,10,3,1,0,2
4,304,159,153,232,1.58,11,10,3,1,0,2
6,243,170,131,206,1.18,11,10,3,1,0,2
1,347,493,237,420,1.12,11,10,3,1,0,2
9,254,304,162,279,0.88,11,10,3,1,0,2
3,249,466,193,358,0.56,11,10,3,1,0,0
8,313,196,164,254,2.44,11,10,3,1,0,2
5,359,444,232,402,0.84,11,10,3,1,0,2
7,362,421,229,392,0.98,11,10,3,1,0,2
2,443,539,285,491,0.63,11,10,3,1,0,0
0,360,387,221,374,2.14,11,10,3,1,0,2
4,448,310,241,379,2.39,11,10,3,1,0,2
6,376,444,239,410,1.65,11,10,3,1,0,2
1,438,405,256,422,1.9,11,10,3,1,0,2
9,447,346,248,396,1.92,11,10,3,1,0,2
3,210,423,169,316,0.69,11,10,3,1,0,0
8,466,342,255,404,1.69,12,10,3,1,0,2
5,344,195,177,270,2.24,12,10,3,1,0,2
7,308,230,169,269,0.85,12,10,3,1,0,2
2,506,451,293,478,1.34,12,10,3,1,0,2
0,429,435,259,432,0.88,12,10,3,1,0,2
4,403,437,249,420,1.0,12,10,3,1,0,2
6,205,254,133,230,2.11,12,10,3,1,0,2
1,454,249,231,352,1.33,12,10,3,1,0,2
9,179,527,177,353,1.8,12,10,3,1,0,2
3,514,401,286,458,2.38,12,10,3,1,0,2
8,292,478,212,385,2.11,12,10,3,1,0,2
5,210,233,131,222,2.35,12,10,3,1,0,2
7,318,507,229,412,1.02,12,10,3,1,0,2
2,457,526,288,492,1.95,12,10,3,1,0,2
0,488,174,230,331,2.4,12,10,3,1,0,2
4,479,401,272,440,1.56,12,10,3,1,0,2
6,512,331,271,422,2.09,12,10,3,1,0,2
1,179,246,121,212,1.79,12,10,3,1,0,2
9,503,423,286,463,1.98,12,10,3,1,0,2
3,313,480,221,396,2.04,12,10,3,1,0,2
8,502,542,309,522,2.24,12,10,3,1,0,2
5,158,378,139,268,1.72,12,10,3,1,0,2
7,182,181,109,182,0.69,12,10,3,1,0,0
2,521,426,294,474,0.76,12,10,3,1,0,2
0,458,318,247,388,1.75,12,10,3,1,0,2
4,176,349,140,262,1.99,12,10,3,1,0,2
6,488,228,241,358,1.85,12,10,3,1,0,2
1,168,344,136,256,0.53,12,10,3,1,0,0
9,496,380,274,438,1.62,12,10,3,1,0,2
3,266,335,173,300,0.69,12,10,3,1,0,0
8,335,438,222,386,1.79,12,10,3,1,0,2
5,545,465,311,505,0.85,12,10,3,1,0,2
7,381,482,249,432,2.27,12,10,3,1,0,2
2,197,281,135,239,1.86,12,10,3,1,0,2
0,438,174,210,306,1.39,12,10,3,1,0,2
4,466,252,237,359,1.03,12,10,3,1,0,2
6,197,450,169,324,1.31,12,10,3,1,0,2
1,234,456,185,345,2.48,12,10,3,1,0,2
9,226,428,176,327,1.44,12,10,3,1,0,2
3,509,454,294,482,1.37,12,10,3,1,0,2
8,253,260,153,256,1.02,13,10,3,1,0,2
5,473,205,230,339,1.96,13,10,3,1,0,2
7,233,335,160,284,1.25,13,10,3,1,0,2
2,316,244,175,280,0.99,13,10,3,1,0,2
0,228,476,186,352,0.75,13,10,3,1,0,2
4,397,199,199,298,0.98,13,10,3,1,0,2
6,164,347,135,256,0.97,13,10,3,1,0,2
1,439,173,210,306,1.98,13,10,3,1,0,2
9,192,262,129,227,2.08,13,10,3,1,0,2
3,350,393,219,372,1.52,13,10,3,1,0,2
8,411,196,204,304,2.03,13,10,3,1,0,2
5,474,278,245,376,2.12,13,10,3,1,0,2
7,340,385,213,362,1.33,13,10,3,1,0,2
2,463,325,250,394,1.45,13,10,3,1,0,2
0,364,380,222,372,1.34,13,10,3,1,0,2
4,487,179,231,333,1.51,13,10,3,1,0,2
6,331,477,228,404,1.95,13,10,3,1,0,2
1,369,170,182,270,1.22,13,10,3,1,0,2
9,397,246,208,322,0.84,13,10,3,1,0,2
3,209,218,127,214,1.04,13,10,3,1,0,2
8,364,220,190,292,1.37,13,10,3,1,0,2
5,256,346,172,301,1.78,13,10,3,1,0,2
7,288,501,215,394,1.13,13,10,3,1,0,2
2,350,315,203,332,1.47,13,10,3,1,0,2
0,325,463,223,394,2.42,13,10,3,1,0,2
4,408,409,245,408,0.64,13,10,3,1,0,0
6,547,218,262,382,0.81,13,10,3,1,0,2
1,374,293,208,334,0.75,13,10,3,1,0,2
9,287,213,157,250,2.23,13,10,3,1,0,2
3,514,254,256,384,1.99,13,10,3,1,0,2
8,230,214,135,222,1.99,13,10,3,1,0,2
5,393,370,231,382,2.03,13,10,3,1,0,2
7,521,310,270,416,0.71,13,10,3,1,0,0
2,206,527,188,366,0.94,13,10,3,1,0,2
0,341,262,189,302,0.53,13,10,3,1,0,0
4,219,280,144,250,1.3,13,10,3,1,0,2
6,259,540,212,400,2.28,13,10,3,1,0,2
1,482,248,242,365,0.88,13,10,3,1,0,2
9,167,494,166,330,0.86,13,10,3,1,0,2
3,465,438,274,452,2.02,13,10,3,1,0,2
8,177,250,121,214,1.01,14,10,3,1,0,2
5,182,269,127,226,0.53,14,10,3,1,0,0
7,433,335,240,384,0.69,14,10,3,1,0,0
2,316,500,226,408,0.56,14,10,3,1,0,0
0,486,500,294,493,0.74,14,10,3,1,0,0
4,205,465,175,335,1.38,14,10,3,1,0,2
6,379,150,182,264,1.75,14,10,3,1,0,2
1,278,351,181,314,2.3,14,10,3,1,0,2
9,533,163,246,348,1.4,14,10,3,1,0,2
3,421,283,225,352,0.92,14,10,3,1,0,2
8,243,328,163,286,1.84,14,10,3,1,0,2
5,484,352,264,418,2.09,14,10,3,1,0,2
7,437,414,258,426,1.65,14,10,3,1,0,2
2,221,422,173,322,2.43,14,10,3,1,0,2
0,256,427,188,342,1.59,14,10,3,1,0,2
4,374,534,256,454,1.12,14,10,3,1,0,2
6,185,410,156,298,1.8,14,10,3,1,0,2
1,315,372,200,344,2.0,14,10,3,1,0,2
9,223,448,179,336,1.94,14,10,3,1,0,2
3,371,528,254,450,1.43,14,10,3,1,0,2
8,329,355,203,342,1.76,14,10,3,1,0,2
5,550,468,314,509,0.55,14,10,3,1,0,0
7,403,500,261,452,1.33,14,10,3,1,0,2
2,528,317,275,422,2.44,14,10,3,1,0,2
0,220,392,166,306,1.06,14,10,3,1,0,2
4,169,214,110,192,1.42,14,10,3,1,0,2
6,289,365,189,327,2.06,14,10,3,1,0,2
1,417,190,205,304,1.66,14,10,3,1,0,2
9,394,409,239,402,1.81,14,10,3,1,0,2
3,360,316,207,338,2.04,14,10,3,1,0,2
8,171,391,147,281,1.73,14,10,3,1,0,2
5,307,376,198,342,1.55,14,10,3,1,0,2
7,341,401,217,371,2.35,14,10,3,1,0,2
2,467,498,286,482,1.63,14,10,3,1,0,2
0,455,276,237,366,1.68,14,10,3,1,0,2
4,411,314,227,362,1.36,14,10,3,1,0,2
6,409,499,263,454,0.91,14,10,3,1,0,2
1,382,515,256,448,1.31,14,10,3,1,0,2
9,457,468,276,462,1.63,14,10,3,1,0,2
3,266,286,164,276,1.69,14,10,3,1,0,2
8,366,243,195,304,1.21,15,10,3,1,0,2
5,360,197,183,278,1.92,15,10,3,1,0,2
7,282,338,180,310,2.0,15,10,3,1,0,2
2,405,402,242,404,1.87,15,10,3,1,0,2
0,333,202,174,268,2.31,15,10,3,1,0,2
4,416,536,274,476,0.83,15,10,3,1,0,2
6,462,213,227,338,1.08,15,10,3,1,0,2
1,311,192,163,252,1.85,15,10,3,1,0,2
9,273,526,214,400,2.23,15,10,3,1,0,2
3,256,402,183,329,0.95,15,10,3,1,0,2
8,432,304,234,368,1.3,15,10,3,1,0,2
5,365,181,182,273,0.66,15,10,3,1,0,0
7,300,400,200,350,0.97,15,10,3,1,0,2
2,246,217,142,232,1.95,15,10,3,1,0,2
0,441,150,206,296,2.22,15,10,3,1,0,2
4,289,274,170,282,1.73,15,10,3,1,0,2
6,166,208,108,187,1.13,15,10,3,1,0,2
1,378,431,237,404,2.47,15,10,3,1,0,2
9,278,291,169,284,1.94,15,10,3,1,0,2
3,443,523,282,483,1.16,15,10,3,1,0,2
8,456,171,217,314,1.98,15,10,3,1,0,2
5,541,413,299,477,2.22,15,10,3,1,0,2
7,517,212,249,364,1.79,15,10,3,1,0,2
2,376,451,241,414,1.14,15,10,3,1,0,2
0,192,399,157,296,2.16,15,10,3,1,0,2
4,231,545,201,388,0.72,15,10,3,1,0,0
6,448,191,217,320,2.07,15,10,3,1,0,2
1,292,368,190,330,0.77,15,10,3,1,0,2
9,245,384,175,314,0.68,15,10,3,1,0,0
3,314,205,167,260,1.34,15,10,3,1,0,2
8,254,429,187,342,0.58,15,10,3,1,0,0
5,231,250,142,240,1.21,15,10,3,1,0,2
7,449,228,225,338,2.22,15,10,3,1,0,2
2,263,328,171,296,1.07,15,10,3,1,0,2
0,398,311,221,354,2.45,15,10,3,1,0,2
4,227,530,197,378,1.31,15,10,3,1,0,2
6,469,189,225,329,1.72,15,10,3,1,0,2
1,302,368,194,335,1.57,15,10,3,1,0,2
9,213,396,164,304,1.58,15,10,3,1,0,2
3,485,542,302,514,2.16,15,10,3,1,0,2
8,462,516,288,489,1.39,16,10,3,1,0,2
5,543,242,266,392,1.63,16,10,3,1,0,2
7,536,494,313,515,0.97,16,10,3,1,0,2
2,214,408,167,311,1.21,16,10,3,1,0,2
0,369,340,216,354,1.14,16,10,3,1,0,2
4,394,397,237,396,2.43,16,10,3,1,0,2
6,353,261,193,307,2.08,16,10,3,1,0,2
1,476,296,250,386,0.54,16,10,3,1,0,0
9,446,457,270,452,0.81,16,10,3,1,0,2
3,474,510,292,492,0.86,16,10,3,1,0,2
8,298,460,211,379,1.73,16,10,3,1,0,2
5,388,312,218,350,1.22,16,10,3,1,0,2
7,429,424,256,426,1.85,16,10,3,1,0,2
2,314,177,161,246,0.6,16,10,3,1,0,0
0,479,505,293,492,0.62,16,10,3,1,0,0
4,533,418,297,476,1.34,16,10,3,1,0,2
6,249,236,147,242,0.91,16,10,3,1,0,2
1,278,240,159,259,1.48,16,10,3,1,0,2
9,151,200,100,176,2.33,16,10,3,1,0,2
3,525,291,268,408,1.81,16,10,3,1,0,2
8,322,543,237,432,1.51,16,10,3,1,0,2
5,175,206,111,190,1.45,16,10,3,1,0,2
7,470,426,273,448,2.27,16,10,3,1,0,2
2,391,242,205,316,0.98,16,10,3,1,0,2
0,291,207,158,249,0.96,16,10,3,1,0,2
4,440,471,270,456,1.83,16,10,3,1,0,2
6,414,252,216,333,2.07,16,10,3,1,0,2
1,318,245,176,282,0.67,16,10,3,1,0,0
9,323,229,175,276,2.18,16,10,3,1,0,2
3,503,253,252,378,1.13,16,10,3,1,0,2
8,369,221,192,295,1.75,16,10,3,1,0,2
5,419,189,205,304,0.66,16,10,3,1,0,0
7,170,221,112,196,1.44,16,10,3,1,0,2
2,311,510,226,410,1.3,16,10,3,1,0,2
0,453,300,241,376,1.24,16,10,3,1,0,2
4,537,546,324,542,2.02,16,10,3,1,0,2
6,424,238,217,331,0.57,16,10,3,1,0,0
1,254,398,181,326,1.27,16,10,3,1,0,2
9,247,295,158,271,2.06,16,10,3,1,0,2
3,338,402,216,370,0.7,16,10,3,1,0,0
8,780,2431,798,1606,4.46,17,10,3,1,0,2
5,961,1582,701,1272,4.36,17,10,3,1,0,2
7,779,2070,726,1424,4.77,17,10,3,1,0,2
2,1109,1712,786,1410,5.41,17,10,3,1,0,2
0,636,1909,636,1272,4.88,17,10,3,1,0,2
4,1064,1831,792,1448,5.38,17,10,3,1,0,2
6,1049,1726,765,1388,4.38,17,10,3,1,0,2
1,1113,1751,795,1432,3.13,17,10,3,1,0,2
9,1007,1396,682,1202,5.11,17,10,3,1,0,2
3,687,1479,571,1083,5.26,17,10,3,1,0,2
8,1060,1700,764,1380,4.36,17,10,3,1,0,2
5,937,2601,895,1769,3.79,17,10,3,1,0,2
7,627,2011,653,1319,4.91,17,10,3,1,0,2
2,1185,1145,703,1165,3.66,17,10,3,1,0,2
0,1040,2243,865,1642,3.77,17,10,3,1,0,2
4,610,1762,596,1186,3.16,17,10,3,1,0,2
6,916,1732,713,1324,5.46,17,10,3,1,0,2
1,615,2301,706,1458,3.74,17,10,3,1,0,2
9,764,2786,863,1775,4.28,17,10,3,1,0,2
3,666,1069,480,868,3.41,17,10,3,1,0,2
8,755,2163,735,1459,5.16,17,10,3,1,0,2
5,1106,2689,980,1898,3.57,17,10,3,1,0,2
7,1040,1432,702,1236,5.18,17,10,3,1,0,2
2,1004,2383,878,1694,4.66,17,10,3,1,0,2
0,873,1023,554,948,5.66,17,10,3,1,0,2
4,984,1723,738,1354,4.16,17,10,3,1,0,2
6,650,1423,545,1036,5.55,17,10,3,1,0,2
1,1077,1783,787,1430,4.14,17,10,3,1,0,2
9,996,2566,912,1781,4.11,17,10,3,1,0,2
3,688,1824,640,1256,4.64,17,10,3,1,0,2
8,1177,2199,911,1688,5.02,17,10,3,1,0,2
5,996,2279,854,1638,4.07,17,10,3,1,0,2
7,1073,2002,830,1538,3.54,17,10,3,1,0,2
2,1194,1270,732,1232,4.27,17,10,3,1,0,2
0,713,1536,592,1124,5.19,17,10,3,1,0,2
4,956,1797,742,1376,3.49,17,10,3,1,0,2
6,883,2463,846,1673,3.32,17,10,3,1,0,2
1,1099,1671,774,1385,4.46,17,10,3,1,0,2
9,769,1462,600,1116,3.97,17,10,3,1,0,2
3,630,1596,571,1113,3.04,17,10,3,1,0,2
8,680,2390,750,1535,3.58,18,10,3,1,0,2
5,745,1286,555,1016,5.01,18,10,3,1,0,2
7,1038,2121,839,1580,5.28,18,10,3,1,0,2
2,878,1699,691,1288,4.75,18,10,3,1,0,2
0,652,1324,526,988,3.31,18,10,3,1,0,2
4,1178,2590,989,1884,5.05,18,10,3,1,0,2
6,954,1230,628,1092,5.14,18,10,3,1,0,2
1,816,2443,815,1630,4.05,18,10,3,1,0,2
9,623,1308,511,966,5.17,18,10,3,1,0,2
3,613,1206,486,910,5.61,18,10,3,1,0,2
8,807,1168,556,988,4.56,18,10,3,1,0,2
5,962,2760,937,1861,4.31,18,10,3,1,0,2
7,907,2583,879,1745,4.16,18,10,3,1,0,2
2,1094,1888,815,1491,3.39,18,10,3,1,0,2
0,746,1273,553,1010,4.19,18,10,3,1,0,2
4,886,2497,854,1692,3.43,18,10,3,1,0,2
6,1115,1975,841,1545,5.6,18,10,3,1,0,2
1,855,1434,629,1144,3.6,18,10,3,1,0,2
9,826,2255,781,1540,3.82,18,10,3,1,0,2
3,1101,2774,995,1938,5.07,18,10,3,1,0,2
8,672,2416,752,1544,3.73,18,10,3,1,0,2
5,741,2768,850,1754,3.17,18,10,3,1,0,2
7,672,1494,568,1083,4.97,18,10,3,1,0,2
2,1187,1605,796,1396,4.7,18,10,3,1,0,2
0,748,1242,548,995,3.45,18,10,3,1,0,2
4,630,1969,646,1300,3.13,18,10,3,1,0,2
6,727,1319,555,1023,3.84,18,10,3,1,0,2
1,648,2163,692,1406,3.39,18,10,3,1,0,2
9,812,2626,850,1719,3.5,18,10,3,1,0,2
3,884,2131,780,1508,4.44,18,10,3,1,0,2
8,1199,2362,952,1780,5.37,18,10,3,1,0,2
5,1019,1285,665,1152,5.66,18,10,3,1,0,2
7,890,2721,900,1806,4.56,18,10,3,1,0,2
2,938,1452,666,1195,3.68,18,10,3,1,0,2
0,1167,1414,750,1290,5.41,18,10,3,1,0,2
4,756,2358,774,1557,3.57,18,10,3,1,0,2
6,680,1406,553,1043,5.49,18,10,3,1,0,2
1,1124,1344,718,1234,3.1,18,10,3,1,0,2
9,1020,1169,642,1094,4.15,18,10,3,1,0,2
3,618,1807,609,1212,5.16,18,10,3,1,0,2
8,1055,2422,906,1738,3.46,19,10,3,1,0,2
5,1190,1732,822,1461,3.57,19,10,3,1,0,2
7,682,2613,795,1648,5.5,19,10,3,1,0,2
2,1018,2739,955,1878,4.13,19,10,3,1,0,2
0,712,1656,616,1184,3.33,19,10,3,1,0,2
4,745,1287,555,1016,4.05,19,10,3,1,0,2
6,627,1842,619,1234,5.0,19,10,3,1,0,2
1,957,1076,598,1016,4.69,19,10,3,1,0,2
9,934,1985,771,1460,3.81,19,10,3,1,0,2
3,648,1741,607,1194,5.06,19,10,3,1,0,2
8,1049,1250,670,1150,4.76,19,10,3,1,0,2
5,811,2131,751,1471,4.46,19,10,3,1,0,2
7,811,2617,848,1714,4.25,19,10,3,1,0,2
2,849,2703,880,1776,4.72,19,10,3,1,0,2
0,1121,1316,712,1218,5.79,19,10,3,1,0,2
4,1198,1536,786,1367,5.53,19,10,3,1,0,2
6,779,1642,640,1210,3.33,19,10,3,1,0,2
1,1095,1624,763,1360,3.7,19,10,3,1,0,2
9,869,1716,691,1292,5.11,19,10,3,1,0,2
3,1031,2752,963,1892,5.05,19,10,3,1,0,2
8,1151,2356,932,1754,3.65,19,10,3,1,0,2
5,993,2074,812,1534,4.9,19,10,3,1,0,2
7,897,2677,894,1787,5.26,19,10,3,1,0,2
2,1049,2148,849,1598,4.7,19,10,3,1,0,2
0,1079,1481,728,1280,5.19,19,10,3,1,0,2
4,928,2388,849,1658,3.28,19,10,3,1,0,2
6,1083,2374,908,1728,3.4,19,10,3,1,0,2
1,983,2757,945,1870,5.06,19,10,3,1,0,2
9,1043,1502,718,1272,3.64,19,10,3,1,0,2
3,1066,1078,642,1072,4.1,19,10,3,1,0,2
8,995,2362,870,1678,3.9,19,10,3,1,0,2
5,939,2765,929,1852,3.8,19,10,3,1,0,2
7,988,2485,892,1736,4.02,19,10,3,1,0,2
2,924,1161,602,1042,4.56,19,10,3,1,0,2
0,909,2011,766,1460,5.52,19,10,3,1,0,2
4,619,1462,540,1040,3.28,19,10,3,1,0,2
6,984,2074,808,1529,4.65,19,10,3,1,0,2
1,707,1226,528,966,4.2,19,10,3,1,0,2
9,1054,1476,717,1265,4.5,19,10,3,1,0,2
3,754,1620,626,1187,3.78,19,10,3,1,0,2
8,956,2599,902,1778,4.85,20,10,3,1,0,2
5,749,1034,506,892,5.8,20,10,3,1,0,2
7,637,1120,479,878,5.62,20,10,3,1,0,2
2,980,1995,791,1488,3.96,20,10,3,1,0,2
0,653,1353,532,1003,5.72,20,10,3,1,0,2
4,912,2612,887,1762,3.32,20,10,3,1,0,2
6,989,2754,946,1872,4.06,20,10,3,1,0,2
1,1075,2056,841,1566,5.16,20,10,3,1,0,2
9,815,1419,610,1117,3.15,20,10,3,1,0,2
3,1194,1962,870,1578,4.89,20,10,3,1,0,2
8,673,2687,807,1680,4.98,20,10,3,1,0,2
5,1105,2264,895,1684,5.75,20,10,3,1,0,2
7,1141,1516,760,1328,4.12,20,10,3,1,0,2
2,927,1079,587,1003,4.96,20,10,3,1,0,2
0,871,1369,622,1120,4.86,20,10,3,1,0,2
4,1173,2457,961,1815,4.32,20,10,3,1,0,2
6,1181,1604,793,1392,4.81,20,10,3,1,0,2
1,1198,2762,1032,1980,4.64,20,10,3,1,0,2
9,641,2275,711,1458,5.67,20,10,3,1,0,2
3,847,1036,546,942,5.06,20,10,3,1,0,2
8,1132,1121,677,1126,5.38,20,10,3,1,0,2
5,972,1171,623,1072,3.2,20,10,3,1,0,2
7,966,1508,688,1237,4.85,20,10,3,1,0,2
2,730,1789,650,1260,5.43,20,10,3,1,0,2
0,1131,1383,729,1257,4.46,20,10,3,1,0,2
4,895,2420,842,1658,3.17,20,10,3,1,0,2
6,742,1873,671,1308,4.41,20,10,3,1,0,2
1,709,2100,704,1404,4.14,20,10,3,1,0,2
9,1121,1911,831,1516,4.3,20,10,3,1,0,2
3,605,2159,674,1382,3.18,20,10,3,1,0,2
8,1176,1883,847,1530,3.74,20,10,3,1,0,2
5,1039,1011,618,1025,5.29,20,10,3,1,0,2
7,1101,2641,969,1871,3.08,20,10,3,1,0,2
2,1156,2540,970,1848,5.02,20,10,3,1,0,2
0,987,1062,607,1024,5.57,20,10,3,1,0,2
4,604,1141,470,872,3.96,20,10,3,1,0,2
6,764,1190,544,977,4.01,20,10,3,1,0,2
1,1079,2250,882,1664,3.96,20,10,3,1,0,2
9,823,2036,736,1430,4.9,20,10,3,1,0,2
3,1090,1736,783,1413,3.6,20,10,3,1,0,2
8,486,334,261,410,1.72,21,10,3,1,0,2
5,177,330,137,254,0.94,21,10,3,1,0,2
7,158,314,126,236,1.8,21,10,3,1,0,2
2,382,159,185,270,1.05,21,10,3,1,0,2
0,347,300,199,324,1.8,21,10,3,1,0,2
4,437,356,246,396,2.4,21,10,3,1,0,2
6,297,204,160,250,2.31,21,10,3,1,0,2
1,358,505,244,432,1.21,21,10,3,1,0,2
9,519,240,256,380,1.7,21,10,3,1,0,2
3,162,373,139,268,0.86,21,10,3,1,0,2
8,536,287,272,412,1.59,21,10,3,1,0,2
5,383,391,231,387,2.01,21,10,3,1,0,2
7,317,346,196,332,2.31,21,10,3,1,0,2
2,526,526,316,526,2.35,21,10,3,1,0,2
0,224,489,187,356,0.86,21,10,3,1,0,2
4,154,482,158,318,0.83,21,10,3,1,0,2
6,473,425,274,449,0.62,21,10,3,1,0,0
1,352,453,231,402,1.52,21,10,3,1,0,2
9,355,354,213,354,1.26,21,10,3,1,0,2
3,526,234,257,380,0.71,21,10,3,1,0,0
8,549,545,329,547,2.09,21,10,3,1,0,2
5,493,247,247,370,1.08,21,10,3,1,0,2
7,518,399,287,458,1.97,21,10,3,1,0,2
2,392,161,189,276,0.6,21,10,3,1,0,0
0,330,417,215,374,2.33,21,10,3,1,0,2
4,294,258,169,276,1.21,21,10,3,1,0,2
6,533,295,272,414,2.28,21,10,3,1,0,2
1,335,179,170,257,0.55,21,10,3,1,0,0
9,547,306,280,426,2.37,21,10,3,1,0,2
3,178,423,156,300,1.08,21,10,3,1,0,2
8,209,385,161,297,1.84,21,10,3,1,0,2
5,407,328,228,368,0.98,21,10,3,1,0,2
7,178,230,117,204,1.57,21,10,3,1,0,2
2,160,408,146,284,1.47,21,10,3,1,0,2
0,405,152,192,278,2.35,21,10,3,1,0,2
4,211,168,118,190,2.25,21,10,3,1,0,2
6,445,323,243,384,0.68,21,10,3,1,0,0
1,181,402,153,292,1.74,21,10,3,1,0,2
9,258,280,159,269,1.1,21,10,3,1,0,2
3,269,347,177,308,1.97,21,10,3,1,0,2
8,376,518,254,447,1.48,22,10,3,1,0,2
5,402,320,225,361,0.63,22,10,3,1,0,0
7,518,177,243,348,1.4,22,10,3,1,0,2
2,421,390,246,406,1.77,22,10,3,1,0,2
0,457,511,285,484,1.99,22,10,3,1,0,2
4,319,428,213,374,1.22,22,10,3,1,0,2
6,222,419,173,320,1.14,22,10,3,1,0,2
1,329,297,191,313,2.2,22,10,3,1,0,2
9,299,354,190,326,2.46,22,10,3,1,0,2
3,373,189,187,281,1.64,22,10,3,1,0,2
8,272,289,167,280,1.66,22,10,3,1,0,2
5,373,540,257,456,0.59,22,10,3,1,0,0
7,291,326,182,308,2.0,22,10,3,1,0,2
2,313,446,214,380,0.74,22,10,3,1,0,0
0,370,480,244,425,1.43,22,10,3,1,0,2
4,208,475,178,342,2.45,22,10,3,1,0,2
6,236,183,131,210,0.73,22,10,3,1,0,0
1,151,511,163,331,1.92,22,10,3,1,0,2
9,432,307,234,370,2.13,22,10,3,1,0,2
3,446,434,265,440,1.48,22,10,3,1,0,2
8,541,305,277,423,1.51,22,10,3,1,0,2
5,450,327,245,388,0.59,22,10,3,1,0,0
7,320,517,231,418,1.98,22,10,3,1,0,2
2,276,316,174,296,0.55,22,10,3,1,0,0
0,442,277,232,360,1.57,22,10,3,1,0,2
4,362,294,204,328,0.77,22,10,3,1,0,2
6,186,320,138,253,0.77,22,10,3,1,0,2
1,436,178,210,307,1.21,22,10,3,1,0,2
9,198,465,172,332,1.89,22,10,3,1,0,2
3,239,160,128,200,2.08,22,10,3,1,0,2
8,211,508,186,360,1.7,22,10,3,1,0,2
5,301,492,219,396,1.77,22,10,3,1,0,2
7,229,316,155,272,1.89,22,10,3,1,0,2
2,215,493,185,354,0.86,22,10,3,1,0,2
0,537,395,294,466,2.49,22,10,3,1,0,2
4,362,541,253,452,2.04,22,10,3,1,0,2
6,300,233,167,266,2.25,22,10,3,1,0,2
1,228,406,172,317,1.5,22,10,3,1,0,2
9,521,210,250,366,1.42,22,10,3,1,0,2
3,393,272,212,332,2.36,22,10,3,1,0,2
8,327,242,179,284,1.06,23,10,3,1,0,2
5,456,379,258,418,2.32,23,10,3,1,0,2
7,247,357,170,302,0.74,23,10,3,1,0,0
2,269,266,161,268,1.39,23,10,3,1,0,2
0,489,508,297,498,0.99,23,10,3,1,0,2
4,224,186,127,205,2.06,23,10,3,1,0,2
6,230,336,159,283,0.72,23,10,3,1,0,0
1,486,321,259,404,2.34,23,10,3,1,0,2
9,317,157,158,237,0.62,23,10,3,1,0,0
3,329,507,233,418,1.75,23,10,3,1,0,2
8,449,544,288,496,1.89,23,10,3,1,0,2
5,221,370,162,296,1.35,23,10,3,1,0,2
7,340,335,203,338,0.58,23,10,3,1,0,0
2,217,445,176,331,0.57,23,10,3,1,0,0
0,257,267,156,262,2.25,23,10,3,1,0,2
4,224,154,120,189,2.1,23,10,3,1,0,2
6,365,393,225,379,1.52,23,10,3,1,0,2
1,244,333,164,288,2.14,23,10,3,1,0,2
9,520,438,296,479,1.86,23,10,3,1,0,2
3,279,203,152,241,1.56,23,10,3,1,0,2
8,336,530,240,433,2.31,23,10,3,1,0,2
5,498,316,262,407,0.8,23,10,3,1,0,2
7,221,546,198,384,2.33,23,10,3,1,0,2
2,443,286,234,364,0.51,23,10,3,1,0,0
0,157,258,114,208,1.77,23,10,3,1,0,2
4,402,282,217,342,2.37,23,10,3,1,0,2
6,500,431,286,466,0.64,23,10,3,1,0,0
1,315,252,176,284,0.82,23,10,3,1,0,2
9,535,540,322,538,0.88,23,10,3,1,0,2
3,449,337,247,393,0.69,23,10,3,1,0,0
8,480,524,297,502,1.36,23,10,3,1,0,2
5,264,372,180,318,2.17,23,10,3,1,0,2
7,205,380,158,292,0.7,23,10,3,1,0,0
2,395,385,235,390,0.98,23,10,3,1,0,2
0,345,529,244,437,0.57,23,10,3,1,0,0
4,394,161,190,278,0.85,23,10,3,1,0,2
6,370,462,240,416,2.24,23,10,3,1,0,2
1,356,486,240,421,2.15,23,10,3,1,0,2
9,388,484,252,436,2.2,23,10,3,1,0,2
3,285,205,155,245,1.16,23,10,3,1,0,2
8,0,0,0,0,0.0,0,11,3,2,0,1
5,0,0,0,0,0.0,0,11,3,2,0,1
7,0,0,0,0,0.0,0,11,3,2,0,1
2,0,0,0,0,0.0,0,11,3,2,0,1
0,0,0,0,0,0.0,0,11,3,2,0,1
4,0,0,0,0,0.0,0,11,3,2,0,1
6,0,0,0,0,0.0,0,11,3,2,0,1
1,0,0,0,0,0.0,0,11,3,2,0,1
9,0,0,0,0,0.0,0,11,3,2,0,1
3,0,0,0,0,0.0,0,11,3,2,0,1
8,0,0,0,0,0.0,0,11,3,2,0,1
5,0,0,0,0,0.0,0,11,3,2,0,1
7,0,0,0,0,0.0,0,11,3,2,0,1
2,0,0,0,0,0.0,0,11,3,2,0,1
0,0,0,0,0,0.0,0,11,3,2,0,1
4,0,0,0,0,0.0,0,11,3,2,0,1
6,0,0,0,0,0.0,0,11,3,2,0,1
1,0,0,0,0,0.0,0,11,3,2,0,1
9,0,0,0,0,0.0,0,11,3,2,0,1
3,0,0,0,0,0.0,0,11,3,2,0,1
8,0,0,0,0,0.0,0,11,3,2,0,1
5,0,0,0,0,0.0,0,11,3,2,0,1
7,0,0,0,0,0.0,0,11,3,2,0,1
2,0,0,0,0,0.0,0,11,3,2,0,1
0,0,0,0,0,0.0,0,11,3,2,0,1
4,0,0,0,0,0.0,0,11,3,2,0,1
6,0,0,0,0,0.0,0,11,3,2,0,1
1,0,0,0,0,0.0,0,11,3,2,0,1
9,0,0,0,0,0.0,0,11,3,2,0,1
3,0,0,0,0,0.0,0,11,3,2,0,1
8,0,0,0,0,0.0,0,11,3,2,0,1
5,0,0,0,0,0.0,0,11,3,2,0,1
7,0,0,0,0,0.0,0,11,3,2,0,1
2,0,0,0,0,0.0,0,11,3,2,0,1
0,0,0,0,0,0.0,0,11,3,2,0,1
4,0,0,0,0,0.0,0,11,3,2,0,1
6,0,0,0,0,0.0,0,11,3,2,0,1
1,0,0,0,0,0.0,0,11,3,2,0,1
9,0,0,0,0,0.0,0,11,3,2,0,1
3,0,0,0,0,0.0,0,11,3,2,0,1
8,0,0,0,0,0.0,1,11,3,2,0,1
5,0,0,0,0,0.0,1,11,3,2,0,1
7,0,0,0,0,0.0,1,11,3,2,0,1
2,0,0,0,0,0.0,1,11,3,2,0,1
0,0,0,0,0,0.0,1,11,3,2,0,1
4,0,0,0,0,0.0,1,11,3,2,0,1
6,0,0,0,0,0.0,1,11,3,2,0,1
1,0,0,0,0,0.0,1,11,3,2,0,1
9,0,0,0,0,0.0,1,11,3,2,0,1
3,0,0,0,0,0.0,1,11,3,2,0,1
8,0,0,0,0,0.0,1,11,3,2,0,1
5,0,0,0,0,0.0,1,11,3,2,0,1
7,0,0,0,0,0.0,1,11,3,2,0,1
2,0,0,0,0,0.0,1,11,3,2,0,1
0,0,0,0,0,0.0,1,11,3,2,0,1
4,0,0,0,0,0.0,1,11,3,2,0,1
6,0,0,0,0,0.0,1,11,3,2,0,1
1,0,0,0,0,0.0,1,11,3,2,0,1
9,0,0,0,0,0.0,1,11,3,2,0,1
3,0,0,0,0,0.0,1,11,3,2,0,1
8,0,0,0,0,0.0,1,11,3,2,0,1
5,0,0,0,0,0.0,1,11,3,2,0,1
7,0,0,0,0,0.0,1,11,3,2,0,1
2,0,0,0,0,0.0,1,11,3,2,0,1
0,0,0,0,0,0.0,1,11,3,2,0,1
4,0,0,0,0,0.0,1,11,3,2,0,1
6,0,0,0,0,0.0,1,11,3,2,0,1
1,0,0,0,0,0.0,1,11,3,2,0,1
9,0,0,0,0,0.0,1,11,3,2,0,1
3,0,0,0,0,0.0,1,11,3,2,0,1
8,0,0,0,0,0.0,1,11,3,2,0,1
5,0,0,0,0,0.0,1,11,3,2,0,1
7,0,0,0,0,0.0,1,11,3,2,0,1
2,0,0,0,0,0.0,1,11,3,2,0,1
0,0,0,0,0,0.0,1,11,3,2,0,1
4,0,0,0,0,0.0,1,11,3,2,0,1
6,0,0,0,0,0.0,1,11,3,2,0,1
1,0,0,0,0,0.0,1,11,3,2,0,1
9,0,0,0,0,0.0,1,11,3,2,0,1
3,0,0,0,0,0.0,1,11,3,2,0,1
8,0,0,0,0,0.0,2,11,3,2,0,1
5,0,0,0,0,0.0,2,11,3,2,0,1
7,0,0,0,0,0.0,2,11,3,2,0,1
2,0,0,0,0,0.0,2,11,3,2,0,1
0,0,0,0,0,0.0,2,11,3,2,0,1
4,0,0,0,0,0.0,2,11,3,2,0,1
6,0,0,0,0,0.0,2,11,3,2,0,1
1,0,0,0,0,0.0,2,11,3,2,0,1
9,0,0,0,0,0.0,2,11,3,2,0,1
3,0,0,0,0,0.0,2,11,3,2,0,1
8,0,0,0,0,0.0,2,11,3,2,0,1
5,0,0,0,0,0.0,2,11,3,2,0,1
7,0,0,0,0,0.0,2,11,3,2,0,1
2,0,0,0,0,0.0,2,11,3,2,0,1
0,0,0,0,0,0.0,2,11,3,2,0,1
4,0,0,0,0,0.0,2,11,3,2,0,1
6,0,0,0,0,0.0,2,11,3,2,0,1
1,0,0,0,0,0.0,2,11,3,2,0,1
9,0,0,0,0,0.0,2,11,3,2,0,1
3,0,0,0,0,0.0,2,11,3,2,0,1
8,0,0,0,0,0.0,2,11,3,2,0,1
5,0,0,0,0,0.0,2,11,3,2,0,1
7,0,0,0,0,0.0,2,11,3,2,0,1
2,0,0,0,0,0.0,2,11,3,2,0,1
0,0,0,0,0,0.0,2,11,3,2,0,1
4,0,0,0,0,0.0,2,11,3,2,0,1
6,0,0,0,0,0.0,2,11,3,2,0,1
1,0,0,0,0,0.0,2,11,3,2,0,1
9,0,0,0,0,0.0,2,11,3,2,0,1
3,0,0,0,0,0.0,2,11,3,2,0,1
8,0,0,0,0,0.0,2,11,3,2,0,1
5,0,0,0,0,0.0,2,11,3,2,0,1
7,0,0,0,0,0.0,2,11,3,2,0,1
2,0,0,0,0,0.0,2,11,3,2,0,1
0,0,0,0,0,0.0,2,11,3,2,0,1
4,0,0,0,0,0.0,2,11,3,2,0,1
6,0,0,0,0,0.0,2,11,3,2,0,1
1,0,0,0,0,0.0,2,11,3,2,0,1
9,0,0,0,0,0.0,2,11,3,2,0,1
3,0,0,0,0,0.0,2,11,3,2,0,1
8,0,0,0,0,0.0,3,11,3,2,0,1
5,0,0,0,0,0.0,3,11,3,2,0,1
7,0,0,0,0,0.0,3,11,3,2,0,1
2,0,0,0,0,0.0,3,11,3,2,0,1
0,0,0,0,0,0.0,3,11,3,2,0,1
4,0,0,0,0,0.0,3,11,3,2,0,1
6,0,0,0,0,0.0,3,11,3,2,0,1
1,0,0,0,0,0.0,3,11,3,2,0,1
9,0,0,0,0,0.0,3,11,3,2,0,1
3,0,0,0,0,0.0,3,11,3,2,0,1
8,0,0,0,0,0.0,3,11,3,2,0,1
5,0,0,0,0,0.0,3,11,3,2,0,1
7,0,0,0,0,0.0,3,11,3,2,0,1
2,0,0,0,0,0.0,3,11,3,2,0,1
0,0,0,0,0,0.0,3,11,3,2,0,1
4,0,0,0,0,0.0,3,11,3,2,0,1
6,0,0,0,0,0.0,3,11,3,2,0,1
1,0,0,0,0,0.0,3,11,3,2,0,1
9,0,0,0,0,0.0,3,11,3,2,0,1
3,0,0,0,0,0.0,3,11,3,2,0,1
8,0,0,0,0,0.0,3,11,3,2,0,1
5,0,0,0,0,0.0,3,11,3,2,0,1
7,0,0,0,0,0.0,3,11,3,2,0,1
2,0,0,0,0,0.0,3,11,3,2,0,1
0,0,0,0,0,0.0,3,11,3,2,0,1
4,0,0,0,0,0.0,3,11,3,2,0,1
6,0,0,0,0,0.0,3,11,3,2,0,1
1,0,0,0,0,0.0,3,11,3,2,0,1
9,0,0,0,0,0.0,3,11,3,2,0,1
3,0,0,0,0,0.0,3,11,3,2,0,1
8,0,0,0,0,0.0,3,11,3,2,0,1
5,0,0,0,0,0.0,3,11,3,2,0,1
7,0,0,0,0,0.0,3,11,3,2,0,1
2,0,0,0,0,0.0,3,11,3,2,0,1
0,0,0,0,0,0.0,3,11,3,2,0,1
4,0,0,0,0,0.0,3,11,3,2,0,1
6,0,0,0,0,0.0,3,11,3,2,0,1
1,0,0,0,0,0.0,3,11,3,2,0,1
9,0,0,0,0,0.0,3,11,3,2,0,1
3,0,0,0,0,0.0,3,11,3,2,0,1
8,0,0,0,0,0.0,4,11,3,2,0,1
5,0,0,0,0,0.0,4,11,3,2,0,1
7,0,0,0,0,0.0,4,11,3,2,0,1
2,0,0,0,0,0.0,4,11,3,2,0,1
0,0,0,0,0,0.0,4,11,3,2,0,1
4,0,0,0,0,0.0,4,11,3,2,0,1
6,0,0,0,0,0.0,4,11,3,2,0,1
1,0,0,0,0,0.0,4,11,3,2,0,1
9,0,0,0,0,0.0,4,11,3,2,0,1
3,0,0,0,0,0.0,4,11,3,2,0,1
8,0,0,0,0,0.0,4,11,3,2,0,1
5,0,0,0,0,0.0,4,11,3,2,0,1
7,0,0,0,0,0.0,4,11,3,2,0,1
2,0,0,0,0,0.0,4,11,3,2,0,1
0,0,0,0,0,0.0,4,11,3,2,0,1
4,0,0,0,0,0.0,4,11,3,2,0,1
6,0,0,0,0,0.0,4,11,3,2,0,1
1,0,0,0,0,0.0,4,11,3,2,0,1
9,0,0,0,0,0.0,4,11,3,2,0,1
3,0,0,0,0,0.0,4,11,3,2,0,1
8,0,0,0,0,0.0,4,11,3,2,0,1
5,0,0,0,0,0.0,4,11,3,2,0,1
7,0,0,0,0,0.0,4,11,3,2,0,1
2,0,0,0,0,0.0,4,11,3,2,0,1
0,0,0,0,0,0.0,4,11,3,2,0,1
4,0,0,0,0,0.0,4,11,3,2,0,1
6,0,0,0,0,0.0,4,11,3,2,0,1
1,0,0,0,0,0.0,4,11,3,2,0,1
9,0,0,0,0,0.0,4,11,3,2,0,1
3,0,0,0,0,0.0,4,11,3,2,0,1
8,0,0,0,0,0.0,4,11,3,2,0,1
5,0,0,0,0,0.0,4,11,3,2,0,1
7,0,0,0,0,0.0,4,11,3,2,0,1
2,0,0,0,0,0.0,4,11,3,2,0,1
0,0,0,0,0,0.0,4,11,3,2,0,1
4,0,0,0,0,0.0,4,11,3,2,0,1
6,0,0,0,0,0.0,4,11,3,2,0,1
1,0,0,0,0,0.0,4,11,3,2,0,1
9,0,0,0,0,0.0,4,11,3,2,0,1
3,0,0,0,0,0.0,4,11,3,2,0,1
8,0,0,0,0,0.0,5,11,3,2,0,1
5,0,0,0,0,0.0,5,11,3,2,0,1
7,0,0,0,0,0.0,5,11,3,2,0,1
2,0,0,0,0,0.0,5,11,3,2,0,1
0,0,0,0,0,0.0,5,11,3,2,0,1
4,0,0,0,0,0.0,5,11,3,2,0,1
6,0,0,0,0,0.0,5,11,3,2,0,1
1,0,0,0,0,0.0,5,11,3,2,0,1
9,0,0,0,0,0.0,5,11,3,2,0,1
3,0,0,0,0,0.0,5,11,3,2,0,1
8,0,0,0,0,0.0,5,11,3,2,0,1
5,0,0,0,0,0.0,5,11,3,2,0,1
7,0,0,0,0,0.0,5,11,3,2,0,1
2,0,0,0,0,0.0,5,11,3,2,0,1
0,0,0,0,0,0.0,5,11,3,2,0,1
4,0,0,0,0,0.0,5,11,3,2,0,1
6,0,0,0,0,0.0,5,11,3,2,0,1
1,0,0,0,0,0.0,5,11,3,2,0,1
9,0,0,0,0,0.0,5,11,3,2,0,1
3,0,0,0,0,0.0,5,11,3,2,0,1
8,0,0,0,0,0.0,5,11,3,2,0,1
5,0,0,0,0,0.0,5,11,3,2,0,1
7,0,0,0,0,0.0,5,11,3,2,0,1
2,0,0,0,0,0.0,5,11,3,2,0,1
0,0,0,0,0,0.0,5,11,3,2,0,1
4,0,0,0,0,0.0,5,11,3,2,0,1
6,0,0,0,0,0.0,5,11,3,2,0,1
1,0,0,0,0,0.0,5,11,3,2,0,1
9,0,0,0,0,0.0,5,11,3,2,0,1
3,0,0,0,0,0.0,5,11,3,2,0,1
8,0,0,0,0,0.0,5,11,3,2,0,1
5,0,0,0,0,0.0,5,11,3,2,0,1
7,0,0,0,0,0.0,5,11,3,2,0,1
2,0,0,0,0,0.0,5,11,3,2,0,1
0,0,0,0,0,0.0,5,11,3,2,0,1
4,0,0,0,0,0.0,5,11,3,2,0,1
6,0,0,0,0,0.0,5,11,3,2,0,1
1,0,0,0,0,0.0,5,11,3,2,0,1
9,0,0,0,0,0.0,5,11,3,2,0,1
3,0,0,0,0,0.0,5,11,3,2,0,1
8,271,279,164,275,0.95,6,11,3,2,0,2
5,404,274,216,339,1.15,6,11,3,2,0,2
7,153,204,102,178,0.61,6,11,3,2,0,0
2,176,151,101,164,1.46,6,11,3,2,0,2
0,468,543,296,506,1.72,6,11,3,2,0,2
4,470,253,239,362,0.88,6,11,3,2,0,2
6,179,176,107,178,1.74,6,11,3,2,0,2
1,175,321,134,248,1.01,6,11,3,2,0,2
9,465,288,244,376,1.45,6,11,3,2,0,2
3,261,174,139,218,1.85,6,11,3,2,0,2
8,542,190,255,366,0.8,6,11,3,2,0,2
5,314,198,165,256,0.57,6,11,3,2,0,0
7,180,404,153,292,2.45,6,11,3,2,0,2
2,457,326,248,392,1.38,6,11,3,2,0,2
0,266,364,179,315,0.71,6,11,3,2,0,0
4,223,268,143,246,2.41,6,11,3,2,0,2
6,389,492,254,440,1.93,6,11,3,2,0,2
1,191,228,122,210,0.65,6,11,3,2,0,0
9,249,418,183,334,1.13,6,11,3,2,0,2
3,229,282,148,256,1.41,6,11,3,2,0,2
8,164,201,106,182,1.75,6,11,3,2,0,2
5,330,182,168,256,2.03,6,11,3,2,0,2
7,339,177,171,258,1.82,6,11,3,2,0,2
2,172,300,129,236,0.82,6,11,3,2,0,2
0,501,291,259,396,0.66,6,11,3,2,0,0
4,399,363,232,381,2.47,6,11,3,2,0,2
6,532,174,248,353,0.93,6,11,3,2,0,2
1,211,350,154,280,2.12,6,11,3,2,0,2
9,527,211,253,369,1.91,6,11,3,2,0,2
3,297,446,208,372,0.57,6,11,3,2,0,0
8,529,284,268,406,1.24,6,11,3,2,0,2
5,429,395,251,412,0.71,6,11,3,2,0,0
7,397,249,209,323,2.39,6,11,3,2,0,2
2,516,422,291,469,2.27,6,11,3,2,0,2
0,526,527,316,526,0.54,6,11,3,2,0,0
4,549,482,316,516,0.57,6,11,3,2,0,0
6,520,329,274,424,1.35,6,11,3,2,0,2
1,472,300,249,386,0.74,6,11,3,2,0,0
9,537,250,265,394,1.65,6,11,3,2,0,2
3,487,310,257,398,0.71,6,11,3,2,0,0
8,430,211,214,320,0.54,7,11,3,2,0,0
5,537,473,309,505,0.61,7,11,3,2,0,0
7,420,307,229,364,0.58,7,11,3,2,0,0
2,432,408,254,420,0.76,7,11,3,2,0,2
0,439,447,265,443,1.69,7,11,3,2,0,2
4,238,533,202,386,0.9,7,11,3,2,0,2
6,436,465,267,450,1.65,7,11,3,2,0,2
1,513,468,299,490,1.8,7,11,3,2,0,2
9,179,510,174,344,2.3,7,11,3,2,0,2
3,444,425,263,434,2.41,7,11,3,2,0,2
8,504,250,252,377,1.89,7,11,3,2,0,2
5,294,318,181,306,0.99,7,11,3,2,0,2
7,474,337,257,406,2.05,7,11,3,2,0,2
2,539,371,290,455,0.7,7,11,3,2,0,0
0,235,285,151,260,2.44,7,11,3,2,0,2
4,228,408,173,318,2.13,7,11,3,2,0,2
6,344,213,180,278,1.85,7,11,3,2,0,2
1,324,302,190,313,2.27,7,11,3,2,0,2
9,284,304,174,294,1.44,7,11,3,2,0,2
3,175,367,143,271,0.68,7,11,3,2,0,0
8,253,278,157,266,2.28,7,11,3,2,0,2
5,173,277,125,225,1.0,7,11,3,2,0,2
7,511,518,308,514,2.34,7,11,3,2,0,2
2,363,249,195,306,1.96,7,11,3,2,0,2
0,220,189,126,204,1.92,7,11,3,2,0,2
4,352,533,247,442,1.2,7,11,3,2,0,2
6,408,307,225,358,1.99,7,11,3,2,0,2
1,316,157,158,236,1.7,7,11,3,2,0,2
9,235,268,148,252,1.44,7,11,3,2,0,2
3,532,156,244,344,2.26,7,11,3,2,0,2
8,476,441,279,458,0.54,7,11,3,2,0,0
5,462,405,266,434,1.54,7,11,3,2,0,2
7,244,537,205,390,1.09,7,11,3,2,0,2
2,308,399,203,354,2.24,7,11,3,2,0,2
0,217,337,154,277,2.14,7,11,3,2,0,2
4,255,500,202,378,1.1,7,11,3,2,0,2
6,204,370,156,287,1.91,7,11,3,2,0,2
1,507,481,299,494,1.48,7,11,3,2,0,2
9,385,328,220,356,1.35,7,11,3,2,0,2
3,325,300,190,312,2.15,7,11,3,2,0,2
8,1091,939,624,1015,5.05,8,11,3,2,0,2
5,2016,955,997,1486,4.14,8,11,3,2,0,2
7,2449,740,1128,1594,4.13,8,11,3,2,0,2
2,834,844,502,839,4.15,8,11,3,2,0,2
0,2172,620,993,1396,4.96,8,11,3,2,0,2
4,1328,854,702,1091,3.56,8,11,3,2,0,2
6,940,999,576,970,4.58,8,11,3,2,0,2
1,1176,700,610,938,3.27,8,11,3,2,0,2
9,2009,887,981,1448,5.51,8,11,3,2,0,2
3,1905,926,947,1416,3.22,8,11,3,2,0,2
8,878,620,475,749,3.95,8,11,3,2,0,2
5,1683,605,794,1144,5.32,8,11,3,2,0,2
7,1612,762,797,1187,4.68,8,11,3,2,0,2
2,1597,653,769,1125,3.3,8,11,3,2,0,2
0,2312,493,1023,1402,4.55,8,11,3,2,0,2
4,2415,943,1155,1679,3.13,8,11,3,2,0,2
6,2478,622,1116,1550,5.17,8,11,3,2,0,2
1,1614,937,833,1276,3.34,8,11,3,2,0,2
9,1926,579,886,1252,3.6,8,11,3,2,0,2
3,1198,518,583,858,4.01,8,11,3,2,0,2
8,1969,700,928,1334,3.16,8,11,3,2,0,2
5,1140,933,643,1036,4.13,8,11,3,2,0,2
7,2019,707,949,1363,3.11,8,11,3,2,0,2
2,1795,805,879,1300,4.4,8,11,3,2,0,2
0,1816,952,917,1384,3.13,8,11,3,2,0,2
4,1744,609,819,1176,4.87,8,11,3,2,0,2
6,1955,841,950,1398,3.76,8,11,3,2,0,2
1,2374,478,1045,1426,4.02,8,11,3,2,0,2
9,1356,772,697,1064,4.69,8,11,3,2,0,2
3,1063,862,598,962,4.06,8,11,3,2,0,2
8,1634,993,852,1314,4.78,8,11,3,2,0,2
5,1755,847,871,1301,5.22,8,11,3,2,0,2
7,1942,582,893,1262,4.32,8,11,3,2,0,2
2,1659,637,791,1148,3.71,8,11,3,2,0,2
0,968,646,516,807,5.35,8,11,3,2,0,2
4,1416,670,700,1043,4.41,8,11,3,2,0,2
6,1429,731,718,1080,5.7,8,11,3,2,0,2
1,2441,899,1156,1670,4.47,8,11,3,2,0,2
9,1397,917,742,1157,4.49,8,11,3,2,0,2
3,1107,893,621,1000,4.84,8,11,3,2,0,2
8,1565,441,714,1003,5.1,9,11,3,2,0,2
5,942,676,512,809,3.58,9,11,3,2,0,2
7,1405,871,736,1138,3.27,9,11,3,2,0,2
2,1143,983,654,1063,4.49,9,11,3,2,0,2
0,816,863,499,840,3.14,9,11,3,2,0,2
4,2460,515,1087,1488,4.51,9,11,3,2,0,2
6,1595,802,798,1198,3.79,9,11,3,2,0,2
1,1547,505,720,1026,3.01,9,11,3,2,0,2
9,1693,995,876,1344,4.97,9,11,3,2,0,2
3,901,605,481,753,4.62,9,11,3,2,0,2
8,2065,682,962,1374,5.53,9,11,3,2,0,2
5,959,450,474,704,4.91,9,11,3,2,0,2
7,1883,401,833,1142,3.32,9,11,3,2,0,2
2,2171,992,1067,1582,4.86,9,11,3,2,0,2
0,1180,974,667,1077,3.6,9,11,3,2,0,2
4,1063,769,579,916,3.04,9,11,3,2,0,2
6,1248,456,590,852,3.77,9,11,3,2,0,2
1,2213,426,970,1320,5.06,9,11,3,2,0,2
9,1689,625,801,1157,4.25,9,11,3,2,0,2
3,1492,839,765,1166,5.16,9,11,3,2,0,2
8,1936,662,907,1299,4.31,9,11,3,2,0,2
5,2181,414,955,1298,4.91,9,11,3,2,0,2
7,2270,526,1013,1398,5.65,9,11,3,2,0,2
2,983,414,476,698,5.63,9,11,3,2,0,2
0,1268,968,701,1118,5.04,9,11,3,2,0,2
4,1242,774,652,1008,4.72,9,11,3,2,0,2
6,1742,661,829,1202,5.02,9,11,3,2,0,2
1,1464,436,673,950,3.29,9,11,3,2,0,2
9,2248,844,1068,1546,3.39,9,11,3,2,0,2
3,1720,601,808,1160,4.92,9,11,3,2,0,2
8,1160,807,625,984,3.9,9,11,3,2,0,2
5,2018,475,902,1246,3.13,9,11,3,2,0,2
7,1432,862,745,1147,4.26,9,11,3,2,0,2
2,1152,673,595,912,4.65,9,11,3,2,0,2
0,913,806,526,860,5.4,9,11,3,2,0,2
4,2094,840,1006,1467,3.7,9,11,3,2,0,2
6,2175,474,965,1324,4.73,9,11,3,2,0,2
1,1602,849,811,1226,4.65,9,11,3,2,0,2
9,1824,770,884,1297,3.04,9,11,3,2,0,2
3,1893,845,926,1369,3.19,9,11,3,2,0,2
8,2416,957,1158,1686,3.28,10,11,3,2,0,2
5,1745,774,853,1260,4.64,10,11,3,2,0,2
7,2470,483,1085,1476,5.51,10,11,3,2,0,2
2,2460,843,1153,1652,3.86,10,11,3,2,0,2
0,942,471,471,706,4.01,10,11,3,2,0,2
4,956,696,522,826,5.29,10,11,3,2,0,2
6,1530,615,735,1072,3.13,10,11,3,2,0,2
1,2351,470,1034,1410,3.39,10,11,3,2,0,2
9,2010,949,994,1480,4.14,10,11,3,2,0,2
3,2085,629,960,1357,3.78,10,11,3,2,0,2
8,1622,960,841,1291,3.96,10,11,3,2,0,2
5,1646,453,749,1050,5.77,10,11,3,2,0,2
7,1491,908,778,1200,3.5,10,11,3,2,0,2
2,831,910,514,870,3.0,10,11,3,2,0,2
0,2154,829,1027,1492,4.4,10,11,3,2,0,2
4,1754,881,878,1318,4.13,10,11,3,2,0,2
6,1029,572,526,800,4.08,10,11,3,2,0,2
1,997,417,482,707,3.72,10,11,3,2,0,2
9,2069,869,1001,1469,3.85,10,11,3,2,0,2
3,1020,677,543,848,4.44,10,11,3,2,0,2
8,2038,596,934,1317,4.34,10,11,3,2,0,2
5,1595,962,830,1278,3.92,10,11,3,2,0,2
7,1421,464,661,942,3.37,10,11,3,2,0,2
2,1888,541,863,1214,4.32,10,11,3,2,0,2
0,960,514,487,737,5.53,10,11,3,2,0,2
4,963,831,551,897,3.18,10,11,3,2,0,2
6,1599,876,815,1238,4.68,10,11,3,2,0,2
1,1313,510,627,912,4.5,10,11,3,2,0,2
9,2295,823,1083,1559,4.29,10,11,3,2,0,2
3,1044,946,607,995,4.54,10,11,3,2,0,2
8,1467,424,672,946,3.34,10,11,3,2,0,2
5,1839,788,893,1314,4.65,10,11,3,2,0,2
7,1355,872,716,1114,3.21,10,11,3,2,0,2
2,2065,968,1020,1516,3.61,10,11,3,2,0,2
0,1571,587,746,1079,3.63,10,11,3,2,0,2
4,1117,693,585,905,3.76,10,11,3,2,0,2
6,1498,558,711,1028,3.53,10,11,3,2,0,2
1,1810,562,836,1186,5.44,10,11,3,2,0,2
9,1108,632,570,870,5.16,10,11,3,2,0,2
3,945,969,572,957,5.32,10,11,3,2,0,2
8,363,518,249,440,1.26,11,11,3,2,0,2
5,483,386,270,434,2.41,11,11,3,2,0,2
7,275,287,167,281,1.69,11,11,3,2,0,2
2,357,172,177,264,1.83,11,11,3,2,0,2
0,380,339,220,360,1.14,11,11,3,2,0,2
4,461,335,251,398,0.84,11,11,3,2,0,2
6,404,417,245,410,1.35,11,11,3,2,0,2
1,228,484,188,356,2.01,11,11,3,2,0,2
9,535,368,288,452,1.71,11,11,3,2,0,2
3,366,502,247,434,1.64,11,11,3,2,0,2
8,261,259,156,260,0.81,11,11,3,2,0,2
5,332,203,173,268,2.06,11,11,3,2,0,2
7,534,542,322,538,1.8,11,11,3,2,0,2
2,228,412,174,320,0.8,11,11,3,2,0,2
0,256,169,136,212,1.8,11,11,3,2,0,2
4,398,338,227,368,2.48,11,11,3,2,0,2
6,519,155,239,337,2.03,11,11,3,2,0,2
1,226,197,130,212,1.34,11,11,3,2,0,2
9,481,540,300,510,2.29,11,11,3,2,0,2
3,390,349,226,370,0.59,11,11,3,2,0,0
8,244,326,163,285,1.32,11,11,3,2,0,2
5,459,195,223,327,2.27,11,11,3,2,0,2
7,513,422,290,468,1.27,11,11,3,2,0,2
2,168,377,143,272,2.01,11,11,3,2,0,2
0,366,283,203,324,2.18,11,11,3,2,0,2
4,341,373,211,357,2.02,11,11,3,2,0,2
6,523,549,319,536,0.9,11,11,3,2,0,2
1,244,202,138,223,1.03,11,11,3,2,0,2
9,481,438,280,460,1.07,11,11,3,2,0,2
3,261,396,184,328,0.7,11,11,3,2,0,0
8,207,173,117,190,1.08,11,11,3,2,0,2
5,235,338,162,286,0.87,11,11,3,2,0,2
7,332,265,186,298,2.34,11,11,3,2,0,2
2,310,537,231,424,1.35,11,11,3,2,0,2
0,165,390,144,278,1.12,11,11,3,2,0,2
4,426,383,247,404,1.39,11,11,3,2,0,2
6,206,230,128,218,0.78,11,11,3,2,0,2
1,434,409,255,422,1.86,11,11,3,2,0,2
9,396,504,259,450,0.66,11,11,3,2,0,0
3,177,332,137,254,1.2,11,11,3,2,0,2
8,406,448,252,427,1.25,12,11,3,2,0,2
5,459,249,233,354,2.07,12,11,3,2,0,2
7,282,417,196,350,0.94,12,11,3,2,0,2
2,523,517,313,520,2.16,12,11,3,2,0,2
0,320,166,161,243,2.45,12,11,3,2,0,2
4,163,275,120,219,1.59,12,11,3,2,0,2
6,509,453,294,481,2.19,12,11,3,2,0,2
1,359,229,189,294,1.71,12,11,3,2,0,2
9,456,199,222,328,2.34,12,11,3,2,0,2
3,173,320,133,246,1.95,12,11,3,2,0,2
8,529,520,316,524,0.94,12,11,3,2,0,2
5,384,322,218,353,1.17,12,11,3,2,0,2
7,358,261,195,310,0.96,12,11,3,2,0,2
2,364,222,190,293,1.21,12,11,3,2,0,2
0,450,424,265,437,1.75,12,11,3,2,0,2
4,462,343,253,402,2.27,12,11,3,2,0,2
6,189,321,140,255,1.07,12,11,3,2,0,2
1,521,223,253,372,1.06,12,11,3,2,0,2
9,356,329,208,342,1.23,12,11,3,2,0,2
3,343,302,198,322,0.67,12,11,3,2,0,0
8,280,473,207,376,0.97,12,11,3,2,0,2
5,456,286,240,371,2.42,12,11,3,2,0,2
7,251,415,183,333,2.15,12,11,3,2,0,2
2,197,459,171,328,0.56,12,11,3,2,0,0
0,294,332,184,313,1.21,12,11,3,2,0,2
4,475,171,224,323,0.98,12,11,3,2,0,2
6,175,525,175,350,1.59,12,11,3,2,0,2
1,308,273,178,290,1.47,12,11,3,2,0,2
9,336,401,215,368,1.68,12,11,3,2,0,2
3,169,188,105,178,2.26,12,11,3,2,0,2
8,524,352,280,438,2.36,12,11,3,2,0,2
5,342,219,181,280,2.26,12,11,3,2,0,2
7,190,527,181,358,2.37,12,11,3,2,0,2
2,493,259,249,376,1.66,12,11,3,2,0,2
0,511,528,310,520,1.25,12,11,3,2,0,2
4,209,300,144,254,2.44,12,11,3,2,0,2
6,503,266,254,384,0.61,12,11,3,2,0,0
1,455,159,214,307,2.09,12,11,3,2,0,2
9,199,440,168,320,0.63,12,11,3,2,0,0
3,365,350,216,358,1.55,12,11,3,2,0,2
8,284,298,173,291,0.81,13,11,3,2,0,2
5,381,296,212,338,1.59,13,11,3,2,0,2
7,471,377,264,424,0.89,13,11,3,2,0,2
2,395,281,214,338,0.67,13,11,3,2,0,0
0,532,353,283,442,0.66,13,11,3,2,0,0
4,542,532,323,537,1.75,13,11,3,2,0,2
6,386,266,208,326,1.42,13,11,3,2,0,2
1,359,314,206,336,2.09,13,11,3,2,0,2
9,535,541,322,538,1.29,13,11,3,2,0,2
3,383,388,231,386,1.9,13,11,3,2,0,2
8,483,235,240,359,1.51,13,11,3,2,0,2
5,156,239,110,198,0.5,13,11,3,2,0,0
7,386,227,200,306,2.03,13,11,3,2,0,2
2,240,344,165,292,1.27,13,11,3,2,0,2
0,474,318,253,396,2.08,13,11,3,2,0,2
4,481,321,257,401,2.3,13,11,3,2,0,2
6,379,486,249,432,1.44,13,11,3,2,0,2
1,214,342,154,278,1.32,13,11,3,2,0,2
9,290,516,219,403,0.95,13,11,3,2,0,2
3,225,161,122,193,0.61,13,11,3,2,0,0
8,167,253,117,210,0.98,13,11,3,2,0,2
5,378,247,201,312,0.78,13,11,3,2,0,2
7,478,507,293,492,1.37,13,11,3,2,0,2
2,260,506,205,383,1.22,13,11,3,2,0,2
0,382,542,261,462,0.59,13,11,3,2,0,0
4,280,533,219,406,1.86,13,11,3,2,0,2
6,365,327,211,346,1.22,13,11,3,2,0,2
1,527,485,308,506,1.36,13,11,3,2,0,2
9,390,239,204,314,1.82,13,11,3,2,0,2
3,436,422,259,429,1.04,13,11,3,2,0,2
8,301,498,220,400,1.17,13,11,3,2,0,2
5,242,254,148,248,1.81,13,11,3,2,0,2
7,414,546,275,480,2.05,13,11,3,2,0,2
2,333,469,227,401,0.56,13,11,3,2,0,0
0,281,372,187,326,0.92,13,11,3,2,0,2
4,360,353,215,356,0.58,13,11,3,2,0,0
6,298,287,177,292,1.28,13,11,3,2,0,2
1,389,490,254,440,0.9,13,11,3,2,0,2
9,330,359,204,344,1.48,13,11,3,2,0,2
3,298,448,209,373,1.48,13,11,3,2,0,2
8,432,370,247,401,2.04,14,11,3,2,0,2
5,372,183,185,278,0.79,14,11,3,2,0,2
7,356,276,198,316,0.56,14,11,3,2,0,0
2,329,455,223,392,2.11,14,11,3,2,0,2
0,191,207,118,199,1.6,14,11,3,2,0,2
4,380,325,217,352,1.1,14,11,3,2,0,2
6,373,416,232,394,1.35,14,11,3,2,0,2
1,422,527,274,474,1.56,14,11,3,2,0,2
9,244,207,139,226,1.8,14,11,3,2,0,2
3,393,463,250,428,1.91,14,11,3,2,0,2
8,224,394,168,309,1.33,14,11,3,2,0,2
5,294,268,171,281,0.58,14,11,3,2,0,0
7,223,231,135,227,1.87,14,11,3,2,0,2
2,441,199,216,320,0.81,14,11,3,2,0,2
0,363,532,252,448,1.51,14,11,3,2,0,2
4,446,490,276,468,0.59,14,11,3,2,0,0
6,195,390,156,292,1.4,14,11,3,2,0,2
1,279,306,173,292,1.51,14,11,3,2,0,2
9,175,151,100,163,2.37,14,11,3,2,0,2
3,456,185,219,320,1.61,14,11,3,2,0,2
8,412,346,234,379,0.62,14,11,3,2,0,0
5,426,277,226,352,2.48,14,11,3,2,0,2
7,350,543,249,446,0.7,14,11,3,2,0,0
2,330,450,222,390,2.3,14,11,3,2,0,2
0,163,487,163,325,1.51,14,11,3,2,0,2
4,372,477,244,424,0.61,14,11,3,2,0,0
6,191,224,121,208,0.88,14,11,3,2,0,2
1,274,443,198,358,1.55,14,11,3,2,0,2
9,514,183,242,348,0.55,14,11,3,2,0,0
3,366,518,250,442,1.7,14,11,3,2,0,2
8,440,433,263,436,2.13,14,11,3,2,0,2
5,303,326,186,314,1.25,14,11,3,2,0,2
7,295,310,180,302,0.7,14,11,3,2,0,0
2,381,160,184,270,1.84,14,11,3,2,0,2
0,542,375,292,458,2.05,14,11,3,2,0,2
4,181,244,121,212,1.64,14,11,3,2,0,2
6,219,461,180,340,1.27,14,11,3,2,0,2
1,314,373,200,344,1.37,14,11,3,2,0,2
9,156,325,127,240,0.96,14,11,3,2,0,2
3,175,501,170,338,0.78,14,11,3,2,0,2
8,347,221,183,284,2.17,15,11,3,2,0,2
5,291,251,167,271,1.28,15,11,3,2,0,2
7,530,200,252,365,2.03,15,11,3,2,0,2
2,150,462,152,306,2.01,15,11,3,2,0,2
0,301,306,182,304,1.71,15,11,3,2,0,2
4,218,389,165,304,1.66,15,11,3,2,0,2
6,239,356,167,298,1.06,15,11,3,2,0,2
1,526,522,315,524,1.57,15,11,3,2,0,2
9,246,362,171,304,0.51,15,11,3,2,0,0
3,514,339,273,426,0.77,15,11,3,2,0,2
8,524,152,240,338,1.41,15,11,3,2,0,2
5,391,266,210,328,1.8,15,11,3,2,0,2
7,289,237,163,263,1.82,15,11,3,2,0,2
2,289,421,200,355,2.06,15,11,3,2,0,2
0,216,400,166,308,0.64,15,11,3,2,0,0
4,475,187,227,331,0.77,15,11,3,2,0,2
6,464,280,242,372,2.07,15,11,3,2,0,2
1,484,162,226,323,2.48,15,11,3,2,0,2
9,388,156,186,272,0.83,15,11,3,2,0,2
3,413,240,213,326,0.95,15,11,3,2,0,2
8,299,488,217,394,1.02,15,11,3,2,0,2
5,392,447,246,420,1.45,15,11,3,2,0,2
7,233,540,201,386,1.07,15,11,3,2,0,2
2,192,272,131,232,0.88,15,11,3,2,0,2
0,237,381,171,309,2.39,15,11,3,2,0,2
4,249,305,161,277,1.88,15,11,3,2,0,2
6,470,256,239,363,2.19,15,11,3,2,0,2
1,531,485,309,508,1.8,15,11,3,2,0,2
9,452,258,232,355,1.75,15,11,3,2,0,2
3,379,384,228,382,2.33,15,11,3,2,0,2
8,234,247,143,240,2.03,15,11,3,2,0,2
5,255,289,160,272,1.47,15,11,3,2,0,2
7,448,447,269,448,1.33,15,11,3,2,0,2
2,511,368,278,440,1.76,15,11,3,2,0,2
0,470,354,259,412,1.73,15,11,3,2,0,2
4,305,161,154,233,0.7,15,11,3,2,0,0
6,420,367,241,394,1.77,15,11,3,2,0,2
1,374,360,222,367,0.81,15,11,3,2,0,2
9,192,511,179,352,1.14,15,11,3,2,0,2
3,460,461,276,460,1.51,15,11,3,2,0,2
8,414,310,228,362,1.62,16,11,3,2,0,2
5,293,510,219,402,2.37,16,11,3,2,0,2
7,299,493,218,396,0.53,16,11,3,2,0,0
2,299,396,199,348,1.88,16,11,3,2,0,2
0,346,358,210,352,2.04,16,11,3,2,0,2
4,426,341,239,384,0.62,16,11,3,2,0,0
6,503,530,307,516,1.12,16,11,3,2,0,2
1,493,306,258,400,2.03,16,11,3,2,0,2
9,347,538,246,442,2.33,16,11,3,2,0,2
3,370,215,191,292,1.94,16,11,3,2,0,2
8,150,456,151,303,1.82,16,11,3,2,0,2
5,520,285,265,402,0.5,16,11,3,2,0,0
7,223,380,165,302,2.42,16,11,3,2,0,2
2,212,263,137,238,2.28,16,11,3,2,0,2
0,348,209,181,278,1.97,16,11,3,2,0,2
4,217,416,170,316,1.9,16,11,3,2,0,2
6,349,537,247,443,1.46,16,11,3,2,0,2
1,210,222,128,216,1.34,16,11,3,2,0,2
9,479,493,290,486,2.25,16,11,3,2,0,2
3,344,398,217,371,2.45,16,11,3,2,0,2
8,519,368,281,444,0.68,16,11,3,2,0,0
5,408,504,264,456,0.87,16,11,3,2,0,2
7,383,160,185,272,0.94,16,11,3,2,0,2
2,306,240,170,273,2.16,16,11,3,2,0,2
0,154,537,169,346,2.27,16,11,3,2,0,2
4,382,544,262,463,0.76,16,11,3,2,0,2
6,223,447,179,335,2.41,16,11,3,2,0,2
1,448,464,272,456,2.29,16,11,3,2,0,2
9,478,289,249,384,1.24,16,11,3,2,0,2
3,539,266,269,402,0.62,16,11,3,2,0,0
8,501,214,243,358,1.74,16,11,3,2,0,2
5,410,398,244,404,0.73,16,11,3,2,0,0
7,367,204,188,286,1.28,16,11,3,2,0,2
2,212,420,169,316,1.97,16,11,3,2,0,2
0,190,534,183,362,0.6,16,11,3,2,0,0
4,188,272,130,230,1.77,16,11,3,2,0,2
6,193,345,146,269,1.41,16,11,3,2,0,2
1,192,354,148,273,2.35,16,11,3,2,0,2
9,188,443,164,316,2.13,16,11,3,2,0,2
3,367,434,234,400,1.02,16,11,3,2,0,2
8,987,1110,617,1048,4.7,17,11,3,2,0,2
5,1128,1980,847,1554,5.8,17,11,3,2,0,2
7,804,2494,820,1649,4.12,17,11,3,2,0,2
2,939,2584,892,1762,4.31,17,11,3,2,0,2
0,909,1458,655,1184,3.24,17,11,3,2,0,2
4,781,2372,787,1576,3.6,17,11,3,2,0,2
6,1181,2025,877,1603,4.91,17,11,3,2,0,2
1,915,1910,748,1412,5.17,17,11,3,2,0,2
9,659,1551,574,1105,5.43,17,11,3,2,0,2
3,841,2683,873,1762,3.31,17,11,3,2,0,2
8,812,1063,537,938,4.83,17,11,3,2,0,2
5,1173,1915,852,1544,5.18,17,11,3,2,0,2
7,639,2555,767,1597,3.08,17,11,3,2,0,2
2,743,1366,570,1054,4.53,17,11,3,2,0,2
0,969,2050,798,1510,4.13,17,11,3,2,0,2
4,600,2672,774,1636,4.99,17,11,3,2,0,2
6,843,2195,776,1519,4.41,17,11,3,2,0,2
1,638,2144,684,1391,4.29,17,11,3,2,0,2
9,688,1774,630,1231,4.47,17,11,3,2,0,2
3,619,1591,566,1105,3.68,17,11,3,2,0,2
8,767,2547,816,1657,3.99,17,11,3,2,0,2
5,1036,1081,631,1058,4.06,17,11,3,2,0,2
7,659,1614,586,1136,5.37,17,11,3,2,0,2
2,817,2717,870,1767,5.68,17,11,3,2,0,2
0,1029,1130,638,1080,5.03,17,11,3,2,0,2
4,779,1662,644,1220,4.72,17,11,3,2,0,2
6,786,1212,557,999,4.62,17,11,3,2,0,2
1,666,2558,778,1612,4.98,17,11,3,2,0,2
9,1099,2522,944,1810,3.33,17,11,3,2,0,2
3,1166,2696,1006,1931,3.22,17,11,3,2,0,2
8,1187,2639,1003,1913,4.45,17,11,3,2,0,2
5,752,2611,823,1682,4.21,17,11,3,2,0,2
7,1199,2723,1024,1961,5.56,17,11,3,2,0,2
2,703,1812,644,1258,3.53,17,11,3,2,0,2
0,1153,2288,919,1720,5.74,17,11,3,2,0,2
4,1055,1282,678,1168,3.32,17,11,3,2,0,2
6,963,2671,919,1817,4.96,17,11,3,2,0,2
1,786,1918,698,1352,4.34,17,11,3,2,0,2
9,816,1626,652,1221,5.1,17,11,3,2,0,2
3,986,2235,841,1610,4.32,17,11,3,2,0,2
8,803,1831,687,1317,5.72,18,11,3,2,0,2
5,626,1088,468,857,3.09,18,11,3,2,0,2
7,985,2158,826,1572,5.54,18,11,3,2,0,2
2,775,2283,767,1529,4.95,18,11,3,2,0,2
0,1157,1314,726,1236,3.7,18,11,3,2,0,2
4,1113,2655,976,1884,3.81,18,11,3,2,0,2
6,845,2418,822,1632,3.06,18,11,3,2,0,2
1,999,2142,828,1570,3.46,18,11,3,2,0,2
9,870,1483,645,1176,4.75,18,11,3,2,0,2
3,1110,1961,836,1536,3.18,18,11,3,2,0,2
8,1109,2415,927,1762,4.16,18,11,3,2,0,2
5,831,2319,796,1575,3.44,18,11,3,2,0,2
7,1061,2198,864,1630,4.19,18,11,3,2,0,2
2,706,1580,598,1143,4.56,18,11,3,2,0,2
0,633,2534,760,1584,4.14,18,11,3,2,0,2
4,895,1374,633,1134,5.33,18,11,3,2,0,2
6,1089,2446,925,1768,4.69,18,11,3,2,0,2
1,1155,1236,709,1196,4.54,18,11,3,2,0,2
9,967,1217,630,1092,5.61,18,11,3,2,0,2
3,898,1772,714,1335,4.7,18,11,3,2,0,2
8,958,2643,912,1800,5.44,18,11,3,2,0,2
5,1186,1133,701,1160,3.6,18,11,3,2,0,2
7,798,2110,741,1454,3.37,18,11,3,2,0,2
2,721,1176,524,948,3.85,18,11,3,2,0,2
0,977,1066,604,1022,5.6,18,11,3,2,0,2
4,742,1204,538,973,4.27,18,11,3,2,0,2
6,753,2735,848,1744,5.02,18,11,3,2,0,2
1,975,2450,880,1712,3.73,18,11,3,2,0,2
9,847,2329,805,1588,4.4,18,11,3,2,0,2
3,811,2272,779,1542,3.81,18,11,3,2,0,2
8,748,1340,567,1044,5.59,18,11,3,2,0,2
5,615,1091,464,853,5.72,18,11,3,2,0,2
7,974,2342,858,1658,3.81,18,11,3,2,0,2
2,831,1140,560,986,3.76,18,11,3,2,0,2
0,860,1706,685,1283,3.46,18,11,3,2,0,2
4,1000,2465,893,1732,5.39,18,11,3,2,0,2
6,716,1389,564,1052,5.0,18,11,3,2,0,2
1,999,1560,712,1280,3.43,18,11,3,2,0,2
9,877,1507,652,1192,4.79,18,11,3,2,0,2
3,835,2731,880,1783,4.83,18,11,3,2,0,2
8,775,2407,791,1591,4.05,19,11,3,2,0,2
5,1041,1624,741,1332,4.76,19,11,3,2,0,2
7,1014,1038,613,1026,3.35,19,11,3,2,0,2
2,772,1275,564,1024,4.86,19,11,3,2,0,2
0,1063,2250,875,1656,3.04,19,11,3,2,0,2
4,700,1941,668,1320,3.87,19,11,3,2,0,2
6,1135,2127,879,1631,4.95,19,11,3,2,0,2
1,880,2218,796,1549,3.2,19,11,3,2,0,2
9,649,2472,754,1560,4.63,19,11,3,2,0,2
3,792,2441,805,1616,3.05,19,11,3,2,0,2
8,1059,2037,831,1548,4.12,19,11,3,2,0,2
5,644,2176,693,1410,3.48,19,11,3,2,0,2
7,979,1997,791,1488,4.53,19,11,3,2,0,2
2,861,2200,784,1530,5.29,19,11,3,2,0,2
0,645,1923,643,1284,5.51,19,11,3,2,0,2
4,955,2658,914,1806,4.06,19,11,3,2,0,2
6,816,2295,785,1556,5.58,19,11,3,2,0,2
1,846,1013,541,930,3.55,19,11,3,2,0,2
9,748,2126,724,1437,3.13,19,11,3,2,0,2
3,794,2319,781,1556,4.02,19,11,3,2,0,2
8,862,1663,677,1262,3.96,19,11,3,2,0,2
5,1197,1903,859,1550,4.85,19,11,3,2,0,2
7,988,2464,888,1726,3.62,19,11,3,2,0,2
2,668,1845,636,1256,5.13,19,11,3,2,0,2
0,975,2017,793,1496,4.85,19,11,3,2,0,2
4,1091,2391,915,1741,5.19,19,11,3,2,0,2
6,1075,1628,756,1352,3.09,19,11,3,2,0,2
1,909,1356,635,1132,3.37,19,11,3,2,0,2
9,1027,1990,809,1508,4.01,19,11,3,2,0,2
3,1114,1190,684,1152,5.24,19,11,3,2,0,2
8,751,2014,703,1382,5.68,19,11,3,2,0,2
5,944,1587,695,1266,3.44,19,11,3,2,0,2
7,1026,1526,716,1276,4.89,19,11,3,2,0,2
2,675,2219,714,1447,4.52,19,11,3,2,0,2
0,607,2507,744,1557,5.76,19,11,3,2,0,2
4,702,2049,691,1376,4.19,19,11,3,2,0,2
6,737,2063,707,1400,4.22,19,11,3,2,0,2
1,738,2266,748,1502,3.57,19,11,3,2,0,2
9,901,1202,601,1052,3.25,19,11,3,2,0,2
3,644,2011,660,1328,3.54,19,11,3,2,0,2
8,1064,1630,752,1347,3.51,20,11,3,2,0,2
5,911,2001,765,1456,5.42,20,11,3,2,0,2
7,600,2439,728,1520,4.38,20,11,3,2,0,2
2,743,2666,830,1704,5.58,20,11,3,2,0,2
0,802,2690,859,1746,3.84,20,11,3,2,0,2
4,1061,1322,689,1192,4.02,20,11,3,2,0,2
6,900,2367,833,1634,3.58,20,11,3,2,0,2
1,694,1200,518,947,5.15,20,11,3,2,0,2
9,860,2738,892,1799,3.1,20,11,3,2,0,2
3,727,2610,813,1668,3.5,20,11,3,2,0,2
8,758,2003,704,1380,5.2,20,11,3,2,0,2
5,970,2490,886,1730,4.87,20,11,3,2,0,2
7,854,2471,836,1662,4.95,20,11,3,2,0,2
2,735,1207,535,971,4.34,20,11,3,2,0,2
0,1068,1257,679,1162,5.03,20,11,3,2,0,2
4,1169,2109,889,1639,5.02,20,11,3,2,0,2
6,764,1391,584,1078,5.61,20,11,3,2,0,2
1,971,1665,721,1318,5.02,20,11,3,2,0,2
9,673,1262,522,968,5.63,20,11,3,2,0,2
3,1106,1707,784,1406,5.15,20,11,3,2,0,2
8,901,1687,698,1294,4.34,20,11,3,2,0,2
5,1029,2725,957,1877,3.72,20,11,3,2,0,2
7,772,2543,817,1658,5.38,20,11,3,2,0,2
2,747,1045,508,896,3.13,20,11,3,2,0,2
0,815,1443,615,1129,5.49,20,11,3,2,0,2
4,635,1396,533,1016,3.17,20,11,3,2,0,2
6,604,1450,532,1027,5.71,20,11,3,2,0,2
1,628,2787,809,1708,5.03,20,11,3,2,0,2
9,718,1051,497,884,4.62,20,11,3,2,0,2
3,1016,1306,668,1161,3.73,20,11,3,2,0,2
8,746,1689,636,1218,3.43,20,11,3,2,0,2
5,779,1981,708,1380,5.04,20,11,3,2,0,2
7,777,2253,761,1515,5.01,20,11,3,2,0,2
2,928,1305,632,1116,4.56,20,11,3,2,0,2
0,1163,2497,965,1830,3.66,20,11,3,2,0,2
4,1118,2433,934,1776,3.01,20,11,3,2,0,2
6,1056,1271,677,1164,4.52,20,11,3,2,0,2
1,1054,2039,829,1546,3.68,20,11,3,2,0,2
9,719,1906,669,1312,3.35,20,11,3,2,0,2
3,964,2448,875,1706,5.35,20,11,3,2,0,2
8,235,225,139,230,2.46,21,11,3,2,0,2
5,543,370,291,456,1.88,21,11,3,2,0,2
7,407,420,247,414,1.71,21,11,3,2,0,2
2,521,295,267,408,2.12,21,11,3,2,0,2
0,220,410,170,315,2.03,21,11,3,2,0,2
4,177,545,180,361,1.51,21,11,3,2,0,2
6,195,277,133,236,1.1,21,11,3,2,0,2
1,252,446,190,349,1.85,21,11,3,2,0,2
9,151,367,134,259,2.03,21,11,3,2,0,2
3,384,170,188,277,2.08,21,11,3,2,0,2
8,543,448,307,496,2.26,21,11,3,2,0,2
5,421,239,216,330,1.6,21,11,3,2,0,2
7,220,380,164,300,1.97,21,11,3,2,0,2
2,314,500,226,407,2.17,21,11,3,2,0,2
0,317,299,187,308,0.87,21,11,3,2,0,2
4,332,506,234,419,0.65,21,11,3,2,0,0
6,421,520,272,470,2.05,21,11,3,2,0,2
1,479,339,259,409,1.59,21,11,3,2,0,2
9,501,196,240,348,2.34,21,11,3,2,0,2
3,205,170,116,188,2.11,21,11,3,2,0,2
8,393,226,202,310,2.49,21,11,3,2,0,2
5,433,376,248,404,0.66,21,11,3,2,0,0
7,440,298,236,369,1.81,21,11,3,2,0,2
2,385,359,226,372,1.23,21,11,3,2,0,2
0,529,393,290,461,2.28,21,11,3,2,0,2
4,377,385,228,381,0.52,21,11,3,2,0,0
6,473,304,250,388,0.97,21,11,3,2,0,2
1,222,209,131,216,2.4,21,11,3,2,0,2
9,480,271,246,376,1.9,21,11,3,2,0,2
3,349,185,177,267,1.59,21,11,3,2,0,2
8,367,349,217,358,1.1,21,11,3,2,0,2
5,228,335,158,282,1.62,21,11,3,2,0,2
7,523,276,264,400,0.89,21,11,3,2,0,2
2,425,192,208,308,1.65,21,11,3,2,0,2
0,318,440,215,379,2.19,21,11,3,2,0,2
4,310,433,211,372,2.01,21,11,3,2,0,2
6,534,270,268,402,2.03,21,11,3,2,0,2
1,158,425,148,292,2.3,21,11,3,2,0,2
9,516,204,247,360,1.65,21,11,3,2,0,2
3,389,537,263,463,1.83,21,11,3,2,0,2
8,392,341,225,366,1.46,22,11,3,2,0,2
5,499,215,243,357,0.59,22,11,3,2,0,0
7,433,234,220,334,1.66,22,11,3,2,0,2
2,353,376,216,364,2.33,22,11,3,2,0,2
0,389,539,263,464,0.85,22,11,3,2,0,2
4,201,483,177,342,1.18,22,11,3,2,0,2
6,526,165,243,346,1.81,22,11,3,2,0,2
1,285,535,221,410,0.62,22,11,3,2,0,0
9,337,184,172,260,1.62,22,11,3,2,0,2
3,257,384,180,320,1.46,22,11,3,2,0,2
8,396,176,194,286,0.82,22,11,3,2,0,2
5,406,212,205,309,1.11,22,11,3,2,0,2
7,324,402,210,363,0.69,22,11,3,2,0,0
2,164,536,173,350,1.56,22,11,3,2,0,2
0,151,365,133,258,0.56,22,11,3,2,0,0
4,470,186,225,328,2.38,22,11,3,2,0,2
6,431,418,256,424,0.56,22,11,3,2,0,0
1,310,448,214,379,1.37,22,11,3,2,0,2
9,195,207,119,201,0.81,22,11,3,2,0,2
3,228,343,160,286,0.65,22,11,3,2,0,0
8,344,490,236,417,2.25,22,11,3,2,0,2
5,194,538,185,366,0.91,22,11,3,2,0,2
7,467,519,291,493,2.11,22,11,3,2,0,2
2,516,313,269,414,1.56,22,11,3,2,0,2
0,328,537,239,432,1.39,22,11,3,2,0,2
4,519,197,247,358,2.4,22,11,3,2,0,2
6,297,521,223,409,2.27,22,11,3,2,0,2
1,405,197,201,301,1.13,22,11,3,2,0,2
9,185,256,125,220,2.21,22,11,3,2,0,2
3,426,196,210,311,0.94,22,11,3,2,0,2
8,383,402,234,392,1.68,22,11,3,2,0,2
5,245,163,131,204,0.52,22,11,3,2,0,0
7,489,162,228,326,1.95,22,11,3,2,0,2
2,310,312,186,311,2.01,22,11,3,2,0,2
0,363,513,248,438,0.52,22,11,3,2,0,0
4,496,273,253,384,2.38,22,11,3,2,0,2
6,447,287,236,367,0.52,22,11,3,2,0,0
1,453,348,251,400,2.06,22,11,3,2,0,2
9,165,381,142,273,0.86,22,11,3,2,0,2
3,485,353,265,419,0.95,22,11,3,2,0,2
8,237,194,134,216,1.2,23,11,3,2,0,2
5,467,544,296,506,0.94,23,11,3,2,0,2
7,515,526,311,520,1.8,23,11,3,2,0,2
2,548,385,296,466,0.91,23,11,3,2,0,2
0,322,335,196,328,0.68,23,11,3,2,0,0
4,393,328,223,360,1.87,23,11,3,2,0,2
6,496,497,298,496,1.6,23,11,3,2,0,2
1,512,249,255,380,1.96,23,11,3,2,0,2
9,505,248,252,376,1.3,23,11,3,2,0,2
3,327,495,230,411,1.95,23,11,3,2,0,2
8,262,164,138,213,0.58,23,11,3,2,0,0
5,305,501,222,403,1.75,23,11,3,2,0,2
7,400,176,195,288,1.69,23,11,3,2,0,2
2,455,164,215,310,1.29,23,11,3,2,0,2
0,192,448,166,320,0.97,23,11,3,2,0,2
4,195,359,150,277,2.2,23,11,3,2,0,2
6,437,430,261,434,1.85,23,11,3,2,0,2
1,532,369,287,450,0.91,23,11,3,2,0,2
9,434,458,265,446,1.78,23,11,3,2,0,2
3,152,436,148,294,1.52,23,11,3,2,0,2
8,383,413,236,398,0.71,23,11,3,2,0,0
5,516,295,265,406,2.47,23,11,3,2,0,2
7,483,171,227,327,1.52,23,11,3,2,0,2
2,228,234,138,231,1.19,23,11,3,2,0,2
0,244,233,144,238,2.44,23,11,3,2,0,2
4,176,500,170,338,2.35,23,11,3,2,0,2
6,358,185,180,272,2.26,23,11,3,2,0,2
1,307,467,216,387,2.27,23,11,3,2,0,2
9,525,185,247,355,0.75,23,11,3,2,0,2
3,349,511,242,430,1.02,23,11,3,2,0,2
8,390,549,266,470,1.91,23,11,3,2,0,2
5,446,395,257,420,1.41,23,11,3,2,0,2
7,351,224,185,288,1.78,23,11,3,2,0,2
2,448,198,219,323,1.62,23,11,3,2,0,2
0,465,249,236,357,1.43,23,11,3,2,0,2
4,171,473,163,322,1.48,23,11,3,2,0,2
6,209,269,137,239,0.61,23,11,3,2,0,0
1,247,187,136,217,1.61,23,11,3,2,0,2
9,185,431,160,308,1.94,23,11,3,2,0,2
3,345,321,202,333,2.36,23,11,3,2,0,2
8,0,0,0,0,0.0,0,12,3,3,0,1
5,0,0,0,0,0.0,0,12,3,3,0,1
7,0,0,0,0,0.0,0,12,3,3,0,1
2,0,0,0,0,0.0,0,12,3,3,0,1
0,0,0,0,0,0.0,0,12,3,3,0,1
4,0,0,0,0,0.0,0,12,3,3,0,1
6,0,0,0,0,0.0,0,12,3,3,0,1
1,0,0,0,0,0.0,0,12,3,3,0,1
9,0,0,0,0,0.0,0,12,3,3,0,1
3,0,0,0,0,0.0,0,12,3,3,0,1
8,0,0,0,0,0.0,0,12,3,3,0,1
5,0,0,0,0,0.0,0,12,3,3,0,1
7,0,0,0,0,0.0,0,12,3,3,0,1
2,0,0,0,0,0.0,0,12,3,3,0,1
0,0,0,0,0,0.0,0,12,3,3,0,1
4,0,0,0,0,0.0,0,12,3,3,0,1
6,0,0,0,0,0.0,0,12,3,3,0,1
1,0,0,0,0,0.0,0,12,3,3,0,1
9,0,0,0,0,0.0,0,12,3,3,0,1
3,0,0,0,0,0.0,0,12,3,3,0,1
8,0,0,0,0,0.0,0,12,3,3,0,1
5,0,0,0,0,0.0,0,12,3,3,0,1
7,0,0,0,0,0.0,0,12,3,3,0,1
2,0,0,0,0,0.0,0,12,3,3,0,1
0,0,0,0,0,0.0,0,12,3,3,0,1
4,0,0,0,0,0.0,0,12,3,3,0,1
6,0,0,0,0,0.0,0,12,3,3,0,1
1,0,0,0,0,0.0,0,12,3,3,0,1
9,0,0,0,0,0.0,0,12,3,3,0,1
3,0,0,0,0,0.0,0,12,3,3,0,1
8,0,0,0,0,0.0,0,12,3,3,0,1
5,0,0,0,0,0.0,0,12,3,3,0,1
7,0,0,0,0,0.0,0,12,3,3,0,1
2,0,0,0,0,0.0,0,12,3,3,0,1
0,0,0,0,0,0.0,0,12,3,3,0,1
4,0,0,0,0,0.0,0,12,3,3,0,1
6,0,0,0,0,0.0,0,12,3,3,0,1
1,0,0,0,0,0.0,0,12,3,3,0,1
9,0,0,0,0,0.0,0,12,3,3,0,1
3,0,0,0,0,0.0,0,12,3,3,0,1
8,0,0,0,0,0.0,1,12,3,3,0,1
5,0,0,0,0,0.0,1,12,3,3,0,1
7,0,0,0,0,0.0,1,12,3,3,0,1
2,0,0,0,0,0.0,1,12,3,3,0,1
0,0,0,0,0,0.0,1,12,3,3,0,1
4,0,0,0,0,0.0,1,12,3,3,0,1
6,0,0,0,0,0.0,1,12,3,3,0,1
1,0,0,0,0,0.0,1,12,3,3,0,1
9,0,0,0,0,0.0,1,12,3,3,0,1
3,0,0,0,0,0.0,1,12,3,3,0,1
8,0,0,0,0,0.0,1,12,3,3,0,1
5,0,0,0,0,0.0,1,12,3,3,0,1
7,0,0,0,0,0.0,1,12,3,3,0,1
2,0,0,0,0,0.0,1,12,3,3,0,1
0,0,0,0,0,0.0,1,12,3,3,0,1
4,0,0,0,0,0.0,1,12,3,3,0,1
6,0,0,0,0,0.0,1,12,3,3,0,1
1,0,0,0,0,0.0,1,12,3,3,0,1
9,0,0,0,0,0.0,1,12,3,3,0,1
3,0,0,0,0,0.0,1,12,3,3,0,1
8,0,0,0,0,0.0,1,12,3,3,0,1
5,0,0,0,0,0.0,1,12,3,3,0,1
7,0,0,0,0,0.0,1,12,3,3,0,1
2,0,0,0,0,0.0,1,12,3,3,0,1
0,0,0,0,0,0.0,1,12,3,3,0,1
4,0,0,0,0,0.0,1,12,3,3,0,1
6,0,0,0,0,0.0,1,12,3,3,0,1
1,0,0,0,0,0.0,1,12,3,3,0,1
9,0,0,0,0,0.0,1,12,3,3,0,1
3,0,0,0,0,0.0,1,12,3,3,0,1
8,0,0,0,0,0.0,1,12,3,3,0,1
5,0,0,0,0,0.0,1,12,3,3,0,1
7,0,0,0,0,0.0,1,12,3,3,0,1
2,0,0,0,0,0.0,1,12,3,3,0,1
0,0,0,0,0,0.0,1,12,3,3,0,1
4,0,0,0,0,0.0,1,12,3,3,0,1
6,0,0,0,0,0.0,1,12,3,3,0,1
1,0,0,0,0,0.0,1,12,3,3,0,1
9,0,0,0,0,0.0,1,12,3,3,0,1
3,0,0,0,0,0.0,1,12,3,3,0,1
8,0,0,0,0,0.0,2,12,3,3,0,1
5,0,0,0,0,0.0,2,12,3,3,0,1
7,0,0,0,0,0.0,2,12,3,3,0,1
2,0,0,0,0,0.0,2,12,3,3,0,1
0,0,0,0,0,0.0,2,12,3,3,0,1
4,0,0,0,0,0.0,2,12,3,3,0,1
6,0,0,0,0,0.0,2,12,3,3,0,1
1,0,0,0,0,0.0,2,12,3,3,0,1
9,0,0,0,0,0.0,2,12,3,3,0,1
3,0,0,0,0,0.0,2,12,3,3,0,1
8,0,0,0,0,0.0,2,12,3,3,0,1
5,0,0,0,0,0.0,2,12,3,3,0,1
7,0,0,0,0,0.0,2,12,3,3,0,1
2,0,0,0,0,0.0,2,12,3,3,0,1
0,0,0,0,0,0.0,2,12,3,3,0,1
4,0,0,0,0,0.0,2,12,3,3,0,1
6,0,0,0,0,0.0,2,12,3,3,0,1
1,0,0,0,0,0.0,2,12,3,3,0,1
9,0,0,0,0,0.0,2,12,3,3,0,1
3,0,0,0,0,0.0,2,12,3,3,0,1
8,0,0,0,0,0.0,2,12,3,3,0,1
5,0,0,0,0,0.0,2,12,3,3,0,1
7,0,0,0,0,0.0,2,12,3,3,0,1
2,0,0,0,0,0.0,2,12,3,3,0,1
0,0,0,0,0,0.0,2,12,3,3,0,1
4,0,0,0,0,0.0,2,12,3,3,0,1
6,0,0,0,0,0.0,2,12,3,3,0,1
1,0,0,0,0,0.0,2,12,3,3,0,1
9,0,0,0,0,0.0,2,12,3,3,0,1
3,0,0,0,0,0.0,2,12,3,3,0,1
8,0,0,0,0,0.0,2,12,3,3,0,1
5,0,0,0,0,0.0,2,12,3,3,0,1
7,0,0,0,0,0.0,2,12,3,3,0,1
2,0,0,0,0,0.0,2,12,3,3,0,1
0,0,0,0,0,0.0,2,12,3,3,0,1
4,0,0,0,0,0.0,2,12,3,3,0,1
6,0,0,0,0,0.0,2,12,3,3,0,1
1,0,0,0,0,0.0,2,12,3,3,0,1
9,0,0,0,0,0.0,2,12,3,3,0,1
3,0,0,0,0,0.0,2,12,3,3,0,1
8,0,0,0,0,0.0,3,12,3,3,0,1
5,0,0,0,0,0.0,3,12,3,3,0,1
7,0,0,0,0,0.0,3,12,3,3,0,1
2,0,0,0,0,0.0,3,12,3,3,0,1
0,0,0,0,0,0.0,3,12,3,3,0,1
4,0,0,0,0,0.0,3,12,3,3,0,1
6,0,0,0,0,0.0,3,12,3,3,0,1
1,0,0,0,0,0.0,3,12,3,3,0,1
9,0,0,0,0,0.0,3,12,3,3,0,1
3,0,0,0,0,0.0,3,12,3,3,0,1
8,0,0,0,0,0.0,3,12,3,3,0,1
5,0,0,0,0,0.0,3,12,3,3,0,1
7,0,0,0,0,0.0,3,12,3,3,0,1
2,0,0,0,0,0.0,3,12,3,3,0,1
0,0,0,0,0,0.0,3,12,3,3,0,1
4,0,0,0,0,0.0,3,12,3,3,0,1
6,0,0,0,0,0.0,3,12,3,3,0,1
1,0,0,0,0,0.0,3,12,3,3,0,1
9,0,0,0,0,0.0,3,12,3,3,0,1
3,0,0,0,0,0.0,3,12,3,3,0,1
8,0,0,0,0,0.0,3,12,3,3,0,1
5,0,0,0,0,0.0,3,12,3,3,0,1
7,0,0,0,0,0.0,3,12,3,3,0,1
2,0,0,0,0,0.0,3,12,3,3,0,1
0,0,0,0,0,0.0,3,12,3,3,0,1
4,0,0,0,0,0.0,3,12,3,3,0,1
6,0,0,0,0,0.0,3,12,3,3,0,1
1,0,0,0,0,0.0,3,12,3,3,0,1
9,0,0,0,0,0.0,3,12,3,3,0,1
3,0,0,0,0,0.0,3,12,3,3,0,1
8,0,0,0,0,0.0,3,12,3,3,0,1
5,0,0,0,0,0.0,3,12,3,3,0,1
7,0,0,0,0,0.0,3,12,3,3,0,1
2,0,0,0,0,0.0,3,12,3,3,0,1
0,0,0,0,0,0.0,3,12,3,3,0,1
4,0,0,0,0,0.0,3,12,3,3,0,1
6,0,0,0,0,0.0,3,12,3,3,0,1
1,0,0,0,0,0.0,3,12,3,3,0,1
9,0,0,0,0,0.0,3,12,3,3,0,1
3,0,0,0,0,0.0,3,12,3,3,0,1
8,0,0,0,0,0.0,4,12,3,3,0,1
5,0,0,0,0,0.0,4,12,3,3,0,1
7,0,0,0,0,0.0,4,12,3,3,0,1
2,0,0,0,0,0.0,4,12,3,3,0,1
0,0,0,0,0,0.0,4,12,3,3,0,1
4,0,0,0,0,0.0,4,12,3,3,0,1
6,0,0,0,0,0.0,4,12,3,3,0,1
1,0,0,0,0,0.0,4,12,3,3,0,1
9,0,0,0,0,0.0,4,12,3,3,0,1
3,0,0,0,0,0.0,4,12,3,3,0,1
8,0,0,0,0,0.0,4,12,3,3,0,1
5,0,0,0,0,0.0,4,12,3,3,0,1
7,0,0,0,0,0.0,4,12,3,3,0,1
2,0,0,0,0,0.0,4,12,3,3,0,1
0,0,0,0,0,0.0,4,12,3,3,0,1
4,0,0,0,0,0.0,4,12,3,3,0,1
6,0,0,0,0,0.0,4,12,3,3,0,1
1,0,0,0,0,0.0,4,12,3,3,0,1
9,0,0,0,0,0.0,4,12,3,3,0,1
3,0,0,0,0,0.0,4,12,3,3,0,1
8,0,0,0,0,0.0,4,12,3,3,0,1
5,0,0,0,0,0.0,4,12,3,3,0,1
7,0,0,0,0,0.0,4,12,3,3,0,1
2,0,0,0,0,0.0,4,12,3,3,0,1
0,0,0,0,0,0.0,4,12,3,3,0,1
4,0,0,0,0,0.0,4,12,3,3,0,1
6,0,0,0,0,0.0,4,12,3,3,0,1
1,0,0,0,0,0.0,4,12,3,3,0,1
9,0,0,0,0,0.0,4,12,3,3,0,1
3,0,0,0,0,0.0,4,12,3,3,0,1
8,0,0,0,0,0.0,4,12,3,3,0,1
5,0,0,0,0,0.0,4,12,3,3,0,1
7,0,0,0,0,0.0,4,12,3,3,0,1
2,0,0,0,0,0.0,4,12,3,3,0,1
0,0,0,0,0,0.0,4,12,3,3,0,1
4,0,0,0,0,0.0,4,12,3,3,0,1
6,0,0,0,0,0.0,4,12,3,3,0,1
1,0,0,0,0,0.0,4,12,3,3,0,1
9,0,0,0,0,0.0,4,12,3,3,0,1
3,0,0,0,0,0.0,4,12,3,3,0,1
8,0,0,0,0,0.0,5,12,3,3,0,1
5,0,0,0,0,0.0,5,12,3,3,0,1
7,0,0,0,0,0.0,5,12,3,3,0,1
2,0,0,0,0,0.0,5,12,3,3,0,1
0,0,0,0,0,0.0,5,12,3,3,0,1
4,0,0,0,0,0.0,5,12,3,3,0,1
6,0,0,0,0,0.0,5,12,3,3,0,1
1,0,0,0,0,0.0,5,12,3,3,0,1
9,0,0,0,0,0.0,5,12,3,3,0,1
3,0,0,0,0,0.0,5,12,3,3,0,1
8,0,0,0,0,0.0,5,12,3,3,0,1
5,0,0,0,0,0.0,5,12,3,3,0,1
7,0,0,0,0,0.0,5,12,3,3,0,1
2,0,0,0,0,0.0,5,12,3,3,0,1
0,0,0,0,0,0.0,5,12,3,3,0,1
4,0,0,0,0,0.0,5,12,3,3,0,1
6,0,0,0,0,0.0,5,12,3,3,0,1
1,0,0,0,0,0.0,5,12,3,3,0,1
9,0,0,0,0,0.0,5,12,3,3,0,1
3,0,0,0,0,0.0,5,12,3,3,0,1
8,0,0,0,0,0.0,5,12,3,3,0,1
5,0,0,0,0,0.0,5,12,3,3,0,1
7,0,0,0,0,0.0,5,12,3,3,0,1
2,0,0,0,0,0.0,5,12,3,3,0,1
0,0,0,0,0,0.0,5,12,3,3,0,1
4,0,0,0,0,0.0,5,12,3,3,0,1
6,0,0,0,0,0.0,5,12,3,3,0,1
1,0,0,0,0,0.0,5,12,3,3,0,1
9,0,0,0,0,0.0,5,12,3,3,0,1
3,0,0,0,0,0.0,5,12,3,3,0,1
8,0,0,0,0,0.0,5,12,3,3,0,1
5,0,0,0,0,0.0,5,12,3,3,0,1
7,0,0,0,0,0.0,5,12,3,3,0,1
2,0,0,0,0,0.0,5,12,3,3,0,1
0,0,0,0,0,0.0,5,12,3,3,0,1
4,0,0,0,0,0.0,5,12,3,3,0,1
6,0,0,0,0,0.0,5,12,3,3,0,1
1,0,0,0,0,0.0,5,12,3,3,0,1
9,0,0,0,0,0.0,5,12,3,3,0,1
3,0,0,0,0,0.0,5,12,3,3,0,1
8,261,280,160,270,1.09,6,12,3,3,0,2
5,390,271,210,330,1.92,6,12,3,3,0,2
7,434,269,227,352,2.13,6,12,3,3,0,2
2,155,524,167,340,0.82,6,12,3,3,0,2
0,263,536,212,400,1.81,6,12,3,3,0,2
4,527,206,252,366,1.58,6,12,3,3,0,2
6,430,413,255,422,0.72,6,12,3,3,0,0
1,230,522,196,376,1.87,6,12,3,3,0,2
9,179,298,131,238,1.71,6,12,3,3,0,2
3,218,243,136,230,2.05,6,12,3,3,0,2
8,365,307,207,336,1.11,6,12,3,3,0,2
5,212,504,186,358,1.9,6,12,3,3,0,2
7,196,382,155,289,1.5,6,12,3,3,0,2
2,522,283,265,402,1.59,6,12,3,3,0,2
0,345,324,203,334,2.35,6,12,3,3,0,2
4,475,466,283,470,1.01,6,12,3,3,0,2
6,173,294,128,234,0.6,6,12,3,3,0,0
1,333,424,218,378,2.13,6,12,3,3,0,2
9,473,400,269,436,2.23,6,12,3,3,0,2
3,431,235,219,333,1.4,6,12,3,3,0,2
8,215,546,195,380,1.37,6,12,3,3,0,2
5,256,369,176,312,1.22,6,12,3,3,0,2
7,200,250,130,225,2.39,6,12,3,3,0,2
2,406,357,234,382,0.92,6,12,3,3,0,2
0,176,342,139,259,1.72,6,12,3,3,0,2
4,403,184,198,294,1.33,6,12,3,3,0,2
6,451,313,243,382,0.83,6,12,3,3,0,2
1,275,406,191,340,1.15,6,12,3,3,0,2
9,152,517,164,334,1.1,6,12,3,3,0,2
3,388,258,207,323,2.49,6,12,3,3,0,2
8,425,424,255,424,1.64,6,12,3,3,0,2
5,150,215,103,182,1.18,6,12,3,3,0,2
7,488,539,303,514,1.53,6,12,3,3,0,2
2,159,312,126,236,1.42,6,12,3,3,0,2
0,393,547,267,470,2.4,6,12,3,3,0,2
4,247,154,130,200,1.13,6,12,3,3,0,2
6,391,439,244,415,1.68,6,12,3,3,0,2
1,460,177,219,318,0.9,6,12,3,3,0,2
9,193,339,145,266,0.86,6,12,3,3,0,2
3,207,261,135,234,1.94,6,12,3,3,0,2
8,468,292,246,380,0.86,7,12,3,3,0,2
5,254,229,147,242,0.94,7,12,3,3,0,2
7,155,527,167,341,1.34,7,12,3,3,0,2
2,385,228,200,306,1.8,7,12,3,3,0,2
0,267,292,165,280,0.86,7,12,3,3,0,2
4,195,235,125,215,0.71,7,12,3,3,0,0
6,346,535,245,440,2.04,7,12,3,3,0,2
1,420,226,213,323,2.38,7,12,3,3,0,2
9,290,221,160,256,1.98,7,12,3,3,0,2
3,321,176,164,248,0.7,7,12,3,3,0,0
8,492,266,250,379,0.54,7,12,3,3,0,0
5,517,325,272,421,1.9,7,12,3,3,0,2
7,527,289,269,408,0.84,7,12,3,3,0,2
2,461,373,259,417,1.37,7,12,3,3,0,2
0,371,219,192,295,2.49,7,12,3,3,0,2
4,458,409,265,434,1.65,7,12,3,3,0,2
6,431,458,264,444,1.13,7,12,3,3,0,2
1,292,377,192,334,0.64,7,12,3,3,0,0
9,232,271,147,252,1.28,7,12,3,3,0,2
3,306,331,189,318,0.73,7,12,3,3,0,0
8,284,273,168,278,2.2,7,12,3,3,0,2
5,440,474,271,457,0.6,7,12,3,3,0,0
7,276,423,195,350,2.35,7,12,3,3,0,2
2,243,418,181,330,1.43,7,12,3,3,0,2
0,499,480,296,490,0.81,7,12,3,3,0,2
4,549,342,288,446,1.1,7,12,3,3,0,2
6,502,277,256,390,1.83,7,12,3,3,0,2
1,539,436,303,488,1.18,7,12,3,3,0,2
9,174,366,143,270,0.85,7,12,3,3,0,2
3,485,458,286,472,1.61,7,12,3,3,0,2
8,539,415,299,477,1.63,7,12,3,3,0,2
5,186,412,157,299,2.46,7,12,3,3,0,2
7,544,256,269,400,1.1,7,12,3,3,0,2
2,365,521,250,443,2.28,7,12,3,3,0,2
0,394,482,254,438,0.7,7,12,3,3,0,0
4,294,374,192,334,0.73,7,12,3,3,0,0
6,398,478,255,438,0.57,7,12,3,3,0,0
1,485,526,299,506,2.45,7,12,3,3,0,2
9,251,547,210,399,2.07,7,12,3,3,0,2
3,346,423,223,384,1.56,7,12,3,3,0,2
8,1062,842,593,952,3.34,8,12,3,3,0,2
5,2464,573,1100,1518,4.92,8,12,3,3,0,2
7,1938,749,925,1344,5.7,8,12,3,3,0,2
2,1294,566,631,930,5.56,8,12,3,3,0,2
0,965,585,503,775,4.47,8,12,3,3,0,2
4,1215,626,611,920,5.36,8,12,3,3,0,2
6,1660,575,779,1118,4.44,8,12,3,3,0,2
1,1683,752,824,1218,5.08,8,12,3,3,0,2
9,2320,611,1050,1466,4.34,8,12,3,3,0,2
3,1739,500,796,1120,4.1,8,12,3,3,0,2
8,1239,617,619,928,3.7,8,12,3,3,0,2
5,1598,588,757,1093,3.35,8,12,3,3,0,2
7,1322,443,617,882,5.08,8,12,3,3,0,2
2,1229,457,583,843,3.74,8,12,3,3,0,2
0,913,626,490,770,3.76,8,12,3,3,0,2
4,2317,962,1119,1640,5.04,8,12,3,3,0,2
6,1715,916,869,1316,3.68,8,12,3,3,0,2
1,1444,624,702,1034,5.67,8,12,3,3,0,2
9,1332,761,685,1046,3.37,8,12,3,3,0,2
3,1205,912,664,1058,4.19,8,12,3,3,0,2
8,1678,438,759,1058,4.0,8,12,3,3,0,2
5,862,722,489,792,4.61,8,12,3,3,0,2
7,950,906,561,928,3.36,8,12,3,3,0,2
2,1115,444,535,780,4.39,8,12,3,3,0,2
0,1722,484,786,1103,5.61,8,12,3,3,0,2
4,2329,719,1075,1524,5.25,8,12,3,3,0,2
6,897,588,476,742,3.7,8,12,3,3,0,2
1,1933,775,928,1354,3.96,8,12,3,3,0,2
9,1442,992,775,1217,4.67,8,12,3,3,0,2
3,1928,571,885,1250,4.81,8,12,3,3,0,2
8,1181,423,557,802,3.42,8,12,3,3,0,2
5,1551,846,790,1198,3.46,8,12,3,3,0,2
7,2220,743,1037,1482,4.27,8,12,3,3,0,2
2,2098,787,997,1442,4.44,8,12,3,3,0,2
0,2187,858,1046,1522,5.06,8,12,3,3,0,2
4,1307,772,677,1040,3.32,8,12,3,3,0,2
6,1052,818,584,935,4.85,8,12,3,3,0,2
1,1589,720,780,1154,3.82,8,12,3,3,0,2
9,2290,882,1092,1586,5.72,8,12,3,3,0,2
3,1868,428,833,1148,3.44,8,12,3,3,0,2
8,1832,692,871,1262,3.67,9,12,3,3,0,2
5,2202,841,1049,1522,4.66,9,12,3,3,0,2
7,1852,512,843,1182,5.35,9,12,3,3,0,2
2,2247,927,1084,1587,5.0,9,12,3,3,0,2
0,1994,480,894,1237,5.04,9,12,3,3,0,2
4,830,839,500,834,3.26,9,12,3,3,0,2
6,1426,543,679,984,5.13,9,12,3,3,0,2
1,1762,843,873,1302,5.7,9,12,3,3,0,2
9,1517,652,737,1084,5.51,9,12,3,3,0,2
3,1889,834,922,1362,5.46,9,12,3,3,0,2
8,1119,957,639,1038,4.46,9,12,3,3,0,2
5,2298,834,1086,1566,3.82,9,12,3,3,0,2
7,2216,841,1055,1528,4.4,9,12,3,3,0,2
2,1454,790,740,1122,5.26,9,12,3,3,0,2
0,869,518,451,694,5.65,9,12,3,3,0,2
4,2400,766,1113,1583,3.49,9,12,3,3,0,2
6,1078,688,569,883,4.29,9,12,3,3,0,2
1,1811,416,808,1114,5.6,9,12,3,3,0,2
9,1092,414,520,753,5.28,9,12,3,3,0,2
3,1086,703,575,894,4.69,9,12,3,3,0,2
8,2404,937,1149,1670,3.88,9,12,3,3,0,2
5,2400,499,1060,1450,4.14,9,12,3,3,0,2
7,1077,662,563,870,3.59,9,12,3,3,0,2
2,1996,426,884,1211,4.91,9,12,3,3,0,2
0,2039,423,900,1231,3.1,9,12,3,3,0,2
4,1480,422,676,951,4.57,9,12,3,3,0,2
6,2307,471,1017,1389,4.76,9,12,3,3,0,2
1,2369,448,1037,1408,3.7,9,12,3,3,0,2
9,1315,478,622,896,3.92,9,12,3,3,0,2
3,1288,864,688,1076,3.37,9,12,3,3,0,2
8,2357,603,1063,1480,5.26,9,12,3,3,0,2
5,1140,828,622,984,4.17,9,12,3,3,0,2
7,1848,709,881,1278,3.62,9,12,3,3,0,2
2,1640,623,781,1132,4.64,9,12,3,3,0,2
0,2458,981,1179,1720,3.06,9,12,3,3,0,2
4,2224,440,978,1332,4.59,9,12,3,3,0,2
6,1154,505,563,830,3.66,9,12,3,3,0,2
1,1236,931,681,1084,4.45,9,12,3,3,0,2
9,1963,607,907,1285,3.76,9,12,3,3,0,2
3,1796,910,900,1353,5.26,9,12,3,3,0,2
8,2278,874,1086,1576,3.13,10,12,3,3,0,2
5,2321,852,1099,1586,5.45,10,12,3,3,0,2
7,2376,501,1051,1438,4.02,10,12,3,3,0,2
2,1154,782,618,968,5.04,10,12,3,3,0,2
0,869,445,437,657,5.3,10,12,3,3,0,2
4,860,711,486,786,5.2,10,12,3,3,0,2
6,1954,791,940,1372,3.14,10,12,3,3,0,2
1,1129,899,631,1014,5.28,10,12,3,3,0,2
9,1739,527,801,1133,5.22,10,12,3,3,0,2
3,2485,678,1130,1582,4.34,10,12,3,3,0,2
8,2472,598,1108,1535,4.55,10,12,3,3,0,2
5,2370,430,1034,1400,4.49,10,12,3,3,0,2
7,1265,733,653,999,3.81,10,12,3,3,0,2
2,1312,606,646,959,5.36,10,12,3,3,0,2
0,890,784,513,837,3.36,10,12,3,3,0,2
4,1448,885,756,1166,5.49,10,12,3,3,0,2
6,2188,880,1051,1534,3.24,10,12,3,3,0,2
1,1018,785,564,902,3.5,10,12,3,3,0,2
9,1930,851,942,1390,4.96,10,12,3,3,0,2
3,1083,921,617,1002,5.71,10,12,3,3,0,2
8,2387,528,1060,1458,4.07,10,12,3,3,0,2
5,1828,727,877,1278,5.28,10,12,3,3,0,2
7,2053,698,961,1376,4.61,10,12,3,3,0,2
2,1517,514,710,1016,3.53,10,12,3,3,0,2
0,1251,945,689,1098,3.01,10,12,3,3,0,2
4,1080,618,556,849,3.37,10,12,3,3,0,2
6,2070,899,1008,1484,4.05,10,12,3,3,0,2
1,2081,669,966,1375,4.73,10,12,3,3,0,2
9,1089,607,557,848,5.1,10,12,3,3,0,2
3,2029,988,1009,1508,4.81,10,12,3,3,0,2
8,1401,906,742,1154,3.38,10,12,3,3,0,2
5,2268,758,1059,1513,4.04,10,12,3,3,0,2
7,1170,902,648,1036,3.83,10,12,3,3,0,2
2,855,953,533,904,4.78,10,12,3,3,0,2
0,1127,827,616,977,3.05,10,12,3,3,0,2
4,2080,551,942,1316,4.74,10,12,3,3,0,2
6,938,544,484,741,3.59,10,12,3,3,0,2
1,991,461,489,726,4.29,10,12,3,3,0,2
9,2193,724,1022,1458,4.19,10,12,3,3,0,2
3,859,980,540,920,5.25,10,12,3,3,0,2
8,269,434,194,352,1.29,11,12,3,3,0,2
5,263,385,182,324,2.34,11,12,3,3,0,2
7,191,468,170,330,1.21,11,12,3,3,0,2
2,410,157,195,284,1.65,11,12,3,3,0,2
0,249,265,153,257,2.05,11,12,3,3,0,2
4,542,223,261,382,1.12,11,12,3,3,0,2
6,237,349,165,293,2.23,11,12,3,3,0,2
1,417,308,228,362,2.44,11,12,3,3,0,2
9,175,529,176,352,2.44,11,12,3,3,0,2
3,417,153,197,285,0.56,11,12,3,3,0,0
8,269,498,207,384,1.93,11,12,3,3,0,2
5,245,205,139,225,1.19,11,12,3,3,0,2
7,535,378,290,456,1.09,11,12,3,3,0,2
2,250,512,202,381,2.29,11,12,3,3,0,2
0,460,446,273,453,0.51,11,12,3,3,0,0
4,303,299,181,301,1.21,11,12,3,3,0,2
6,417,499,267,458,1.2,11,12,3,3,0,2
1,417,450,257,434,1.05,11,12,3,3,0,2
9,234,271,148,252,1.37,11,12,3,3,0,2
3,407,212,205,310,2.43,11,12,3,3,0,2
8,354,409,223,382,0.59,11,12,3,3,0,0
5,208,382,160,295,1.73,11,12,3,3,0,2
7,229,201,132,215,2.24,11,12,3,3,0,2
2,383,525,258,454,0.86,11,12,3,3,0,2
0,412,229,211,320,2.19,11,12,3,3,0,2
4,358,176,178,267,2.29,11,12,3,3,0,2
6,468,428,273,448,2.14,11,12,3,3,0,2
1,353,433,228,393,2.47,11,12,3,3,0,2
9,505,368,276,436,1.43,11,12,3,3,0,2
3,404,307,223,356,1.89,11,12,3,3,0,2
8,403,260,213,332,1.21,11,12,3,3,0,2
5,478,176,226,327,2.43,11,12,3,3,0,2
7,454,185,219,320,1.53,11,12,3,3,0,2
2,539,513,318,526,2.17,11,12,3,3,0,2
0,485,287,251,386,1.2,11,12,3,3,0,2
4,481,518,296,500,1.21,11,12,3,3,0,2
6,197,502,179,350,0.66,11,12,3,3,0,0
1,307,546,232,426,2.26,11,12,3,3,0,2
9,488,215,238,352,0.94,11,12,3,3,0,2
3,508,373,278,440,1.53,11,12,3,3,0,2
8,275,505,211,390,1.67,12,12,3,3,0,2
5,546,495,317,520,0.81,12,12,3,3,0,2
7,179,487,169,333,1.65,12,12,3,3,0,2
2,347,377,214,362,1.36,12,12,3,3,0,2
0,536,317,278,426,0.94,12,12,3,3,0,2
4,238,384,172,311,1.96,12,12,3,3,0,2
6,543,327,283,435,2.01,12,12,3,3,0,2
1,312,474,220,393,0.76,12,12,3,3,0,2
9,271,186,146,228,2.07,12,12,3,3,0,2
3,244,353,168,298,0.94,12,12,3,3,0,2
8,494,485,295,490,1.76,12,12,3,3,0,2
5,362,436,232,399,0.7,12,12,3,3,0,0
7,256,545,211,400,1.57,12,12,3,3,0,2
2,536,306,276,421,2.23,12,12,3,3,0,2
0,176,175,105,176,2.29,12,12,3,3,0,2
4,374,196,189,285,1.26,12,12,3,3,0,2
6,246,216,142,231,2.35,12,12,3,3,0,2
1,291,315,179,303,1.11,12,12,3,3,0,2
9,539,346,285,442,1.02,12,12,3,3,0,2
3,290,248,166,269,1.38,12,12,3,3,0,2
8,503,226,246,364,1.34,12,12,3,3,0,2
5,544,437,305,490,2.08,12,12,3,3,0,2
7,369,344,216,356,0.8,12,12,3,3,0,2
2,418,380,243,399,0.59,12,12,3,3,0,0
0,492,212,239,352,1.07,12,12,3,3,0,2
4,391,309,218,350,2.08,12,12,3,3,0,2
6,501,168,234,334,1.92,12,12,3,3,0,2
1,337,450,225,394,1.15,12,12,3,3,0,2
9,366,457,238,412,1.72,12,12,3,3,0,2
3,370,274,203,322,1.25,12,12,3,3,0,2
8,360,264,197,312,1.32,12,12,3,3,0,2
5,250,273,155,262,0.88,12,12,3,3,0,2
7,384,362,226,373,1.97,12,12,3,3,0,2
2,337,546,244,442,0.85,12,12,3,3,0,2
0,203,320,145,262,0.66,12,12,3,3,0,0
4,526,461,303,494,1.14,12,12,3,3,0,2
6,378,276,206,327,0.99,12,12,3,3,0,2
1,214,227,131,220,1.73,12,12,3,3,0,2
9,341,240,184,290,2.17,12,12,3,3,0,2
3,524,341,278,432,1.68,12,12,3,3,0,2
8,175,483,167,329,2.34,13,12,3,3,0,2
5,414,504,266,459,2.01,13,12,3,3,0,2
7,297,160,151,228,1.36,13,12,3,3,0,2
2,403,519,265,461,2.18,13,12,3,3,0,2
0,541,299,276,420,1.51,13,12,3,3,0,2
4,389,339,223,364,1.58,13,12,3,3,0,2
6,277,216,154,246,0.73,13,12,3,3,0,0
1,313,283,182,298,1.51,13,12,3,3,0,2
9,241,407,178,324,0.55,13,12,3,3,0,0
3,523,256,260,390,2.34,13,12,3,3,0,2
8,481,418,276,450,2.28,13,12,3,3,0,2
5,539,347,285,443,1.32,13,12,3,3,0,2
7,387,356,226,372,1.53,13,12,3,3,0,2
2,419,203,208,311,1.68,13,12,3,3,0,2
0,516,230,252,373,2.13,13,12,3,3,0,2
4,309,384,200,346,1.65,13,12,3,3,0,2
6,262,403,185,332,2.13,13,12,3,3,0,2
1,335,329,200,332,1.56,13,12,3,3,0,2
9,221,547,198,384,1.19,13,12,3,3,0,2
3,378,184,188,281,0.53,13,12,3,3,0,0
8,159,339,131,249,1.22,13,12,3,3,0,2
5,424,336,237,380,0.76,13,12,3,3,0,2
7,544,482,314,513,1.4,13,12,3,3,0,2
2,497,430,285,464,1.38,13,12,3,3,0,2
0,334,439,221,386,2.19,13,12,3,3,0,2
4,294,330,184,312,0.74,13,12,3,3,0,0
6,469,373,262,421,0.62,13,12,3,3,0,0
1,235,414,177,324,2.41,13,12,3,3,0,2
9,162,468,158,315,0.68,13,12,3,3,0,0
3,485,369,268,427,1.2,13,12,3,3,0,2
8,256,473,197,364,1.78,13,12,3,3,0,2
5,241,196,136,218,2.17,13,12,3,3,0,2
7,550,476,315,513,1.53,13,12,3,3,0,2
2,440,196,215,318,0.84,13,12,3,3,0,2
0,524,483,306,504,1.65,13,12,3,3,0,2
4,321,253,179,287,1.2,13,12,3,3,0,2
6,212,274,140,243,1.36,13,12,3,3,0,2
1,543,199,257,371,1.97,13,12,3,3,0,2
9,209,481,180,345,2.29,13,12,3,3,0,2
3,425,356,241,390,0.95,13,12,3,3,0,2
8,340,492,234,416,2.44,14,12,3,3,0,2
5,427,417,254,422,2.24,14,12,3,3,0,2
7,505,455,293,480,1.57,14,12,3,3,0,2
2,343,524,242,434,2.12,14,12,3,3,0,2
0,336,491,233,414,0.92,14,12,3,3,0,2
4,485,270,248,378,2.02,14,12,3,3,0,2
6,475,396,269,436,1.57,14,12,3,3,0,2
1,260,491,202,376,1.32,14,12,3,3,0,2
9,258,469,197,364,2.21,14,12,3,3,0,2
3,338,281,191,310,0.76,14,12,3,3,0,2
8,455,161,214,308,1.05,14,12,3,3,0,2
5,179,409,153,294,0.78,14,12,3,3,0,2
7,352,503,241,428,2.29,14,12,3,3,0,2
2,176,248,120,212,0.53,14,12,3,3,0,0
0,414,342,234,378,1.79,14,12,3,3,0,2
4,416,249,216,332,1.92,14,12,3,3,0,2
6,217,415,170,316,2.18,14,12,3,3,0,2
1,529,259,263,394,0.96,14,12,3,3,0,2
9,442,459,269,450,0.96,14,12,3,3,0,2
3,422,159,201,290,0.6,14,12,3,3,0,0
8,476,502,291,489,0.94,14,12,3,3,0,2
5,329,393,210,361,2.11,14,12,3,3,0,2
7,155,190,100,172,1.84,14,12,3,3,0,2
2,369,175,183,272,1.8,14,12,3,3,0,2
0,455,446,271,450,2.09,14,12,3,3,0,2
4,345,436,225,390,0.78,14,12,3,3,0,2
6,282,213,155,248,0.82,14,12,3,3,0,2
1,308,195,162,252,2.08,14,12,3,3,0,2
9,411,328,230,370,1.57,14,12,3,3,0,2
3,182,312,135,247,1.79,14,12,3,3,0,2
8,234,171,128,202,0.97,14,12,3,3,0,2
5,158,178,99,168,1.51,14,12,3,3,0,2
7,247,246,148,246,2.04,14,12,3,3,0,2
2,461,394,263,428,0.69,14,12,3,3,0,0
0,498,349,269,424,0.83,14,12,3,3,0,2
4,469,504,288,486,1.44,14,12,3,3,0,2
6,287,402,195,344,0.86,14,12,3,3,0,2
1,168,279,123,224,2.19,14,12,3,3,0,2
9,226,490,188,358,2.3,14,12,3,3,0,2
3,295,175,153,235,1.85,14,12,3,3,0,2
8,322,523,233,422,1.06,15,12,3,3,0,2
5,494,198,237,346,1.72,15,12,3,3,0,2
7,178,320,135,249,2.44,15,12,3,3,0,2
2,425,172,204,298,1.27,15,12,3,3,0,2
0,386,441,243,414,0.62,15,12,3,3,0,0
4,151,537,168,344,1.27,15,12,3,3,0,2
6,181,209,114,195,0.77,15,12,3,3,0,2
1,223,219,133,221,0.94,15,12,3,3,0,2
9,358,419,227,388,2.39,15,12,3,3,0,2
3,237,495,194,366,1.66,15,12,3,3,0,2
8,511,343,273,427,0.91,15,12,3,3,0,2
5,353,449,231,401,2.1,15,12,3,3,0,2
7,334,498,233,416,1.74,15,12,3,3,0,2
2,186,203,115,194,1.47,15,12,3,3,0,2
0,524,319,273,422,0.76,15,12,3,3,0,2
4,409,433,250,421,1.95,15,12,3,3,0,2
6,293,319,181,306,1.16,15,12,3,3,0,2
1,499,185,237,342,1.28,15,12,3,3,0,2
9,411,331,231,371,2.2,15,12,3,3,0,2
3,305,365,195,335,0.79,15,12,3,3,0,2
8,495,337,265,416,1.72,15,12,3,3,0,2
5,300,487,217,394,2.11,15,12,3,3,0,2
7,394,517,261,456,2.47,15,12,3,3,0,2
2,460,151,214,306,1.27,15,12,3,3,0,2
0,304,293,180,298,2.04,15,12,3,3,0,2
4,547,255,270,401,1.69,15,12,3,3,0,2
6,179,223,116,201,1.38,15,12,3,3,0,2
1,363,375,220,369,1.24,15,12,3,3,0,2
9,353,494,240,424,2.15,15,12,3,3,0,2
3,476,419,274,448,1.8,15,12,3,3,0,2
8,320,171,162,246,0.94,15,12,3,3,0,2
5,467,365,260,416,0.53,15,12,3,3,0,0
7,369,304,208,336,2.4,15,12,3,3,0,2
2,241,439,184,340,1.16,15,12,3,3,0,2
0,310,217,167,264,1.42,15,12,3,3,0,2
4,165,208,108,186,1.9,15,12,3,3,0,2
6,260,506,205,383,2.24,15,12,3,3,0,2
1,258,259,155,258,1.5,15,12,3,3,0,2
9,238,323,160,280,1.36,15,12,3,3,0,2
3,434,501,274,468,1.56,15,12,3,3,0,2
8,518,329,273,424,2.29,16,12,3,3,0,2
5,386,394,233,390,2.14,16,12,3,3,0,2
7,399,234,206,316,2.3,16,12,3,3,0,2
2,327,374,206,350,0.65,16,12,3,3,0,0
0,195,336,145,266,0.51,16,12,3,3,0,0
4,257,201,143,229,2.07,16,12,3,3,0,2
6,547,458,310,502,1.72,16,12,3,3,0,2
1,196,514,181,355,2.11,16,12,3,3,0,2
9,413,279,221,346,1.93,16,12,3,3,0,2
3,354,386,219,370,1.81,16,12,3,3,0,2
8,444,236,225,340,1.96,16,12,3,3,0,2
5,415,336,233,376,2.42,16,12,3,3,0,2
7,218,207,129,212,0.94,16,12,3,3,0,2
2,204,531,188,368,1.17,16,12,3,3,0,2
0,393,293,216,343,2.44,16,12,3,3,0,2
4,338,196,174,267,2.03,16,12,3,3,0,2
6,241,266,150,254,1.41,16,12,3,3,0,2
1,309,327,189,318,2.03,16,12,3,3,0,2
9,461,366,258,414,1.66,16,12,3,3,0,2
3,455,479,278,467,1.36,16,12,3,3,0,2
8,228,302,152,265,1.4,16,12,3,3,0,2
5,267,211,149,239,2.09,16,12,3,3,0,2
7,535,419,298,477,0.54,16,12,3,3,0,0
2,151,540,168,346,1.67,16,12,3,3,0,2
0,374,355,221,364,0.99,16,12,3,3,0,2
4,322,207,170,264,0.51,16,12,3,3,0,0
6,223,220,133,222,2.18,16,12,3,3,0,2
1,243,320,161,282,1.16,16,12,3,3,0,2
9,404,263,214,334,0.97,16,12,3,3,0,2
3,492,464,290,478,2.09,16,12,3,3,0,2
8,326,404,211,365,0.61,16,12,3,3,0,0
5,165,151,96,158,1.98,16,12,3,3,0,2
7,325,325,195,325,1.52,16,12,3,3,0,2
2,232,162,125,197,2.43,16,12,3,3,0,2
0,494,206,239,350,0.84,16,12,3,3,0,2
4,236,538,202,387,2.09,16,12,3,3,0,2
6,284,275,169,280,0.66,16,12,3,3,0,0
1,179,528,177,354,0.65,16,12,3,3,0,0
9,421,195,207,308,1.64,16,12,3,3,0,2
3,509,460,296,484,0.72,16,12,3,3,0,0
8,643,2388,735,1516,3.07,17,12,3,3,0,2
5,679,1672,606,1176,4.72,17,12,3,3,0,2
7,1197,2008,880,1602,3.66,17,12,3,3,0,2
2,613,1090,463,852,5.48,17,12,3,3,0,2
0,787,2174,750,1480,5.15,17,12,3,3,0,2
4,1107,2090,861,1598,3.89,17,12,3,3,0,2
6,798,1844,688,1321,3.24,17,12,3,3,0,2
1,692,1371,551,1032,4.68,17,12,3,3,0,2
9,686,1353,545,1020,4.77,17,12,3,3,0,2
3,879,2307,813,1593,3.68,17,12,3,3,0,2
8,1192,2236,924,1714,5.39,17,12,3,3,0,2
5,1062,2283,881,1672,4.38,17,12,3,3,0,2
7,821,1859,700,1340,5.27,17,12,3,3,0,2
2,966,1560,698,1263,5.15,17,12,3,3,0,2
0,673,2364,742,1518,3.63,17,12,3,3,0,2
4,1029,2139,839,1584,3.55,17,12,3,3,0,2
6,1026,1049,620,1038,3.29,17,12,3,3,0,2
1,728,2462,784,1595,4.81,17,12,3,3,0,2
9,781,1968,706,1374,4.14,17,12,3,3,0,2
3,1059,2041,832,1550,4.47,17,12,3,3,0,2
8,1023,1223,654,1123,5.19,17,12,3,3,0,2
5,688,1585,592,1136,4.76,17,12,3,3,0,2
7,813,2242,774,1528,5.57,17,12,3,3,0,2
2,1124,1409,731,1266,3.31,17,12,3,3,0,2
0,1076,2368,904,1722,3.64,17,12,3,3,0,2
4,1107,1776,798,1442,4.91,17,12,3,3,0,2
6,838,1841,703,1340,4.95,17,12,3,3,0,2
1,1193,2170,911,1682,3.66,17,12,3,3,0,2
9,799,1809,681,1304,3.11,17,12,3,3,0,2
3,644,1198,497,921,4.74,17,12,3,3,0,2
8,921,2351,839,1636,3.81,17,12,3,3,0,2
5,968,1189,625,1078,5.25,17,12,3,3,0,2
7,856,2042,751,1449,3.66,17,12,3,3,0,2
2,1054,2274,876,1664,3.77,17,12,3,3,0,2
0,1182,2509,975,1846,5.23,17,12,3,3,0,2
4,1000,1492,698,1246,3.55,17,12,3,3,0,2
6,862,2233,791,1548,4.83,17,12,3,3,0,2
1,1198,1919,863,1558,4.59,17,12,3,3,0,2
9,706,2338,750,1522,3.67,17,12,3,3,0,2
3,730,1327,557,1028,5.5,17,12,3,3,0,2
8,864,2245,795,1554,4.63,18,12,3,3,0,2
5,949,2581,896,1765,3.23,18,12,3,3,0,2
7,655,1571,576,1113,3.56,18,12,3,3,0,2
2,950,1450,670,1200,5.4,18,12,3,3,0,2
0,848,1434,626,1141,4.32,18,12,3,3,0,2
4,982,1997,792,1490,4.62,18,12,3,3,0,2
6,1125,1499,750,1312,3.93,18,12,3,3,0,2
1,632,2621,777,1626,5.35,18,12,3,3,0,2
9,755,2603,823,1679,5.69,18,12,3,3,0,2
3,1124,2146,879,1635,3.62,18,12,3,3,0,2
8,912,1077,580,994,4.08,18,12,3,3,0,2
5,972,1980,785,1476,3.5,18,12,3,3,0,2
7,823,2496,828,1660,3.46,18,12,3,3,0,2
2,643,1935,644,1289,4.72,18,12,3,3,0,2
0,1086,1828,800,1457,3.41,18,12,3,3,0,2
4,879,1109,573,994,3.37,18,12,3,3,0,2
6,720,2040,696,1380,3.09,18,12,3,3,0,2
1,888,2396,834,1642,3.84,18,12,3,3,0,2
9,949,2357,851,1653,5.78,18,12,3,3,0,2
3,629,2369,725,1499,3.3,18,12,3,3,0,2
8,993,1841,765,1417,4.28,18,12,3,3,0,2
5,1132,1685,790,1408,3.2,18,12,3,3,0,2
7,1086,1116,658,1101,3.18,18,12,3,3,0,2
2,981,1565,705,1273,4.64,18,12,3,3,0,2
0,689,1244,524,966,4.42,18,12,3,3,0,2
4,640,2533,763,1586,5.66,18,12,3,3,0,2
6,811,2207,766,1509,4.15,18,12,3,3,0,2
1,812,1464,618,1138,4.95,18,12,3,3,0,2
9,822,1516,632,1169,3.47,18,12,3,3,0,2
3,891,1228,602,1060,5.69,18,12,3,3,0,2
8,1024,2087,827,1556,3.85,18,12,3,3,0,2
5,1009,2448,893,1728,4.52,18,12,3,3,0,2
7,833,2782,890,1808,3.27,18,12,3,3,0,2
2,981,2295,851,1638,4.48,18,12,3,3,0,2
0,925,1074,585,1000,3.65,18,12,3,3,0,2
4,717,2399,767,1558,3.84,18,12,3,3,0,2
6,997,2606,920,1802,5.45,18,12,3,3,0,2
1,929,2001,772,1465,4.4,18,12,3,3,0,2
9,814,2152,756,1483,3.99,18,12,3,3,0,2
3,703,1955,672,1329,4.43,18,12,3,3,0,2
8,932,1024,578,978,4.1,19,12,3,3,0,2
5,785,1217,557,1001,4.89,19,12,3,3,0,2
7,618,2346,716,1482,3.06,19,12,3,3,0,2
2,951,1439,668,1195,3.97,19,12,3,3,0,2
0,752,2109,723,1430,4.07,19,12,3,3,0,2
4,984,2754,944,1869,5.51,19,12,3,3,0,2
6,1149,1239,707,1194,3.37,19,12,3,3,0,2
1,879,2097,771,1488,5.46,19,12,3,3,0,2
9,828,2564,844,1696,4.49,19,12,3,3,0,2
3,707,2396,762,1552,3.13,19,12,3,3,0,2
8,708,1932,670,1320,3.49,19,12,3,3,0,2
5,932,1025,578,978,4.85,19,12,3,3,0,2
7,871,1572,663,1222,3.25,19,12,3,3,0,2
2,877,1250,601,1064,3.57,19,12,3,3,0,2
0,1071,2725,973,1898,5.68,19,12,3,3,0,2
4,1164,2365,939,1764,4.92,19,12,3,3,0,2
6,1081,2797,992,1939,5.41,19,12,3,3,0,2
1,691,2328,742,1510,4.96,19,12,3,3,0,2
9,895,1366,631,1130,4.95,19,12,3,3,0,2
3,902,1286,618,1094,4.48,19,12,3,3,0,2
8,790,1398,596,1094,4.78,19,12,3,3,0,2
5,696,2526,784,1611,5.75,19,12,3,3,0,2
7,678,2299,731,1488,5.03,19,12,3,3,0,2
2,813,2513,828,1663,3.44,19,12,3,3,0,2
0,960,2356,855,1658,5.69,19,12,3,3,0,2
4,792,1227,562,1010,3.65,19,12,3,3,0,2
6,1197,2203,919,1700,4.86,19,12,3,3,0,2
1,1033,1074,628,1054,5.27,19,12,3,3,0,2
9,1094,2633,964,1864,3.86,19,12,3,3,0,2
3,779,1054,522,916,3.78,19,12,3,3,0,2
8,1160,1959,856,1560,5.59,19,12,3,3,0,2
5,667,2626,792,1646,5.08,19,12,3,3,0,2
7,1037,1879,791,1458,4.27,19,12,3,3,0,2
2,695,2035,685,1365,4.14,19,12,3,3,0,2
0,779,1058,523,918,4.03,19,12,3,3,0,2
4,601,1400,520,1000,5.31,19,12,3,3,0,2
6,754,1669,635,1212,5.44,19,12,3,3,0,2
1,991,1538,704,1264,3.33,19,12,3,3,0,2
9,1114,1895,825,1504,3.54,19,12,3,3,0,2
3,848,2707,881,1778,3.85,19,12,3,3,0,2
8,1186,2119,898,1652,4.22,20,12,3,3,0,2
5,800,1458,612,1129,4.81,20,12,3,3,0,2
7,727,1369,565,1048,3.34,20,12,3,3,0,2
2,1068,1214,670,1141,4.94,20,12,3,3,0,2
0,1031,2571,927,1801,4.37,20,12,3,3,0,2
4,1140,2759,1008,1950,4.08,20,12,3,3,0,2
6,685,2328,740,1506,4.7,20,12,3,3,0,2
1,1169,1361,740,1265,5.62,20,12,3,3,0,2
9,1121,2775,1003,1948,4.65,20,12,3,3,0,2
3,1014,1880,782,1447,4.45,20,12,3,3,0,2
8,700,2222,724,1461,3.15,20,12,3,3,0,2
5,737,2274,750,1506,5.72,20,12,3,3,0,2
7,1119,1580,764,1350,4.48,20,12,3,3,0,2
2,1067,1419,711,1243,4.2,20,12,3,3,0,2
0,815,2090,744,1452,5.07,20,12,3,3,0,2
4,1186,1229,720,1208,4.12,20,12,3,3,0,2
6,1196,2293,937,1744,3.69,20,12,3,3,0,2
1,929,1194,610,1062,3.8,20,12,3,3,0,2
9,849,2209,781,1529,3.33,20,12,3,3,0,2
3,698,2638,807,1668,5.17,20,12,3,3,0,2
8,938,1276,630,1107,3.2,20,12,3,3,0,2
5,728,1944,680,1336,4.39,20,12,3,3,0,2
7,899,1304,620,1102,4.88,20,12,3,3,0,2
2,1043,1054,628,1048,3.01,20,12,3,3,0,2
0,780,1068,526,924,5.09,20,12,3,3,0,2
4,1108,2008,845,1558,4.86,20,12,3,3,0,2
6,608,2790,801,1699,3.25,20,12,3,3,0,2
1,767,1249,557,1008,3.38,20,12,3,3,0,2
9,1163,1028,671,1096,5.48,20,12,3,3,0,2
3,1086,1576,750,1331,4.18,20,12,3,3,0,2
8,865,1646,675,1256,4.95,20,12,3,3,0,2
5,825,1640,658,1232,3.97,20,12,3,3,0,2
7,822,1525,634,1174,5.2,20,12,3,3,0,2
2,917,1922,751,1420,3.39,20,12,3,3,0,2
0,1101,1408,722,1254,3.89,20,12,3,3,0,2
4,628,1084,468,856,4.43,20,12,3,3,0,2
6,943,1501,677,1222,4.78,20,12,3,3,0,2
1,711,2776,840,1744,5.13,20,12,3,3,0,2
9,1059,1727,769,1393,4.9,20,12,3,3,0,2
3,609,1066,457,838,3.41,20,12,3,3,0,2
8,216,237,134,226,1.88,21,12,3,3,0,2
5,477,325,256,401,2.22,21,12,3,3,0,2
7,520,342,276,431,1.99,21,12,3,3,0,2
2,204,248,131,226,0.89,21,12,3,3,0,2
0,308,337,191,322,2.35,21,12,3,3,0,2
4,202,455,172,328,1.15,21,12,3,3,0,2
6,291,407,198,349,1.26,21,12,3,3,0,2
1,450,396,259,423,2.03,21,12,3,3,0,2
9,409,210,206,310,0.88,21,12,3,3,0,2
3,254,476,197,365,1.54,21,12,3,3,0,2
8,218,150,117,184,2.43,21,12,3,3,0,2
5,512,298,264,405,0.94,21,12,3,3,0,2
7,402,332,227,367,1.49,21,12,3,3,0,2
2,288,386,192,337,1.62,21,12,3,3,0,2
0,534,424,298,479,0.71,21,12,3,3,0,0
4,540,531,322,536,1.56,21,12,3,3,0,2
6,346,511,241,428,1.99,21,12,3,3,0,2
1,504,191,240,348,2.27,21,12,3,3,0,2
9,484,503,294,494,2.46,21,12,3,3,0,2
3,222,429,175,326,1.99,21,12,3,3,0,2
8,257,383,179,320,1.9,21,12,3,3,0,2
5,489,402,276,446,2.36,21,12,3,3,0,2
7,306,339,190,322,1.43,21,12,3,3,0,2
2,365,375,221,370,1.32,21,12,3,3,0,2
0,513,450,295,482,1.39,21,12,3,3,0,2
4,507,418,286,462,1.74,21,12,3,3,0,2
6,393,292,216,342,2.32,21,12,3,3,0,2
1,473,321,253,397,1.6,21,12,3,3,0,2
9,304,371,196,338,1.96,21,12,3,3,0,2
3,428,520,275,474,2.43,21,12,3,3,0,2
8,527,207,252,367,1.98,21,12,3,3,0,2
5,290,520,220,405,0.58,21,12,3,3,0,0
7,218,444,176,331,2.11,21,12,3,3,0,2
2,214,503,186,358,1.8,21,12,3,3,0,2
0,253,257,153,255,1.07,21,12,3,3,0,2
4,415,439,254,427,2.47,21,12,3,3,0,2
6,156,491,161,324,2.05,21,12,3,3,0,2
1,438,359,247,398,1.58,21,12,3,3,0,2
9,407,547,272,477,1.25,21,12,3,3,0,2
3,229,248,141,238,2.34,21,12,3,3,0,2
8,308,538,231,423,1.03,22,12,3,3,0,2
5,460,535,291,498,1.39,22,12,3,3,0,2
7,273,313,172,293,1.19,22,12,3,3,0,2
2,187,415,158,301,1.76,22,12,3,3,0,2
0,244,538,205,391,1.46,22,12,3,3,0,2
4,511,405,285,458,1.09,22,12,3,3,0,2
6,425,242,218,334,2.42,22,12,3,3,0,2
1,229,247,141,238,1.97,22,12,3,3,0,2
9,367,511,249,439,1.6,22,12,3,3,0,2
3,353,310,203,332,2.2,22,12,3,3,0,2
8,326,278,186,302,1.65,22,12,3,3,0,2
5,235,150,124,192,1.98,22,12,3,3,0,2
7,324,533,236,428,1.92,22,12,3,3,0,2
2,338,279,191,308,0.65,22,12,3,3,0,0
0,409,479,259,444,2.43,22,12,3,3,0,2
4,522,409,291,466,1.59,22,12,3,3,0,2
6,442,274,232,358,1.23,22,12,3,3,0,2
1,432,221,217,326,1.25,22,12,3,3,0,2
9,392,244,206,318,1.79,22,12,3,3,0,2
3,494,231,244,362,2.09,22,12,3,3,0,2
8,311,533,231,422,1.83,22,12,3,3,0,2
5,212,439,173,326,1.93,22,12,3,3,0,2
7,262,409,187,336,1.82,22,12,3,3,0,2
2,443,338,245,390,2.34,22,12,3,3,0,2
0,508,308,265,408,2.36,22,12,3,3,0,2
4,187,157,106,172,1.12,22,12,3,3,0,2
6,355,372,216,364,1.95,22,12,3,3,0,2
1,174,198,109,186,1.86,22,12,3,3,0,2
9,253,202,142,228,1.29,22,12,3,3,0,2
3,473,174,224,324,0.6,22,12,3,3,0,0
8,283,276,168,280,0.56,22,12,3,3,0,0
5,528,407,293,468,1.79,22,12,3,3,0,2
7,394,245,207,320,0.7,22,12,3,3,0,0
2,354,346,211,350,1.21,22,12,3,3,0,2
0,345,312,200,328,0.51,22,12,3,3,0,0
4,205,415,165,310,1.9,22,12,3,3,0,2
6,407,208,204,308,1.91,22,12,3,3,0,2
1,383,423,238,403,1.11,22,12,3,3,0,2
9,297,495,218,396,1.51,22,12,3,3,0,2
3,251,387,178,319,0.62,22,12,3,3,0,0
8,351,366,214,358,0.53,23,12,3,3,0,0
5,411,196,204,304,1.35,23,12,3,3,0,2
7,492,482,293,487,2.43,23,12,3,3,0,2
2,428,265,224,346,1.59,23,12,3,3,0,2
0,331,207,174,269,1.6,23,12,3,3,0,2
4,243,475,192,359,1.68,23,12,3,3,0,2
6,513,464,298,488,0.75,23,12,3,3,0,2
1,406,160,194,283,0.93,23,12,3,3,0,2
9,190,303,137,246,0.6,23,12,3,3,0,0
3,206,180,118,193,2.47,23,12,3,3,0,2
8,285,245,163,265,2.28,23,12,3,3,0,2
5,291,451,207,371,1.35,23,12,3,3,0,2
7,455,217,225,336,1.26,23,12,3,3,0,2
2,309,535,231,422,1.67,23,12,3,3,0,2
0,218,548,197,383,1.04,23,12,3,3,0,2
4,381,171,187,276,2.11,23,12,3,3,0,2
6,318,263,180,290,2.33,23,12,3,3,0,2
1,541,402,297,472,1.58,23,12,3,3,0,2
9,458,508,285,483,0.71,23,12,3,3,0,0
3,223,282,146,252,1.53,23,12,3,3,0,2
8,480,421,276,450,1.52,23,12,3,3,0,2
5,288,476,210,382,0.61,23,12,3,3,0,0
7,445,172,212,308,2.09,23,12,3,3,0,2
2,422,368,242,395,1.27,23,12,3,3,0,2
0,291,490,214,390,0.93,23,12,3,3,0,2
4,345,477,233,411,1.64,23,12,3,3,0,2
6,167,313,129,240,0.67,23,12,3,3,0,0
1,455,190,220,322,2.25,23,12,3,3,0,2
9,502,378,276,440,2.26,23,12,3,3,0,2
3,367,420,231,394,0.73,23,12,3,3,0,0
8,208,347,153,278,0.75,23,12,3,3,0,2
5,415,438,254,426,2.14,23,12,3,3,0,2
7,479,369,265,424,2.5,23,12,3,3,0,2
2,437,546,284,492,0.74,23,12,3,3,0,0
0,243,255,148,249,1.05,23,12,3,3,0,2
4,523,345,278,434,0.53,23,12,3,3,0,0
6,260,545,213,402,1.19,23,12,3,3,0,2
1,371,334,215,352,1.78,23,12,3,3,0,2
9,362,398,224,380,2.42,23,12,3,3,0,2
3,408,250,213,329,1.93,23,12,3,3,0,2
8,0,0,0,0,0.0,0,13,3,4,0,1
5,0,0,0,0,0.0,0,13,3,4,0,1
7,0,0,0,0,0.0,0,13,3,4,0,1
2,0,0,0,0,0.0,0,13,3,4,0,1
0,0,0,0,0,0.0,0,13,3,4,0,1
4,0,0,0,0,0.0,0,13,3,4,0,1
6,0,0,0,0,0.0,0,13,3,4,0,1
1,0,0,0,0,0.0,0,13,3,4,0,1
9,0,0,0,0,0.0,0,13,3,4,0,1
3,0,0,0,0,0.0,0,13,3,4,0,1
8,0,0,0,0,0.0,0,13,3,4,0,1
5,0,0,0,0,0.0,0,13,3,4,0,1
7,0,0,0,0,0.0,0,13,3,4,0,1
2,0,0,0,0,0.0,0,13,3,4,0,1
0,0,0,0,0,0.0,0,13,3,4,0,1
4,0,0,0,0,0.0,0,13,3,4,0,1
6,0,0,0,0,0.0,0,13,3,4,0,1
1,0,0,0,0,0.0,0,13,3,4,0,1
9,0,0,0,0,0.0,0,13,3,4,0,1
3,0,0,0,0,0.0,0,13,3,4,0,1
8,0,0,0,0,0.0,0,13,3,4,0,1
5,0,0,0,0,0.0,0,13,3,4,0,1
7,0,0,0,0,0.0,0,13,3,4,0,1
2,0,0,0,0,0.0,0,13,3,4,0,1
0,0,0,0,0,0.0,0,13,3,4,0,1
4,0,0,0,0,0.0,0,13,3,4,0,1
6,0,0,0,0,0.0,0,13,3,4,0,1
1,0,0,0,0,0.0,0,13,3,4,0,1
9,0,0,0,0,0.0,0,13,3,4,0,1
3,0,0,0,0,0.0,0,13,3,4,0,1
8,0,0,0,0,0.0,0,13,3,4,0,1
5,0,0,0,0,0.0,0,13,3,4,0,1
7,0,0,0,0,0.0,0,13,3,4,0,1
2,0,0,0,0,0.0,0,13,3,4,0,1
0,0,0,0,0,0.0,0,13,3,4,0,1
4,0,0,0,0,0.0,0,13,3,4,0,1
6,0,0,0,0,0.0,0,13,3,4,0,1
1,0,0,0,0,0.0,0,13,3,4,0,1
9,0,0,0,0,0.0,0,13,3,4,0,1
3,0,0,0,0,0.0,0,13,3,4,0,1
8,0,0,0,0,0.0,1,13,3,4,0,1
5,0,0,0,0,0.0,1,13,3,4,0,1
7,0,0,0,0,0.0,1,13,3,4,0,1
2,0,0,0,0,0.0,1,13,3,4,0,1
0,0,0,0,0,0.0,1,13,3,4,0,1
4,0,0,0,0,0.0,1,13,3,4,0,1
6,0,0,0,0,0.0,1,13,3,4,0,1
1,0,0,0,0,0.0,1,13,3,4,0,1
9,0,0,0,0,0.0,1,13,3,4,0,1
3,0,0,0,0,0.0,1,13,3,4,0,1
8,0,0,0,0,0.0,1,13,3,4,0,1
5,0,0,0,0,0.0,1,13,3,4,0,1
7,0,0,0,0,0.0,1,13,3,4,0,1
2,0,0,0,0,0.0,1,13,3,4,0,1
0,0,0,0,0,0.0,1,13,3,4,0,1
4,0,0,0,0,0.0,1,13,3,4,0,1
6,0,0,0,0,0.0,1,13,3,4,0,1
1,0,0,0,0,0.0,1,13,3,4,0,1
9,0,0,0,0,0.0,1,13,3,4,0,1
3,0,0,0,0,0.0,1,13,3,4,0,1
8,0,0,0,0,0.0,1,13,3,4,0,1
5,0,0,0,0,0.0,1,13,3,4,0,1
7,0,0,0,0,0.0,1,13,3,4,0,1
2,0,0,0,0,0.0,1,13,3,4,0,1
0,0,0,0,0,0.0,1,13,3,4,0,1
4,0,0,0,0,0.0,1,13,3,4,0,1
6,0,0,0,0,0.0,1,13,3,4,0,1
1,0,0,0,0,0.0,1,13,3,4,0,1
9,0,0,0,0,0.0,1,13,3,4,0,1
3,0,0,0,0,0.0,1,13,3,4,0,1
8,0,0,0,0,0.0,1,13,3,4,0,1
5,0,0,0,0,0.0,1,13,3,4,0,1
7,0,0,0,0,0.0,1,13,3,4,0,1
2,0,0,0,0,0.0,1,13,3,4,0,1
0,0,0,0,0,0.0,1,13,3,4,0,1
4,0,0,0,0,0.0,1,13,3,4,0,1
6,0,0,0,0,0.0,1,13,3,4,0,1
1,0,0,0,0,0.0,1,13,3,4,0,1
9,0,0,0,0,0.0,1,13,3,4,0,1
3,0,0,0,0,0.0,1,13,3,4,0,1
8,0,0,0,0,0.0,2,13,3,4,0,1
5,0,0,0,0,0.0,2,13,3,4,0,1
7,0,0,0,0,0.0,2,13,3,4,0,1
2,0,0,0,0,0.0,2,13,3,4,0,1
0,0,0,0,0,0.0,2,13,3,4,0,1
4,0,0,0,0,0.0,2,13,3,4,0,1
6,0,0,0,0,0.0,2,13,3,4,0,1
1,0,0,0,0,0.0,2,13,3,4,0,1
9,0,0,0,0,0.0,2,13,3,4,0,1
3,0,0,0,0,0.0,2,13,3,4,0,1
8,0,0,0,0,0.0,2,13,3,4,0,1
5,0,0,0,0,0.0,2,13,3,4,0,1
7,0,0,0,0,0.0,2,13,3,4,0,1
2,0,0,0,0,0.0,2,13,3,4,0,1
0,0,0,0,0,0.0,2,13,3,4,0,1
4,0,0,0,0,0.0,2,13,3,4,0,1
6,0,0,0,0,0.0,2,13,3,4,0,1
1,0,0,0,0,0.0,2,13,3,4,0,1
9,0,0,0,0,0.0,2,13,3,4,0,1
3,0,0,0,0,0.0,2,13,3,4,0,1
8,0,0,0,0,0.0,2,13,3,4,0,1
5,0,0,0,0,0.0,2,13,3,4,0,1
7,0,0,0,0,0.0,2,13,3,4,0,1
2,0,0,0,0,0.0,2,13,3,4,0,1
0,0,0,0,0,0.0,2,13,3,4,0,1
4,0,0,0,0,0.0,2,13,3,4,0,1
6,0,0,0,0,0.0,2,13,3,4,0,1
1,0,0,0,0,0.0,2,13,3,4,0,1
9,0,0,0,0,0.0,2,13,3,4,0,1
3,0,0,0,0,0.0,2,13,3,4,0,1
8,0,0,0,0,0.0,2,13,3,4,0,1
5,0,0,0,0,0.0,2,13,3,4,0,1
7,0,0,0,0,0.0,2,13,3,4,0,1
2,0,0,0,0,0.0,2,13,3,4,0,1
0,0,0,0,0,0.0,2,13,3,4,0,1
4,0,0,0,0,0.0,2,13,3,4,0,1
6,0,0,0,0,0.0,2,13,3,4,0,1
1,0,0,0,0,0.0,2,13,3,4,0,1
9,0,0,0,0,0.0,2,13,3,4,0,1
3,0,0,0,0,0.0,2,13,3,4,0,1
8,0,0,0,0,0.0,3,13,3,4,0,1
5,0,0,0,0,0.0,3,13,3,4,0,1
7,0,0,0,0,0.0,3,13,3,4,0,1
2,0,0,0,0,0.0,3,13,3,4,0,1
0,0,0,0,0,0.0,3,13,3,4,0,1
4,0,0,0,0,0.0,3,13,3,4,0,1
6,0,0,0,0,0.0,3,13,3,4,0,1
1,0,0,0,0,0.0,3,13,3,4,0,1
9,0,0,0,0,0.0,3,13,3,4,0,1
3,0,0,0,0,0.0,3,13,3,4,0,1
8,0,0,0,0,0.0,3,13,3,4,0,1
5,0,0,0,0,0.0,3,13,3,4,0,1
7,0,0,0,0,0.0,3,13,3,4,0,1
2,0,0,0,0,0.0,3,13,3,4,0,1
0,0,0,0,0,0.0,3,13,3,4,0,1
4,0,0,0,0,0.0,3,13,3,4,0,1
6,0,0,0,0,0.0,3,13,3,4,0,1
1,0,0,0,0,0.0,3,13,3,4,0,1
9,0,0,0,0,0.0,3,13,3,4,0,1
3,0,0,0,0,0.0,3,13,3,4,0,1
8,0,0,0,0,0.0,3,13,3,4,0,1
5,0,0,0,0,0.0,3,13,3,4,0,1
7,0,0,0,0,0.0,3,13,3,4,0,1
2,0,0,0,0,0.0,3,13,3,4,0,1
0,0,0,0,0,0.0,3,13,3,4,0,1
4,0,0,0,0,0.0,3,13,3,4,0,1
6,0,0,0,0,0.0,3,13,3,4,0,1
1,0,0,0,0,0.0,3,13,3,4,0,1
9,0,0,0,0,0.0,3,13,3,4,0,1
3,0,0,0,0,0.0,3,13,3,4,0,1
8,0,0,0,0,0.0,3,13,3,4,0,1
5,0,0,0,0,0.0,3,13,3,4,0,1
7,0,0,0,0,0.0,3,13,3,4,0,1
2,0,0,0,0,0.0,3,13,3,4,0,1
0,0,0,0,0,0.0,3,13,3,4,0,1
4,0,0,0,0,0.0,3,13,3,4,0,1
6,0,0,0,0,0.0,3,13,3,4,0,1
1,0,0,0,0,0.0,3,13,3,4,0,1
9,0,0,0,0,0.0,3,13,3,4,0,1
3,0,0,0,0,0.0,3,13,3,4,0,1
8,0,0,0,0,0.0,4,13,3,4,0,1
5,0,0,0,0,0.0,4,13,3,4,0,1
7,0,0,0,0,0.0,4,13,3,4,0,1
2,0,0,0,0,0.0,4,13,3,4,0,1
0,0,0,0,0,0.0,4,13,3,4,0,1
4,0,0,0,0,0.0,4,13,3,4,0,1
6,0,0,0,0,0.0,4,13,3,4,0,1
1,0,0,0,0,0.0,4,13,3,4,0,1
9,0,0,0,0,0.0,4,13,3,4,0,1
3,0,0,0,0,0.0,4,13,3,4,0,1
8,0,0,0,0,0.0,4,13,3,4,0,1
5,0,0,0,0,0.0,4,13,3,4,0,1
7,0,0,0,0,0.0,4,13,3,4,0,1
2,0,0,0,0,0.0,4,13,3,4,0,1
0,0,0,0,0,0.0,4,13,3,4,0,1
4,0,0,0,0,0.0,4,13,3,4,0,1
6,0,0,0,0,0.0,4,13,3,4,0,1
1,0,0,0,0,0.0,4,13,3,4,0,1
9,0,0,0,0,0.0,4,13,3,4,0,1
3,0,0,0,0,0.0,4,13,3,4,0,1
8,0,0,0,0,0.0,4,13,3,4,0,1
5,0,0,0,0,0.0,4,13,3,4,0,1
7,0,0,0,0,0.0,4,13,3,4,0,1
2,0,0,0,0,0.0,4,13,3,4,0,1
0,0,0,0,0,0.0,4,13,3,4,0,1
4,0,0,0,0,0.0,4,13,3,4,0,1
6,0,0,0,0,0.0,4,13,3,4,0,1
1,0,0,0,0,0.0,4,13,3,4,0,1
9,0,0,0,0,0.0,4,13,3,4,0,1
3,0,0,0,0,0.0,4,13,3,4,0,1
8,0,0,0,0,0.0,4,13,3,4,0,1
5,0,0,0,0,0.0,4,13,3,4,0,1
7,0,0,0,0,0.0,4,13,3,4,0,1
2,0,0,0,0,0.0,4,13,3,4,0,1
0,0,0,0,0,0.0,4,13,3,4,0,1
4,0,0,0,0,0.0,4,13,3,4,0,1
6,0,0,0,0,0.0,4,13,3,4,0,1
1,0,0,0,0,0.0,4,13,3,4,0,1
9,0,0,0,0,0.0,4,13,3,4,0,1
3,0,0,0,0,0.0,4,13,3,4,0,1
8,0,0,0,0,0.0,5,13,3,4,0,1
5,0,0,0,0,0.0,5,13,3,4,0,1
7,0,0,0,0,0.0,5,13,3,4,0,1
2,0,0,0,0,0.0,5,13,3,4,0,1
0,0,0,0,0,0.0,5,13,3,4,0,1
4,0,0,0,0,0.0,5,13,3,4,0,1
6,0,0,0,0,0.0,5,13,3,4,0,1
1,0,0,0,0,0.0,5,13,3,4,0,1
9,0,0,0,0,0.0,5,13,3,4,0,1
3,0,0,0,0,0.0,5,13,3,4,0,1
8,0,0,0,0,0.0,5,13,3,4,0,1
5,0,0,0,0,0.0,5,13,3,4,0,1
7,0,0,0,0,0.0,5,13,3,4,0,1
2,0,0,0,0,0.0,5,13,3,4,0,1
0,0,0,0,0,0.0,5,13,3,4,0,1
4,0,0,0,0,0.0,5,13,3,4,0,1
6,0,0,0,0,0.0,5,13,3,4,0,1
1,0,0,0,0,0.0,5,13,3,4,0,1
9,0,0,0,0,0.0,5,13,3,4,0,1
3,0,0,0,0,0.0,5,13,3,4,0,1
8,0,0,0,0,0.0,5,13,3,4,0,1
5,0,0,0,0,0.0,5,13,3,4,0,1
7,0,0,0,0,0.0,5,13,3,4,0,1
2,0,0,0,0,0.0,5,13,3,4,0,1
0,0,0,0,0,0.0,5,13,3,4,0,1
4,0,0,0,0,0.0,5,13,3,4,0,1
6,0,0,0,0,0.0,5,13,3,4,0,1
1,0,0,0,0,0.0,5,13,3,4,0,1
9,0,0,0,0,0.0,5,13,3,4,0,1
3,0,0,0,0,0.0,5,13,3,4,0,1
8,0,0,0,0,0.0,5,13,3,4,0,1
5,0,0,0,0,0.0,5,13,3,4,0,1
7,0,0,0,0,0.0,5,13,3,4,0,1
2,0,0,0,0,0.0,5,13,3,4,0,1
0,0,0,0,0,0.0,5,13,3,4,0,1
4,0,0,0,0,0.0,5,13,3,4,0,1
6,0,0,0,0,0.0,5,13,3,4,0,1
1,0,0,0,0,0.0,5,13,3,4,0,1
9,0,0,0,0,0.0,5,13,3,4,0,1
3,0,0,0,0,0.0,5,13,3,4,0,1
8,484,511,296,498,2.19,6,13,3,4,0,2
5,442,390,255,416,1.74,6,13,3,4,0,2
7,462,368,258,415,0.55,6,13,3,4,0,0
2,460,487,281,474,0.99,6,13,3,4,0,2
0,524,523,314,524,0.54,6,13,3,4,0,0
4,208,235,130,222,2.26,6,13,3,4,0,2
6,438,229,221,334,1.32,6,13,3,4,0,2
1,408,315,226,362,1.71,6,13,3,4,0,2
9,258,165,136,212,0.95,6,13,3,4,0,2
3,220,323,153,272,1.96,6,13,3,4,0,2
8,394,346,227,370,2.15,6,13,3,4,0,2
5,356,187,180,272,2.47,6,13,3,4,0,2
7,202,152,111,177,1.76,6,13,3,4,0,2
2,174,186,107,180,2.28,6,13,3,4,0,2
0,346,267,192,306,2.35,6,13,3,4,0,2
4,228,200,131,214,1.24,6,13,3,4,0,2
6,218,270,141,244,2.11,6,13,3,4,0,2
1,326,471,225,398,0.65,6,13,3,4,0,0
9,396,382,235,389,1.53,6,13,3,4,0,2
3,411,410,246,410,0.51,6,13,3,4,0,0
8,452,430,267,441,1.03,6,13,3,4,0,2
5,178,478,167,328,1.37,6,13,3,4,0,2
7,493,329,263,411,1.07,6,13,3,4,0,2
2,430,357,243,394,1.77,6,13,3,4,0,2
0,366,403,227,384,2.18,6,13,3,4,0,2
4,415,531,272,473,2.34,6,13,3,4,0,2
6,214,269,139,242,1.18,6,13,3,4,0,2
1,287,335,182,311,1.66,6,13,3,4,0,2
9,546,208,260,377,1.91,6,13,3,4,0,2
3,165,538,174,352,0.98,6,13,3,4,0,2
8,201,456,172,328,1.07,6,13,3,4,0,2
5,546,209,260,378,0.99,6,13,3,4,0,2
7,238,516,198,377,1.99,6,13,3,4,0,2
2,541,396,296,468,1.58,6,13,3,4,0,2
0,501,360,272,430,2.21,6,13,3,4,0,2
4,174,212,112,193,1.63,6,13,3,4,0,2
6,418,460,259,439,1.48,6,13,3,4,0,2
1,512,347,274,430,0.51,6,13,3,4,0,0
9,156,513,165,334,1.82,6,13,3,4,0,2
3,189,172,110,180,1.94,6,13,3,4,0,2
8,377,411,233,394,0.88,7,13,3,4,0,2
5,168,250,117,209,1.79,7,13,3,4,0,2
7,297,155,150,226,0.61,7,13,3,4,0,0
2,222,447,178,334,2.09,7,13,3,4,0,2
0,293,502,218,398,2.27,7,13,3,4,0,2
4,178,540,179,359,1.56,7,13,3,4,0,2
6,230,411,174,320,1.9,7,13,3,4,0,2
1,323,313,192,318,1.14,7,13,3,4,0,2
9,363,237,193,300,0.56,7,13,3,4,0,0
3,360,535,251,448,1.49,7,13,3,4,0,2
8,357,472,237,414,1.43,7,13,3,4,0,2
5,395,245,207,320,2.21,7,13,3,4,0,2
7,280,292,170,286,1.89,7,13,3,4,0,2
2,433,467,267,450,0.68,7,13,3,4,0,0
0,386,442,243,414,2.05,7,13,3,4,0,2
4,205,248,132,226,1.96,7,13,3,4,0,2
6,296,192,157,244,0.75,7,13,3,4,0,2
1,503,176,236,340,0.77,7,13,3,4,0,2
9,259,520,208,390,1.85,7,13,3,4,0,2
3,488,183,232,336,2.05,7,13,3,4,0,2
8,255,532,208,394,2.2,7,13,3,4,0,2
5,262,260,157,261,0.68,7,13,3,4,0,0
7,218,412,170,315,0.84,7,13,3,4,0,2
2,279,370,186,324,1.63,7,13,3,4,0,2
0,483,363,266,423,1.62,7,13,3,4,0,2
4,336,526,240,431,1.05,7,13,3,4,0,2
6,443,490,275,466,1.78,7,13,3,4,0,2
1,419,384,244,402,0.85,7,13,3,4,0,2
9,160,330,130,245,1.51,7,13,3,4,0,2
3,396,489,256,442,2.11,7,13,3,4,0,2
8,468,362,260,415,2.46,7,13,3,4,0,2
5,165,486,163,326,0.94,7,13,3,4,0,2
7,231,538,200,384,1.65,7,13,3,4,0,2
2,288,303,176,296,2.24,7,13,3,4,0,2
0,215,274,141,244,0.97,7,13,3,4,0,2
4,502,334,268,418,1.37,7,13,3,4,0,2
6,154,224,106,189,1.29,7,13,3,4,0,2
1,540,488,314,514,0.96,7,13,3,4,0,2
9,384,199,193,292,1.31,7,13,3,4,0,2
3,355,405,223,380,0.89,7,13,3,4,0,2
8,1268,724,652,996,5.78,8,13,3,4,0,2
5,1309,987,721,1148,5.77,8,13,3,4,0,2
7,1553,696,760,1124,3.91,8,13,3,4,0,2
2,2412,707,1106,1560,5.08,8,13,3,4,0,2
0,819,535,435,677,5.0,8,13,3,4,0,2
4,2425,978,1166,1702,5.2,8,13,3,4,0,2
6,1008,496,502,752,4.88,8,13,3,4,0,2
1,2198,906,1060,1552,4.88,8,13,3,4,0,2
9,2018,475,902,1246,5.2,8,13,3,4,0,2
3,1971,927,974,1449,5.5,8,13,3,4,0,2
8,2463,980,1181,1722,4.49,8,13,3,4,0,2
5,1958,907,965,1432,4.72,8,13,3,4,0,2
7,1477,667,724,1072,5.55,8,13,3,4,0,2
2,1256,638,630,947,3.19,8,13,3,4,0,2
0,1760,760,856,1260,4.79,8,13,3,4,0,2
4,1030,586,529,808,5.75,8,13,3,4,0,2
6,1337,737,682,1037,5.6,8,13,3,4,0,2
1,925,424,455,674,4.07,8,13,3,4,0,2
9,1993,429,883,1211,4.18,8,13,3,4,0,2
3,1797,462,811,1130,5.31,8,13,3,4,0,2
8,2348,526,1044,1437,5.59,8,13,3,4,0,2
5,891,651,487,771,5.5,8,13,3,4,0,2
7,1036,922,599,979,3.85,8,13,3,4,0,2
2,880,654,483,767,3.75,8,13,3,4,0,2
0,2233,609,1015,1421,3.37,8,13,3,4,0,2
4,1853,761,893,1307,3.07,8,13,3,4,0,2
6,1786,541,823,1164,3.62,8,13,3,4,0,2
1,829,937,519,883,4.02,8,13,3,4,0,2
9,2064,916,1009,1490,3.45,8,13,3,4,0,2
3,1978,522,896,1250,5.61,8,13,3,4,0,2
8,2191,916,1060,1554,3.85,8,13,3,4,0,2
5,1143,717,601,930,5.26,8,13,3,4,0,2
7,1938,673,910,1306,4.82,8,13,3,4,0,2
2,1637,831,821,1234,5.76,8,13,3,4,0,2
0,1200,698,620,949,5.05,8,13,3,4,0,2
4,2246,502,999,1374,3.3,8,13,3,4,0,2
6,2223,888,1067,1556,3.07,8,13,3,4,0,2
1,993,971,591,982,4.22,8,13,3,4,0,2
9,1096,591,557,844,4.88,8,13,3,4,0,2
3,1122,489,547,806,5.32,8,13,3,4,0,2
8,2278,547,1021,1412,4.46,9,13,3,4,0,2
5,1158,932,650,1045,5.7,9,13,3,4,0,2
7,1188,602,596,895,3.81,9,13,3,4,0,2
2,2300,573,1035,1436,3.51,9,13,3,4,0,2
0,877,408,432,642,5.36,9,13,3,4,0,2
4,1008,615,526,812,5.3,9,13,3,4,0,2
6,898,821,523,860,4.57,9,13,3,4,0,2
1,1283,991,711,1137,5.79,9,13,3,4,0,2
9,1660,535,771,1098,4.5,9,13,3,4,0,2
3,2486,581,1111,1534,5.51,9,13,3,4,0,2
8,2156,822,1027,1489,5.76,9,13,3,4,0,2
5,1596,969,832,1282,5.65,9,13,3,4,0,2
7,1559,643,752,1101,4.26,9,13,3,4,0,2
2,1654,888,839,1271,4.3,9,13,3,4,0,2
0,1386,831,721,1108,3.56,9,13,3,4,0,2
4,1956,958,974,1457,3.65,9,13,3,4,0,2
6,2387,566,1068,1476,5.12,9,13,3,4,0,2
1,1894,597,877,1246,4.62,9,13,3,4,0,2
9,1627,631,777,1129,4.65,9,13,3,4,0,2
3,813,538,433,676,3.55,9,13,3,4,0,2
8,1333,702,674,1018,5.62,9,13,3,4,0,2
5,1096,834,605,965,4.77,9,13,3,4,0,2
7,1112,874,620,993,5.14,9,13,3,4,0,2
2,934,856,545,895,4.74,9,13,3,4,0,2
0,1650,418,744,1034,3.78,9,13,3,4,0,2
4,1005,775,557,890,5.02,9,13,3,4,0,2
6,908,893,542,900,5.34,9,13,3,4,0,2
1,1007,465,496,736,4.14,9,13,3,4,0,2
9,1028,695,550,862,5.58,9,13,3,4,0,2
3,1765,896,885,1330,4.77,9,13,3,4,0,2
8,1090,795,595,942,3.67,9,13,3,4,0,2
5,992,808,558,900,3.94,9,13,3,4,0,2
7,1291,961,709,1126,4.94,9,13,3,4,0,2
2,1298,749,669,1024,3.26,9,13,3,4,0,2
0,1340,626,661,983,3.13,9,13,3,4,0,2
4,2246,949,1088,1598,4.1,9,13,3,4,0,2
6,1783,405,794,1094,5.13,9,13,3,4,0,2
1,2274,477,1005,1376,4.7,9,13,3,4,0,2
9,2430,758,1124,1594,4.89,9,13,3,4,0,2
3,1871,746,898,1308,4.03,9,13,3,4,0,2
8,1795,616,841,1206,5.63,10,13,3,4,0,2
5,1649,816,823,1232,4.68,10,13,3,4,0,2
7,925,874,545,900,3.15,10,13,3,4,0,2
2,2289,633,1042,1461,5.4,10,13,3,4,0,2
0,1067,723,571,895,4.56,10,13,3,4,0,2
4,2321,940,1116,1630,3.55,10,13,3,4,0,2
6,1391,452,647,922,4.09,10,13,3,4,0,2
1,1020,676,543,848,3.08,10,13,3,4,0,2
9,1436,754,725,1095,5.76,10,13,3,4,0,2
3,933,777,529,855,3.17,10,13,3,4,0,2
8,815,916,509,866,3.16,10,13,3,4,0,2
5,1718,984,884,1351,4.2,10,13,3,4,0,2
7,1576,552,741,1064,4.85,10,13,3,4,0,2
2,1901,649,890,1275,4.51,10,13,3,4,0,2
0,1017,607,528,812,5.31,10,13,3,4,0,2
4,1512,457,696,984,4.97,10,13,3,4,0,2
6,832,994,532,913,5.59,10,13,3,4,0,2
1,1677,709,813,1193,3.87,10,13,3,4,0,2
9,1425,953,761,1189,4.21,10,13,3,4,0,2
3,859,976,539,918,3.76,10,13,3,4,0,2
8,2258,471,997,1364,4.54,10,13,3,4,0,2
5,1493,505,698,999,4.01,10,13,3,4,0,2
7,1143,775,612,959,4.77,10,13,3,4,0,2
2,2500,714,1143,1607,3.25,10,13,3,4,0,2
0,1989,555,907,1272,3.9,10,13,3,4,0,2
4,1122,512,551,817,3.97,10,13,3,4,0,2
6,2224,435,977,1330,3.2,10,13,3,4,0,2
1,822,607,450,714,5.46,10,13,3,4,0,2
9,1198,593,598,896,4.34,10,13,3,4,0,2
3,1494,911,780,1202,5.54,10,13,3,4,0,2
8,1170,741,616,956,5.35,10,13,3,4,0,2
5,2324,857,1101,1590,5.08,10,13,3,4,0,2
7,2170,916,1051,1543,4.59,10,13,3,4,0,2
2,1394,437,645,916,4.7,10,13,3,4,0,2
0,1258,480,599,869,4.41,10,13,3,4,0,2
4,1258,730,649,994,3.29,10,13,3,4,0,2
6,1765,551,816,1158,3.23,10,13,3,4,0,2
1,1509,890,782,1200,4.33,10,13,3,4,0,2
9,2452,855,1152,1654,5.5,10,13,3,4,0,2
3,2275,535,1017,1405,4.87,10,13,3,4,0,2
8,310,414,207,362,1.04,11,13,3,4,0,2
5,294,525,223,410,1.6,11,13,3,4,0,2
7,220,230,134,225,0.59,11,13,3,4,0,0
2,250,253,151,252,1.4,11,13,3,4,0,2
0,316,490,224,403,2.14,11,13,3,4,0,2
4,448,515,282,482,0.6,11,13,3,4,0,0
6,188,345,144,266,0.91,11,13,3,4,0,2
1,269,278,163,274,0.99,11,13,3,4,0,2
9,484,459,285,472,0.65,11,13,3,4,0,0
3,167,426,152,296,1.99,11,13,3,4,0,2
8,302,223,165,262,0.64,11,13,3,4,0,0
5,267,547,216,407,1.29,11,13,3,4,0,2
7,479,330,258,404,0.53,11,13,3,4,0,0
2,360,268,198,314,1.97,11,13,3,4,0,2
0,394,534,264,464,1.09,11,13,3,4,0,2
4,437,252,225,344,0.82,11,13,3,4,0,2
6,196,282,135,239,1.7,11,13,3,4,0,2
1,186,206,116,196,1.9,11,13,3,4,0,2
9,356,364,215,360,1.38,11,13,3,4,0,2
3,182,425,158,304,1.17,11,13,3,4,0,2
8,223,314,152,268,0.57,11,13,3,4,0,0
5,193,414,160,304,0.65,11,13,3,4,0,0
7,269,429,193,349,0.93,11,13,3,4,0,2
2,252,389,179,320,0.81,11,13,3,4,0,2
0,178,439,159,308,1.14,11,13,3,4,0,2
4,464,213,228,338,0.92,11,13,3,4,0,2
6,185,527,179,356,1.83,11,13,3,4,0,2
1,537,174,250,356,2.05,11,13,3,4,0,2
9,517,299,267,408,2.23,11,13,3,4,0,2
3,406,336,230,371,1.79,11,13,3,4,0,2
8,381,445,241,413,2.13,11,13,3,4,0,2
5,217,327,152,272,1.44,11,13,3,4,0,2
7,264,235,153,250,0.81,11,13,3,4,0,2
2,299,287,177,293,1.35,11,13,3,4,0,2
0,488,448,285,468,1.22,11,13,3,4,0,2
4,309,206,165,258,2.21,11,13,3,4,0,2
6,426,543,279,484,1.29,11,13,3,4,0,2
1,445,284,235,364,2.14,11,13,3,4,0,2
9,393,507,259,450,1.02,11,13,3,4,0,2
3,154,338,129,246,1.42,11,13,3,4,0,2
8,539,421,300,480,1.27,12,13,3,4,0,2
5,405,503,263,454,1.3,12,13,3,4,0,2
7,187,535,182,361,2.47,12,13,3,4,0,2
2,189,223,120,206,1.72,12,13,3,4,0,2
0,329,366,205,348,1.96,12,13,3,4,0,2
4,495,381,274,438,1.41,12,13,3,4,0,2
6,485,442,282,464,1.97,12,13,3,4,0,2
1,245,228,144,236,0.61,12,13,3,4,0,0
9,341,170,170,256,1.26,12,13,3,4,0,2
3,300,440,208,370,1.97,12,13,3,4,0,2
8,164,512,168,338,0.52,12,13,3,4,0,0
5,397,277,214,337,2.18,12,13,3,4,0,2
7,526,175,245,350,1.64,12,13,3,4,0,2
2,383,222,198,302,1.24,12,13,3,4,0,2
0,346,499,238,422,2.22,12,13,3,4,0,2
4,313,458,217,386,1.78,12,13,3,4,0,2
6,504,531,308,518,1.16,12,13,3,4,0,2
1,233,360,165,296,1.88,12,13,3,4,0,2
9,332,332,199,332,1.89,12,13,3,4,0,2
3,167,219,111,193,2.05,12,13,3,4,0,2
8,509,303,264,406,1.27,12,13,3,4,0,2
5,412,373,239,392,0.86,12,13,3,4,0,2
7,514,364,278,439,1.95,12,13,3,4,0,2
2,258,457,195,358,1.71,12,13,3,4,0,2
0,498,373,274,436,0.58,12,13,3,4,0,0
4,204,266,135,235,1.66,12,13,3,4,0,2
6,537,310,277,424,2.45,12,13,3,4,0,2
1,354,279,197,316,0.6,12,13,3,4,0,0
9,161,530,170,346,2.2,12,13,3,4,0,2
3,310,421,208,366,1.09,12,13,3,4,0,2
8,457,228,228,342,1.27,12,13,3,4,0,2
5,545,469,312,507,1.69,12,13,3,4,0,2
7,413,279,221,346,1.76,12,13,3,4,0,2
2,309,212,166,260,1.82,12,13,3,4,0,2
0,476,342,259,409,0.75,12,13,3,4,0,2
4,194,400,158,297,1.33,12,13,3,4,0,2
6,458,489,281,474,0.8,12,13,3,4,0,2
1,155,198,102,176,1.14,12,13,3,4,0,2
9,415,453,257,434,2.21,12,13,3,4,0,2
3,297,436,206,366,0.69,12,13,3,4,0,0
8,368,321,211,344,2.33,13,13,3,4,0,2
5,230,500,192,365,1.12,13,13,3,4,0,2
7,309,365,197,337,2.19,13,13,3,4,0,2
2,285,153,145,219,1.7,13,13,3,4,0,2
0,226,406,172,316,2.38,13,13,3,4,0,2
4,299,475,215,387,0.93,13,13,3,4,0,2
6,506,390,280,448,1.32,13,13,3,4,0,2
1,509,237,251,373,0.94,13,13,3,4,0,2
9,206,418,166,312,1.08,13,13,3,4,0,2
3,177,333,137,255,0.94,13,13,3,4,0,2
8,337,368,208,352,1.11,13,13,3,4,0,2
5,198,527,185,362,1.47,13,13,3,4,0,2
7,379,529,257,454,2.06,13,13,3,4,0,2
2,274,446,199,360,0.67,13,13,3,4,0,0
0,306,185,159,246,0.69,13,13,3,4,0,0
4,504,509,303,506,1.0,13,13,3,4,0,2
6,355,416,225,386,0.99,13,13,3,4,0,2
1,232,321,157,276,1.84,13,13,3,4,0,2
9,228,442,180,335,0.68,13,13,3,4,0,0
3,351,453,231,402,1.01,13,13,3,4,0,2
8,371,260,200,316,1.93,13,13,3,4,0,2
5,283,440,201,362,1.71,13,13,3,4,0,2
7,212,504,186,358,0.95,13,13,3,4,0,2
2,436,267,228,352,1.55,13,13,3,4,0,2
0,326,433,217,380,2.28,13,13,3,4,0,2
4,363,378,221,370,1.85,13,13,3,4,0,2
6,517,176,242,346,1.71,13,13,3,4,0,2
1,295,277,173,286,0.88,13,13,3,4,0,2
9,520,260,260,390,1.78,13,13,3,4,0,2
3,249,335,167,292,1.74,13,13,3,4,0,2
8,275,526,215,400,0.82,13,13,3,4,0,2
5,316,343,195,330,1.56,13,13,3,4,0,2
7,544,542,326,543,2.35,13,13,3,4,0,2
2,505,287,259,396,0.98,13,13,3,4,0,2
0,299,208,161,254,1.39,13,13,3,4,0,2
4,398,364,232,381,1.06,13,13,3,4,0,2
6,544,356,289,450,1.74,13,13,3,4,0,2
1,424,477,265,450,2.02,13,13,3,4,0,2
9,408,166,196,287,1.09,13,13,3,4,0,2
3,396,239,206,318,2.35,13,13,3,4,0,2
8,460,421,268,440,1.93,14,13,3,4,0,2
5,281,323,177,302,0.56,14,13,3,4,0,0
7,248,201,139,224,1.4,14,13,3,4,0,2
2,174,438,157,306,0.66,14,13,3,4,0,0
0,234,363,166,298,2.5,14,13,3,4,0,2
4,235,480,190,358,1.84,14,13,3,4,0,2
6,207,278,138,242,0.58,14,13,3,4,0,0
1,404,432,248,418,1.87,14,13,3,4,0,2
9,426,175,205,300,1.15,14,13,3,4,0,2
3,488,503,296,496,2.14,14,13,3,4,0,2
8,510,401,284,456,0.95,14,13,3,4,0,2
5,233,390,171,312,1.23,14,13,3,4,0,2
7,473,412,272,442,0.68,14,13,3,4,0,0
2,278,324,176,301,1.67,14,13,3,4,0,2
0,160,392,142,276,1.18,14,13,3,4,0,2
4,471,532,295,502,1.34,14,13,3,4,0,2
6,339,464,228,402,0.83,14,13,3,4,0,2
1,528,220,255,374,1.12,14,13,3,4,0,2
9,281,510,214,396,2.44,14,13,3,4,0,2
3,518,488,305,503,2.05,14,13,3,4,0,2
8,458,506,284,482,1.66,14,13,3,4,0,2
5,524,304,270,414,2.26,14,13,3,4,0,2
7,156,205,103,180,2.41,14,13,3,4,0,2
2,283,482,210,382,0.5,14,13,3,4,0,0
0,433,308,235,370,0.81,14,13,3,4,0,2
4,450,471,274,460,0.78,14,13,3,4,0,2
6,219,420,172,320,1.21,14,13,3,4,0,2
1,384,386,231,385,1.69,14,13,3,4,0,2
9,291,481,213,386,0.68,14,13,3,4,0,0
3,402,521,265,462,2.02,14,13,3,4,0,2
8,490,269,250,380,0.97,14,13,3,4,0,2
5,413,210,207,312,1.21,14,13,3,4,0,2
7,422,296,228,359,0.85,14,13,3,4,0,2
2,174,521,174,348,1.92,14,13,3,4,0,2
0,358,422,228,390,0.95,14,13,3,4,0,2
4,416,366,240,391,0.76,14,13,3,4,0,2
6,548,533,326,540,1.01,14,13,3,4,0,2
1,413,437,253,425,2.08,14,13,3,4,0,2
9,439,203,216,321,1.39,14,13,3,4,0,2
3,184,379,149,282,0.73,14,13,3,4,0,0
8,484,514,296,499,0.69,15,13,3,4,0,0
5,409,312,226,360,0.5,15,13,3,4,0,0
7,531,179,248,355,1.95,15,13,3,4,0,2
2,488,208,237,348,2.34,15,13,3,4,0,2
0,543,413,300,478,1.26,15,13,3,4,0,2
4,353,183,178,268,2.25,15,13,3,4,0,2
6,468,389,265,428,1.4,15,13,3,4,0,2
1,428,155,202,292,1.37,15,13,3,4,0,2
9,463,466,278,464,0.6,15,13,3,4,0,0
3,371,156,180,264,1.91,15,13,3,4,0,2
8,528,416,294,472,1.2,15,13,3,4,0,2
5,294,453,208,374,2.25,15,13,3,4,0,2
7,279,299,171,289,0.66,15,13,3,4,0,0
2,472,363,261,418,1.69,15,13,3,4,0,2
0,343,262,190,302,0.68,15,13,3,4,0,0
4,438,527,281,482,1.87,15,13,3,4,0,2
6,267,459,199,363,1.88,15,13,3,4,0,2
1,466,306,248,386,2.46,15,13,3,4,0,2
9,478,189,229,334,1.73,15,13,3,4,0,2
3,413,184,202,298,1.66,15,13,3,4,0,2
8,393,360,229,376,0.99,15,13,3,4,0,2
5,261,535,211,398,1.67,15,13,3,4,0,2
7,431,331,239,381,0.71,15,13,3,4,0,0
2,284,469,207,376,2.38,15,13,3,4,0,2
0,469,245,237,357,2.12,15,13,3,4,0,2
4,370,266,201,318,1.92,15,13,3,4,0,2
6,387,442,243,414,1.98,15,13,3,4,0,2
1,380,330,218,355,1.4,15,13,3,4,0,2
9,212,361,157,286,1.94,15,13,3,4,0,2
3,231,398,172,314,1.58,15,13,3,4,0,2
8,437,418,258,428,2.04,15,13,3,4,0,2
5,435,258,226,346,0.51,15,13,3,4,0,0
7,154,535,169,344,2.4,15,13,3,4,0,2
2,442,487,274,464,0.6,15,13,3,4,0,0
0,550,354,291,452,1.0,15,13,3,4,0,2
4,477,451,281,464,0.82,15,13,3,4,0,2
6,169,322,132,246,1.76,15,13,3,4,0,2
1,279,510,214,394,2.14,15,13,3,4,0,2
9,520,525,313,522,1.89,15,13,3,4,0,2
3,348,432,226,390,1.5,15,13,3,4,0,2
8,195,493,177,344,0.69,16,13,3,4,0,0
5,345,311,200,328,1.36,16,13,3,4,0,2
7,548,208,261,378,0.66,16,13,3,4,0,0
2,436,548,284,492,2.21,16,13,3,4,0,2
0,417,319,231,368,0.66,16,13,3,4,0,0
4,428,271,225,350,0.52,16,13,3,4,0,0
6,251,229,146,240,2.32,16,13,3,4,0,2
1,370,476,243,423,1.85,16,13,3,4,0,2
9,470,301,248,386,2.42,16,13,3,4,0,2
3,344,216,181,280,2.23,16,13,3,4,0,2
8,383,407,235,395,0.6,16,13,3,4,0,0
5,451,421,265,436,1.19,16,13,3,4,0,2
7,202,487,178,344,2.44,16,13,3,4,0,2
2,302,151,151,226,1.65,16,13,3,4,0,2
0,534,153,244,344,1.15,16,13,3,4,0,2
4,405,240,210,322,0.88,16,13,3,4,0,2
6,379,289,209,334,1.59,16,13,3,4,0,2
1,484,349,263,416,1.89,16,13,3,4,0,2
9,391,292,215,342,1.93,16,13,3,4,0,2
3,259,241,152,250,2.47,16,13,3,4,0,2
8,363,440,233,402,2.36,16,13,3,4,0,2
5,339,162,168,250,1.64,16,13,3,4,0,2
7,295,316,181,306,2.45,16,13,3,4,0,2
2,298,286,176,292,1.88,16,13,3,4,0,2
0,209,166,117,188,1.44,16,13,3,4,0,2
4,200,326,145,263,1.26,16,13,3,4,0,2
6,315,363,199,339,0.81,16,13,3,4,0,2
1,244,547,207,396,2.41,16,13,3,4,0,2
9,272,494,208,383,1.86,16,13,3,4,0,2
3,358,496,242,427,1.56,16,13,3,4,0,2
8,533,271,267,402,0.55,16,13,3,4,0,0
5,193,372,152,282,1.62,16,13,3,4,0,2
7,500,381,276,440,1.09,16,13,3,4,0,2
2,544,425,303,484,2.49,16,13,3,4,0,2
0,167,319,131,243,2.34,16,13,3,4,0,2
4,299,292,178,296,2.3,16,13,3,4,0,2
6,348,274,194,311,2.29,16,13,3,4,0,2
1,394,491,256,442,1.59,16,13,3,4,0,2
9,236,308,156,272,0.53,16,13,3,4,0,0
3,327,337,198,332,1.72,16,13,3,4,0,2
8,883,2130,779,1506,4.16,17,13,3,4,0,2
5,1018,2084,824,1551,3.74,17,13,3,4,0,2
7,992,1238,644,1115,3.31,17,13,3,4,0,2
2,1095,2068,852,1582,3.71,17,13,3,4,0,2
0,1147,2596,978,1872,3.44,17,13,3,4,0,2
4,830,1609,654,1220,4.16,17,13,3,4,0,2
6,793,1093,536,943,4.57,17,13,3,4,0,2
1,1181,2714,1015,1948,4.38,17,13,3,4,0,2
9,1167,1698,806,1432,4.69,17,13,3,4,0,2
3,834,1630,660,1232,5.08,17,13,3,4,0,2
8,882,1382,629,1132,5.37,17,13,3,4,0,2
5,1010,1756,755,1383,4.28,17,13,3,4,0,2
7,614,2064,658,1339,4.38,17,13,3,4,0,2
2,831,2207,774,1519,3.88,17,13,3,4,0,2
0,1020,2765,961,1892,3.0,17,13,3,4,0,2
4,711,1030,490,870,4.04,17,13,3,4,0,2
6,702,2791,839,1746,5.15,17,13,3,4,0,2
1,775,1607,631,1191,3.75,17,13,3,4,0,2
9,935,2757,925,1846,3.33,17,13,3,4,0,2
3,701,2173,715,1437,3.24,17,13,3,4,0,2
8,1073,1577,745,1325,5.11,17,13,3,4,0,2
5,960,1617,707,1288,5.25,17,13,3,4,0,2
7,1022,1575,724,1298,5.15,17,13,3,4,0,2
2,986,2678,930,1832,5.79,17,13,3,4,0,2
0,1167,2736,1014,1952,5.4,17,13,3,4,0,2
4,914,1193,604,1054,5.03,17,13,3,4,0,2
6,827,1388,608,1108,4.59,17,13,3,4,0,2
1,1106,2094,861,1600,5.64,17,13,3,4,0,2
9,1141,1944,845,1542,3.9,17,13,3,4,0,2
3,1076,1758,782,1417,5.14,17,13,3,4,0,2
8,811,2235,771,1523,3.84,17,13,3,4,0,2
5,654,2049,671,1352,4.27,17,13,3,4,0,2
7,977,2618,914,1798,3.85,17,13,3,4,0,2
2,927,2079,787,1503,5.22,17,13,3,4,0,2
0,1116,1958,838,1537,3.24,17,13,3,4,0,2
4,808,2133,750,1470,3.34,17,13,3,4,0,2
6,1172,1097,688,1134,5.31,17,13,3,4,0,2
1,614,1019,449,816,4.13,17,13,3,4,0,2
9,639,2347,725,1493,4.5,17,13,3,4,0,2
3,1020,1007,609,1014,5.07,17,13,3,4,0,2
8,984,2007,795,1496,3.13,18,13,3,4,0,2
5,1069,1998,827,1534,4.57,18,13,3,4,0,2
7,782,1464,606,1123,4.55,18,13,3,4,0,2
2,873,1295,608,1084,3.55,18,13,3,4,0,2
0,640,1636,583,1138,5.59,18,13,3,4,0,2
4,644,1019,461,832,4.34,18,13,3,4,0,2
6,816,1133,553,974,3.76,18,13,3,4,0,2
1,1200,1641,808,1420,3.05,18,13,3,4,0,2
9,712,1733,631,1222,5.2,18,13,3,4,0,2
3,698,2338,747,1518,4.26,18,13,3,4,0,2
8,956,2449,872,1702,4.7,18,13,3,4,0,2
5,1118,1643,776,1380,4.31,18,13,3,4,0,2
7,1168,1175,702,1172,3.28,18,13,3,4,0,2
2,737,1541,603,1139,4.31,18,13,3,4,0,2
0,713,2400,765,1556,4.07,18,13,3,4,0,2
4,836,1846,704,1341,5.16,18,13,3,4,0,2
6,866,1951,737,1408,3.48,18,13,3,4,0,2
1,871,2771,903,1821,5.59,18,13,3,4,0,2
9,649,1110,482,880,3.95,18,13,3,4,0,2
3,1139,1104,676,1122,5.4,18,13,3,4,0,2
8,1139,2237,903,1688,4.74,18,13,3,4,0,2
5,897,2639,887,1768,5.18,18,13,3,4,0,2
7,638,2060,667,1349,4.38,18,13,3,4,0,2
2,1171,2248,918,1710,3.89,18,13,3,4,0,2
0,730,2206,733,1468,3.31,18,13,3,4,0,2
4,1162,2728,1010,1945,5.43,18,13,3,4,0,2
6,1091,1418,720,1254,3.73,18,13,3,4,0,2
1,1121,1449,738,1285,5.43,18,13,3,4,0,2
9,1099,2506,941,1802,3.24,18,13,3,4,0,2
3,1172,2390,947,1781,4.27,18,13,3,4,0,2
8,620,2093,667,1356,5.79,18,13,3,4,0,2
5,1008,2195,842,1602,3.51,18,13,3,4,0,2
7,884,1888,731,1386,5.07,18,13,3,4,0,2
2,1148,2550,969,1849,3.99,18,13,3,4,0,2
0,819,2039,735,1429,3.96,18,13,3,4,0,2
4,1186,1521,779,1354,5.48,18,13,3,4,0,2
6,814,1338,593,1076,5.76,18,13,3,4,0,2
1,1158,1062,676,1110,5.59,18,13,3,4,0,2
9,757,1192,541,974,3.39,18,13,3,4,0,2
3,1062,1934,812,1498,4.53,18,13,3,4,0,2
8,648,2176,694,1412,4.08,19,13,3,4,0,2
5,1042,1146,646,1094,3.73,19,13,3,4,0,2
7,816,2283,783,1550,5.15,19,13,3,4,0,2
2,603,2587,759,1595,4.73,19,13,3,4,0,2
0,843,2434,824,1638,4.85,19,13,3,4,0,2
4,873,1526,654,1200,4.54,19,13,3,4,0,2
6,877,1262,603,1070,5.29,19,13,3,4,0,2
1,1093,2508,939,1800,5.05,19,13,3,4,0,2
9,1073,1951,819,1512,4.29,19,13,3,4,0,2
3,1057,1474,718,1266,4.08,19,13,3,4,0,2
8,955,2580,898,1768,3.22,19,13,3,4,0,2
5,686,2339,742,1512,4.75,19,13,3,4,0,2
7,1059,1413,706,1236,5.43,19,13,3,4,0,2
2,922,1467,662,1194,3.49,19,13,3,4,0,2
0,894,2318,821,1606,4.67,19,13,3,4,0,2
4,1157,1032,669,1094,5.16,19,13,3,4,0,2
6,706,1561,595,1134,3.72,19,13,3,4,0,2
1,1084,1045,643,1064,4.46,19,13,3,4,0,2
9,1177,1234,718,1206,4.7,19,13,3,4,0,2
3,775,2082,726,1428,4.86,19,13,3,4,0,2
8,1145,1259,710,1202,4.28,19,13,3,4,0,2
5,710,1381,560,1046,4.88,19,13,3,4,0,2
7,778,1069,525,924,3.66,19,13,3,4,0,2
2,1064,1800,786,1432,5.14,19,13,3,4,0,2
0,926,1480,666,1203,3.9,19,13,3,4,0,2
4,749,2523,804,1636,3.71,19,13,3,4,0,2
6,857,1066,556,962,4.81,19,13,3,4,0,2
1,982,2415,876,1698,5.19,19,13,3,4,0,2
9,1090,1066,649,1078,4.13,19,13,3,4,0,2
3,784,2663,846,1724,4.57,19,13,3,4,0,2
8,1075,1200,670,1138,5.67,19,13,3,4,0,2
5,1102,1152,671,1127,3.87,19,13,3,4,0,2
7,765,2319,770,1542,4.22,19,13,3,4,0,2
2,1005,1182,638,1094,4.12,19,13,3,4,0,2
0,1182,1856,844,1519,3.98,19,13,3,4,0,2
4,908,2212,806,1560,4.41,19,13,3,4,0,2
6,921,1101,589,1011,4.77,19,13,3,4,0,2
1,994,2020,802,1507,5.1,19,13,3,4,0,2
9,787,1189,553,988,4.66,19,13,3,4,0,2
3,615,1860,618,1238,5.09,19,13,3,4,0,2
8,1008,2045,812,1526,5.44,20,13,3,4,0,2
5,902,1597,680,1250,4.81,20,13,3,4,0,2
7,1176,2599,990,1888,4.13,20,13,3,4,0,2
2,1062,1774,780,1418,5.67,20,13,3,4,0,2
0,712,2478,780,1595,3.54,20,13,3,4,0,2
4,673,2084,686,1378,3.99,20,13,3,4,0,2
6,770,1256,559,1013,5.51,20,13,3,4,0,2
1,911,2674,899,1792,4.22,20,13,3,4,0,2
9,977,1383,667,1180,3.89,20,13,3,4,0,2
3,1066,2724,971,1895,3.66,20,13,3,4,0,2
8,1034,2525,919,1780,4.16,20,13,3,4,0,2
5,843,2541,845,1692,5.79,20,13,3,4,0,2
7,1113,1844,814,1478,3.86,20,13,3,4,0,2
2,721,1211,531,966,3.69,20,13,3,4,0,2
0,882,1379,629,1130,4.77,20,13,3,4,0,2
4,938,2763,928,1850,3.28,20,13,3,4,0,2
6,788,1931,701,1360,4.69,20,13,3,4,0,2
1,679,1496,571,1088,3.72,20,13,3,4,0,2
9,937,1005,576,971,3.74,20,13,3,4,0,2
3,632,1040,461,836,3.72,20,13,3,4,0,2
8,666,1854,637,1260,3.66,20,13,3,4,0,2
5,747,2084,716,1416,3.71,20,13,3,4,0,2
7,984,2356,865,1670,5.3,20,13,3,4,0,2
2,1036,2132,841,1584,3.42,20,13,3,4,0,2
0,710,1200,524,955,3.01,20,13,3,4,0,2
4,724,2201,730,1462,5.09,20,13,3,4,0,2
6,1181,1184,709,1182,5.61,20,13,3,4,0,2
1,687,2216,718,1452,4.06,20,13,3,4,0,2
9,694,1325,543,1010,5.44,20,13,3,4,0,2
3,1100,1825,805,1462,5.67,20,13,3,4,0,2
8,852,2208,782,1530,4.99,20,13,3,4,0,2
5,885,1138,582,1012,3.33,20,13,3,4,0,2
7,1082,1747,782,1414,3.72,20,13,3,4,0,2
2,915,1214,609,1064,4.22,20,13,3,4,0,2
0,894,1701,698,1298,3.57,20,13,3,4,0,2
4,1113,1059,657,1086,4.16,20,13,3,4,0,2
6,1149,2629,985,1889,4.13,20,13,3,4,0,2
1,860,1241,592,1050,3.78,20,13,3,4,0,2
9,902,2705,902,1804,3.36,20,13,3,4,0,2
3,658,2154,694,1406,4.36,20,13,3,4,0,2
8,503,537,309,520,1.21,21,13,3,4,0,2
5,327,522,235,424,1.73,21,13,3,4,0,2
7,376,170,184,273,0.79,21,13,3,4,0,2
2,466,324,251,395,1.41,21,13,3,4,0,2
0,453,511,283,482,2.23,21,13,3,4,0,2
4,453,545,290,499,0.54,21,13,3,4,0,0
6,348,380,215,364,2.4,21,13,3,4,0,2
1,193,243,126,218,2.39,21,13,3,4,0,2
9,455,174,217,314,1.35,21,13,3,4,0,2
3,315,419,210,367,2.16,21,13,3,4,0,2
8,263,345,174,304,0.59,21,13,3,4,0,0
5,241,547,206,394,1.36,21,13,3,4,0,2
7,534,534,320,534,1.6,21,13,3,4,0,2
2,308,313,186,310,2.12,21,13,3,4,0,2
0,268,373,182,320,0.65,21,13,3,4,0,0
4,485,436,281,460,1.28,21,13,3,4,0,2
6,337,313,197,325,1.93,21,13,3,4,0,2
1,432,367,246,400,2.06,21,13,3,4,0,2
9,425,413,253,419,1.57,21,13,3,4,0,2
3,346,382,215,364,1.27,21,13,3,4,0,2
8,276,546,220,411,1.05,21,13,3,4,0,2
5,155,397,141,276,0.91,21,13,3,4,0,2
7,410,214,207,312,0.9,21,13,3,4,0,2
2,403,426,246,414,0.88,21,13,3,4,0,2
0,399,236,207,318,1.9,21,13,3,4,0,2
4,400,261,212,330,0.69,21,13,3,4,0,0
6,508,527,309,518,1.8,21,13,3,4,0,2
1,327,476,226,402,1.6,21,13,3,4,0,2
9,426,504,271,465,1.06,21,13,3,4,0,2
3,315,237,173,276,1.76,21,13,3,4,0,2
8,154,427,147,290,2.1,21,13,3,4,0,2
5,248,525,204,386,2.31,21,13,3,4,0,2
7,205,315,145,260,0.85,21,13,3,4,0,2
2,471,316,252,394,1.92,21,13,3,4,0,2
0,529,422,296,476,0.77,21,13,3,4,0,2
4,285,206,155,246,0.83,21,13,3,4,0,2
6,391,192,195,292,1.54,21,13,3,4,0,2
1,346,218,182,282,1.96,21,13,3,4,0,2
9,401,360,232,380,0.6,21,13,3,4,0,0
3,394,415,241,404,0.54,21,13,3,4,0,0
8,410,240,212,325,1.01,22,13,3,4,0,2
5,346,518,242,432,0.87,22,13,3,4,0,2
7,284,165,147,224,2.17,22,13,3,4,0,2
2,168,464,160,316,1.11,22,13,3,4,0,2
0,208,417,167,312,0.74,22,13,3,4,0,0
4,177,180,107,178,1.67,22,13,3,4,0,2
6,307,385,200,346,0.89,22,13,3,4,0,2
1,255,244,151,250,1.04,22,13,3,4,0,2
9,543,446,306,494,1.53,22,13,3,4,0,2
3,388,162,188,275,1.73,22,13,3,4,0,2
8,423,436,256,430,1.94,22,13,3,4,0,2
5,327,524,236,426,1.35,22,13,3,4,0,2
7,447,199,219,323,0.73,22,13,3,4,0,0
2,157,325,128,241,1.92,22,13,3,4,0,2
0,268,511,209,390,1.67,22,13,3,4,0,2
4,273,361,181,317,1.88,22,13,3,4,0,2
6,371,440,236,406,1.98,22,13,3,4,0,2
1,543,276,272,410,1.59,22,13,3,4,0,2
9,344,450,228,397,2.38,22,13,3,4,0,2
3,180,537,179,358,1.61,22,13,3,4,0,2
8,199,311,142,255,2.28,22,13,3,4,0,2
5,345,297,197,321,1.81,22,13,3,4,0,2
7,388,290,213,339,2.28,22,13,3,4,0,2
2,543,266,270,404,1.91,22,13,3,4,0,2
0,335,532,240,434,0.6,22,13,3,4,0,0
4,447,435,266,441,2.39,22,13,3,4,0,2
6,213,547,195,380,0.85,22,13,3,4,0,2
1,237,545,204,391,2.35,22,13,3,4,0,2
9,209,474,178,342,1.52,22,13,3,4,0,2
3,306,420,206,363,0.53,22,13,3,4,0,0
8,345,285,195,315,2.29,22,13,3,4,0,2
5,389,520,260,454,1.05,22,13,3,4,0,2
7,262,545,214,404,0.51,22,13,3,4,0,0
2,422,222,213,322,0.54,22,13,3,4,0,0
0,159,511,166,335,1.46,22,13,3,4,0,2
4,158,179,99,168,1.38,22,13,3,4,0,2
6,202,505,182,354,1.26,22,13,3,4,0,2
1,243,331,163,287,1.33,22,13,3,4,0,2
9,205,221,126,213,1.52,22,13,3,4,0,2
3,540,423,301,482,1.9,22,13,3,4,0,2
8,433,320,237,376,2.28,23,13,3,4,0,2
5,238,449,185,344,1.69,23,13,3,4,0,2
7,193,167,111,180,2.14,23,13,3,4,0,2
2,433,520,277,476,0.65,23,13,3,4,0,0
0,422,462,261,442,1.32,23,13,3,4,0,2
4,356,389,220,372,1.7,23,13,3,4,0,2
6,462,488,282,475,2.44,23,13,3,4,0,2
1,348,443,228,396,0.97,23,13,3,4,0,2
9,231,281,149,256,0.56,23,13,3,4,0,0
3,474,528,295,501,1.08,23,13,3,4,0,2
8,443,328,243,386,0.93,23,13,3,4,0,2
5,430,276,227,353,0.96,23,13,3,4,0,2
7,368,447,237,408,1.97,23,13,3,4,0,2
2,547,400,299,474,1.14,23,13,3,4,0,2
0,212,236,132,224,0.64,23,13,3,4,0,0
4,486,282,251,384,2.03,23,13,3,4,0,2
6,336,396,214,366,2.45,23,13,3,4,0,2
1,208,379,159,294,1.42,23,13,3,4,0,2
9,291,285,173,288,1.27,23,13,3,4,0,2
3,548,387,297,468,2.48,23,13,3,4,0,2
8,290,150,146,220,1.56,23,13,3,4,0,2
5,498,500,299,499,0.93,23,13,3,4,0,2
7,546,208,260,377,2.13,23,13,3,4,0,2
2,514,156,237,335,1.93,23,13,3,4,0,2
0,182,236,120,209,0.75,23,13,3,4,0,2
4,313,217,169,265,0.68,23,13,3,4,0,0
6,185,287,131,236,1.83,23,13,3,4,0,2
1,313,361,197,337,0.76,23,13,3,4,0,2
9,184,340,142,262,1.15,23,13,3,4,0,2
3,296,500,218,398,0.99,23,13,3,4,0,2
8,407,393,241,400,1.69,23,13,3,4,0,2
5,242,368,170,305,1.54,23,13,3,4,0,2
7,184,550,184,367,2.28,23,13,3,4,0,2
2,375,392,228,384,2.3,23,13,3,4,0,2
0,344,168,171,256,1.19,23,13,3,4,0,2
4,222,213,131,218,1.83,23,13,3,4,0,2
6,178,447,161,312,0.64,23,13,3,4,0,0
1,388,307,217,348,1.42,23,13,3,4,0,2
9,378,272,206,325,1.91,23,13,3,4,0,2
3,507,240,251,374,1.52,23,13,3,4,0,2
8,0,0,0,0,0.0,0,14,3,5,1,1
5,0,0,0,0,0.0,0,14,3,5,1,1
7,0,0,0,0,0.0,0,14,3,5,1,1
2,0,0,0,0,0.0,0,14,3,5,1,1
0,0,0,0,0,0.0,0,14,3,5,1,1
4,0,0,0,0,0.0,0,14,3,5,1,1
6,0,0,0,0,0.0,0,14,3,5,1,1
1,0,0,0,0,0.0,0,14,3,5,1,1
9,0,0,0,0,0.0,0,14,3,5,1,1
3,0,0,0,0,0.0,0,14,3,5,1,1
8,0,0,0,0,0.0,0,14,3,5,1,1
5,0,0,0,0,0.0,0,14,3,5,1,1
7,0,0,0,0,0.0,0,14,3,5,1,1
2,0,0,0,0,0.0,0,14,3,5,1,1
0,0,0,0,0,0.0,0,14,3,5,1,1
4,0,0,0,0,0.0,0,14,3,5,1,1
6,0,0,0,0,0.0,0,14,3,5,1,1
1,0,0,0,0,0.0,0,14,3,5,1,1
9,0,0,0,0,0.0,0,14,3,5,1,1
3,0,0,0,0,0.0,0,14,3,5,1,1
8,0,0,0,0,0.0,0,14,3,5,1,1
5,0,0,0,0,0.0,0,14,3,5,1,1
7,0,0,0,0,0.0,0,14,3,5,1,1
2,0,0,0,0,0.0,0,14,3,5,1,1
0,0,0,0,0,0.0,0,14,3,5,1,1
4,0,0,0,0,0.0,0,14,3,5,1,1
6,0,0,0,0,0.0,0,14,3,5,1,1
1,0,0,0,0,0.0,0,14,3,5,1,1
9,0,0,0,0,0.0,0,14,3,5,1,1
3,0,0,0,0,0.0,0,14,3,5,1,1
8,0,0,0,0,0.0,0,14,3,5,1,1
5,0,0,0,0,0.0,0,14,3,5,1,1
7,0,0,0,0,0.0,0,14,3,5,1,1
2,0,0,0,0,0.0,0,14,3,5,1,1
0,0,0,0,0,0.0,0,14,3,5,1,1
4,0,0,0,0,0.0,0,14,3,5,1,1
6,0,0,0,0,0.0,0,14,3,5,1,1
1,0,0,0,0,0.0,0,14,3,5,1,1
9,0,0,0,0,0.0,0,14,3,5,1,1
3,0,0,0,0,0.0,0,14,3,5,1,1
8,0,0,0,0,0.0,1,14,3,5,1,1
5,0,0,0,0,0.0,1,14,3,5,1,1
7,0,0,0,0,0.0,1,14,3,5,1,1
2,0,0,0,0,0.0,1,14,3,5,1,1
0,0,0,0,0,0.0,1,14,3,5,1,1
4,0,0,0,0,0.0,1,14,3,5,1,1
6,0,0,0,0,0.0,1,14,3,5,1,1
1,0,0,0,0,0.0,1,14,3,5,1,1
9,0,0,0,0,0.0,1,14,3,5,1,1
3,0,0,0,0,0.0,1,14,3,5,1,1
8,0,0,0,0,0.0,1,14,3,5,1,1
5,0,0,0,0,0.0,1,14,3,5,1,1
7,0,0,0,0,0.0,1,14,3,5,1,1
2,0,0,0,0,0.0,1,14,3,5,1,1
0,0,0,0,0,0.0,1,14,3,5,1,1
4,0,0,0,0,0.0,1,14,3,5,1,1
6,0,0,0,0,0.0,1,14,3,5,1,1
1,0,0,0,0,0.0,1,14,3,5,1,1
9,0,0,0,0,0.0,1,14,3,5,1,1
3,0,0,0,0,0.0,1,14,3,5,1,1
8,0,0,0,0,0.0,1,14,3,5,1,1
5,0,0,0,0,0.0,1,14,3,5,1,1
7,0,0,0,0,0.0,1,14,3,5,1,1
2,0,0,0,0,0.0,1,14,3,5,1,1
0,0,0,0,0,0.0,1,14,3,5,1,1
4,0,0,0,0,0.0,1,14,3,5,1,1
6,0,0,0,0,0.0,1,14,3,5,1,1
1,0,0,0,0,0.0,1,14,3,5,1,1
9,0,0,0,0,0.0,1,14,3,5,1,1
3,0,0,0,0,0.0,1,14,3,5,1,1
8,0,0,0,0,0.0,1,14,3,5,1,1
5,0,0,0,0,0.0,1,14,3,5,1,1
7,0,0,0,0,0.0,1,14,3,5,1,1
2,0,0,0,0,0.0,1,14,3,5,1,1
0,0,0,0,0,0.0,1,14,3,5,1,1
4,0,0,0,0,0.0,1,14,3,5,1,1
6,0,0,0,0,0.0,1,14,3,5,1,1
1,0,0,0,0,0.0,1,14,3,5,1,1
9,0,0,0,0,0.0,1,14,3,5,1,1
3,0,0,0,0,0.0,1,14,3,5,1,1
8,0,0,0,0,0.0,2,14,3,5,1,1
5,0,0,0,0,0.0,2,14,3,5,1,1
7,0,0,0,0,0.0,2,14,3,5,1,1
2,0,0,0,0,0.0,2,14,3,5,1,1
0,0,0,0,0,0.0,2,14,3,5,1,1
4,0,0,0,0,0.0,2,14,3,5,1,1
6,0,0,0,0,0.0,2,14,3,5,1,1
1,0,0,0,0,0.0,2,14,3,5,1,1
9,0,0,0,0,0.0,2,14,3,5,1,1
3,0,0,0,0,0.0,2,14,3,5,1,1
8,0,0,0,0,0.0,2,14,3,5,1,1
5,0,0,0,0,0.0,2,14,3,5,1,1
7,0,0,0,0,0.0,2,14,3,5,1,1
2,0,0,0,0,0.0,2,14,3,5,1,1
0,0,0,0,0,0.0,2,14,3,5,1,1
4,0,0,0,0,0.0,2,14,3,5,1,1
6,0,0,0,0,0.0,2,14,3,5,1,1
1,0,0,0,0,0.0,2,14,3,5,1,1
9,0,0,0,0,0.0,2,14,3,5,1,1
3,0,0,0,0,0.0,2,14,3,5,1,1
8,0,0,0,0,0.0,2,14,3,5,1,1
5,0,0,0,0,0.0,2,14,3,5,1,1
7,0,0,0,0,0.0,2,14,3,5,1,1
2,0,0,0,0,0.0,2,14,3,5,1,1
0,0,0,0,0,0.0,2,14,3,5,1,1
4,0,0,0,0,0.0,2,14,3,5,1,1
6,0,0,0,0,0.0,2,14,3,5,1,1
1,0,0,0,0,0.0,2,14,3,5,1,1
9,0,0,0,0,0.0,2,14,3,5,1,1
3,0,0,0,0,0.0,2,14,3,5,1,1
8,0,0,0,0,0.0,2,14,3,5,1,1
5,0,0,0,0,0.0,2,14,3,5,1,1
7,0,0,0,0,0.0,2,14,3,5,1,1
2,0,0,0,0,0.0,2,14,3,5,1,1
0,0,0,0,0,0.0,2,14,3,5,1,1
4,0,0,0,0,0.0,2,14,3,5,1,1
6,0,0,0,0,0.0,2,14,3,5,1,1
1,0,0,0,0,0.0,2,14,3,5,1,1
9,0,0,0,0,0.0,2,14,3,5,1,1
3,0,0,0,0,0.0,2,14,3,5,1,1
8,0,0,0,0,0.0,3,14,3,5,1,1
5,0,0,0,0,0.0,3,14,3,5,1,1
7,0,0,0,0,0.0,3,14,3,5,1,1
2,0,0,0,0,0.0,3,14,3,5,1,1
0,0,0,0,0,0.0,3,14,3,5,1,1
4,0,0,0,0,0.0,3,14,3,5,1,1
6,0,0,0,0,0.0,3,14,3,5,1,1
1,0,0,0,0,0.0,3,14,3,5,1,1
9,0,0,0,0,0.0,3,14,3,5,1,1
3,0,0,0,0,0.0,3,14,3,5,1,1
8,0,0,0,0,0.0,3,14,3,5,1,1
5,0,0,0,0,0.0,3,14,3,5,1,1
7,0,0,0,0,0.0,3,14,3,5,1,1
2,0,0,0,0,0.0,3,14,3,5,1,1
0,0,0,0,0,0.0,3,14,3,5,1,1
4,0,0,0,0,0.0,3,14,3,5,1,1
6,0,0,0,0,0.0,3,14,3,5,1,1
1,0,0,0,0,0.0,3,14,3,5,1,1
9,0,0,0,0,0.0,3,14,3,5,1,1
3,0,0,0,0,0.0,3,14,3,5,1,1
8,0,0,0,0,0.0,3,14,3,5,1,1
5,0,0,0,0,0.0,3,14,3,5,1,1
7,0,0,0,0,0.0,3,14,3,5,1,1
2,0,0,0,0,0.0,3,14,3,5,1,1
0,0,0,0,0,0.0,3,14,3,5,1,1
4,0,0,0,0,0.0,3,14,3,5,1,1
6,0,0,0,0,0.0,3,14,3,5,1,1
1,0,0,0,0,0.0,3,14,3,5,1,1
9,0,0,0,0,0.0,3,14,3,5,1,1
3,0,0,0,0,0.0,3,14,3,5,1,1
8,0,0,0,0,0.0,3,14,3,5,1,1
5,0,0,0,0,0.0,3,14,3,5,1,1
7,0,0,0,0,0.0,3,14,3,5,1,1
2,0,0,0,0,0.0,3,14,3,5,1,1
0,0,0,0,0,0.0,3,14,3,5,1,1
4,0,0,0,0,0.0,3,14,3,5,1,1
6,0,0,0,0,0.0,3,14,3,5,1,1
1,0,0,0,0,0.0,3,14,3,5,1,1
9,0,0,0,0,0.0,3,14,3,5,1,1
3,0,0,0,0,0.0,3,14,3,5,1,1
8,0,0,0,0,0.0,4,14,3,5,1,1
5,0,0,0,0,0.0,4,14,3,5,1,1
7,0,0,0,0,0.0,4,14,3,5,1,1
2,0,0,0,0,0.0,4,14,3,5,1,1
0,0,0,0,0,0.0,4,14,3,5,1,1
4,0,0,0,0,0.0,4,14,3,5,1,1
6,0,0,0,0,0.0,4,14,3,5,1,1
1,0,0,0,0,0.0,4,14,3,5,1,1
9,0,0,0,0,0.0,4,14,3,5,1,1
3,0,0,0,0,0.0,4,14,3,5,1,1
8,0,0,0,0,0.0,4,14,3,5,1,1
5,0,0,0,0,0.0,4,14,3,5,1,1
7,0,0,0,0,0.0,4,14,3,5,1,1
2,0,0,0,0,0.0,4,14,3,5,1,1
0,0,0,0,0,0.0,4,14,3,5,1,1
4,0,0,0,0,0.0,4,14,3,5,1,1
6,0,0,0,0,0.0,4,14,3,5,1,1
1,0,0,0,0,0.0,4,14,3,5,1,1
9,0,0,0,0,0.0,4,14,3,5,1,1
3,0,0,0,0,0.0,4,14,3,5,1,1
8,0,0,0,0,0.0,4,14,3,5,1,1
5,0,0,0,0,0.0,4,14,3,5,1,1
7,0,0,0,0,0.0,4,14,3,5,1,1
2,0,0,0,0,0.0,4,14,3,5,1,1
0,0,0,0,0,0.0,4,14,3,5,1,1
4,0,0,0,0,0.0,4,14,3,5,1,1
6,0,0,0,0,0.0,4,14,3,5,1,1
1,0,0,0,0,0.0,4,14,3,5,1,1
9,0,0,0,0,0.0,4,14,3,5,1,1
3,0,0,0,0,0.0,4,14,3,5,1,1
8,0,0,0,0,0.0,4,14,3,5,1,1
5,0,0,0,0,0.0,4,14,3,5,1,1
7,0,0,0,0,0.0,4,14,3,5,1,1
2,0,0,0,0,0.0,4,14,3,5,1,1
0,0,0,0,0,0.0,4,14,3,5,1,1
4,0,0,0,0,0.0,4,14,3,5,1,1
6,0,0,0,0,0.0,4,14,3,5,1,1
1,0,0,0,0,0.0,4,14,3,5,1,1
9,0,0,0,0,0.0,4,14,3,5,1,1
3,0,0,0,0,0.0,4,14,3,5,1,1
8,0,0,0,0,0.0,5,14,3,5,1,1
5,0,0,0,0,0.0,5,14,3,5,1,1
7,0,0,0,0,0.0,5,14,3,5,1,1
2,0,0,0,0,0.0,5,14,3,5,1,1
0,0,0,0,0,0.0,5,14,3,5,1,1
4,0,0,0,0,0.0,5,14,3,5,1,1
6,0,0,0,0,0.0,5,14,3,5,1,1
1,0,0,0,0,0.0,5,14,3,5,1,1
9,0,0,0,0,0.0,5,14,3,5,1,1
3,0,0,0,0,0.0,5,14,3,5,1,1
8,0,0,0,0,0.0,5,14,3,5,1,1
5,0,0,0,0,0.0,5,14,3,5,1,1
7,0,0,0,0,0.0,5,14,3,5,1,1
2,0,0,0,0,0.0,5,14,3,5,1,1
0,0,0,0,0,0.0,5,14,3,5,1,1
4,0,0,0,0,0.0,5,14,3,5,1,1
6,0,0,0,0,0.0,5,14,3,5,1,1
1,0,0,0,0,0.0,5,14,3,5,1,1
9,0,0,0,0,0.0,5,14,3,5,1,1
3,0,0,0,0,0.0,5,14,3,5,1,1
8,0,0,0,0,0.0,5,14,3,5,1,1
5,0,0,0,0,0.0,5,14,3,5,1,1
7,0,0,0,0,0.0,5,14,3,5,1,1
2,0,0,0,0,0.0,5,14,3,5,1,1
0,0,0,0,0,0.0,5,14,3,5,1,1
4,0,0,0,0,0.0,5,14,3,5,1,1
6,0,0,0,0,0.0,5,14,3,5,1,1
1,0,0,0,0,0.0,5,14,3,5,1,1
9,0,0,0,0,0.0,5,14,3,5,1,1
3,0,0,0,0,0.0,5,14,3,5,1,1
8,0,0,0,0,0.0,5,14,3,5,1,1
5,0,0,0,0,0.0,5,14,3,5,1,1
7,0,0,0,0,0.0,5,14,3,5,1,1
2,0,0,0,0,0.0,5,14,3,5,1,1
0,0,0,0,0,0.0,5,14,3,5,1,1
4,0,0,0,0,0.0,5,14,3,5,1,1
6,0,0,0,0,0.0,5,14,3,5,1,1
1,0,0,0,0,0.0,5,14,3,5,1,1
9,0,0,0,0,0.0,5,14,3,5,1,1
3,0,0,0,0,0.0,5,14,3,5,1,1
8,312,330,191,321,1.03,6,14,3,5,1,2
5,239,317,159,278,1.34,6,14,3,5,1,2
7,514,177,241,346,1.47,6,14,3,5,1,2
2,430,324,237,377,2.03,6,14,3,5,1,2
0,500,441,288,470,0.7,6,14,3,5,1,0
4,527,306,272,416,1.64,6,14,3,5,1,2
6,352,402,221,377,1.45,6,14,3,5,1,2
1,516,454,297,485,2.23,6,14,3,5,1,2
9,425,369,244,397,0.69,6,14,3,5,1,0
3,166,454,157,310,1.95,6,14,3,5,1,2
8,386,247,204,316,0.81,6,14,3,5,1,2
5,164,487,163,326,0.77,6,14,3,5,1,2
7,500,268,254,384,1.81,6,14,3,5,1,2
2,224,455,181,340,0.77,6,14,3,5,1,2
0,366,481,243,424,1.97,6,14,3,5,1,2
4,414,384,242,399,2.16,6,14,3,5,1,2
6,380,524,257,452,2.34,6,14,3,5,1,2
1,231,342,161,286,1.64,6,14,3,5,1,2
9,326,172,165,249,0.76,6,14,3,5,1,2
3,265,297,165,281,0.58,6,14,3,5,1,0
8,387,171,189,279,0.92,6,14,3,5,1,2
5,366,426,232,396,1.88,6,14,3,5,1,2
7,460,185,221,322,0.67,6,14,3,5,1,0
2,532,195,252,364,1.14,6,14,3,5,1,2
0,327,280,187,304,1.61,6,14,3,5,1,2
4,417,203,207,310,1.92,6,14,3,5,1,2
6,390,220,200,305,0.81,6,14,3,5,1,2
1,315,329,192,322,2.21,6,14,3,5,1,2
9,445,190,216,318,2.05,6,14,3,5,1,2
3,545,465,311,505,1.25,6,14,3,5,1,2
8,195,217,121,206,1.28,6,14,3,5,1,2
5,468,467,281,468,0.93,6,14,3,5,1,2
7,319,259,179,289,2.34,6,14,3,5,1,2
2,255,353,173,304,2.02,6,14,3,5,1,2
0,520,180,244,350,1.99,6,14,3,5,1,2
4,441,431,263,436,2.07,6,14,3,5,1,2
6,174,400,150,287,1.09,6,14,3,5,1,2
1,311,191,163,251,1.29,6,14,3,5,1,2
9,187,351,145,269,1.03,6,14,3,5,1,2
3,497,470,293,484,1.75,6,14,3,5,1,2
8,485,380,270,432,1.91,7,14,3,5,1,2
5,273,519,213,396,0.71,7,14,3,5,1,0
7,400,221,204,310,0.56,7,14,3,5,1,0
2,236,393,173,314,2.01,7,14,3,5,1,2
0,529,299,271,414,1.18,7,14,3,5,1,2
4,326,260,182,293,0.64,7,14,3,5,1,0
6,522,236,256,379,1.41,7,14,3,5,1,2
1,285,506,215,396,0.85,7,14,3,5,1,2
9,213,291,143,252,0.57,7,14,3,5,1,0
3,296,450,208,373,1.53,7,14,3,5,1,2
8,240,312,158,276,1.27,7,14,3,5,1,2
5,241,415,179,328,2.02,7,14,3,5,1,2
7,504,494,300,499,1.8,7,14,3,5,1,2
2,518,361,279,440,0.83,7,14,3,5,1,2
0,349,545,249,447,1.82,7,14,3,5,1,2
4,332,278,188,305,1.81,7,14,3,5,1,2
6,209,395,163,302,1.02,7,14,3,5,1,2
1,536,355,285,446,0.84,7,14,3,5,1,2
9,351,331,207,341,1.83,7,14,3,5,1,2
3,339,378,211,358,1.26,7,14,3,5,1,2
8,337,409,217,373,2.46,7,14,3,5,1,2
5,282,499,213,390,2.5,7,14,3,5,1,2
7,222,371,163,296,2.01,7,14,3,5,1,2
2,342,207,178,274,1.28,7,14,3,5,1,2
0,223,522,194,372,1.09,7,14,3,5,1,2
4,151,314,123,232,2.18,7,14,3,5,1,2
6,196,195,117,196,2.2,7,14,3,5,1,2
1,261,289,162,275,1.48,7,14,3,5,1,2
9,247,236,146,242,1.86,7,14,3,5,1,2
3,410,308,226,359,2.28,7,14,3,5,1,2
8,410,427,249,418,1.68,7,14,3,5,1,2
5,502,197,240,350,1.22,7,14,3,5,1,2
7,182,348,142,265,1.81,7,14,3,5,1,2
2,534,293,272,414,1.82,7,14,3,5,1,2
0,454,529,287,492,1.79,7,14,3,5,1,2
4,423,509,271,466,1.78,7,14,3,5,1,2
6,544,449,307,496,2.39,7,14,3,5,1,2
1,174,387,147,280,2.31,7,14,3,5,1,2
9,377,481,247,429,1.24,7,14,3,5,1,2
3,227,155,122,191,1.31,7,14,3,5,1,2
8,896,512,461,704,3.71,8,14,3,5,1,2
5,1169,547,577,858,4.16,8,14,3,5,1,2
7,1719,512,790,1116,3.28,8,14,3,5,1,2
2,1982,996,992,1489,4.65,8,14,3,5,1,2
0,1152,889,639,1020,5.42,8,14,3,5,1,2
4,905,529,468,717,3.1,8,14,3,5,1,2
6,1852,601,861,1226,3.45,8,14,3,5,1,2
1,1846,853,909,1350,5.13,8,14,3,5,1,2
9,2329,817,1095,1573,3.14,8,14,3,5,1,2
3,2221,569,1002,1395,3.95,8,14,3,5,1,2
8,2389,836,1123,1612,4.22,8,14,3,5,1,2
5,1602,798,800,1200,3.31,8,14,3,5,1,2
7,1028,704,552,866,3.47,8,14,3,5,1,2
2,1653,767,815,1210,5.3,8,14,3,5,1,2
0,2134,444,942,1289,4.17,8,14,3,5,1,2
4,1983,477,889,1230,5.2,8,14,3,5,1,2
6,1038,605,536,822,4.48,8,14,3,5,1,2
1,1627,549,761,1088,5.22,8,14,3,5,1,2
9,2434,959,1165,1696,4.07,8,14,3,5,1,2
3,1994,550,908,1272,3.95,8,14,3,5,1,2
8,2463,908,1167,1686,5.42,8,14,3,5,1,2
5,2277,453,1001,1365,5.03,8,14,3,5,1,2
7,1384,969,747,1176,5.63,8,14,3,5,1,2
2,1467,499,687,983,4.37,8,14,3,5,1,2
0,1963,985,982,1474,5.5,8,14,3,5,1,2
4,2108,849,1013,1478,4.46,8,14,3,5,1,2
6,2399,846,1129,1622,3.67,8,14,3,5,1,2
1,1196,498,578,847,5.24,8,14,3,5,1,2
9,937,637,502,787,5.03,8,14,3,5,1,2
3,948,428,465,688,4.7,8,14,3,5,1,2
8,2133,673,988,1403,3.25,8,14,3,5,1,2
5,1971,517,892,1244,4.79,8,14,3,5,1,2
7,1260,880,680,1070,4.07,8,14,3,5,1,2
2,2024,504,910,1264,4.14,8,14,3,5,1,2
0,2361,828,1110,1594,4.45,8,14,3,5,1,2
4,1981,717,936,1349,5.5,8,14,3,5,1,2
6,1493,879,773,1186,4.36,8,14,3,5,1,2
1,1003,882,578,942,3.3,8,14,3,5,1,2
9,2223,715,1032,1469,5.15,8,14,3,5,1,2
3,973,773,544,873,4.9,8,14,3,5,1,2
8,916,563,479,740,3.08,9,14,3,5,1,2
5,2060,687,961,1374,3.7,9,14,3,5,1,2
7,1606,920,826,1263,3.3,9,14,3,5,1,2
2,1746,737,846,1242,3.31,9,14,3,5,1,2
0,1259,815,667,1037,3.41,9,14,3,5,1,2
4,1850,644,869,1247,3.71,9,14,3,5,1,2
6,2180,808,1034,1494,3.21,9,14,3,5,1,2
1,1676,633,797,1154,3.04,9,14,3,5,1,2
9,1989,807,957,1398,5.19,9,14,3,5,1,2
3,2264,823,1070,1544,3.51,9,14,3,5,1,2
8,987,799,555,893,3.63,9,14,3,5,1,2
5,2300,594,1039,1447,5.25,9,14,3,5,1,2
7,1192,649,607,920,4.47,9,14,3,5,1,2
2,2339,579,1051,1459,4.72,9,14,3,5,1,2
0,1038,856,586,947,4.28,9,14,3,5,1,2
4,857,895,522,876,4.17,9,14,3,5,1,2
6,1806,510,824,1158,5.66,9,14,3,5,1,2
1,2307,578,1038,1442,5.49,9,14,3,5,1,2
9,851,465,433,658,5.45,9,14,3,5,1,2
3,983,698,533,840,4.69,9,14,3,5,1,2
8,2439,985,1173,1712,3.43,9,14,3,5,1,2
5,1013,516,508,764,3.26,9,14,3,5,1,2
7,841,769,490,805,5.57,9,14,3,5,1,2
2,869,848,517,858,5.79,9,14,3,5,1,2
0,1062,592,543,827,4.06,9,14,3,5,1,2
4,973,880,565,926,5.65,9,14,3,5,1,2
6,1039,579,531,809,4.79,9,14,3,5,1,2
1,2494,721,1142,1608,4.18,9,14,3,5,1,2
9,1630,947,841,1288,3.93,9,14,3,5,1,2
3,2473,679,1125,1576,4.45,9,14,3,5,1,2
8,1662,529,771,1096,5.2,9,14,3,5,1,2
5,827,687,468,757,4.81,9,14,3,5,1,2
7,2146,948,1048,1547,3.9,9,14,3,5,1,2
2,823,598,449,710,3.47,9,14,3,5,1,2
0,2045,474,913,1260,5.53,9,14,3,5,1,2
4,1261,455,595,858,4.14,9,14,3,5,1,2
6,1061,569,538,815,4.4,9,14,3,5,1,2
1,927,847,540,887,3.68,9,14,3,5,1,2
9,1495,683,735,1089,4.45,9,14,3,5,1,2
3,1927,985,968,1456,3.42,9,14,3,5,1,2
8,2439,710,1118,1574,4.41,10,14,3,5,1,2
5,1120,508,550,814,3.24,10,14,3,5,1,2
7,1434,827,739,1130,3.04,10,14,3,5,1,2
2,2437,823,1139,1630,3.29,10,14,3,5,1,2
0,1812,962,917,1387,3.73,10,14,3,5,1,2
4,841,812,499,826,5.08,10,14,3,5,1,2
6,1412,456,656,934,4.31,10,14,3,5,1,2
1,2012,527,910,1270,4.76,10,14,3,5,1,2
9,1510,501,704,1006,5.41,10,14,3,5,1,2
3,1731,781,849,1256,3.17,10,14,3,5,1,2
8,2296,747,1068,1522,5.73,10,14,3,5,1,2
5,2126,612,973,1369,3.31,10,14,3,5,1,2
7,1940,584,893,1262,3.84,10,14,3,5,1,2
2,2344,449,1027,1396,3.47,10,14,3,5,1,2
0,1363,782,702,1072,5.53,10,14,3,5,1,2
4,1701,531,787,1116,4.43,10,14,3,5,1,2
6,1853,839,909,1346,4.49,10,14,3,5,1,2
1,2103,804,1002,1454,5.47,10,14,3,5,1,2
9,1176,998,670,1087,5.72,10,14,3,5,1,2
3,949,540,488,744,3.17,10,14,3,5,1,2
8,1628,509,753,1068,3.67,10,14,3,5,1,2
5,1315,616,649,966,3.64,10,14,3,5,1,2
7,2238,883,1072,1560,4.52,10,14,3,5,1,2
2,2175,757,1021,1466,3.5,10,14,3,5,1,2
0,1722,658,820,1190,3.29,10,14,3,5,1,2
4,1653,824,826,1238,4.87,10,14,3,5,1,2
6,1537,458,706,998,3.93,10,14,3,5,1,2
1,2080,848,1002,1464,4.96,10,14,3,5,1,2
9,1815,593,845,1204,4.27,10,14,3,5,1,2
3,1941,415,859,1178,3.86,10,14,3,5,1,2
8,1510,801,764,1156,5.06,10,14,3,5,1,2
5,2155,515,965,1335,5.01,10,14,3,5,1,2
7,2381,847,1122,1614,4.57,10,14,3,5,1,2
2,957,974,578,966,5.5,10,14,3,5,1,2
0,1563,752,776,1158,4.45,10,14,3,5,1,2
4,2085,443,923,1264,4.08,10,14,3,5,1,2
6,1880,602,872,1241,4.13,10,14,3,5,1,2
1,2291,756,1068,1524,5.08,10,14,3,5,1,2
9,1252,810,663,1031,4.95,10,14,3,5,1,2
3,2471,632,1115,1552,3.23,10,14,3,5,1,2
8,250,158,132,204,1.25,11,14,3,5,1,2
5,197,362,151,280,1.41,11,14,3,5,1,2
7,466,280,242,373,1.0,11,14,3,5,1,2
2,485,530,300,508,0.72,11,14,3,5,1,0
0,478,333,258,406,0.81,11,14,3,5,1,2
4,470,399,268,434,2.17,11,14,3,5,1,2
6,328,430,217,379,1.55,11,14,3,5,1,2
1,274,210,152,242,0.74,11,14,3,5,1,0
9,384,304,214,344,0.74,11,14,3,5,1,0
3,420,531,274,476,1.82,11,14,3,5,1,2
8,300,190,158,245,2.48,11,14,3,5,1,2
5,323,175,164,249,1.28,11,14,3,5,1,2
7,234,303,154,268,1.24,11,14,3,5,1,2
2,291,266,170,278,1.77,11,14,3,5,1,2
0,256,431,189,344,0.91,11,14,3,5,1,2
4,507,507,304,507,2.0,11,14,3,5,1,2
6,186,348,144,267,0.73,11,14,3,5,1,0
1,205,228,128,216,2.36,11,14,3,5,1,2
9,459,543,292,501,1.28,11,14,3,5,1,2
3,468,355,258,412,2.18,11,14,3,5,1,2
8,506,533,309,520,1.88,11,14,3,5,1,2
5,310,525,229,418,0.58,11,14,3,5,1,0
7,245,415,181,330,1.97,11,14,3,5,1,2
2,411,294,223,352,2.15,11,14,3,5,1,2
0,515,314,269,414,1.51,11,14,3,5,1,2
4,473,183,226,328,1.79,11,14,3,5,1,2
6,312,548,234,430,0.57,11,14,3,5,1,0
1,483,525,298,504,1.94,11,14,3,5,1,2
9,269,231,154,250,0.9,11,14,3,5,1,2
3,228,546,200,387,0.79,11,14,3,5,1,2
8,294,479,213,386,1.51,11,14,3,5,1,2
5,224,230,136,227,1.94,11,14,3,5,1,2
7,292,213,159,252,0.59,11,14,3,5,1,0
2,198,216,122,207,2.44,11,14,3,5,1,2
0,321,358,200,340,1.32,11,14,3,5,1,2
4,172,399,149,286,0.52,11,14,3,5,1,0
6,435,358,246,396,0.68,11,14,3,5,1,0
1,294,250,168,272,0.91,11,14,3,5,1,2
9,178,163,104,170,2.3,11,14,3,5,1,2
3,337,289,193,313,1.91,11,14,3,5,1,2
8,238,372,170,305,0.6,12,14,3,5,1,0
5,340,399,216,370,1.54,12,14,3,5,1,2
7,239,423,180,331,0.57,12,14,3,5,1,0
2,203,163,114,183,1.42,12,14,3,5,1,2
0,343,192,176,268,0.83,12,14,3,5,1,2
4,160,322,128,241,2.39,12,14,3,5,1,2
6,472,228,234,350,1.08,12,14,3,5,1,2
1,351,533,247,442,2.33,12,14,3,5,1,2
9,201,367,154,284,1.28,12,14,3,5,1,2
3,371,412,231,392,1.91,12,14,3,5,1,2
8,423,234,216,328,1.38,12,14,3,5,1,2
5,222,487,186,354,2.22,12,14,3,5,1,2
7,290,458,208,374,2.08,12,14,3,5,1,2
2,174,350,140,262,1.12,12,14,3,5,1,2
0,183,325,138,254,2.05,12,14,3,5,1,2
4,255,511,204,383,1.06,12,14,3,5,1,2
6,461,345,253,403,0.83,12,14,3,5,1,2
1,399,190,198,294,0.52,12,14,3,5,1,0
9,547,293,277,420,2.12,12,14,3,5,1,2
3,325,340,198,332,2.32,12,14,3,5,1,2
8,188,322,140,255,0.62,12,14,3,5,1,0
5,519,293,266,406,1.78,12,14,3,5,1,2
7,348,466,232,407,2.42,12,14,3,5,1,2
2,356,414,225,385,0.95,12,14,3,5,1,2
0,544,476,313,510,0.64,12,14,3,5,1,0
4,370,389,226,380,2.18,12,14,3,5,1,2
6,458,465,276,462,2.25,12,14,3,5,1,2
1,253,370,175,312,1.13,12,14,3,5,1,2
9,302,418,204,360,0.87,12,14,3,5,1,2
3,471,411,271,441,1.67,12,14,3,5,1,2
8,497,545,308,521,2.44,12,14,3,5,1,2
5,322,384,206,353,0.97,12,14,3,5,1,2
7,431,236,220,334,2.16,12,14,3,5,1,2
2,210,189,122,200,1.89,12,14,3,5,1,2
0,417,460,259,438,2.18,12,14,3,5,1,2
4,431,346,242,388,2.35,12,14,3,5,1,2
6,414,295,225,354,1.7,12,14,3,5,1,2
1,279,358,183,318,1.36,12,14,3,5,1,2
9,156,289,120,222,1.11,12,14,3,5,1,2
3,193,400,157,296,1.07,12,14,3,5,1,2
8,504,160,234,332,1.18,13,14,3,5,1,2
5,403,500,261,452,1.13,13,14,3,5,1,2
7,392,492,255,442,1.33,13,14,3,5,1,2
2,197,213,121,205,0.87,13,14,3,5,1,2
0,168,356,138,262,1.45,13,14,3,5,1,2
4,460,440,272,450,0.56,13,14,3,5,1,0
6,180,183,109,182,1.98,13,14,3,5,1,2
1,460,445,273,452,1.05,13,14,3,5,1,2
9,154,333,128,244,0.78,13,14,3,5,1,2
3,386,501,255,444,1.76,13,14,3,5,1,2
8,349,356,211,352,1.83,13,14,3,5,1,2
5,470,410,270,440,2.21,13,14,3,5,1,2
7,185,516,177,350,0.59,13,14,3,5,1,0
2,530,282,268,406,1.98,13,14,3,5,1,2
0,277,400,191,338,1.03,13,14,3,5,1,2
4,516,399,286,458,1.7,13,14,3,5,1,2
6,482,154,224,318,2.05,13,14,3,5,1,2
1,366,189,184,278,1.63,13,14,3,5,1,2
9,455,261,234,358,1.6,13,14,3,5,1,2
3,320,507,229,414,2.04,13,14,3,5,1,2
8,548,340,287,444,1.81,13,14,3,5,1,2
5,354,358,213,356,1.08,13,14,3,5,1,2
7,485,265,247,375,1.07,13,14,3,5,1,2
2,406,276,218,341,2.17,13,14,3,5,1,2
0,396,259,210,328,0.58,13,14,3,5,1,0
4,267,174,142,220,2.42,13,14,3,5,1,2
6,276,305,171,290,1.18,13,14,3,5,1,2
1,397,338,226,368,2.01,13,14,3,5,1,2
9,510,472,298,491,1.36,13,14,3,5,1,2
3,316,321,191,318,1.02,13,14,3,5,1,2
8,448,504,280,476,1.47,13,14,3,5,1,2
5,216,208,128,212,0.7,13,14,3,5,1,0
7,275,188,148,232,1.34,13,14,3,5,1,2
2,363,279,201,321,0.69,13,14,3,5,1,0
0,165,216,109,190,1.13,13,14,3,5,1,2
4,346,311,201,328,2.0,13,14,3,5,1,2
6,286,426,200,356,1.75,13,14,3,5,1,2
1,550,200,260,375,0.71,13,14,3,5,1,0
9,468,294,246,381,1.89,13,14,3,5,1,2
3,386,434,241,410,2.43,13,14,3,5,1,2
8,385,304,215,344,1.74,14,14,3,5,1,2
5,266,347,176,306,1.56,14,14,3,5,1,2
7,442,508,278,475,1.76,14,14,3,5,1,2
2,418,388,245,403,0.74,14,14,3,5,1,0
0,441,404,257,422,1.66,14,14,3,5,1,2
4,462,456,276,459,2.36,14,14,3,5,1,2
6,480,447,281,464,1.78,14,14,3,5,1,2
1,415,453,257,434,1.31,14,14,3,5,1,2
9,331,168,166,250,1.1,14,14,3,5,1,2
3,287,203,155,245,0.72,14,14,3,5,1,0
8,515,513,309,514,2.31,14,14,3,5,1,2
5,273,354,180,314,1.89,14,14,3,5,1,2
7,406,354,233,380,1.45,14,14,3,5,1,2
2,455,286,239,370,1.64,14,14,3,5,1,2
0,427,542,279,484,2.49,14,14,3,5,1,2
4,332,462,225,397,1.51,14,14,3,5,1,2
6,441,461,269,451,1.26,14,14,3,5,1,2
1,539,286,273,412,1.18,14,14,3,5,1,2
9,399,240,208,320,2.27,14,14,3,5,1,2
3,158,225,108,192,1.83,14,14,3,5,1,2
8,505,263,255,384,2.15,14,14,3,5,1,2
5,428,210,213,319,1.88,14,14,3,5,1,2
7,177,253,121,215,0.87,14,14,3,5,1,2
2,466,290,244,378,0.72,14,14,3,5,1,0
0,550,449,310,500,2.33,14,14,3,5,1,2
4,365,470,240,418,0.82,14,14,3,5,1,2
6,493,169,231,331,1.77,14,14,3,5,1,2
1,243,487,195,365,1.38,14,14,3,5,1,2
9,471,453,279,462,0.54,14,14,3,5,1,0
3,253,499,201,376,2.29,14,14,3,5,1,2
8,305,549,232,427,1.25,14,14,3,5,1,2
5,298,208,161,253,2.12,14,14,3,5,1,2
7,485,229,240,357,1.26,14,14,3,5,1,2
2,282,349,183,316,1.95,14,14,3,5,1,2
0,286,237,162,262,0.87,14,14,3,5,1,2
4,182,418,156,300,1.41,14,14,3,5,1,2
6,499,504,300,502,0.63,14,14,3,5,1,0
1,277,220,155,248,2.31,14,14,3,5,1,2
9,213,203,126,208,2.11,14,14,3,5,1,2
3,166,393,145,280,2.16,14,14,3,5,1,2
8,236,396,174,316,1.27,15,14,3,5,1,2
5,167,458,158,312,1.12,15,14,3,5,1,2
7,160,440,152,300,2.4,15,14,3,5,1,2
2,456,252,233,354,1.49,15,14,3,5,1,2
0,231,177,128,204,2.16,15,14,3,5,1,2
4,443,397,257,420,0.68,15,14,3,5,1,0
6,299,451,210,375,2.45,15,14,3,5,1,2
1,177,547,180,362,1.83,15,14,3,5,1,2
9,263,522,210,392,0.79,15,14,3,5,1,2
3,442,401,257,422,2.28,15,14,3,5,1,2
8,418,159,199,288,1.53,15,14,3,5,1,2
5,370,540,256,455,1.25,15,14,3,5,1,2
7,289,545,225,417,1.07,15,14,3,5,1,2
2,340,309,198,324,1.35,15,14,3,5,1,2
0,270,212,150,241,0.66,15,14,3,5,1,0
4,527,498,310,512,0.62,15,14,3,5,1,0
6,459,422,268,440,2.47,15,14,3,5,1,2
1,477,329,257,403,2.48,15,14,3,5,1,2
9,479,337,259,408,1.09,15,14,3,5,1,2
3,450,250,230,350,1.7,15,14,3,5,1,2
8,439,475,271,457,0.91,15,14,3,5,1,2
5,292,456,208,374,1.79,15,14,3,5,1,2
7,297,298,178,298,1.23,15,14,3,5,1,2
2,174,375,145,274,0.6,15,14,3,5,1,0
0,319,388,205,354,0.5,15,14,3,5,1,0
4,492,480,293,486,1.19,15,14,3,5,1,2
6,420,298,228,359,2.01,15,14,3,5,1,2
1,520,350,278,435,1.53,15,14,3,5,1,2
9,184,501,174,342,1.27,15,14,3,5,1,2
3,223,367,163,295,1.0,15,14,3,5,1,2
8,349,230,186,290,1.55,15,14,3,5,1,2
5,212,394,164,303,2.07,15,14,3,5,1,2
7,269,151,138,210,1.17,15,14,3,5,1,2
2,379,351,222,365,1.55,15,14,3,5,1,2
0,375,515,253,445,1.07,15,14,3,5,1,2
4,236,299,154,268,2.49,15,14,3,5,1,2
6,536,357,286,446,2.44,15,14,3,5,1,2
1,250,208,142,229,2.24,15,14,3,5,1,2
9,224,250,140,237,1.87,15,14,3,5,1,2
3,321,365,201,343,1.31,15,14,3,5,1,2
8,281,298,172,290,0.76,16,14,3,5,1,2
5,547,503,319,525,0.66,16,14,3,5,1,0
7,311,395,203,353,1.98,16,14,3,5,1,2
2,161,325,129,243,2.02,16,14,3,5,1,2
0,242,460,189,351,0.68,16,14,3,5,1,0
4,546,395,297,470,2.31,16,14,3,5,1,2
6,208,424,168,316,2.03,16,14,3,5,1,2
1,385,485,251,435,1.8,16,14,3,5,1,2
9,343,491,235,417,1.11,16,14,3,5,1,2
3,275,429,196,352,2.28,16,14,3,5,1,2
8,327,204,172,266,0.54,16,14,3,5,1,0
5,544,526,323,535,1.89,16,14,3,5,1,2
7,193,397,157,295,1.94,16,14,3,5,1,2
2,298,512,222,405,0.55,16,14,3,5,1,0
0,211,434,171,322,1.87,16,14,3,5,1,2
4,156,246,112,201,1.89,16,14,3,5,1,2
6,194,385,155,290,2.42,16,14,3,5,1,2
1,302,531,227,416,1.23,16,14,3,5,1,2
9,262,254,156,258,1.98,16,14,3,5,1,2
3,213,492,184,352,2.05,16,14,3,5,1,2
8,425,326,235,376,0.8,16,14,3,5,1,2
5,495,165,231,330,2.42,16,14,3,5,1,2
7,244,229,143,236,0.77,16,14,3,5,1,2
2,165,431,152,298,2.09,16,14,3,5,1,2
0,541,367,290,454,1.14,16,14,3,5,1,2
4,369,204,188,286,1.19,16,14,3,5,1,2
6,453,389,259,421,2.16,16,14,3,5,1,2
1,470,291,246,380,1.12,16,14,3,5,1,2
9,348,544,248,446,2.35,16,14,3,5,1,2
3,290,546,225,418,2.02,16,14,3,5,1,2
8,441,493,275,467,0.92,16,14,3,5,1,2
5,292,327,182,310,0.66,16,14,3,5,1,0
7,251,217,144,234,1.5,16,14,3,5,1,2
2,491,455,287,473,2.02,16,14,3,5,1,2
0,497,257,250,377,2.21,16,14,3,5,1,2
4,493,342,266,418,1.33,16,14,3,5,1,2
6,425,198,210,312,2.49,16,14,3,5,1,2
1,511,371,279,441,2.05,16,14,3,5,1,2
9,331,213,175,272,1.25,16,14,3,5,1,2
3,175,297,129,236,0.86,16,14,3,5,1,2
8,1040,1679,752,1360,3.7,17,14,3,5,1,2
5,679,2625,797,1652,5.16,17,14,3,5,1,2
7,851,1685,677,1268,5.16,17,14,3,5,1,2
2,601,2486,738,1544,5.0,17,14,3,5,1,2
0,854,2286,799,1570,3.01,17,14,3,5,1,2
4,634,1758,605,1196,3.68,17,14,3,5,1,2
6,842,1874,712,1358,4.37,17,14,3,5,1,2
1,910,1618,688,1264,4.93,17,14,3,5,1,2
9,969,2244,836,1606,3.72,17,14,3,5,1,2
3,1160,2319,928,1740,5.11,17,14,3,5,1,2
8,898,2272,814,1585,3.97,17,14,3,5,1,2
5,785,2623,839,1704,5.51,17,14,3,5,1,2
7,1077,1551,741,1314,5.68,17,14,3,5,1,2
2,1031,2013,815,1522,5.45,17,14,3,5,1,2
0,739,2517,799,1628,3.38,17,14,3,5,1,2
4,948,1764,732,1356,5.25,17,14,3,5,1,2
6,1063,2179,861,1621,4.58,17,14,3,5,1,2
1,695,1236,525,966,4.12,17,14,3,5,1,2
9,744,1571,612,1158,5.69,17,14,3,5,1,2
3,1121,2408,930,1764,3.03,17,14,3,5,1,2
8,663,1372,540,1018,3.81,17,14,3,5,1,2
5,1110,2242,892,1676,3.89,17,14,3,5,1,2
7,679,2726,817,1702,5.72,17,14,3,5,1,2
2,987,2565,908,1776,5.2,17,14,3,5,1,2
0,740,1594,615,1167,5.47,17,14,3,5,1,2
4,743,2299,757,1521,3.07,17,14,3,5,1,2
6,697,2747,828,1722,5.72,17,14,3,5,1,2
1,947,1130,605,1038,4.38,17,14,3,5,1,2
9,813,1815,688,1314,3.31,17,14,3,5,1,2
3,863,2208,787,1536,4.48,17,14,3,5,1,2
8,959,1699,723,1329,3.27,17,14,3,5,1,2
5,862,1544,654,1203,5.76,17,14,3,5,1,2
7,973,2720,933,1846,5.09,17,14,3,5,1,2
2,842,1652,667,1247,3.97,17,14,3,5,1,2
0,982,2140,821,1561,3.16,17,14,3,5,1,2
4,1137,2542,963,1840,4.55,17,14,3,5,1,2
6,1080,2283,889,1682,3.74,17,14,3,5,1,2
1,896,2235,805,1566,3.88,17,14,3,5,1,2
9,794,2132,744,1463,5.44,17,14,3,5,1,2
3,715,1942,674,1328,4.95,17,14,3,5,1,2
8,1181,1146,702,1164,5.42,18,14,3,5,1,2
5,701,1334,547,1018,5.78,18,14,3,5,1,2
7,852,1031,547,942,4.05,18,14,3,5,1,2
2,853,1548,651,1200,5.73,18,14,3,5,1,2
0,812,1981,721,1396,5.42,18,14,3,5,1,2
4,1162,2038,872,1600,3.03,18,14,3,5,1,2
6,980,2656,923,1818,3.65,18,14,3,5,1,2
1,856,1971,737,1414,4.51,18,14,3,5,1,2
9,1029,1715,755,1372,5.51,18,14,3,5,1,2
3,1123,1111,671,1117,3.08,18,14,3,5,1,2
8,1090,1724,781,1407,4.12,18,14,3,5,1,2
5,1149,2080,876,1614,3.25,18,14,3,5,1,2
7,817,1419,611,1118,4.35,18,14,3,5,1,2
2,1181,2724,1017,1952,5.09,18,14,3,5,1,2
0,967,1704,728,1336,3.06,18,14,3,5,1,2
4,933,2509,875,1721,5.44,18,14,3,5,1,2
6,646,1474,553,1060,4.28,18,14,3,5,1,2
1,1157,1580,779,1368,3.38,18,14,3,5,1,2
9,653,2603,782,1628,5.7,18,14,3,5,1,2
3,843,2190,775,1516,4.78,18,14,3,5,1,2
8,761,2654,835,1708,5.33,18,14,3,5,1,2
5,1103,1157,673,1130,3.93,18,14,3,5,1,2
7,860,1919,728,1390,5.58,18,14,3,5,1,2
2,1062,1198,664,1130,4.18,18,14,3,5,1,2
0,1189,1855,847,1522,3.72,18,14,3,5,1,2
4,897,1957,750,1427,4.41,18,14,3,5,1,2
6,1124,2366,923,1745,5.07,18,14,3,5,1,2
1,1033,2638,941,1836,4.74,18,14,3,5,1,2
9,1134,2358,925,1746,5.2,18,14,3,5,1,2
3,1193,1334,744,1264,4.73,18,14,3,5,1,2
8,1083,2679,969,1881,3.24,18,14,3,5,1,2
5,1107,2104,864,1606,4.6,18,14,3,5,1,2
7,969,1392,666,1180,5.26,18,14,3,5,1,2
2,1060,2248,874,1654,5.26,18,14,3,5,1,2
0,914,2165,799,1540,4.77,18,14,3,5,1,2
4,1102,2493,939,1798,4.8,18,14,3,5,1,2
6,1075,1025,635,1050,3.12,18,14,3,5,1,2
1,1129,1852,822,1490,3.12,18,14,3,5,1,2
9,1038,1037,623,1038,3.25,18,14,3,5,1,2
3,655,2102,682,1378,5.13,18,14,3,5,1,2
8,1086,1186,672,1136,4.71,19,14,3,5,1,2
5,1008,1804,764,1406,3.65,19,14,3,5,1,2
7,1026,1040,618,1033,3.69,19,14,3,5,1,2
2,1031,1584,729,1308,4.75,19,14,3,5,1,2
0,1121,1626,774,1374,5.09,19,14,3,5,1,2
4,1009,1315,667,1162,3.06,19,14,3,5,1,2
6,1107,1873,817,1490,5.19,19,14,3,5,1,2
1,946,2108,800,1527,5.38,19,14,3,5,1,2
9,936,2149,804,1542,5.63,19,14,3,5,1,2
3,674,2035,677,1354,3.29,19,14,3,5,1,2
8,1150,1931,846,1540,5.53,19,14,3,5,1,2
5,856,2620,866,1738,3.67,19,14,3,5,1,2
7,718,2205,728,1462,5.36,19,14,3,5,1,2
2,691,2019,680,1355,5.57,19,14,3,5,1,2
0,643,1490,555,1066,4.29,19,14,3,5,1,2
4,611,1750,594,1180,3.47,19,14,3,5,1,2
6,949,2075,795,1512,3.61,19,14,3,5,1,2
1,680,2430,758,1555,4.88,19,14,3,5,1,2
9,694,2667,811,1680,4.39,19,14,3,5,1,2
3,1117,2484,944,1800,4.94,19,14,3,5,1,2
8,1136,1232,701,1184,4.84,19,14,3,5,1,2
5,911,2373,839,1642,5.14,19,14,3,5,1,2
7,704,2132,708,1418,4.28,19,14,3,5,1,2
2,678,1249,521,964,3.6,19,14,3,5,1,2
0,1197,1663,811,1430,5.44,19,14,3,5,1,2
4,768,1842,676,1305,3.99,19,14,3,5,1,2
6,1164,1635,793,1400,3.33,19,14,3,5,1,2
1,668,1437,555,1052,5.29,19,14,3,5,1,2
9,1091,1410,718,1250,5.38,19,14,3,5,1,2
3,1184,1105,695,1144,3.18,19,14,3,5,1,2
8,1145,1710,800,1428,5.12,19,14,3,5,1,2
5,1028,2508,913,1768,5.31,19,14,3,5,1,2
7,1114,1057,657,1086,3.11,19,14,3,5,1,2
2,698,2358,751,1528,4.14,19,14,3,5,1,2
0,791,1508,618,1150,5.32,19,14,3,5,1,2
4,772,2425,794,1598,3.64,19,14,3,5,1,2
6,804,1320,586,1062,3.28,19,14,3,5,1,2
1,989,2076,811,1532,3.34,19,14,3,5,1,2
9,857,2214,786,1536,3.91,19,14,3,5,1,2
3,967,1190,625,1078,4.49,19,14,3,5,1,2
8,1031,2502,913,1766,4.92,20,14,3,5,1,2
5,994,2314,860,1654,4.5,20,14,3,5,1,2
7,951,2003,781,1477,3.43,20,14,3,5,1,2
2,941,2046,786,1494,4.7,20,14,3,5,1,2
0,646,1048,468,847,3.12,20,14,3,5,1,2
4,1002,1062,613,1032,3.35,20,14,3,5,1,2
6,751,1907,682,1329,5.44,20,14,3,5,1,2
1,819,1564,640,1192,5.4,20,14,3,5,1,2
9,982,1232,639,1107,5.02,20,14,3,5,1,2
3,887,1156,586,1022,4.41,20,14,3,5,1,2
8,978,1440,679,1209,4.66,20,14,3,5,1,2
5,1148,1852,830,1500,3.14,20,14,3,5,1,2
7,943,2506,878,1724,4.64,20,14,3,5,1,2
2,885,2799,914,1842,4.33,20,14,3,5,1,2
0,899,1424,644,1162,3.98,20,14,3,5,1,2
4,1035,1080,630,1058,3.31,20,14,3,5,1,2
6,906,2236,810,1571,3.48,20,14,3,5,1,2
1,1008,1046,612,1027,5.46,20,14,3,5,1,2
9,947,1957,770,1452,4.3,20,14,3,5,1,2
3,1156,1754,813,1455,4.94,20,14,3,5,1,2
8,834,1353,604,1094,3.23,20,14,3,5,1,2
5,739,1498,595,1118,3.48,20,14,3,5,1,2
7,997,2299,859,1648,3.14,20,14,3,5,1,2
2,876,1051,561,964,4.39,20,14,3,5,1,2
0,851,2367,814,1609,5.05,20,14,3,5,1,2
4,1122,2190,887,1656,4.46,20,14,3,5,1,2
6,1016,1997,806,1506,3.74,20,14,3,5,1,2
1,658,1340,531,999,4.55,20,14,3,5,1,2
9,736,1641,623,1188,5.74,20,14,3,5,1,2
3,849,2639,867,1744,5.04,20,14,3,5,1,2
8,712,2558,796,1635,4.2,20,14,3,5,1,2
5,938,1636,702,1287,5.7,20,14,3,5,1,2
7,903,1573,676,1238,3.58,20,14,3,5,1,2
2,835,2664,867,1750,3.6,20,14,3,5,1,2
0,802,1897,700,1350,3.67,20,14,3,5,1,2
4,685,2075,689,1380,3.39,20,14,3,5,1,2
6,852,2694,880,1773,3.57,20,14,3,5,1,2
1,1164,2366,939,1765,3.11,20,14,3,5,1,2
9,1099,2447,929,1773,5.42,20,14,3,5,1,2
3,789,2288,773,1538,5.62,20,14,3,5,1,2
8,423,355,240,389,1.7,21,14,3,5,1,2
5,515,491,304,503,1.07,21,14,3,5,1,2
7,372,274,204,323,1.21,21,14,3,5,1,2
2,285,395,193,340,1.08,21,14,3,5,1,2
0,188,436,162,312,1.61,21,14,3,5,1,2
4,399,495,259,447,2.38,21,14,3,5,1,2
6,545,325,283,435,2.33,21,14,3,5,1,2
1,490,497,295,494,0.86,21,14,3,5,1,2
9,377,534,258,456,1.37,21,14,3,5,1,2
3,402,371,235,386,1.71,21,14,3,5,1,2
8,211,313,147,262,0.65,21,14,3,5,1,0
5,190,295,135,242,2.09,21,14,3,5,1,2
7,260,197,143,228,1.39,21,14,3,5,1,2
2,460,475,279,468,1.41,21,14,3,5,1,2
0,175,398,150,286,2.27,21,14,3,5,1,2
4,225,521,194,373,1.56,21,14,3,5,1,2
6,535,308,276,422,1.26,21,14,3,5,1,2
1,517,426,292,472,1.36,21,14,3,5,1,2
9,442,359,249,400,0.73,21,14,3,5,1,0
3,546,419,302,482,1.12,21,14,3,5,1,2
8,275,265,163,270,1.7,21,14,3,5,1,2
5,523,514,312,518,1.87,21,14,3,5,1,2
7,477,432,277,454,2.21,21,14,3,5,1,2
2,254,488,199,371,2.41,21,14,3,5,1,2
0,195,177,113,186,1.88,21,14,3,5,1,2
4,407,396,242,402,1.84,21,14,3,5,1,2
6,301,414,203,358,2.03,21,14,3,5,1,2
1,322,504,230,413,0.84,21,14,3,5,1,2
9,243,349,167,296,1.63,21,14,3,5,1,2
3,258,399,183,328,2.36,21,14,3,5,1,2
8,543,449,307,496,1.71,21,14,3,5,1,2
5,538,333,282,436,1.71,21,14,3,5,1,2
7,256,420,186,338,1.27,21,14,3,5,1,2
2,318,334,194,326,2.46,21,14,3,5,1,2
0,371,227,194,299,0.79,21,14,3,5,1,2
4,369,545,257,457,2.13,21,14,3,5,1,2
6,344,330,204,337,0.59,21,14,3,5,1,0
1,215,256,137,236,1.05,21,14,3,5,1,2
9,242,458,188,350,0.82,21,14,3,5,1,2
3,517,524,312,520,0.53,21,14,3,5,1,0
8,269,541,216,405,0.99,22,14,3,5,1,2
5,266,403,187,334,2.09,22,14,3,5,1,2
7,263,260,157,262,0.95,22,14,3,5,1,2
2,173,240,117,206,2.38,22,14,3,5,1,2
0,425,524,275,474,2.14,22,14,3,5,1,2
4,429,333,238,381,1.56,22,14,3,5,1,2
6,255,417,185,336,1.17,22,14,3,5,1,2
1,446,337,246,392,0.52,22,14,3,5,1,0
9,257,393,181,325,0.5,22,14,3,5,1,0
3,373,327,215,350,2.03,22,14,3,5,1,2
8,360,392,222,376,2.05,22,14,3,5,1,2
5,281,340,180,310,1.96,22,14,3,5,1,2
7,407,227,208,317,1.93,22,14,3,5,1,2
2,525,384,287,454,0.53,22,14,3,5,1,0
0,449,206,221,328,0.76,22,14,3,5,1,2
4,319,255,179,287,0.59,22,14,3,5,1,0
6,536,531,321,534,1.77,22,14,3,5,1,2
1,435,359,246,397,1.41,22,14,3,5,1,2
9,385,416,237,400,0.61,22,14,3,5,1,0
3,504,352,272,428,1.4,22,14,3,5,1,2
8,152,382,137,267,0.99,22,14,3,5,1,2
5,267,549,217,408,1.36,22,14,3,5,1,2
7,317,318,190,318,1.48,22,14,3,5,1,2
2,282,276,168,279,1.04,22,14,3,5,1,2
0,494,352,268,423,2.16,22,14,3,5,1,2
4,402,371,235,386,0.56,22,14,3,5,1,0
6,448,268,233,358,2.42,22,14,3,5,1,2
1,294,472,212,383,1.5,22,14,3,5,1,2
9,276,287,168,282,2.37,22,14,3,5,1,2
3,390,258,208,324,1.19,22,14,3,5,1,2
8,352,368,214,360,0.83,22,14,3,5,1,2
5,384,256,205,320,0.54,22,14,3,5,1,0
7,366,307,208,336,1.64,22,14,3,5,1,2
2,516,390,284,453,1.06,22,14,3,5,1,2
0,156,301,123,228,0.86,22,14,3,5,1,2
4,285,545,223,415,1.61,22,14,3,5,1,2
6,499,294,258,396,1.64,22,14,3,5,1,2
1,386,480,250,433,2.27,22,14,3,5,1,2
9,220,466,181,343,0.53,22,14,3,5,1,0
3,180,177,107,178,2.21,22,14,3,5,1,2
8,288,291,173,290,2.43,23,14,3,5,1,2
5,468,466,280,467,2.31,23,14,3,5,1,2
7,514,275,261,394,2.11,23,14,3,5,1,2
2,461,387,262,424,0.78,23,14,3,5,1,2
0,507,188,240,348,0.98,23,14,3,5,1,2
4,440,442,264,441,2.11,23,14,3,5,1,2
6,154,225,107,190,1.85,23,14,3,5,1,2
1,204,215,125,210,2.43,23,14,3,5,1,2
9,386,198,194,292,1.61,23,14,3,5,1,2
3,183,409,155,296,2.33,23,14,3,5,1,2
8,324,156,161,240,1.6,23,14,3,5,1,2
5,378,252,202,315,1.86,23,14,3,5,1,2
7,406,319,226,362,1.56,23,14,3,5,1,2
2,276,424,195,350,0.8,23,14,3,5,1,2
0,301,429,206,365,0.85,23,14,3,5,1,2
4,535,240,262,388,0.73,23,14,3,5,1,0
6,347,457,230,402,2.16,23,14,3,5,1,2
1,173,492,168,332,0.78,23,14,3,5,1,2
9,333,521,237,427,0.84,23,14,3,5,1,2
3,501,487,298,494,2.14,23,14,3,5,1,2
8,324,335,197,330,1.82,23,14,3,5,1,2
5,374,255,201,314,1.95,23,14,3,5,1,2
7,355,409,224,382,1.86,23,14,3,5,1,2
2,332,541,241,436,0.94,23,14,3,5,1,2
0,347,270,193,308,1.05,23,14,3,5,1,2
4,413,367,239,390,1.34,23,14,3,5,1,2
6,518,467,301,492,1.15,23,14,3,5,1,2
1,410,484,261,447,0.62,23,14,3,5,1,0
9,548,266,272,407,0.83,23,14,3,5,1,2
3,463,346,254,404,1.27,23,14,3,5,1,2
8,349,379,215,364,1.9,23,14,3,5,1,2
5,533,183,250,358,1.86,23,14,3,5,1,2
7,277,252,161,264,1.21,23,14,3,5,1,2
2,297,405,200,351,1.68,23,14,3,5,1,2
0,198,447,169,322,1.91,23,14,3,5,1,2
4,457,295,242,376,1.95,23,14,3,5,1,2
6,533,307,275,420,1.06,23,14,3,5,1,2
1,320,225,173,272,0.67,23,14,3,5,1,0
9,254,388,179,321,1.9,23,14,3,5,1,2
3,354,520,246,437,2.44,23,14,3,5,1,2
8,0,0,0,0,0.0,0,15,3,6,1,1
5,0,0,0,0,0.0,0,15,3,6,1,1
7,0,0,0,0,0.0,0,15,3,6,1,1
2,0,0,0,0,0.0,0,15,3,6,1,1
0,0,0,0,0,0.0,0,15,3,6,1,1
4,0,0,0,0,0.0,0,15,3,6,1,1
6,0,0,0,0,0.0,0,15,3,6,1,1
1,0,0,0,0,0.0,0,15,3,6,1,1
9,0,0,0,0,0.0,0,15,3,6,1,1
3,0,0,0,0,0.0,0,15,3,6,1,1
8,0,0,0,0,0.0,0,15,3,6,1,1
5,0,0,0,0,0.0,0,15,3,6,1,1
7,0,0,0,0,0.0,0,15,3,6,1,1
2,0,0,0,0,0.0,0,15,3,6,1,1
0,0,0,0,0,0.0,0,15,3,6,1,1
4,0,0,0,0,0.0,0,15,3,6,1,1
6,0,0,0,0,0.0,0,15,3,6,1,1
1,0,0,0,0,0.0,0,15,3,6,1,1
9,0,0,0,0,0.0,0,15,3,6,1,1
3,0,0,0,0,0.0,0,15,3,6,1,1
8,0,0,0,0,0.0,0,15,3,6,1,1
5,0,0,0,0,0.0,0,15,3,6,1,1
7,0,0,0,0,0.0,0,15,3,6,1,1
2,0,0,0,0,0.0,0,15,3,6,1,1
0,0,0,0,0,0.0,0,15,3,6,1,1
4,0,0,0,0,0.0,0,15,3,6,1,1
6,0,0,0,0,0.0,0,15,3,6,1,1
1,0,0,0,0,0.0,0,15,3,6,1,1
9,0,0,0,0,0.0,0,15,3,6,1,1
3,0,0,0,0,0.0,0,15,3,6,1,1
8,0,0,0,0,0.0,0,15,3,6,1,1
5,0,0,0,0,0.0,0,15,3,6,1,1
7,0,0,0,0,0.0,0,15,3,6,1,1
2,0,0,0,0,0.0,0,15,3,6,1,1
0,0,0,0,0,0.0,0,15,3,6,1,1
4,0,0,0,0,0.0,0,15,3,6,1,1
6,0,0,0,0,0.0,0,15,3,6,1,1
1,0,0,0,0,0.0,0,15,3,6,1,1
9,0,0,0,0,0.0,0,15,3,6,1,1
3,0,0,0,0,0.0,0,15,3,6,1,1
8,0,0,0,0,0.0,1,15,3,6,1,1
5,0,0,0,0,0.0,1,15,3,6,1,1
7,0,0,0,0,0.0,1,15,3,6,1,1
2,0,0,0,0,0.0,1,15,3,6,1,1
0,0,0,0,0,0.0,1,15,3,6,1,1
4,0,0,0,0,0.0,1,15,3,6,1,1
6,0,0,0,0,0.0,1,15,3,6,1,1
1,0,0,0,0,0.0,1,15,3,6,1,1
9,0,0,0,0,0.0,1,15,3,6,1,1
3,0,0,0,0,0.0,1,15,3,6,1,1
8,0,0,0,0,0.0,1,15,3,6,1,1
5,0,0,0,0,0.0,1,15,3,6,1,1
7,0,0,0,0,0.0,1,15,3,6,1,1
2,0,0,0,0,0.0,1,15,3,6,1,1
0,0,0,0,0,0.0,1,15,3,6,1,1
4,0,0,0,0,0.0,1,15,3,6,1,1
6,0,0,0,0,0.0,1,15,3,6,1,1
1,0,0,0,0,0.0,1,15,3,6,1,1
9,0,0,0,0,0.0,1,15,3,6,1,1
3,0,0,0,0,0.0,1,15,3,6,1,1
8,0,0,0,0,0.0,1,15,3,6,1,1
5,0,0,0,0,0.0,1,15,3,6,1,1
7,0,0,0,0,0.0,1,15,3,6,1,1
2,0,0,0,0,0.0,1,15,3,6,1,1
0,0,0,0,0,0.0,1,15,3,6,1,1
4,0,0,0,0,0.0,1,15,3,6,1,1
6,0,0,0,0,0.0,1,15,3,6,1,1
1,0,0,0,0,0.0,1,15,3,6,1,1
9,0,0,0,0,0.0,1,15,3,6,1,1
3,0,0,0,0,0.0,1,15,3,6,1,1
8,0,0,0,0,0.0,1,15,3,6,1,1
5,0,0,0,0,0.0,1,15,3,6,1,1
7,0,0,0,0,0.0,1,15,3,6,1,1
2,0,0,0,0,0.0,1,15,3,6,1,1
0,0,0,0,0,0.0,1,15,3,6,1,1
4,0,0,0,0,0.0,1,15,3,6,1,1
6,0,0,0,0,0.0,1,15,3,6,1,1
1,0,0,0,0,0.0,1,15,3,6,1,1
9,0,0,0,0,0.0,1,15,3,6,1,1
3,0,0,0,0,0.0,1,15,3,6,1,1
8,0,0,0,0,0.0,2,15,3,6,1,1
5,0,0,0,0,0.0,2,15,3,6,1,1
7,0,0,0,0,0.0,2,15,3,6,1,1
2,0,0,0,0,0.0,2,15,3,6,1,1
0,0,0,0,0,0.0,2,15,3,6,1,1
4,0,0,0,0,0.0,2,15,3,6,1,1
6,0,0,0,0,0.0,2,15,3,6,1,1
1,0,0,0,0,0.0,2,15,3,6,1,1
9,0,0,0,0,0.0,2,15,3,6,1,1
3,0,0,0,0,0.0,2,15,3,6,1,1
8,0,0,0,0,0.0,2,15,3,6,1,1
5,0,0,0,0,0.0,2,15,3,6,1,1
7,0,0,0,0,0.0,2,15,3,6,1,1
2,0,0,0,0,0.0,2,15,3,6,1,1
0,0,0,0,0,0.0,2,15,3,6,1,1
4,0,0,0,0,0.0,2,15,3,6,1,1
6,0,0,0,0,0.0,2,15,3,6,1,1
1,0,0,0,0,0.0,2,15,3,6,1,1
9,0,0,0,0,0.0,2,15,3,6,1,1
3,0,0,0,0,0.0,2,15,3,6,1,1
8,0,0,0,0,0.0,2,15,3,6,1,1
5,0,0,0,0,0.0,2,15,3,6,1,1
7,0,0,0,0,0.0,2,15,3,6,1,1
2,0,0,0,0,0.0,2,15,3,6,1,1
0,0,0,0,0,0.0,2,15,3,6,1,1
4,0,0,0,0,0.0,2,15,3,6,1,1
6,0,0,0,0,0.0,2,15,3,6,1,1
1,0,0,0,0,0.0,2,15,3,6,1,1
9,0,0,0,0,0.0,2,15,3,6,1,1
3,0,0,0,0,0.0,2,15,3,6,1,1
8,0,0,0,0,0.0,2,15,3,6,1,1
5,0,0,0,0,0.0,2,15,3,6,1,1
7,0,0,0,0,0.0,2,15,3,6,1,1
2,0,0,0,0,0.0,2,15,3,6,1,1
0,0,0,0,0,0.0,2,15,3,6,1,1
4,0,0,0,0,0.0,2,15,3,6,1,1
6,0,0,0,0,0.0,2,15,3,6,1,1
1,0,0,0,0,0.0,2,15,3,6,1,1
9,0,0,0,0,0.0,2,15,3,6,1,1
3,0,0,0,0,0.0,2,15,3,6,1,1
8,0,0,0,0,0.0,3,15,3,6,1,1
5,0,0,0,0,0.0,3,15,3,6,1,1
7,0,0,0,0,0.0,3,15,3,6,1,1
2,0,0,0,0,0.0,3,15,3,6,1,1
0,0,0,0,0,0.0,3,15,3,6,1,1
4,0,0,0,0,0.0,3,15,3,6,1,1
6,0,0,0,0,0.0,3,15,3,6,1,1
1,0,0,0,0,0.0,3,15,3,6,1,1
9,0,0,0,0,0.0,3,15,3,6,1,1
3,0,0,0,0,0.0,3,15,3,6,1,1
8,0,0,0,0,0.0,3,15,3,6,1,1
5,0,0,0,0,0.0,3,15,3,6,1,1
7,0,0,0,0,0.0,3,15,3,6,1,1
2,0,0,0,0,0.0,3,15,3,6,1,1
0,0,0,0,0,0.0,3,15,3,6,1,1
4,0,0,0,0,0.0,3,15,3,6,1,1
6,0,0,0,0,0.0,3,15,3,6,1,1
1,0,0,0,0,0.0,3,15,3,6,1,1
9,0,0,0,0,0.0,3,15,3,6,1,1
3,0,0,0,0,0.0,3,15,3,6,1,1
8,0,0,0,0,0.0,3,15,3,6,1,1
5,0,0,0,0,0.0,3,15,3,6,1,1
7,0,0,0,0,0.0,3,15,3,6,1,1
2,0,0,0,0,0.0,3,15,3,6,1,1
0,0,0,0,0,0.0,3,15,3,6,1,1
4,0,0,0,0,0.0,3,15,3,6,1,1
6,0,0,0,0,0.0,3,15,3,6,1,1
1,0,0,0,0,0.0,3,15,3,6,1,1
9,0,0,0,0,0.0,3,15,3,6,1,1
3,0,0,0,0,0.0,3,15,3,6,1,1
8,0,0,0,0,0.0,3,15,3,6,1,1
5,0,0,0,0,0.0,3,15,3,6,1,1
7,0,0,0,0,0.0,3,15,3,6,1,1
2,0,0,0,0,0.0,3,15,3,6,1,1
0,0,0,0,0,0.0,3,15,3,6,1,1
4,0,0,0,0,0.0,3,15,3,6,1,1
6,0,0,0,0,0.0,3,15,3,6,1,1
1,0,0,0,0,0.0,3,15,3,6,1,1
9,0,0,0,0,0.0,3,15,3,6,1,1
3,0,0,0,0,0.0,3,15,3,6,1,1
8,0,0,0,0,0.0,4,15,3,6,1,1
5,0,0,0,0,0.0,4,15,3,6,1,1
7,0,0,0,0,0.0,4,15,3,6,1,1
2,0,0,0,0,0.0,4,15,3,6,1,1
0,0,0,0,0,0.0,4,15,3,6,1,1
4,0,0,0,0,0.0,4,15,3,6,1,1
6,0,0,0,0,0.0,4,15,3,6,1,1
1,0,0,0,0,0.0,4,15,3,6,1,1
9,0,0,0,0,0.0,4,15,3,6,1,1
3,0,0,0,0,0.0,4,15,3,6,1,1
8,0,0,0,0,0.0,4,15,3,6,1,1
5,0,0,0,0,0.0,4,15,3,6,1,1
7,0,0,0,0,0.0,4,15,3,6,1,1
2,0,0,0,0,0.0,4,15,3,6,1,1
0,0,0,0,0,0.0,4,15,3,6,1,1
4,0,0,0,0,0.0,4,15,3,6,1,1
6,0,0,0,0,0.0,4,15,3,6,1,1
1,0,0,0,0,0.0,4,15,3,6,1,1
9,0,0,0,0,0.0,4,15,3,6,1,1
3,0,0,0,0,0.0,4,15,3,6,1,1
8,0,0,0,0,0.0,4,15,3,6,1,1
5,0,0,0,0,0.0,4,15,3,6,1,1
7,0,0,0,0,0.0,4,15,3,6,1,1
2,0,0,0,0,0.0,4,15,3,6,1,1
0,0,0,0,0,0.0,4,15,3,6,1,1
4,0,0,0,0,0.0,4,15,3,6,1,1
6,0,0,0,0,0.0,4,15,3,6,1,1
1,0,0,0,0,0.0,4,15,3,6,1,1
9,0,0,0,0,0.0,4,15,3,6,1,1
3,0,0,0,0,0.0,4,15,3,6,1,1
8,0,0,0,0,0.0,4,15,3,6,1,1
5,0,0,0,0,0.0,4,15,3,6,1,1
7,0,0,0,0,0.0,4,15,3,6,1,1
2,0,0,0,0,0.0,4,15,3,6,1,1
0,0,0,0,0,0.0,4,15,3,6,1,1
4,0,0,0,0,0.0,4,15,3,6,1,1
6,0,0,0,0,0.0,4,15,3,6,1,1
1,0,0,0,0,0.0,4,15,3,6,1,1
9,0,0,0,0,0.0,4,15,3,6,1,1
3,0,0,0,0,0.0,4,15,3,6,1,1
8,0,0,0,0,0.0,5,15,3,6,1,1
5,0,0,0,0,0.0,5,15,3,6,1,1
7,0,0,0,0,0.0,5,15,3,6,1,1
2,0,0,0,0,0.0,5,15,3,6,1,1
0,0,0,0,0,0.0,5,15,3,6,1,1
4,0,0,0,0,0.0,5,15,3,6,1,1
6,0,0,0,0,0.0,5,15,3,6,1,1
1,0,0,0,0,0.0,5,15,3,6,1,1
9,0,0,0,0,0.0,5,15,3,6,1,1
3,0,0,0,0,0.0,5,15,3,6,1,1
8,0,0,0,0,0.0,5,15,3,6,1,1
5,0,0,0,0,0.0,5,15,3,6,1,1
7,0,0,0,0,0.0,5,15,3,6,1,1
2,0,0,0,0,0.0,5,15,3,6,1,1
0,0,0,0,0,0.0,5,15,3,6,1,1
4,0,0,0,0,0.0,5,15,3,6,1,1
6,0,0,0,0,0.0,5,15,3,6,1,1
1,0,0,0,0,0.0,5,15,3,6,1,1
9,0,0,0,0,0.0,5,15,3,6,1,1
3,0,0,0,0,0.0,5,15,3,6,1,1
8,0,0,0,0,0.0,5,15,3,6,1,1
5,0,0,0,0,0.0,5,15,3,6,1,1
7,0,0,0,0,0.0,5,15,3,6,1,1
2,0,0,0,0,0.0,5,15,3,6,1,1
0,0,0,0,0,0.0,5,15,3,6,1,1
4,0,0,0,0,0.0,5,15,3,6,1,1
6,0,0,0,0,0.0,5,15,3,6,1,1
1,0,0,0,0,0.0,5,15,3,6,1,1
9,0,0,0,0,0.0,5,15,3,6,1,1
3,0,0,0,0,0.0,5,15,3,6,1,1
8,0,0,0,0,0.0,5,15,3,6,1,1
5,0,0,0,0,0.0,5,15,3,6,1,1
7,0,0,0,0,0.0,5,15,3,6,1,1
2,0,0,0,0,0.0,5,15,3,6,1,1
0,0,0,0,0,0.0,5,15,3,6,1,1
4,0,0,0,0,0.0,5,15,3,6,1,1
6,0,0,0,0,0.0,5,15,3,6,1,1
1,0,0,0,0,0.0,5,15,3,6,1,1
9,0,0,0,0,0.0,5,15,3,6,1,1
3,0,0,0,0,0.0,5,15,3,6,1,1
8,208,250,133,229,0.92,6,15,3,6,1,2
5,234,464,186,349,2.22,6,15,3,6,1,2
7,526,547,320,536,2.48,6,15,3,6,1,2
2,440,310,238,375,0.94,6,15,3,6,1,2
0,470,379,264,424,1.44,6,15,3,6,1,2
4,432,312,235,372,0.57,6,15,3,6,1,0
6,341,165,169,253,1.54,6,15,3,6,1,2
1,518,469,301,494,1.6,6,15,3,6,1,2
9,151,258,112,204,2.32,6,15,3,6,1,2
3,537,391,293,464,1.85,6,15,3,6,1,2
8,517,499,307,508,0.96,6,15,3,6,1,2
5,197,441,167,319,1.35,6,15,3,6,1,2
7,168,347,137,258,0.67,6,15,3,6,1,0
2,461,348,254,404,1.26,6,15,3,6,1,2
0,544,491,316,518,2.16,6,15,3,6,1,2
4,199,237,127,218,2.16,6,15,3,6,1,2
6,335,499,234,417,0.53,6,15,3,6,1,0
1,169,276,123,222,2.23,6,15,3,6,1,2
9,383,208,195,296,0.78,6,15,3,6,1,2
3,388,277,211,332,0.78,6,15,3,6,1,2
8,486,402,275,444,1.63,6,15,3,6,1,2
5,474,527,295,500,1.11,6,15,3,6,1,2
7,336,214,177,275,1.77,6,15,3,6,1,2
2,461,427,270,444,0.59,6,15,3,6,1,0
0,257,320,167,288,1.15,6,15,3,6,1,2
4,408,465,256,436,2.25,6,15,3,6,1,2
6,184,439,161,312,1.58,6,15,3,6,1,2
1,370,209,190,290,2.02,6,15,3,6,1,2
9,291,446,206,368,1.23,6,15,3,6,1,2
3,453,350,251,402,2.48,6,15,3,6,1,2
8,216,385,163,300,0.91,6,15,3,6,1,2
5,188,527,181,358,0.94,6,15,3,6,1,2
7,496,457,290,476,1.52,6,15,3,6,1,2
2,157,267,116,212,1.59,6,15,3,6,1,2
0,310,225,169,268,1.47,6,15,3,6,1,2
4,316,217,170,266,1.71,6,15,3,6,1,2
6,277,339,179,308,1.47,6,15,3,6,1,2
1,399,488,257,444,0.83,6,15,3,6,1,2
9,416,154,197,285,2.13,6,15,3,6,1,2
3,286,404,195,345,1.01,6,15,3,6,1,2
8,259,156,135,208,1.64,7,15,3,6,1,2
5,212,160,117,186,2.08,7,15,3,6,1,2
7,476,246,240,361,0.73,7,15,3,6,1,0
2,248,470,193,359,1.13,7,15,3,6,1,2
0,232,383,169,308,2.0,7,15,3,6,1,2
4,532,240,261,386,0.63,7,15,3,6,1,0
6,549,389,297,469,2.08,7,15,3,6,1,2
1,154,512,164,333,1.65,7,15,3,6,1,2
9,292,374,192,333,1.29,7,15,3,6,1,2
3,332,466,226,399,2.03,7,15,3,6,1,2
8,512,249,255,380,1.96,7,15,3,6,1,2
5,371,505,249,438,2.37,7,15,3,6,1,2
7,364,378,221,371,2.48,7,15,3,6,1,2
2,259,519,207,389,0.99,7,15,3,6,1,2
0,240,505,197,372,2.18,7,15,3,6,1,2
4,202,197,120,200,2.06,7,15,3,6,1,2
6,403,403,242,403,1.74,7,15,3,6,1,2
1,410,217,207,314,2.08,7,15,3,6,1,2
9,499,425,285,462,2.47,7,15,3,6,1,2
3,313,244,174,278,1.07,7,15,3,6,1,2
8,290,288,174,289,2.14,7,15,3,6,1,2
5,379,420,236,400,1.66,7,15,3,6,1,2
7,308,290,181,299,2.01,7,15,3,6,1,2
2,511,474,299,492,1.4,7,15,3,6,1,2
0,535,396,293,466,2.46,7,15,3,6,1,2
4,184,211,116,198,1.1,7,15,3,6,1,2
6,370,389,226,380,1.02,7,15,3,6,1,2
1,482,161,225,322,1.08,7,15,3,6,1,2
9,532,361,285,446,1.07,7,15,3,6,1,2
3,229,292,150,260,1.21,7,15,3,6,1,2
8,391,435,243,413,2.37,7,15,3,6,1,2
5,537,152,245,344,0.58,7,15,3,6,1,0
7,182,216,116,199,2.09,7,15,3,6,1,2
2,360,269,198,314,2.32,7,15,3,6,1,2
0,165,216,109,190,2.07,7,15,3,6,1,2
4,384,369,227,376,2.24,7,15,3,6,1,2
6,345,253,189,299,1.13,7,15,3,6,1,2
1,500,355,271,428,1.06,7,15,3,6,1,2
9,362,445,234,404,2.39,7,15,3,6,1,2
3,386,268,208,327,2.48,7,15,3,6,1,2
8,1417,885,744,1151,3.55,8,15,3,6,1,2
5,2333,540,1041,1436,5.44,8,15,3,6,1,2
7,2208,602,1004,1405,4.6,8,15,3,6,1,2
2,816,984,523,900,4.99,8,15,3,6,1,2
0,2432,635,1100,1534,5.79,8,15,3,6,1,2
4,1103,870,615,986,5.09,8,15,3,6,1,2
6,1537,621,739,1079,5.48,8,15,3,6,1,2
1,975,644,519,810,5.62,8,15,3,6,1,2
9,1197,812,641,1004,4.38,8,15,3,6,1,2
3,1292,534,624,913,3.1,8,15,3,6,1,2
8,2302,473,1015,1388,4.97,8,15,3,6,1,2
5,1004,520,506,762,3.06,8,15,3,6,1,2
7,1451,688,718,1070,5.26,8,15,3,6,1,2
2,1605,950,832,1278,4.45,8,15,3,6,1,2
0,1396,786,716,1091,4.87,8,15,3,6,1,2
4,2344,652,1068,1498,3.93,8,15,3,6,1,2
6,1141,706,598,924,5.19,8,15,3,6,1,2
1,2017,951,997,1484,4.96,8,15,3,6,1,2
9,847,709,481,778,5.29,8,15,3,6,1,2
3,2484,886,1171,1685,3.37,8,15,3,6,1,2
8,2178,688,1009,1433,5.27,8,15,3,6,1,2
5,1948,599,899,1274,3.69,8,15,3,6,1,2
7,2463,439,1073,1451,3.06,8,15,3,6,1,2
2,1521,506,710,1014,3.0,8,15,3,6,1,2
0,844,402,418,623,5.57,8,15,3,6,1,2
4,1135,816,617,976,3.56,8,15,3,6,1,2
6,2375,783,1107,1579,4.49,8,15,3,6,1,2
1,2087,491,933,1289,4.42,8,15,3,6,1,2
9,2425,922,1154,1674,4.36,8,15,3,6,1,2
3,1499,735,747,1117,3.5,8,15,3,6,1,2
8,1791,502,817,1146,3.08,8,15,3,6,1,2
5,1485,422,678,954,4.74,8,15,3,6,1,2
7,1895,716,901,1306,5.54,8,15,3,6,1,2
2,2253,584,1018,1418,5.68,8,15,3,6,1,2
0,1928,637,899,1282,4.1,8,15,3,6,1,2
4,1896,677,894,1286,5.25,8,15,3,6,1,2
6,845,782,494,814,3.79,8,15,3,6,1,2
1,1136,955,645,1046,4.34,8,15,3,6,1,2
9,1579,512,734,1046,3.23,8,15,3,6,1,2
3,1248,603,620,926,3.85,8,15,3,6,1,2
8,1608,676,778,1142,3.97,9,15,3,6,1,2
5,1034,845,583,940,3.98,9,15,3,6,1,2
7,1814,880,902,1347,4.44,9,15,3,6,1,2
2,1577,774,786,1176,5.53,9,15,3,6,1,2
0,1065,740,574,902,4.61,9,15,3,6,1,2
4,2389,949,1145,1669,4.21,9,15,3,6,1,2
6,1116,487,544,802,3.37,9,15,3,6,1,2
1,1399,540,668,970,3.44,9,15,3,6,1,2
9,1741,655,827,1198,3.6,9,15,3,6,1,2
3,2037,466,908,1252,4.13,9,15,3,6,1,2
8,956,497,482,726,3.51,9,15,3,6,1,2
5,2348,715,1082,1532,3.03,9,15,3,6,1,2
7,1547,877,794,1212,3.54,9,15,3,6,1,2
2,2084,887,1011,1486,4.01,9,15,3,6,1,2
0,2010,492,902,1251,3.39,9,15,3,6,1,2
4,998,632,526,815,4.0,9,15,3,6,1,2
6,1943,663,910,1303,3.66,9,15,3,6,1,2
1,1200,946,669,1073,3.74,9,15,3,6,1,2
9,2206,589,1000,1398,3.09,9,15,3,6,1,2
3,1815,882,902,1348,3.6,9,15,3,6,1,2
8,1205,631,608,918,4.2,9,15,3,6,1,2
5,1291,680,652,986,5.71,9,15,3,6,1,2
7,1851,853,911,1352,4.09,9,15,3,6,1,2
2,1841,755,887,1298,3.86,9,15,3,6,1,2
0,2339,808,1097,1574,5.1,9,15,3,6,1,2
4,2214,580,1002,1397,5.58,9,15,3,6,1,2
6,1515,409,688,962,5.31,9,15,3,6,1,2
1,1795,807,879,1301,4.5,9,15,3,6,1,2
9,1821,985,925,1403,5.68,9,15,3,6,1,2
3,2393,674,1092,1534,5.62,9,15,3,6,1,2
8,2305,446,1011,1376,3.23,9,15,3,6,1,2
5,963,446,474,704,3.77,9,15,3,6,1,2
7,2314,471,1020,1392,5.08,9,15,3,6,1,2
2,1545,897,797,1221,4.06,9,15,3,6,1,2
0,2214,630,1012,1422,4.3,9,15,3,6,1,2
4,1973,772,944,1372,4.88,9,15,3,6,1,2
6,1625,709,792,1167,4.84,9,15,3,6,1,2
1,2076,597,950,1336,3.61,9,15,3,6,1,2
9,972,479,485,726,3.28,9,15,3,6,1,2
3,1602,494,740,1048,4.65,9,15,3,6,1,2
8,1639,583,772,1111,4.95,10,15,3,6,1,2
5,1852,497,840,1174,3.54,10,15,3,6,1,2
7,1816,712,869,1264,4.95,10,15,3,6,1,2
2,1595,660,770,1128,3.37,10,15,3,6,1,2
0,2018,493,906,1256,3.25,10,15,3,6,1,2
4,2291,816,1080,1554,4.18,10,15,3,6,1,2
6,2259,713,1046,1486,4.11,10,15,3,6,1,2
1,1417,410,649,914,5.75,10,15,3,6,1,2
9,1634,779,809,1206,5.36,10,15,3,6,1,2
3,2123,480,945,1302,5.39,10,15,3,6,1,2
8,891,483,453,687,3.34,10,15,3,6,1,2
5,1089,418,519,754,3.19,10,15,3,6,1,2
7,2065,894,1005,1480,4.42,10,15,3,6,1,2
2,950,791,538,870,5.35,10,15,3,6,1,2
0,1264,707,647,986,4.99,10,15,3,6,1,2
4,1813,415,808,1114,4.29,10,15,3,6,1,2
6,2194,566,991,1380,3.78,10,15,3,6,1,2
1,812,856,496,834,5.16,10,15,3,6,1,2
9,2207,493,981,1350,4.49,10,15,3,6,1,2
3,2227,856,1062,1542,5.77,10,15,3,6,1,2
8,2349,786,1097,1568,5.63,10,15,3,6,1,2
5,1706,587,800,1146,5.08,10,15,3,6,1,2
7,1604,750,792,1177,3.04,10,15,3,6,1,2
2,828,971,525,900,3.77,10,15,3,6,1,2
0,1619,866,821,1242,3.86,10,15,3,6,1,2
4,1989,620,920,1304,4.36,10,15,3,6,1,2
6,1649,404,740,1026,4.11,10,15,3,6,1,2
1,1097,986,636,1042,4.72,10,15,3,6,1,2
9,1147,668,592,908,3.56,10,15,3,6,1,2
3,1273,586,626,930,3.67,10,15,3,6,1,2
8,1520,754,759,1137,4.71,10,15,3,6,1,2
5,1394,925,743,1160,4.17,10,15,3,6,1,2
7,1542,546,726,1044,4.87,10,15,3,6,1,2
2,1521,649,738,1085,4.05,10,15,3,6,1,2
0,1911,921,949,1416,5.07,10,15,3,6,1,2
4,1520,912,790,1216,3.24,10,15,3,6,1,2
6,1846,732,885,1289,4.5,10,15,3,6,1,2
1,1131,555,563,843,3.43,10,15,3,6,1,2
9,1852,884,918,1368,4.2,10,15,3,6,1,2
3,1246,566,612,906,4.18,10,15,3,6,1,2
8,406,271,217,338,1.46,11,15,3,6,1,2
5,425,470,264,448,2.02,11,15,3,6,1,2
7,447,246,228,346,1.79,11,15,3,6,1,2
2,216,223,131,220,1.35,11,15,3,6,1,2
0,158,189,101,174,2.02,11,15,3,6,1,2
4,356,445,231,400,0.75,11,15,3,6,1,2
6,269,232,154,250,1.53,11,15,3,6,1,2
1,372,238,196,305,1.55,11,15,3,6,1,2
9,524,198,249,361,2.09,11,15,3,6,1,2
3,379,408,233,394,1.46,11,15,3,6,1,2
8,227,341,159,284,0.64,11,15,3,6,1,0
5,385,229,200,307,1.27,11,15,3,6,1,2
7,466,225,231,346,1.7,11,15,3,6,1,2
2,258,465,196,362,0.83,11,15,3,6,1,2
0,440,233,223,336,2.44,11,15,3,6,1,2
4,406,181,199,294,0.9,11,15,3,6,1,2
6,486,513,297,500,1.61,11,15,3,6,1,2
1,235,165,127,200,1.82,11,15,3,6,1,2
9,402,334,228,368,2.42,11,15,3,6,1,2
3,324,425,215,374,1.97,11,15,3,6,1,2
8,356,168,176,262,1.7,11,15,3,6,1,2
5,345,215,181,280,0.52,11,15,3,6,1,0
7,457,272,237,364,1.99,11,15,3,6,1,2
2,323,192,168,258,1.05,11,15,3,6,1,2
0,340,286,193,313,0.71,11,15,3,6,1,0
4,485,494,293,490,1.0,11,15,3,6,1,2
6,368,190,185,279,2.1,11,15,3,6,1,2
1,399,433,246,416,2.14,11,15,3,6,1,2
9,524,240,258,382,1.67,11,15,3,6,1,2
3,383,199,193,291,0.86,11,15,3,6,1,2
8,385,195,193,290,0.99,11,15,3,6,1,2
5,277,291,169,284,1.16,11,15,3,6,1,2
7,184,469,167,326,0.62,11,15,3,6,1,0
2,478,386,268,432,1.21,11,15,3,6,1,2
0,370,172,182,271,0.88,11,15,3,6,1,2
4,248,388,177,318,1.84,11,15,3,6,1,2
6,346,187,176,266,0.74,11,15,3,6,1,0
1,495,390,276,442,1.51,11,15,3,6,1,2
9,219,291,146,255,0.69,11,15,3,6,1,0
3,207,429,169,318,1.05,11,15,3,6,1,2
8,313,222,170,268,0.58,12,15,3,6,1,0
5,406,207,204,306,2.1,12,15,3,6,1,2
7,514,185,243,350,1.28,12,15,3,6,1,2
2,476,288,248,382,1.59,12,15,3,6,1,2
0,525,445,299,485,2.04,12,15,3,6,1,2
4,251,381,177,316,2.27,12,15,3,6,1,2
6,193,543,186,368,0.88,12,15,3,6,1,2
1,324,364,202,344,2.36,12,15,3,6,1,2
9,435,208,216,322,0.78,12,15,3,6,1,2
3,523,502,310,512,1.82,12,15,3,6,1,2
8,374,387,227,380,1.4,12,15,3,6,1,2
5,278,327,177,302,1.75,12,15,3,6,1,2
7,365,395,225,380,0.82,12,15,3,6,1,2
2,380,331,218,356,0.54,12,15,3,6,1,0
0,458,315,246,386,1.88,12,15,3,6,1,2
4,532,160,245,346,2.42,12,15,3,6,1,2
6,533,493,312,513,0.81,12,15,3,6,1,2
1,443,491,275,467,2.33,12,15,3,6,1,2
9,413,406,246,410,1.07,12,15,3,6,1,2
3,447,523,283,485,2.45,12,15,3,6,1,2
8,222,438,176,330,1.16,12,15,3,6,1,2
5,370,550,258,460,0.93,12,15,3,6,1,2
7,392,399,237,396,2.3,12,15,3,6,1,2
2,165,327,131,246,2.11,12,15,3,6,1,2
0,540,507,317,524,0.83,12,15,3,6,1,2
4,313,432,212,372,1.52,12,15,3,6,1,2
6,163,468,159,316,0.92,12,15,3,6,1,2
1,153,526,166,340,2.11,12,15,3,6,1,2
9,402,174,196,288,1.95,12,15,3,6,1,2
3,336,484,231,410,2.38,12,15,3,6,1,2
8,544,250,268,397,1.91,12,15,3,6,1,2
5,407,479,259,443,2.05,12,15,3,6,1,2
7,498,415,282,456,1.86,12,15,3,6,1,2
2,398,220,203,309,1.26,12,15,3,6,1,2
0,299,306,181,302,1.66,12,15,3,6,1,2
4,538,181,251,360,1.83,12,15,3,6,1,2
6,475,285,247,380,2.01,12,15,3,6,1,2
1,366,295,205,330,1.35,12,15,3,6,1,2
9,411,193,203,302,1.9,12,15,3,6,1,2
3,528,152,242,340,1.84,12,15,3,6,1,2
8,380,505,253,442,1.64,13,15,3,6,1,2
5,412,391,243,402,0.84,13,15,3,6,1,2
7,514,248,255,381,2.0,13,15,3,6,1,2
2,425,440,258,432,2.44,13,15,3,6,1,2
0,384,223,198,304,1.6,13,15,3,6,1,2
4,526,515,313,520,1.77,13,15,3,6,1,2
6,236,476,190,356,1.66,13,15,3,6,1,2
1,341,435,223,388,0.92,13,15,3,6,1,2
9,372,499,249,436,1.96,13,15,3,6,1,2
3,342,197,176,270,1.46,13,15,3,6,1,2
8,330,151,162,240,2.09,13,15,3,6,1,2
5,426,168,204,297,1.69,13,15,3,6,1,2
7,364,488,243,426,2.18,13,15,3,6,1,2
2,444,206,219,325,2.02,13,15,3,6,1,2
0,339,408,217,374,1.15,13,15,3,6,1,2
4,335,291,192,313,2.25,13,15,3,6,1,2
6,459,407,265,433,0.69,13,15,3,6,1,0
1,317,222,171,270,2.29,13,15,3,6,1,2
9,222,158,120,190,1.2,13,15,3,6,1,2
3,340,357,207,348,1.92,13,15,3,6,1,2
8,208,197,123,202,1.67,13,15,3,6,1,2
5,387,237,202,312,0.69,13,15,3,6,1,0
7,221,329,154,275,1.88,13,15,3,6,1,2
2,186,516,178,351,2.2,13,15,3,6,1,2
0,272,323,173,298,2.06,13,15,3,6,1,2
4,484,210,236,347,2.11,13,15,3,6,1,2
6,361,324,209,342,0.82,13,15,3,6,1,2
1,324,434,216,379,1.15,13,15,3,6,1,2
9,464,168,219,316,1.8,13,15,3,6,1,2
3,351,389,218,370,2.49,13,15,3,6,1,2
8,379,265,205,322,0.92,13,15,3,6,1,2
5,322,537,236,430,1.37,13,15,3,6,1,2
7,298,286,176,292,1.12,13,15,3,6,1,2
2,346,536,246,441,2.34,13,15,3,6,1,2
0,483,457,285,470,1.34,13,15,3,6,1,2
4,523,525,314,524,2.24,13,15,3,6,1,2
6,483,292,252,388,1.12,13,15,3,6,1,2
1,306,151,153,228,0.66,13,15,3,6,1,0
9,429,350,242,390,1.76,13,15,3,6,1,2
3,458,153,214,306,0.51,13,15,3,6,1,0
8,507,520,307,514,1.54,14,15,3,6,1,2
5,508,546,312,527,1.85,14,15,3,6,1,2
7,201,356,152,278,1.14,14,15,3,6,1,2
2,432,159,205,296,1.69,14,15,3,6,1,2
0,200,281,136,240,1.23,14,15,3,6,1,2
4,317,155,158,236,2.28,14,15,3,6,1,2
6,379,544,260,462,1.51,14,15,3,6,1,2
1,353,212,184,282,0.8,14,15,3,6,1,2
9,468,360,259,414,2.09,14,15,3,6,1,2
3,240,282,152,261,0.71,14,15,3,6,1,0
8,430,303,233,366,2.33,14,15,3,6,1,2
5,335,445,223,390,1.77,14,15,3,6,1,2
7,317,359,199,338,0.88,14,15,3,6,1,2
2,453,389,259,421,2.29,14,15,3,6,1,2
0,483,415,276,449,1.46,14,15,3,6,1,2
4,236,461,187,348,1.66,14,15,3,6,1,2
6,208,497,183,352,1.66,14,15,3,6,1,2
1,394,482,254,438,2.12,14,15,3,6,1,2
9,540,540,324,540,1.57,14,15,3,6,1,2
3,335,517,237,426,2.47,14,15,3,6,1,2
8,371,335,215,353,1.26,14,15,3,6,1,2
5,399,352,230,376,1.38,14,15,3,6,1,2
7,300,502,220,401,1.55,14,15,3,6,1,2
2,201,453,171,327,1.94,14,15,3,6,1,2
0,230,332,158,281,2.44,14,15,3,6,1,2
4,437,471,269,454,0.68,14,15,3,6,1,0
6,290,344,185,317,1.45,14,15,3,6,1,2
1,291,439,204,365,0.5,14,15,3,6,1,0
9,260,190,142,225,0.71,14,15,3,6,1,0
3,322,155,160,238,1.78,14,15,3,6,1,2
8,473,498,289,486,2.4,14,15,3,6,1,2
5,523,273,264,398,1.91,14,15,3,6,1,2
7,508,406,284,457,1.71,14,15,3,6,1,2
2,482,369,267,426,2.0,14,15,3,6,1,2
0,403,241,209,322,1.46,14,15,3,6,1,2
4,464,284,242,374,2.01,14,15,3,6,1,2
6,338,311,197,324,1.77,14,15,3,6,1,2
1,369,420,232,394,1.92,14,15,3,6,1,2
9,392,394,236,393,1.24,14,15,3,6,1,2
3,259,309,165,284,0.64,14,15,3,6,1,0
8,549,226,265,388,0.66,15,15,3,6,1,0
5,328,395,210,362,0.92,15,15,3,6,1,2
7,317,520,231,418,1.79,15,15,3,6,1,2
2,500,428,286,464,2.01,15,15,3,6,1,2
0,495,536,305,516,0.59,15,15,3,6,1,0
4,292,418,200,355,0.91,15,15,3,6,1,2
6,151,491,159,321,0.6,15,15,3,6,1,0
1,181,490,170,336,0.64,15,15,3,6,1,0
9,430,424,257,427,1.03,15,15,3,6,1,2
3,536,418,298,477,2.4,15,15,3,6,1,2
8,447,452,269,450,0.51,15,15,3,6,1,0
5,211,287,142,249,1.49,15,15,3,6,1,2
7,198,434,166,316,0.77,15,15,3,6,1,2
2,485,298,254,392,0.56,15,15,3,6,1,0
0,274,522,214,398,2.0,15,15,3,6,1,2
4,206,185,119,196,1.63,15,15,3,6,1,2
6,424,491,268,458,2.43,15,15,3,6,1,2
1,273,430,195,352,2.0,15,15,3,6,1,2
9,291,536,224,414,1.53,15,15,3,6,1,2
3,320,441,216,380,2.39,15,15,3,6,1,2
8,233,176,128,204,0.51,15,15,3,6,1,0
5,329,270,186,300,1.81,15,15,3,6,1,2
7,154,389,139,272,2.37,15,15,3,6,1,2
2,312,382,201,347,2.34,15,15,3,6,1,2
0,290,421,200,356,2.14,15,15,3,6,1,2
4,425,470,264,448,1.64,15,15,3,6,1,2
6,372,220,193,296,0.62,15,15,3,6,1,0
1,411,238,212,324,2.24,15,15,3,6,1,2
9,428,544,280,486,1.22,15,15,3,6,1,2
3,458,379,259,418,1.71,15,15,3,6,1,2
8,354,293,200,324,2.4,15,15,3,6,1,2
5,462,320,249,391,1.56,15,15,3,6,1,2
7,536,504,315,520,1.23,15,15,3,6,1,2
2,234,289,151,262,2.12,15,15,3,6,1,2
0,307,261,175,284,1.4,15,15,3,6,1,2
4,317,157,158,237,1.42,15,15,3,6,1,2
6,340,251,186,296,0.59,15,15,3,6,1,0
1,198,527,185,362,1.02,15,15,3,6,1,2
9,166,416,150,291,2.28,15,15,3,6,1,2
3,469,514,290,492,1.4,15,15,3,6,1,2
8,198,467,173,332,0.59,16,15,3,6,1,0
5,175,259,122,217,1.31,16,15,3,6,1,2
7,347,233,185,290,1.28,16,15,3,6,1,2
2,338,540,243,439,1.31,16,15,3,6,1,2
0,501,186,238,344,1.62,16,15,3,6,1,2
4,240,432,182,336,0.99,16,15,3,6,1,2
6,443,168,211,306,1.67,16,15,3,6,1,2
1,164,156,97,160,2.48,16,15,3,6,1,2
9,287,251,165,269,2.09,16,15,3,6,1,2
3,227,159,123,193,1.36,16,15,3,6,1,2
8,368,216,190,292,2.06,16,15,3,6,1,2
5,543,362,290,452,1.47,16,15,3,6,1,2
7,208,423,168,316,1.43,16,15,3,6,1,2
2,243,467,191,355,1.54,16,15,3,6,1,2
0,240,466,189,353,1.07,16,15,3,6,1,2
4,506,161,235,334,2.43,16,15,3,6,1,2
6,202,401,161,302,1.49,16,15,3,6,1,2
1,548,397,299,472,1.64,16,15,3,6,1,2
9,305,262,174,284,2.37,16,15,3,6,1,2
3,257,174,138,216,1.73,16,15,3,6,1,2
8,419,386,245,402,1.73,16,15,3,6,1,2
5,490,267,249,378,1.4,16,15,3,6,1,2
7,537,523,319,530,1.01,16,15,3,6,1,2
2,265,198,146,232,1.83,16,15,3,6,1,2
0,432,471,267,452,1.41,16,15,3,6,1,2
4,491,251,247,371,2.21,16,15,3,6,1,2
6,249,370,174,310,1.23,16,15,3,6,1,2
1,240,463,189,352,2.4,16,15,3,6,1,2
9,156,162,95,159,1.71,16,15,3,6,1,2
3,304,152,152,228,2.08,16,15,3,6,1,2
8,435,207,215,321,0.93,16,15,3,6,1,2
5,530,323,277,426,2.18,16,15,3,6,1,2
7,343,516,240,430,1.61,16,15,3,6,1,2
2,291,277,172,284,0.86,16,15,3,6,1,2
0,224,455,181,340,1.62,16,15,3,6,1,2
4,165,274,121,220,0.92,16,15,3,6,1,2
6,330,427,217,378,0.6,16,15,3,6,1,0
1,167,499,167,333,1.4,16,15,3,6,1,2
9,169,412,150,290,2.11,16,15,3,6,1,2
3,220,237,135,228,1.84,16,15,3,6,1,2
8,1185,2136,901,1660,5.27,17,15,3,6,1,2
5,769,2090,726,1430,3.96,17,15,3,6,1,2
7,772,1261,561,1016,4.86,17,15,3,6,1,2
2,737,1209,537,973,5.5,17,15,3,6,1,2
0,784,1347,583,1066,4.91,17,15,3,6,1,2
4,928,2507,873,1718,5.26,17,15,3,6,1,2
6,1186,2774,1029,1980,5.2,17,15,3,6,1,2
1,725,2385,767,1555,5.22,17,15,3,6,1,2
9,952,2342,849,1647,5.04,17,15,3,6,1,2
3,1008,1532,710,1270,4.51,17,15,3,6,1,2
8,764,1484,602,1124,3.07,17,15,3,6,1,2
5,1168,1093,686,1130,5.76,17,15,3,6,1,2
7,1190,1406,757,1298,4.68,17,15,3,6,1,2
2,760,2268,758,1514,3.32,17,15,3,6,1,2
0,801,1595,639,1198,4.42,17,15,3,6,1,2
4,683,2165,706,1424,4.72,17,15,3,6,1,2
6,1030,1001,612,1016,5.78,17,15,3,6,1,2
1,1042,2413,899,1728,3.16,17,15,3,6,1,2
9,720,2290,746,1505,5.56,17,15,3,6,1,2
3,787,2104,736,1446,4.57,17,15,3,6,1,2
8,650,2575,775,1612,5.41,17,15,3,6,1,2
5,1085,2317,897,1701,3.88,17,15,3,6,1,2
7,1103,1382,718,1242,3.8,17,15,3,6,1,2
2,993,2750,947,1872,4.96,17,15,3,6,1,2
0,944,2597,897,1770,3.64,17,15,3,6,1,2
4,1156,2405,943,1780,3.78,17,15,3,6,1,2
6,797,1969,713,1383,4.4,17,15,3,6,1,2
1,628,1474,546,1051,4.64,17,15,3,6,1,2
9,701,2473,775,1587,5.11,17,15,3,6,1,2
3,680,2586,789,1633,3.95,17,15,3,6,1,2
8,874,1113,572,994,3.06,17,15,3,6,1,2
5,893,2115,780,1504,3.62,17,15,3,6,1,2
7,1016,1589,724,1302,3.7,17,15,3,6,1,2
2,735,2316,757,1526,5.12,17,15,3,6,1,2
0,1020,2451,898,1736,5.01,17,15,3,6,1,2
4,601,1435,527,1018,5.09,17,15,3,6,1,2
6,1188,1942,864,1565,4.48,17,15,3,6,1,2
1,1038,2045,824,1542,3.93,17,15,3,6,1,2
9,786,1296,574,1041,5.71,17,15,3,6,1,2
3,783,1163,546,973,5.1,17,15,3,6,1,2
8,744,1501,598,1122,4.6,18,15,3,6,1,2
5,1026,1518,714,1272,5.56,18,15,3,6,1,2
7,849,2010,742,1430,5.02,18,15,3,6,1,2
2,796,2708,860,1752,5.23,18,15,3,6,1,2
0,931,2262,825,1596,3.76,18,15,3,6,1,2
4,1044,2071,832,1558,3.63,18,15,3,6,1,2
6,1137,1062,667,1100,3.7,18,15,3,6,1,2
1,933,1895,752,1414,3.21,18,15,3,6,1,2
9,739,2686,833,1712,4.97,18,15,3,6,1,2
3,670,2583,785,1626,3.84,18,15,3,6,1,2
8,896,2068,772,1482,5.57,18,15,3,6,1,2
5,758,2772,858,1765,4.97,18,15,3,6,1,2
7,1114,1080,662,1097,5.02,18,15,3,6,1,2
2,925,1983,767,1454,4.89,18,15,3,6,1,2
0,1037,2400,895,1718,3.12,18,15,3,6,1,2
4,746,2078,714,1412,3.12,18,15,3,6,1,2
6,751,2249,750,1500,3.11,18,15,3,6,1,2
1,856,1433,629,1144,3.57,18,15,3,6,1,2
9,1178,1522,776,1350,3.04,18,15,3,6,1,2
3,824,1883,706,1354,5.04,18,15,3,6,1,2
8,663,2651,795,1657,4.87,18,15,3,6,1,2
5,935,2159,806,1547,4.21,18,15,3,6,1,2
7,608,1111,465,860,5.3,18,15,3,6,1,2
2,1178,1017,675,1098,5.15,18,15,3,6,1,2
0,645,1782,614,1214,3.88,18,15,3,6,1,2
4,1022,2502,909,1762,4.81,18,15,3,6,1,2
6,1183,1484,770,1334,4.55,18,15,3,6,1,2
1,1145,2041,866,1593,3.26,18,15,3,6,1,2
9,759,1830,670,1294,3.98,18,15,3,6,1,2
3,707,1754,634,1230,4.34,18,15,3,6,1,2
8,783,1379,589,1081,4.33,18,15,3,6,1,2
5,888,2171,789,1530,3.26,18,15,3,6,1,2
7,825,2552,840,1688,3.35,18,15,3,6,1,2
2,742,2263,749,1502,3.29,18,15,3,6,1,2
0,794,2701,858,1748,3.21,18,15,3,6,1,2
4,638,1313,518,976,3.24,18,15,3,6,1,2
6,690,1980,672,1335,5.34,18,15,3,6,1,2
1,1093,1523,742,1308,4.49,18,15,3,6,1,2
9,784,2377,789,1580,3.33,18,15,3,6,1,2
3,667,2034,674,1350,3.17,18,15,3,6,1,2
8,1108,2658,975,1883,4.14,19,15,3,6,1,2
5,864,1935,733,1400,3.42,19,15,3,6,1,2
7,848,1154,570,1001,4.47,19,15,3,6,1,2
2,772,2567,822,1670,3.75,19,15,3,6,1,2
0,1118,1112,670,1115,5.43,19,15,3,6,1,2
4,690,1394,555,1042,5.54,19,15,3,6,1,2
6,766,2129,732,1448,3.25,19,15,3,6,1,2
1,666,1580,582,1123,3.69,19,15,3,6,1,2
9,1162,1448,754,1305,3.29,19,15,3,6,1,2
3,653,1840,629,1246,3.2,19,15,3,6,1,2
8,811,1034,531,922,4.75,19,15,3,6,1,2
5,764,1019,509,892,3.65,19,15,3,6,1,2
7,728,1939,679,1334,4.55,19,15,3,6,1,2
2,1011,2008,806,1510,4.83,19,15,3,6,1,2
0,659,1894,642,1276,3.55,19,15,3,6,1,2
4,711,1266,538,988,5.02,19,15,3,6,1,2
6,794,1812,680,1303,5.31,19,15,3,6,1,2
1,867,1096,566,982,5.02,19,15,3,6,1,2
9,702,1316,544,1009,5.52,19,15,3,6,1,2
3,903,1784,718,1344,5.38,19,15,3,6,1,2
8,720,2647,817,1684,4.52,19,15,3,6,1,2
5,888,1070,569,979,3.76,19,15,3,6,1,2
7,717,2567,800,1642,3.55,19,15,3,6,1,2
2,973,1911,771,1442,3.22,19,15,3,6,1,2
0,656,2394,741,1525,3.39,19,15,3,6,1,2
4,811,1585,641,1198,4.62,19,15,3,6,1,2
6,953,2351,851,1652,4.68,19,15,3,6,1,2
1,619,2566,761,1592,3.16,19,15,3,6,1,2
9,1055,1229,668,1142,4.28,19,15,3,6,1,2
3,1112,1735,792,1424,5.56,19,15,3,6,1,2
8,1180,2406,953,1793,3.13,19,15,3,6,1,2
5,1175,1797,829,1486,4.86,19,15,3,6,1,2
7,1043,2570,931,1806,5.21,19,15,3,6,1,2
2,823,1382,606,1102,4.03,19,15,3,6,1,2
0,1041,2508,918,1774,5.59,19,15,3,6,1,2
4,979,1780,748,1380,4.99,19,15,3,6,1,2
6,941,1890,754,1416,5.1,19,15,3,6,1,2
1,766,1044,515,905,3.15,19,15,3,6,1,2
9,1080,1192,670,1136,3.29,19,15,3,6,1,2
3,1025,2583,927,1804,4.69,19,15,3,6,1,2
8,811,2717,868,1764,3.6,20,15,3,6,1,2
5,931,2613,895,1772,4.8,20,15,3,6,1,2
7,940,2733,923,1836,3.67,20,15,3,6,1,2
2,1109,1315,707,1212,3.81,20,15,3,6,1,2
0,830,1870,706,1350,4.54,20,15,3,6,1,2
4,730,2721,836,1726,3.41,20,15,3,6,1,2
6,1113,1167,679,1140,5.42,20,15,3,6,1,2
1,601,1178,476,890,5.6,20,15,3,6,1,2
9,971,2697,928,1834,4.48,20,15,3,6,1,2
3,811,1632,651,1222,5.0,20,15,3,6,1,2
8,1043,1385,694,1214,5.33,20,15,3,6,1,2
5,906,1730,708,1318,3.3,20,15,3,6,1,2
7,805,2122,746,1464,5.67,20,15,3,6,1,2
2,692,1158,508,925,3.39,20,15,3,6,1,2
0,1186,1561,787,1374,3.33,20,15,3,6,1,2
4,886,2273,809,1580,5.66,20,15,3,6,1,2
6,1099,2218,883,1658,4.28,20,15,3,6,1,2
1,663,2177,701,1420,4.94,20,15,3,6,1,2
9,1014,1449,695,1232,3.55,20,15,3,6,1,2
3,1171,2508,970,1840,3.82,20,15,3,6,1,2
8,678,2491,769,1584,5.07,20,15,3,6,1,2
5,930,1196,611,1063,3.23,20,15,3,6,1,2
7,698,1670,613,1184,3.95,20,15,3,6,1,2
2,817,2123,751,1470,4.17,20,15,3,6,1,2
0,653,1988,659,1320,5.1,20,15,3,6,1,2
4,767,2745,856,1756,4.63,20,15,3,6,1,2
6,859,1668,677,1264,3.3,20,15,3,6,1,2
1,848,1270,593,1059,3.95,20,15,3,6,1,2
9,863,1359,617,1111,5.5,20,15,3,6,1,2
3,700,2485,777,1592,5.12,20,15,3,6,1,2
8,1145,1130,684,1138,3.13,20,15,3,6,1,2
5,873,2798,909,1836,4.53,20,15,3,6,1,2
7,658,2142,692,1400,4.27,20,15,3,6,1,2
2,1199,1162,712,1180,4.92,20,15,3,6,1,2
0,793,2534,824,1664,3.37,20,15,3,6,1,2
4,718,1607,609,1162,4.59,20,15,3,6,1,2
6,657,1020,467,838,3.64,20,15,3,6,1,2
1,853,1369,615,1111,5.16,20,15,3,6,1,2
9,707,1784,640,1246,3.79,20,15,3,6,1,2
3,898,2339,827,1618,5.53,20,15,3,6,1,2
8,194,372,152,283,0.54,21,15,3,6,1,0
5,246,477,194,362,0.93,21,15,3,6,1,2
7,251,534,207,392,1.72,21,15,3,6,1,2
2,161,284,121,222,1.72,21,15,3,6,1,2
0,394,493,256,444,1.1,21,15,3,6,1,2
4,180,364,145,272,2.28,21,15,3,6,1,2
6,157,214,106,186,2.05,21,15,3,6,1,2
1,275,346,179,310,0.82,21,15,3,6,1,2
9,291,429,202,360,2.01,21,15,3,6,1,2
3,274,314,172,294,0.57,21,15,3,6,1,0
8,494,173,232,334,2.11,21,15,3,6,1,2
5,452,526,286,489,2.12,21,15,3,6,1,2
7,287,182,151,234,0.56,21,15,3,6,1,0
2,504,177,237,340,1.22,21,15,3,6,1,2
0,171,161,101,166,1.69,21,15,3,6,1,2
4,539,487,313,513,2.24,21,15,3,6,1,2
6,202,547,190,374,1.85,21,15,3,6,1,2
1,166,454,157,310,1.88,21,15,3,6,1,2
9,196,336,146,266,2.31,21,15,3,6,1,2
3,392,171,191,282,1.67,21,15,3,6,1,2
8,283,294,172,288,0.88,21,15,3,6,1,2
5,224,277,145,250,1.98,21,15,3,6,1,2
7,316,515,229,416,1.45,21,15,3,6,1,2
2,289,506,217,398,2.28,21,15,3,6,1,2
0,306,165,155,236,0.68,21,15,3,6,1,0
4,161,540,172,350,1.85,21,15,3,6,1,2
6,271,528,214,400,1.75,21,15,3,6,1,2
1,223,210,131,216,0.64,21,15,3,6,1,0
9,360,202,184,281,2.45,21,15,3,6,1,2
3,298,444,208,371,1.62,21,15,3,6,1,2
8,212,290,143,251,2.39,21,15,3,6,1,2
5,256,443,191,350,0.95,21,15,3,6,1,2
7,523,315,272,419,1.77,21,15,3,6,1,2
2,266,309,168,288,0.94,21,15,3,6,1,2
0,397,353,229,375,0.68,21,15,3,6,1,0
4,515,526,311,520,1.6,21,15,3,6,1,2
6,503,174,236,338,1.79,21,15,3,6,1,2
1,200,266,133,233,0.72,21,15,3,6,1,0
9,293,388,195,340,2.33,21,15,3,6,1,2
3,443,263,230,353,1.05,21,15,3,6,1,2
8,478,158,223,318,2.17,22,15,3,6,1,2
5,344,374,212,359,1.17,22,15,3,6,1,2
7,295,253,169,274,0.51,22,15,3,6,1,0
2,274,247,159,260,2.39,22,15,3,6,1,2
0,304,287,179,296,1.33,22,15,3,6,1,2
4,223,370,163,296,1.63,22,15,3,6,1,2
6,364,452,236,408,2.15,22,15,3,6,1,2
1,531,287,270,409,0.6,22,15,3,6,1,0
9,446,420,262,433,2.24,22,15,3,6,1,2
3,447,217,222,332,1.41,22,15,3,6,1,2
8,438,541,283,490,0.85,22,15,3,6,1,2
5,383,302,214,342,2.2,22,15,3,6,1,2
7,524,277,265,400,1.76,22,15,3,6,1,2
2,156,242,111,199,2.37,22,15,3,6,1,2
0,161,343,133,252,1.52,22,15,3,6,1,2
4,407,347,232,377,2.03,22,15,3,6,1,2
6,459,254,234,356,1.84,22,15,3,6,1,2
1,379,312,214,346,1.95,22,15,3,6,1,2
9,304,287,179,296,0.86,22,15,3,6,1,2
3,299,535,227,417,1.1,22,15,3,6,1,2
8,379,351,222,365,0.96,22,15,3,6,1,2
5,326,501,231,414,1.16,22,15,3,6,1,2
7,388,489,253,438,0.67,22,15,3,6,1,0
2,151,357,132,254,0.62,22,15,3,6,1,0
0,430,209,214,320,1.67,22,15,3,6,1,2
4,514,525,311,520,2.35,22,15,3,6,1,2
6,229,231,138,230,1.41,22,15,3,6,1,2
1,478,240,239,359,1.76,22,15,3,6,1,2
9,296,448,208,372,1.07,22,15,3,6,1,2
3,315,190,164,252,1.26,22,15,3,6,1,2
8,496,262,251,379,0.87,22,15,3,6,1,2
5,535,206,255,370,0.58,22,15,3,6,1,0
7,535,231,260,383,0.66,22,15,3,6,1,0
2,343,419,221,381,1.01,22,15,3,6,1,2
0,509,345,273,427,1.45,22,15,3,6,1,2
4,413,423,250,418,0.72,22,15,3,6,1,0
6,466,361,259,414,0.91,22,15,3,6,1,2
1,392,484,254,438,1.9,22,15,3,6,1,2
9,220,255,139,238,0.93,22,15,3,6,1,2
3,389,373,230,381,1.4,22,15,3,6,1,2
8,260,177,139,218,2.39,23,15,3,6,1,2
5,400,187,197,294,1.63,23,15,3,6,1,2
7,473,464,282,468,0.94,23,15,3,6,1,2
2,281,363,185,322,1.27,23,15,3,6,1,2
0,519,455,299,487,0.94,23,15,3,6,1,2
4,247,467,192,357,0.87,23,15,3,6,1,2
6,428,152,202,290,1.12,23,15,3,6,1,2
1,230,290,150,260,1.33,23,15,3,6,1,2
9,491,365,269,428,2.11,23,15,3,6,1,2
3,338,189,173,264,0.54,23,15,3,6,1,0
8,156,521,167,338,1.53,23,15,3,6,1,2
5,450,341,248,396,1.99,23,15,3,6,1,2
7,284,158,145,221,1.27,23,15,3,6,1,2
2,233,510,195,372,1.69,23,15,3,6,1,2
0,369,529,253,449,1.63,23,15,3,6,1,2
4,362,488,242,425,0.77,23,15,3,6,1,2
6,308,403,204,356,1.13,23,15,3,6,1,2
1,419,345,237,382,1.7,23,15,3,6,1,2
9,278,183,148,230,2.15,23,15,3,6,1,2
3,533,233,260,383,1.73,23,15,3,6,1,2
8,158,273,118,216,2.44,23,15,3,6,1,2
5,359,289,201,324,0.62,23,15,3,6,1,0
7,205,187,119,196,0.76,23,15,3,6,1,2
2,360,508,246,434,1.31,23,15,3,6,1,2
0,226,327,156,276,1.6,23,15,3,6,1,2
4,482,309,255,396,2.05,23,15,3,6,1,2
6,198,216,122,207,2.13,23,15,3,6,1,2
1,363,240,193,302,2.22,23,15,3,6,1,2
9,252,390,179,321,1.52,23,15,3,6,1,2
3,343,461,229,402,1.91,23,15,3,6,1,2
8,328,434,218,381,0.83,23,15,3,6,1,2
5,509,322,268,416,0.62,23,15,3,6,1,0
7,351,528,246,440,1.32,23,15,3,6,1,2
2,159,273,118,216,0.97,23,15,3,6,1,2
0,171,311,131,241,2.38,23,15,3,6,1,2
4,395,445,247,420,0.87,23,15,3,6,1,2
6,431,311,235,371,0.66,23,15,3,6,1,0
1,428,214,214,321,0.73,23,15,3,6,1,0
9,462,496,284,479,2.4,23,15,3,6,1,2
3,311,240,172,276,2.33,23,15,3,6,1,2
8,0,0,0,0,0.0,0,16,3,0,0,1
5,0,0,0,0,0.0,0,16,3,0,0,1
7,0,0,0,0,0.0,0,16,3,0,0,1
2,0,0,0,0,0.0,0,16,3,0,0,1
0,0,0,0,0,0.0,0,16,3,0,0,1
4,0,0,0,0,0.0,0,16,3,0,0,1
6,0,0,0,0,0.0,0,16,3,0,0,1
1,0,0,0,0,0.0,0,16,3,0,0,1
9,0,0,0,0,0.0,0,16,3,0,0,1
3,0,0,0,0,0.0,0,16,3,0,0,1
8,0,0,0,0,0.0,0,16,3,0,0,1
5,0,0,0,0,0.0,0,16,3,0,0,1
7,0,0,0,0,0.0,0,16,3,0,0,1
2,0,0,0,0,0.0,0,16,3,0,0,1
0,0,0,0,0,0.0,0,16,3,0,0,1
4,0,0,0,0,0.0,0,16,3,0,0,1
6,0,0,0,0,0.0,0,16,3,0,0,1
1,0,0,0,0,0.0,0,16,3,0,0,1
9,0,0,0,0,0.0,0,16,3,0,0,1
3,0,0,0,0,0.0,0,16,3,0,0,1
8,0,0,0,0,0.0,0,16,3,0,0,1
5,0,0,0,0,0.0,0,16,3,0,0,1
7,0,0,0,0,0.0,0,16,3,0,0,1
2,0,0,0,0,0.0,0,16,3,0,0,1
0,0,0,0,0,0.0,0,16,3,0,0,1
4,0,0,0,0,0.0,0,16,3,0,0,1
6,0,0,0,0,0.0,0,16,3,0,0,1
1,0,0,0,0,0.0,0,16,3,0,0,1
9,0,0,0,0,0.0,0,16,3,0,0,1
3,0,0,0,0,0.0,0,16,3,0,0,1
8,0,0,0,0,0.0,0,16,3,0,0,1
5,0,0,0,0,0.0,0,16,3,0,0,1
7,0,0,0,0,0.0,0,16,3,0,0,1
2,0,0,0,0,0.0,0,16,3,0,0,1
0,0,0,0,0,0.0,0,16,3,0,0,1
4,0,0,0,0,0.0,0,16,3,0,0,1
6,0,0,0,0,0.0,0,16,3,0,0,1
1,0,0,0,0,0.0,0,16,3,0,0,1
9,0,0,0,0,0.0,0,16,3,0,0,1
3,0,0,0,0,0.0,0,16,3,0,0,1
8,0,0,0,0,0.0,1,16,3,0,0,1
5,0,0,0,0,0.0,1,16,3,0,0,1
7,0,0,0,0,0.0,1,16,3,0,0,1
2,0,0,0,0,0.0,1,16,3,0,0,1
0,0,0,0,0,0.0,1,16,3,0,0,1
4,0,0,0,0,0.0,1,16,3,0,0,1
6,0,0,0,0,0.0,1,16,3,0,0,1
1,0,0,0,0,0.0,1,16,3,0,0,1
9,0,0,0,0,0.0,1,16,3,0,0,1
3,0,0,0,0,0.0,1,16,3,0,0,1
8,0,0,0,0,0.0,1,16,3,0,0,1
5,0,0,0,0,0.0,1,16,3,0,0,1
7,0,0,0,0,0.0,1,16,3,0,0,1
2,0,0,0,0,0.0,1,16,3,0,0,1
0,0,0,0,0,0.0,1,16,3,0,0,1
4,0,0,0,0,0.0,1,16,3,0,0,1
6,0,0,0,0,0.0,1,16,3,0,0,1
1,0,0,0,0,0.0,1,16,3,0,0,1
9,0,0,0,0,0.0,1,16,3,0,0,1
3,0,0,0,0,0.0,1,16,3,0,0,1
8,0,0,0,0,0.0,1,16,3,0,0,1
5,0,0,0,0,0.0,1,16,3,0,0,1
7,0,0,0,0,0.0,1,16,3,0,0,1
2,0,0,0,0,0.0,1,16,3,0,0,1
0,0,0,0,0,0.0,1,16,3,0,0,1
4,0,0,0,0,0.0,1,16,3,0,0,1
6,0,0,0,0,0.0,1,16,3,0,0,1
1,0,0,0,0,0.0,1,16,3,0,0,1
9,0,0,0,0,0.0,1,16,3,0,0,1
3,0,0,0,0,0.0,1,16,3,0,0,1
8,0,0,0,0,0.0,1,16,3,0,0,1
5,0,0,0,0,0.0,1,16,3,0,0,1
7,0,0,0,0,0.0,1,16,3,0,0,1
2,0,0,0,0,0.0,1,16,3,0,0,1
0,0,0,0,0,0.0,1,16,3,0,0,1
4,0,0,0,0,0.0,1,16,3,0,0,1
6,0,0,0,0,0.0,1,16,3,0,0,1
1,0,0,0,0,0.0,1,16,3,0,0,1
9,0,0,0,0,0.0,1,16,3,0,0,1
3,0,0,0,0,0.0,1,16,3,0,0,1
8,0,0,0,0,0.0,2,16,3,0,0,1
5,0,0,0,0,0.0,2,16,3,0,0,1
7,0,0,0,0,0.0,2,16,3,0,0,1
2,0,0,0,0,0.0,2,16,3,0,0,1
0,0,0,0,0,0.0,2,16,3,0,0,1
4,0,0,0,0,0.0,2,16,3,0,0,1
6,0,0,0,0,0.0,2,16,3,0,0,1
1,0,0,0,0,0.0,2,16,3,0,0,1
9,0,0,0,0,0.0,2,16,3,0,0,1
3,0,0,0,0,0.0,2,16,3,0,0,1
8,0,0,0,0,0.0,2,16,3,0,0,1
5,0,0,0,0,0.0,2,16,3,0,0,1
7,0,0,0,0,0.0,2,16,3,0,0,1
2,0,0,0,0,0.0,2,16,3,0,0,1
0,0,0,0,0,0.0,2,16,3,0,0,1
4,0,0,0,0,0.0,2,16,3,0,0,1
6,0,0,0,0,0.0,2,16,3,0,0,1
1,0,0,0,0,0.0,2,16,3,0,0,1
9,0,0,0,0,0.0,2,16,3,0,0,1
3,0,0,0,0,0.0,2,16,3,0,0,1
8,0,0,0,0,0.0,2,16,3,0,0,1
5,0,0,0,0,0.0,2,16,3,0,0,1
7,0,0,0,0,0.0,2,16,3,0,0,1
2,0,0,0,0,0.0,2,16,3,0,0,1
0,0,0,0,0,0.0,2,16,3,0,0,1
4,0,0,0,0,0.0,2,16,3,0,0,1
6,0,0,0,0,0.0,2,16,3,0,0,1
1,0,0,0,0,0.0,2,16,3,0,0,1
9,0,0,0,0,0.0,2,16,3,0,0,1
3,0,0,0,0,0.0,2,16,3,0,0,1
8,0,0,0,0,0.0,2,16,3,0,0,1
5,0,0,0,0,0.0,2,16,3,0,0,1
7,0,0,0,0,0.0,2,16,3,0,0,1
2,0,0,0,0,0.0,2,16,3,0,0,1
0,0,0,0,0,0.0,2,16,3,0,0,1
4,0,0,0,0,0.0,2,16,3,0,0,1
6,0,0,0,0,0.0,2,16,3,0,0,1
1,0,0,0,0,0.0,2,16,3,0,0,1
9,0,0,0,0,0.0,2,16,3,0,0,1
3,0,0,0,0,0.0,2,16,3,0,0,1
8,0,0,0,0,0.0,3,16,3,0,0,1
5,0,0,0,0,0.0,3,16,3,0,0,1
7,0,0,0,0,0.0,3,16,3,0,0,1
2,0,0,0,0,0.0,3,16,3,0,0,1
0,0,0,0,0,0.0,3,16,3,0,0,1
4,0,0,0,0,0.0,3,16,3,0,0,1
6,0,0,0,0,0.0,3,16,3,0,0,1
1,0,0,0,0,0.0,3,16,3,0,0,1
9,0,0,0,0,0.0,3,16,3,0,0,1
3,0,0,0,0,0.0,3,16,3,0,0,1
8,0,0,0,0,0.0,3,16,3,0,0,1
5,0,0,0,0,0.0,3,16,3,0,0,1
7,0,0,0,0,0.0,3,16,3,0,0,1
2,0,0,0,0,0.0,3,16,3,0,0,1
0,0,0,0,0,0.0,3,16,3,0,0,1
4,0,0,0,0,0.0,3,16,3,0,0,1
6,0,0,0,0,0.0,3,16,3,0,0,1
1,0,0,0,0,0.0,3,16,3,0,0,1
9,0,0,0,0,0.0,3,16,3,0,0,1
3,0,0,0,0,0.0,3,16,3,0,0,1
8,0,0,0,0,0.0,3,16,3,0,0,1
5,0,0,0,0,0.0,3,16,3,0,0,1
7,0,0,0,0,0.0,3,16,3,0,0,1
2,0,0,0,0,0.0,3,16,3,0,0,1
0,0,0,0,0,0.0,3,16,3,0,0,1
4,0,0,0,0,0.0,3,16,3,0,0,1
6,0,0,0,0,0.0,3,16,3,0,0,1
1,0,0,0,0,0.0,3,16,3,0,0,1
9,0,0,0,0,0.0,3,16,3,0,0,1
3,0,0,0,0,0.0,3,16,3,0,0,1
8,0,0,0,0,0.0,3,16,3,0,0,1
5,0,0,0,0,0.0,3,16,3,0,0,1
7,0,0,0,0,0.0,3,16,3,0,0,1
2,0,0,0,0,0.0,3,16,3,0,0,1
0,0,0,0,0,0.0,3,16,3,0,0,1
4,0,0,0,0,0.0,3,16,3,0,0,1
6,0,0,0,0,0.0,3,16,3,0,0,1
1,0,0,0,0,0.0,3,16,3,0,0,1
9,0,0,0,0,0.0,3,16,3,0,0,1
3,0,0,0,0,0.0,3,16,3,0,0,1
8,0,0,0,0,0.0,4,16,3,0,0,1
5,0,0,0,0,0.0,4,16,3,0,0,1
7,0,0,0,0,0.0,4,16,3,0,0,1
2,0,0,0,0,0.0,4,16,3,0,0,1
0,0,0,0,0,0.0,4,16,3,0,0,1
4,0,0,0,0,0.0,4,16,3,0,0,1
6,0,0,0,0,0.0,4,16,3,0,0,1
1,0,0,0,0,0.0,4,16,3,0,0,1
9,0,0,0,0,0.0,4,16,3,0,0,1
3,0,0,0,0,0.0,4,16,3,0,0,1
8,0,0,0,0,0.0,4,16,3,0,0,1
5,0,0,0,0,0.0,4,16,3,0,0,1
7,0,0,0,0,0.0,4,16,3,0,0,1
2,0,0,0,0,0.0,4,16,3,0,0,1
0,0,0,0,0,0.0,4,16,3,0,0,1
4,0,0,0,0,0.0,4,16,3,0,0,1
6,0,0,0,0,0.0,4,16,3,0,0,1
1,0,0,0,0,0.0,4,16,3,0,0,1
9,0,0,0,0,0.0,4,16,3,0,0,1
3,0,0,0,0,0.0,4,16,3,0,0,1
8,0,0,0,0,0.0,4,16,3,0,0,1
5,0,0,0,0,0.0,4,16,3,0,0,1
7,0,0,0,0,0.0,4,16,3,0,0,1
2,0,0,0,0,0.0,4,16,3,0,0,1
0,0,0,0,0,0.0,4,16,3,0,0,1
4,0,0,0,0,0.0,4,16,3,0,0,1
6,0,0,0,0,0.0,4,16,3,0,0,1
1,0,0,0,0,0.0,4,16,3,0,0,1
9,0,0,0,0,0.0,4,16,3,0,0,1
3,0,0,0,0,0.0,4,16,3,0,0,1
8,0,0,0,0,0.0,4,16,3,0,0,1
5,0,0,0,0,0.0,4,16,3,0,0,1
7,0,0,0,0,0.0,4,16,3,0,0,1
2,0,0,0,0,0.0,4,16,3,0,0,1
0,0,0,0,0,0.0,4,16,3,0,0,1
4,0,0,0,0,0.0,4,16,3,0,0,1
6,0,0,0,0,0.0,4,16,3,0,0,1
1,0,0,0,0,0.0,4,16,3,0,0,1
9,0,0,0,0,0.0,4,16,3,0,0,1
3,0,0,0,0,0.0,4,16,3,0,0,1
8,0,0,0,0,0.0,5,16,3,0,0,1
5,0,0,0,0,0.0,5,16,3,0,0,1
7,0,0,0,0,0.0,5,16,3,0,0,1
2,0,0,0,0,0.0,5,16,3,0,0,1
0,0,0,0,0,0.0,5,16,3,0,0,1
4,0,0,0,0,0.0,5,16,3,0,0,1
6,0,0,0,0,0.0,5,16,3,0,0,1
1,0,0,0,0,0.0,5,16,3,0,0,1
9,0,0,0,0,0.0,5,16,3,0,0,1
3,0,0,0,0,0.0,5,16,3,0,0,1
8,0,0,0,0,0.0,5,16,3,0,0,1
5,0,0,0,0,0.0,5,16,3,0,0,1
7,0,0,0,0,0.0,5,16,3,0,0,1
2,0,0,0,0,0.0,5,16,3,0,0,1
0,0,0,0,0,0.0,5,16,3,0,0,1
4,0,0,0,0,0.0,5,16,3,0,0,1
6,0,0,0,0,0.0,5,16,3,0,0,1
1,0,0,0,0,0.0,5,16,3,0,0,1
9,0,0,0,0,0.0,5,16,3,0,0,1
3,0,0,0,0,0.0,5,16,3,0,0,1
8,0,0,0,0,0.0,5,16,3,0,0,1
5,0,0,0,0,0.0,5,16,3,0,0,1
7,0,0,0,0,0.0,5,16,3,0,0,1
2,0,0,0,0,0.0,5,16,3,0,0,1
0,0,0,0,0,0.0,5,16,3,0,0,1
4,0,0,0,0,0.0,5,16,3,0,0,1
6,0,0,0,0,0.0,5,16,3,0,0,1
1,0,0,0,0,0.0,5,16,3,0,0,1
9,0,0,0,0,0.0,5,16,3,0,0,1
3,0,0,0,0,0.0,5,16,3,0,0,1
8,0,0,0,0,0.0,5,16,3,0,0,1
5,0,0,0,0,0.0,5,16,3,0,0,1
7,0,0,0,0,0.0,5,16,3,0,0,1
2,0,0,0,0,0.0,5,16,3,0,0,1
0,0,0,0,0,0.0,5,16,3,0,0,1
4,0,0,0,0,0.0,5,16,3,0,0,1
6,0,0,0,0,0.0,5,16,3,0,0,1
1,0,0,0,0,0.0,5,16,3,0,0,1
9,0,0,0,0,0.0,5,16,3,0,0,1
3,0,0,0,0,0.0,5,16,3,0,0,1
8,290,492,214,391,0.77,6,16,3,0,0,2
5,458,242,232,350,2.02,6,16,3,0,0,2
7,461,284,241,372,1.51,6,16,3,0,0,2
2,384,285,211,334,2.19,6,16,3,0,0,2
0,224,279,145,252,1.46,6,16,3,0,0,2
4,420,300,228,360,1.38,6,16,3,0,0,2
6,336,507,236,422,0.89,6,16,3,0,0,2
1,467,348,256,408,0.61,6,16,3,0,0,0
9,275,476,205,376,0.66,6,16,3,0,0,0
3,503,352,272,428,1.46,6,16,3,0,0,2
8,501,523,305,512,1.36,6,16,3,0,0,2
5,283,511,215,397,1.05,6,16,3,0,0,2
7,417,424,252,420,1.45,6,16,3,0,0,2
2,220,340,156,280,1.3,6,16,3,0,0,2
0,437,419,259,428,2.23,6,16,3,0,0,2
4,344,198,177,271,1.7,6,16,3,0,0,2
6,158,197,103,178,1.44,6,16,3,0,0,2
1,307,423,207,365,2.47,6,16,3,0,0,2
9,193,322,142,258,2.3,6,16,3,0,0,2
3,216,386,164,301,1.0,6,16,3,0,0,2
8,546,482,315,514,1.94,6,16,3,0,0,2
5,352,317,204,334,0.63,6,16,3,0,0,0
7,204,357,153,280,1.17,6,16,3,0,0,2
2,396,283,215,340,2.06,6,16,3,0,0,2
0,373,151,179,262,1.82,6,16,3,0,0,2
4,300,286,177,293,1.17,6,16,3,0,0,2
6,171,288,126,230,2.12,6,16,3,0,0,2
1,538,179,251,358,0.81,6,16,3,0,0,2
9,503,320,265,412,2.07,6,16,3,0,0,2
3,181,268,126,224,2.38,6,16,3,0,0,2
8,514,202,246,358,1.01,6,16,3,0,0,2
5,459,429,269,444,2.03,6,16,3,0,0,2
7,270,224,153,247,1.39,6,16,3,0,0,2
2,436,547,284,492,0.59,6,16,3,0,0,0
0,222,210,131,216,2.48,6,16,3,0,0,2
4,218,337,155,278,1.05,6,16,3,0,0,2
6,308,207,165,258,2.23,6,16,3,0,0,2
1,484,401,274,442,1.83,6,16,3,0,0,2
9,531,246,262,388,0.95,6,16,3,0,0,2
3,269,294,166,282,0.76,6,16,3,0,0,2
8,171,288,126,230,2.06,7,16,3,0,0,2
5,491,274,251,382,2.21,7,16,3,0,0,2
7,395,213,201,304,2.14,7,16,3,0,0,2
2,277,550,221,414,2.42,7,16,3,0,0,2
0,364,285,203,324,1.6,7,16,3,0,0,2
4,436,264,227,350,2.41,7,16,3,0,0,2
6,365,268,200,316,2.08,7,16,3,0,0,2
1,425,409,252,417,2.07,7,16,3,0,0,2
9,489,401,276,445,2.1,7,16,3,0,0,2
3,192,188,114,190,2.3,7,16,3,0,0,2
8,253,490,199,372,2.0,7,16,3,0,0,2
5,258,398,183,328,1.95,7,16,3,0,0,2
7,344,362,210,353,1.54,7,16,3,0,0,2
2,535,304,275,420,0.71,7,16,3,0,0,0
0,199,468,173,334,1.15,7,16,3,0,0,2
4,292,487,214,390,2.31,7,16,3,0,0,2
6,154,361,134,258,1.8,7,16,3,0,0,2
1,459,549,293,504,1.13,7,16,3,0,0,2
9,183,333,140,258,0.88,7,16,3,0,0,2
3,193,317,141,255,1.75,7,16,3,0,0,2
8,514,394,284,454,2.35,7,16,3,0,0,2
5,185,384,151,284,1.55,7,16,3,0,0,2
7,493,456,288,474,0.72,7,16,3,0,0,0
2,447,291,237,369,0.56,7,16,3,0,0,0
0,412,209,207,310,0.76,7,16,3,0,0,2
4,293,495,216,394,1.31,7,16,3,0,0,2
6,265,266,159,266,1.58,7,16,3,0,0,2
1,155,439,150,297,0.5,7,16,3,0,0,0
9,270,310,170,290,2.13,7,16,3,0,0,2
3,435,347,243,391,1.16,7,16,3,0,0,2
8,203,175,116,189,2.39,7,16,3,0,0,2
5,490,228,242,359,0.92,7,16,3,0,0,2
7,159,346,133,252,1.05,7,16,3,0,0,2
2,228,242,140,235,1.25,7,16,3,0,0,2
0,365,298,206,332,2.01,7,16,3,0,0,2
4,456,507,284,482,1.49,7,16,3,0,0,2
6,492,398,276,445,2.32,7,16,3,0,0,2
1,455,511,284,483,0.94,7,16,3,0,0,2
9,163,237,113,200,1.52,7,16,3,0,0,2
3,494,361,270,428,2.28,7,16,3,0,0,2
8,1752,774,856,1263,4.48,8,16,3,0,0,2
5,1939,535,883,1237,4.7,8,16,3,0,0,2
7,1685,420,758,1052,4.04,8,16,3,0,0,2
2,2413,782,1122,1598,4.77,8,16,3,0,0,2
0,1418,914,750,1166,3.2,8,16,3,0,0,2
4,1447,740,727,1094,3.36,8,16,3,0,0,2
6,1811,506,826,1158,4.82,8,16,3,0,0,2
1,1230,626,617,928,4.94,8,16,3,0,0,2
9,2236,622,1019,1429,5.32,8,16,3,0,0,2
3,2045,459,910,1252,3.47,8,16,3,0,0,2
8,813,508,427,660,4.35,8,16,3,0,0,2
5,1105,815,605,960,4.05,8,16,3,0,0,2
7,976,754,541,865,5.78,8,16,3,0,0,2
2,2167,710,1009,1438,3.61,8,16,3,0,0,2
0,907,775,518,841,4.07,8,16,3,0,0,2
4,1476,582,707,1029,4.57,8,16,3,0,0,2
6,1254,522,606,888,4.93,8,16,3,0,0,2
1,2129,758,1003,1444,4.61,8,16,3,0,0,2
9,1800,580,836,1190,3.93,8,16,3,0,0,2
3,1349,845,709,1097,3.95,8,16,3,0,0,2
8,1613,984,842,1298,3.38,8,16,3,0,0,2
5,1424,806,731,1115,4.12,8,16,3,0,0,2
7,1963,875,960,1419,4.78,8,16,3,0,0,2
2,1060,930,610,995,3.0,8,16,3,0,0,2
0,1708,917,867,1312,4.44,8,16,3,0,0,2
4,826,720,474,773,3.79,8,16,3,0,0,2
6,2006,614,925,1310,3.96,8,16,3,0,0,2
1,1964,872,960,1418,3.92,8,16,3,0,0,2
9,2143,591,975,1367,3.3,8,16,3,0,0,2
3,1314,983,722,1148,4.66,8,16,3,0,0,2
8,1541,446,706,994,4.04,8,16,3,0,0,2
5,2039,608,937,1324,3.67,8,16,3,0,0,2
7,1289,439,603,864,4.74,8,16,3,0,0,2
2,804,671,456,738,4.35,8,16,3,0,0,2
0,1120,650,578,885,3.49,8,16,3,0,0,2
4,2071,769,982,1420,4.78,8,16,3,0,0,2
6,2224,631,1016,1428,4.37,8,16,3,0,0,2
1,1713,679,821,1196,4.66,8,16,3,0,0,2
9,1966,782,943,1374,3.05,8,16,3,0,0,2
3,1473,581,705,1027,4.88,8,16,3,0,0,2
8,2301,423,1005,1362,4.46,9,16,3,0,0,2
5,1580,618,756,1099,5.2,9,16,3,0,0,2
7,1902,654,892,1278,3.65,9,16,3,0,0,2
2,2148,733,1006,1440,5.32,9,16,3,0,0,2
0,2449,454,1070,1452,4.03,9,16,3,0,0,2
4,1475,990,788,1232,3.36,9,16,3,0,0,2
6,1137,839,623,988,3.59,9,16,3,0,0,2
1,1506,460,694,983,5.61,9,16,3,0,0,2
9,1492,877,772,1184,5.54,9,16,3,0,0,2
3,2110,426,929,1268,5.78,9,16,3,0,0,2
8,891,765,509,828,4.97,9,16,3,0,0,2
5,883,738,501,810,5.04,9,16,3,0,0,2
7,1448,441,667,944,3.05,9,16,3,0,0,2
2,1439,570,690,1004,4.65,9,16,3,0,0,2
0,955,489,480,722,3.09,9,16,3,0,0,2
4,1471,801,749,1136,5.09,9,16,3,0,0,2
6,1880,488,850,1184,5.39,9,16,3,0,0,2
1,1386,935,741,1160,3.53,9,16,3,0,0,2
9,1643,454,748,1048,5.53,9,16,3,0,0,2
3,1066,547,536,806,3.6,9,16,3,0,0,2
8,961,924,569,942,4.4,9,16,3,0,0,2
5,1868,924,932,1396,4.97,9,16,3,0,0,2
7,1609,749,793,1179,3.79,9,16,3,0,0,2
2,2388,485,1052,1436,5.65,9,16,3,0,0,2
0,1777,1000,911,1388,4.22,9,16,3,0,0,2
4,1803,798,881,1300,5.03,9,16,3,0,0,2
6,2071,984,1025,1528,4.16,9,16,3,0,0,2
1,882,567,466,724,3.39,9,16,3,0,0,2
9,1307,619,647,963,5.07,9,16,3,0,0,2
3,1147,886,636,1016,3.15,9,16,3,0,0,2
8,2395,981,1154,1688,4.54,9,16,3,0,0,2
5,2062,481,921,1272,3.44,9,16,3,0,0,2
7,2320,703,1069,1512,5.36,9,16,3,0,0,2
2,1012,857,576,934,5.65,9,16,3,0,0,2
0,976,718,534,847,3.76,9,16,3,0,0,2
4,2417,453,1057,1435,3.88,9,16,3,0,0,2
6,820,444,417,632,3.58,9,16,3,0,0,2
1,1852,402,821,1127,4.41,9,16,3,0,0,2
9,958,422,468,690,4.81,9,16,3,0,0,2
3,2265,661,1038,1463,3.39,9,16,3,0,0,2
8,2352,450,1031,1401,3.88,10,16,3,0,0,2
5,1498,792,758,1145,4.2,10,16,3,0,0,2
7,1666,604,787,1135,4.07,10,16,3,0,0,2
2,2149,755,1011,1452,4.15,10,16,3,0,0,2
0,1720,766,841,1243,3.32,10,16,3,0,0,2
4,2275,863,1083,1569,5.58,10,16,3,0,0,2
6,1580,740,780,1160,5.26,10,16,3,0,0,2
1,1357,856,714,1106,5.43,10,16,3,0,0,2
9,2369,559,1059,1464,4.13,10,16,3,0,0,2
3,1224,423,574,824,5.44,10,16,3,0,0,2
8,1570,829,794,1200,3.44,10,16,3,0,0,2
5,918,611,489,764,3.89,10,16,3,0,0,2
7,2493,571,1111,1532,3.85,10,16,3,0,0,2
2,1949,936,967,1442,5.77,10,16,3,0,0,2
0,1608,658,775,1133,5.19,10,16,3,0,0,2
4,1604,770,796,1187,5.22,10,16,3,0,0,2
6,871,634,475,752,5.31,10,16,3,0,0,2
1,2283,711,1055,1497,4.19,10,16,3,0,0,2
9,1486,450,684,968,5.38,10,16,3,0,0,2
3,1300,989,718,1144,5.49,10,16,3,0,0,2
8,1663,528,771,1096,5.66,10,16,3,0,0,2
5,1952,918,964,1435,3.99,10,16,3,0,0,2
7,942,854,548,898,3.05,10,16,3,0,0,2
2,1507,836,770,1172,4.59,10,16,3,0,0,2
0,1089,819,599,954,5.27,10,16,3,0,0,2
4,1745,699,838,1222,4.37,10,16,3,0,0,2
6,1904,755,913,1330,4.12,10,16,3,0,0,2
1,1578,677,767,1128,4.17,10,16,3,0,0,2
9,1892,770,911,1331,3.56,10,16,3,0,0,2
3,2216,476,982,1346,3.82,10,16,3,0,0,2
8,1843,466,830,1154,4.25,10,16,3,0,0,2
5,2005,508,904,1256,3.42,10,16,3,0,0,2
7,1623,606,770,1114,4.32,10,16,3,0,0,2
2,1915,748,916,1332,3.74,10,16,3,0,0,2
0,2175,423,955,1299,4.92,10,16,3,0,0,2
4,1716,491,785,1104,3.1,10,16,3,0,0,2
6,1188,503,576,846,3.59,10,16,3,0,0,2
1,1384,633,680,1008,5.5,10,16,3,0,0,2
9,2394,504,1058,1449,4.3,10,16,3,0,0,2
3,2132,919,1037,1526,5.39,10,16,3,0,0,2
8,411,402,245,406,2.46,11,16,3,0,0,2
5,528,535,318,532,2.27,11,16,3,0,0,2
7,163,322,130,242,1.56,11,16,3,0,0,2
2,446,312,241,379,0.51,11,16,3,0,0,0
0,196,403,159,300,0.79,11,16,3,0,0,2
4,468,173,222,320,2.32,11,16,3,0,0,2
6,187,411,157,299,2.38,11,16,3,0,0,2
1,178,338,139,258,2.4,11,16,3,0,0,2
9,203,369,155,286,0.68,11,16,3,0,0,0
3,481,165,225,323,2.45,11,16,3,0,0,2
8,371,191,187,281,1.77,11,16,3,0,0,2
5,395,408,240,402,2.28,11,16,3,0,0,2
7,319,151,158,235,1.36,11,16,3,0,0,2
2,419,465,261,442,0.57,11,16,3,0,0,0
0,346,415,221,380,0.95,11,16,3,0,0,2
4,183,523,178,353,1.9,11,16,3,0,0,2
6,455,444,271,450,0.76,11,16,3,0,0,2
1,487,364,268,426,2.5,11,16,3,0,0,2
9,261,328,170,294,1.03,11,16,3,0,0,2
3,309,223,168,266,2.44,11,16,3,0,0,2
8,418,484,264,451,2.09,11,16,3,0,0,2
5,474,502,290,488,1.78,11,16,3,0,0,2
7,221,275,143,248,0.64,11,16,3,0,0,0
2,440,230,222,335,1.81,11,16,3,0,0,2
0,331,184,169,258,2.42,11,16,3,0,0,2
4,363,494,244,428,2.41,11,16,3,0,0,2
6,376,395,229,386,0.65,11,16,3,0,0,0
1,532,220,257,376,1.49,11,16,3,0,0,2
9,384,207,195,296,1.06,11,16,3,0,0,2
3,357,282,199,320,2.05,11,16,3,0,0,2
8,274,167,143,220,1.91,11,16,3,0,0,2
5,508,401,283,454,1.82,11,16,3,0,0,2
7,379,362,224,370,1.69,11,16,3,0,0,2
2,404,549,271,476,2.32,11,16,3,0,0,2
0,166,379,142,272,1.66,11,16,3,0,0,2
4,377,181,187,279,1.86,11,16,3,0,0,2
6,386,308,216,347,1.91,11,16,3,0,0,2
1,279,281,168,280,1.58,11,16,3,0,0,2
9,531,241,261,386,1.42,11,16,3,0,0,2
3,434,463,266,448,1.64,11,16,3,0,0,2
8,547,307,280,427,1.46,12,16,3,0,0,2
5,524,246,259,385,1.76,12,16,3,0,0,2
7,199,369,153,284,0.66,12,16,3,0,0,0
2,251,456,192,354,2.16,12,16,3,0,0,2
0,526,409,292,468,1.87,12,16,3,0,0,2
4,403,337,229,370,1.43,12,16,3,0,0,2
6,422,320,233,371,1.11,12,16,3,0,0,2
1,459,545,293,502,0.53,12,16,3,0,0,0
9,240,209,138,224,1.13,12,16,3,0,0,2
3,455,395,261,425,2.25,12,16,3,0,0,2
8,433,322,238,378,2.19,12,16,3,0,0,2
5,373,193,188,283,1.89,12,16,3,0,0,2
7,343,435,224,389,2.22,12,16,3,0,0,2
2,303,451,211,377,1.57,12,16,3,0,0,2
0,275,423,195,349,1.86,12,16,3,0,0,2
4,184,484,170,334,1.63,12,16,3,0,0,2
6,504,390,280,447,1.64,12,16,3,0,0,2
1,337,208,176,272,0.62,12,16,3,0,0,0
9,269,429,193,349,1.34,12,16,3,0,0,2
3,313,240,173,276,0.86,12,16,3,0,0,2
8,433,495,272,464,0.61,12,16,3,0,0,0
5,417,455,258,436,1.7,12,16,3,0,0,2
7,255,157,133,206,0.73,12,16,3,0,0,0
2,272,302,169,287,0.91,12,16,3,0,0,2
0,288,539,223,414,1.48,12,16,3,0,0,2
4,193,390,155,292,1.22,12,16,3,0,0,2
6,255,512,204,384,2.44,12,16,3,0,0,2
1,436,540,282,488,1.38,12,16,3,0,0,2
9,432,331,239,382,2.09,12,16,3,0,0,2
3,537,541,323,539,1.92,12,16,3,0,0,2
8,283,223,158,253,2.23,12,16,3,0,0,2
5,489,344,264,416,2.05,12,16,3,0,0,2
7,279,402,192,340,0.65,12,16,3,0,0,0
2,230,430,178,330,1.46,12,16,3,0,0,2
0,473,543,298,508,0.95,12,16,3,0,0,2
4,260,445,193,352,2.0,12,16,3,0,0,2
6,415,220,210,318,2.17,12,16,3,0,0,2
1,462,242,233,352,1.94,12,16,3,0,0,2
9,423,193,208,308,0.96,12,16,3,0,0,2
3,307,445,212,376,2.33,12,16,3,0,0,2
8,389,175,191,282,0.86,13,16,3,0,0,2
5,383,367,227,375,0.7,13,16,3,0,0,0
7,188,391,153,290,1.54,13,16,3,0,0,2
2,189,527,181,358,1.37,13,16,3,0,0,2
0,205,454,173,330,0.6,13,16,3,0,0,0
4,545,232,264,388,1.87,13,16,3,0,0,2
6,458,210,225,334,1.88,13,16,3,0,0,2
1,419,318,231,368,2.34,13,16,3,0,0,2
9,303,386,198,344,1.79,13,16,3,0,0,2
3,196,327,144,262,1.19,13,16,3,0,0,2
8,546,321,283,434,2.13,13,16,3,0,0,2
5,424,372,244,398,1.58,13,16,3,0,0,2
7,528,181,247,354,1.62,13,16,3,0,0,2
2,207,152,113,180,1.66,13,16,3,0,0,2
0,349,318,203,334,0.61,13,16,3,0,0,0
4,307,412,205,360,1.27,13,16,3,0,0,2
6,396,188,196,292,2.31,13,16,3,0,0,2
1,541,332,283,436,1.27,13,16,3,0,0,2
9,279,549,221,414,2.19,13,16,3,0,0,2
3,485,482,290,484,1.43,13,16,3,0,0,2
8,334,415,217,374,1.95,13,16,3,0,0,2
5,361,441,233,401,1.37,13,16,3,0,0,2
7,324,353,200,338,1.2,13,16,3,0,0,2
2,466,494,285,480,0.75,13,16,3,0,0,2
0,272,471,203,372,2.29,13,16,3,0,0,2
4,177,240,119,208,1.24,13,16,3,0,0,2
6,198,505,180,352,1.65,13,16,3,0,0,2
1,309,159,155,234,1.95,13,16,3,0,0,2
9,459,274,238,366,0.71,13,16,3,0,0,0
3,527,219,255,373,0.96,13,16,3,0,0,2
8,277,228,156,252,1.75,13,16,3,0,0,2
5,428,520,275,474,0.93,13,16,3,0,0,2
7,300,287,177,294,1.39,13,16,3,0,0,2
2,529,371,286,450,1.75,13,16,3,0,0,2
0,539,295,275,417,0.61,13,16,3,0,0,0
4,327,492,229,410,2.04,13,16,3,0,0,2
6,242,312,159,277,2.49,13,16,3,0,0,2
1,465,300,246,382,1.82,13,16,3,0,0,2
9,255,511,204,383,1.22,13,16,3,0,0,2
3,183,272,128,228,1.89,13,16,3,0,0,2
8,176,369,144,272,1.42,14,16,3,0,0,2
5,442,394,256,418,0.92,14,16,3,0,0,2
7,489,496,295,492,1.83,14,16,3,0,0,2
2,540,410,298,475,2.34,14,16,3,0,0,2
0,348,254,190,301,1.56,14,16,3,0,0,2
4,345,490,236,418,2.05,14,16,3,0,0,2
6,243,502,198,372,1.77,14,16,3,0,0,2
1,306,176,158,241,1.49,14,16,3,0,0,2
9,457,218,226,338,0.59,14,16,3,0,0,0
3,157,435,150,296,2.1,14,16,3,0,0,2
8,482,339,261,410,1.52,14,16,3,0,0,2
5,516,499,306,508,1.78,14,16,3,0,0,2
7,502,488,298,495,1.48,14,16,3,0,0,2
2,506,276,258,391,1.67,14,16,3,0,0,2
0,280,160,144,220,2.17,14,16,3,0,0,2
4,357,303,203,330,0.87,14,16,3,0,0,2
6,395,475,253,435,1.48,14,16,3,0,0,2
1,387,307,216,347,2.02,14,16,3,0,0,2
9,386,372,229,379,2.17,14,16,3,0,0,2
3,361,150,174,256,0.76,14,16,3,0,0,2
8,381,381,229,381,1.94,14,16,3,0,0,2
5,177,388,148,282,0.74,14,16,3,0,0,0
7,311,286,182,298,2.16,14,16,3,0,0,2
2,183,274,128,228,1.59,14,16,3,0,0,2
0,329,392,210,360,1.2,14,16,3,0,0,2
4,547,507,320,527,1.2,14,16,3,0,0,2
6,426,256,222,341,1.0,14,16,3,0,0,2
1,211,277,140,244,1.89,14,16,3,0,0,2
9,416,259,218,338,2.29,14,16,3,0,0,2
3,420,489,266,454,2.23,14,16,3,0,0,2
8,531,314,275,422,0.81,14,16,3,0,0,2
5,320,157,159,238,2.48,14,16,3,0,0,2
7,400,483,257,442,0.58,14,16,3,0,0,0
2,365,467,239,416,1.03,14,16,3,0,0,2
0,462,375,260,418,0.97,14,16,3,0,0,2
4,240,365,169,302,0.8,14,16,3,0,0,2
6,336,348,204,342,1.3,14,16,3,0,0,2
1,240,195,135,218,1.13,14,16,3,0,0,2
9,477,228,236,352,1.51,14,16,3,0,0,2
3,329,307,193,318,2.17,14,16,3,0,0,2
8,400,318,224,359,0.99,15,16,3,0,0,2
5,312,496,224,404,2.49,15,16,3,0,0,2
7,213,289,143,251,2.34,15,16,3,0,0,2
2,491,173,231,332,0.72,15,16,3,0,0,0
0,326,232,177,279,1.31,15,16,3,0,0,2
4,537,323,279,430,1.1,15,16,3,0,0,2
6,367,243,195,305,1.39,15,16,3,0,0,2
1,219,218,131,218,2.06,15,16,3,0,0,2
9,298,176,154,237,2.03,15,16,3,0,0,2
3,422,433,255,428,0.52,15,16,3,0,0,0
8,350,229,186,290,2.36,15,16,3,0,0,2
5,511,262,257,386,1.78,15,16,3,0,0,2
7,461,392,263,426,1.91,15,16,3,0,0,2
2,387,370,229,378,1.34,15,16,3,0,0,2
0,241,189,134,215,0.87,15,16,3,0,0,2
4,462,323,249,392,1.53,15,16,3,0,0,2
6,383,304,214,344,1.34,15,16,3,0,0,2
1,346,413,221,380,2.26,15,16,3,0,0,2
9,358,539,251,448,1.79,15,16,3,0,0,2
3,451,174,215,312,0.7,15,16,3,0,0,0
8,517,186,244,352,2.39,15,16,3,0,0,2
5,540,532,322,536,1.25,15,16,3,0,0,2
7,159,358,135,258,0.62,15,16,3,0,0,0
2,225,423,175,324,1.93,15,16,3,0,0,2
0,401,439,248,420,1.65,15,16,3,0,0,2
4,287,201,155,244,2.12,15,16,3,0,0,2
6,471,398,268,434,1.41,15,16,3,0,0,2
1,364,428,231,396,1.16,15,16,3,0,0,2
9,485,343,263,414,2.4,15,16,3,0,0,2
3,231,221,137,226,1.5,15,16,3,0,0,2
8,543,339,285,441,1.46,15,16,3,0,0,2
5,291,414,199,352,0.79,15,16,3,0,0,2
7,340,459,228,400,0.91,15,16,3,0,0,2
2,347,192,177,270,1.31,15,16,3,0,0,2
0,416,332,233,374,2.22,15,16,3,0,0,2
4,549,365,293,457,2.34,15,16,3,0,0,2
6,268,165,140,216,1.9,15,16,3,0,0,2
1,478,461,283,470,1.53,15,16,3,0,0,2
9,382,209,195,296,1.51,15,16,3,0,0,2
3,294,213,160,254,1.75,15,16,3,0,0,2
8,368,347,217,358,0.92,16,16,3,0,0,2
5,328,265,184,296,0.69,16,16,3,0,0,0
7,297,338,186,318,2.06,16,16,3,0,0,2
2,508,539,311,524,1.01,16,16,3,0,0,2
0,377,407,232,392,1.56,16,16,3,0,0,2
4,477,223,235,350,1.93,16,16,3,0,0,2
6,469,289,245,379,1.41,16,16,3,0,0,2
1,296,375,193,336,0.7,16,16,3,0,0,0
9,459,245,233,352,2.0,16,16,3,0,0,2
3,361,171,179,266,1.37,16,16,3,0,0,2
8,414,437,253,426,2.39,16,16,3,0,0,2
5,447,466,272,456,0.65,16,16,3,0,0,0
7,240,199,136,220,1.52,16,16,3,0,0,2
2,383,298,213,340,0.69,16,16,3,0,0,0
0,357,472,237,414,1.72,16,16,3,0,0,2
4,355,264,195,310,1.77,16,16,3,0,0,2
6,315,349,196,332,1.34,16,16,3,0,0,2
1,449,416,263,432,2.19,16,16,3,0,0,2
9,500,423,285,462,2.3,16,16,3,0,0,2
3,230,413,175,322,1.9,16,16,3,0,0,2
8,207,383,159,295,1.01,16,16,3,0,0,2
5,207,284,140,246,0.57,16,16,3,0,0,0
7,455,450,272,452,1.6,16,16,3,0,0,2
2,375,490,248,432,2.45,16,16,3,0,0,2
0,205,241,130,223,2.19,16,16,3,0,0,2
4,279,538,219,408,1.6,16,16,3,0,0,2
6,395,326,223,360,0.68,16,16,3,0,0,0
1,236,214,137,225,2.02,16,16,3,0,0,2
9,533,198,253,366,2.3,16,16,3,0,0,2
3,415,219,210,317,1.96,16,16,3,0,0,2
8,168,262,120,215,1.05,16,16,3,0,0,2
5,385,533,261,459,1.65,16,16,3,0,0,2
7,417,531,273,474,0.68,16,16,3,0,0,0
2,443,409,259,426,1.89,16,16,3,0,0,2
0,403,172,196,288,0.81,16,16,3,0,0,2
4,211,296,144,254,1.36,16,16,3,0,0,2
6,373,444,238,408,1.84,16,16,3,0,0,2
1,359,207,185,283,1.25,16,16,3,0,0,2
9,383,317,217,350,2.45,16,16,3,0,0,2
3,451,519,284,485,2.2,16,16,3,0,0,2
8,698,2414,762,1556,5.7,17,16,3,0,0,2
5,1140,1006,657,1073,4.67,17,16,3,0,0,2
7,859,1996,743,1428,4.38,17,16,3,0,0,2
2,1100,1203,681,1152,3.25,17,16,3,0,0,2
0,775,1585,627,1180,5.2,17,16,3,0,0,2
4,1182,2537,980,1860,4.81,17,16,3,0,0,2
6,1092,2471,931,1782,5.5,17,16,3,0,0,2
1,1092,1701,777,1396,4.61,17,16,3,0,0,2
9,833,2511,835,1672,3.47,17,16,3,0,0,2
3,1116,1622,771,1369,4.75,17,16,3,0,0,2
8,1137,2544,964,1840,3.27,17,16,3,0,0,2
5,711,1859,656,1285,3.59,17,16,3,0,0,2
7,1128,2652,982,1890,3.67,17,16,3,0,0,2
2,995,2020,802,1508,4.54,17,16,3,0,0,2
0,1022,2369,883,1696,3.71,17,16,3,0,0,2
4,721,2042,697,1382,4.88,17,16,3,0,0,2
6,757,2082,719,1420,5.46,17,16,3,0,0,2
1,821,2697,868,1759,3.94,17,16,3,0,0,2
9,965,2791,944,1878,4.06,17,16,3,0,0,2
3,981,2686,930,1834,4.36,17,16,3,0,0,2
8,854,1629,667,1242,4.9,17,16,3,0,0,2
5,709,1582,600,1146,3.1,17,16,3,0,0,2
7,612,1777,600,1194,5.72,17,16,3,0,0,2
2,1030,2772,966,1901,3.03,17,16,3,0,0,2
0,1077,2138,858,1608,4.06,17,16,3,0,0,2
4,1032,1151,643,1092,5.41,17,16,3,0,0,2
6,1142,2375,932,1758,4.94,17,16,3,0,0,2
1,1083,2329,899,1706,4.87,17,16,3,0,0,2
9,860,2029,750,1444,5.26,17,16,3,0,0,2
3,797,2693,857,1745,3.18,17,16,3,0,0,2
8,1064,1050,636,1057,5.22,17,16,3,0,0,2
5,641,1829,622,1235,3.54,17,16,3,0,0,2
7,1038,2469,909,1754,4.44,17,16,3,0,0,2
2,655,1623,587,1139,5.33,17,16,3,0,0,2
0,826,2547,840,1686,5.79,17,16,3,0,0,2
4,630,1148,482,889,5.1,17,16,3,0,0,2
6,1111,1144,673,1128,5.5,17,16,3,0,0,2
1,959,1299,643,1129,3.54,17,16,3,0,0,2
9,796,2225,763,1510,3.32,17,16,3,0,0,2
3,982,2231,839,1606,4.39,17,16,3,0,0,2
8,1068,2708,969,1888,3.56,18,16,3,0,0,2
5,829,2564,844,1696,4.21,18,16,3,0,0,2
7,735,2518,798,1626,4.65,18,16,3,0,0,2
2,778,2034,718,1406,5.8,18,16,3,0,0,2
0,961,2658,916,1810,4.56,18,16,3,0,0,2
4,769,2329,773,1549,4.66,18,16,3,0,0,2
6,781,1948,702,1364,4.42,18,16,3,0,0,2
1,972,2635,916,1804,5.27,18,16,3,0,0,2
9,795,1613,641,1204,5.67,18,16,3,0,0,2
3,787,2358,786,1572,4.37,18,16,3,0,0,2
8,1006,2085,819,1546,4.55,18,16,3,0,0,2
5,1088,1788,793,1438,3.32,18,16,3,0,0,2
7,971,1952,779,1462,4.92,18,16,3,0,0,2
2,1124,2202,890,1663,3.84,18,16,3,0,0,2
0,656,1319,526,988,3.87,18,16,3,0,0,2
4,696,2430,764,1563,3.77,18,16,3,0,0,2
6,764,1137,533,950,3.13,18,16,3,0,0,2
1,702,1990,679,1346,5.5,18,16,3,0,0,2
9,715,1004,487,860,4.8,18,16,3,0,0,2
3,848,2640,867,1744,5.79,18,16,3,0,0,2
8,884,1152,584,1018,4.44,18,16,3,0,0,2
5,658,1499,563,1078,3.46,18,16,3,0,0,2
7,831,2594,851,1712,4.31,18,16,3,0,0,2
2,868,1495,646,1182,5.21,18,16,3,0,0,2
0,1147,2037,866,1592,3.25,18,16,3,0,0,2
4,844,2402,818,1623,4.92,18,16,3,0,0,2
6,1059,1486,721,1272,3.07,18,16,3,0,0,2
1,1169,2337,935,1753,3.04,18,16,3,0,0,2
9,723,2287,747,1505,3.19,18,16,3,0,0,2
3,1024,1521,714,1272,5.18,18,16,3,0,0,2
8,1073,1798,789,1436,5.03,18,16,3,0,0,2
5,729,2769,845,1749,3.85,18,16,3,0,0,2
7,1078,2340,899,1709,3.61,18,16,3,0,0,2
2,647,1642,587,1144,4.91,18,16,3,0,0,2
0,1127,1782,807,1454,4.4,18,16,3,0,0,2
4,800,2729,866,1764,3.48,18,16,3,0,0,2
6,896,2259,810,1578,3.83,18,16,3,0,0,2
1,1172,1255,720,1214,3.7,18,16,3,0,0,2
9,900,1122,584,1011,4.03,18,16,3,0,0,2
3,1058,1384,700,1221,3.64,18,16,3,0,0,2
8,1069,2521,932,1795,3.46,19,16,3,0,0,2
5,1056,1820,786,1438,3.6,19,16,3,0,0,2
7,1063,2196,864,1630,3.99,19,16,3,0,0,2
2,704,1286,539,995,3.78,19,16,3,0,0,2
0,855,1147,571,1001,4.55,19,16,3,0,0,2
4,643,1467,551,1055,4.76,19,16,3,0,0,2
6,907,1869,737,1388,4.75,19,16,3,0,0,2
1,1085,2317,897,1701,3.6,19,16,3,0,0,2
9,773,1353,580,1063,3.32,19,16,3,0,0,2
3,933,2244,822,1588,3.86,19,16,3,0,0,2
8,704,2423,766,1564,5.76,19,16,3,0,0,2
5,1150,2686,997,1918,5.41,19,16,3,0,0,2
7,1092,2577,952,1834,5.5,19,16,3,0,0,2
2,1110,1312,706,1211,3.04,19,16,3,0,0,2
0,893,1663,690,1278,3.14,19,16,3,0,0,2
4,817,2670,861,1744,3.55,19,16,3,0,0,2
6,683,1713,616,1198,3.41,19,16,3,0,0,2
1,1194,1731,824,1462,4.6,19,16,3,0,0,2
9,1191,1635,803,1413,4.17,19,16,3,0,0,2
3,1198,2794,1038,1996,4.23,19,16,3,0,0,2
8,615,1925,631,1270,3.66,19,16,3,0,0,2
5,838,1352,606,1095,5.71,19,16,3,0,0,2
7,901,2679,896,1790,5.3,19,16,3,0,0,2
2,951,1845,749,1398,5.16,19,16,3,0,0,2
0,643,2768,811,1706,3.91,19,16,3,0,0,2
4,845,1377,613,1111,4.61,19,16,3,0,0,2
6,912,1733,711,1322,3.71,19,16,3,0,0,2
1,1189,2216,919,1702,4.26,19,16,3,0,0,2
9,887,1600,675,1244,4.68,19,16,3,0,0,2
3,835,1029,540,932,5.48,19,16,3,0,0,2
8,1093,2635,964,1864,3.81,19,16,3,0,0,2
5,800,2529,826,1664,4.02,19,16,3,0,0,2
7,1010,1805,765,1408,5.41,19,16,3,0,0,2
2,707,1632,609,1170,4.43,19,16,3,0,0,2
0,1113,1398,725,1256,5.36,19,16,3,0,0,2
4,755,1392,580,1074,3.29,19,16,3,0,0,2
6,716,2726,832,1721,3.63,19,16,3,0,0,2
1,878,2025,756,1452,3.85,19,16,3,0,0,2
9,857,2094,762,1476,3.24,19,16,3,0,0,2
3,901,2547,870,1724,5.04,19,16,3,0,0,2
8,863,1372,620,1118,4.63,20,16,3,0,0,2
5,1146,1250,708,1198,5.34,20,16,3,0,0,2
7,990,1381,672,1186,5.65,20,16,3,0,0,2
2,606,2015,645,1310,4.69,20,16,3,0,0,2
0,675,2777,825,1726,4.92,20,16,3,0,0,2
4,672,1691,607,1182,3.1,20,16,3,0,0,2
6,1098,1835,806,1466,3.9,20,16,3,0,0,2
1,918,1297,627,1108,3.07,20,16,3,0,0,2
9,825,2506,831,1666,4.38,20,16,3,0,0,2
3,1142,2220,901,1681,4.99,20,16,3,0,0,2
8,902,2546,870,1724,4.01,20,16,3,0,0,2
5,872,2486,846,1679,5.34,20,16,3,0,0,2
7,912,1684,702,1298,5.66,20,16,3,0,0,2
2,1195,2757,1029,1976,5.22,20,16,3,0,0,2
0,785,2251,764,1518,5.08,20,16,3,0,0,2
4,962,2773,939,1868,4.53,20,16,3,0,0,2
6,626,1548,560,1087,5.37,20,16,3,0,0,2
1,1075,1014,633,1044,5.66,20,16,3,0,0,2
9,1050,1070,634,1060,3.94,20,16,3,0,0,2
3,1199,2691,1018,1945,5.54,20,16,3,0,0,2
8,1086,1078,650,1082,3.85,20,16,3,0,0,2
5,628,2039,659,1334,4.5,20,16,3,0,0,2
7,746,1561,611,1154,5.22,20,16,3,0,0,2
2,845,2010,740,1428,4.94,20,16,3,0,0,2
0,1072,2378,904,1725,3.52,20,16,3,0,0,2
4,909,1602,684,1256,4.73,20,16,3,0,0,2
6,644,2783,814,1714,5.43,20,16,3,0,0,2
1,1015,2183,843,1599,5.28,20,16,3,0,0,2
9,618,1022,452,820,3.48,20,16,3,0,0,2
3,1065,2066,839,1566,5.41,20,16,3,0,0,2
8,1047,1114,642,1080,5.03,20,16,3,0,0,2
5,793,1305,578,1049,3.81,20,16,3,0,0,2
7,619,2386,725,1502,5.71,20,16,3,0,0,2
2,671,1959,660,1315,5.16,20,16,3,0,0,2
0,606,2587,760,1596,4.98,20,16,3,0,0,2
4,787,1525,620,1156,4.71,20,16,3,0,0,2
6,748,2506,800,1627,3.73,20,16,3,0,0,2
1,990,2331,862,1660,4.58,20,16,3,0,0,2
9,614,2671,780,1642,5.66,20,16,3,0,0,2
3,868,2732,894,1800,3.1,20,16,3,0,0,2
8,469,415,271,442,1.37,21,16,3,0,0,2
5,430,244,221,337,1.65,21,16,3,0,0,2
7,464,532,292,498,2.1,21,16,3,0,0,2
2,472,402,269,437,0.77,21,16,3,0,0,2
0,280,223,157,252,0.71,21,16,3,0,0,0
4,264,255,157,260,0.7,21,16,3,0,0,0
6,238,523,200,380,1.71,21,16,3,0,0,2
1,456,178,218,317,1.53,21,16,3,0,0,2
9,535,432,300,484,1.57,21,16,3,0,0,2
3,195,372,152,284,2.49,21,16,3,0,0,2
8,413,361,237,387,0.65,21,16,3,0,0,0
5,359,178,179,268,1.44,21,16,3,0,0,2
7,154,507,163,330,1.77,21,16,3,0,0,2
2,250,395,179,322,0.88,21,16,3,0,0,2
0,449,337,247,393,2.2,21,16,3,0,0,2
4,542,316,280,429,0.7,21,16,3,0,0,0
6,273,210,151,242,2.43,21,16,3,0,0,2
1,256,295,161,276,1.69,21,16,3,0,0,2
9,320,244,177,282,2.26,21,16,3,0,0,2
3,171,373,143,272,1.67,21,16,3,0,0,2
8,166,278,122,222,1.4,21,16,3,0,0,2
5,153,541,169,347,0.94,21,16,3,0,0,2
7,444,531,284,488,0.58,21,16,3,0,0,0
2,461,314,247,388,0.98,21,16,3,0,0,2
0,416,310,228,363,1.78,21,16,3,0,0,2
4,350,273,195,312,1.71,21,16,3,0,0,2
6,204,549,191,376,2.17,21,16,3,0,0,2
1,447,481,275,464,0.94,21,16,3,0,0,2
9,462,236,232,349,1.28,21,16,3,0,0,2
3,482,535,300,508,0.72,21,16,3,0,0,0
8,161,190,102,176,1.89,21,16,3,0,0,2
5,191,194,115,192,1.01,21,16,3,0,0,2
7,416,161,199,288,1.57,21,16,3,0,0,2
2,255,223,147,239,1.55,21,16,3,0,0,2
0,514,400,286,457,1.62,21,16,3,0,0,2
4,370,270,202,320,2.03,21,16,3,0,0,2
6,383,453,244,418,1.57,21,16,3,0,0,2
1,482,524,298,503,2.4,21,16,3,0,0,2
9,442,462,269,452,1.96,21,16,3,0,0,2
3,326,515,233,420,2.02,21,16,3,0,0,2
8,180,502,172,341,1.91,22,16,3,0,0,2
5,422,156,200,289,0.88,22,16,3,0,0,2
7,342,346,206,344,1.25,22,16,3,0,0,2
2,412,342,233,377,2.39,22,16,3,0,0,2
0,275,399,190,337,2.32,22,16,3,0,0,2
4,477,270,245,374,0.63,22,16,3,0,0,0
6,514,320,270,417,1.59,22,16,3,0,0,2
1,458,304,244,381,2.32,22,16,3,0,0,2
9,297,450,209,374,0.85,22,16,3,0,0,2
3,474,394,268,434,1.3,22,16,3,0,0,2
8,426,225,215,326,1.87,22,16,3,0,0,2
5,501,389,278,445,2.43,22,16,3,0,0,2
7,299,433,206,366,0.73,22,16,3,0,0,0
2,533,423,298,478,0.97,22,16,3,0,0,2
0,238,183,132,210,2.11,22,16,3,0,0,2
4,536,548,324,542,0.99,22,16,3,0,0,2
6,466,361,259,414,1.85,22,16,3,0,0,2
1,482,332,259,407,0.55,22,16,3,0,0,0
9,499,325,265,412,2.4,22,16,3,0,0,2
3,284,534,220,409,0.8,22,16,3,0,0,2
8,376,437,238,406,2.09,22,16,3,0,0,2
5,365,170,180,268,0.91,22,16,3,0,0,2
7,214,380,162,297,0.51,22,16,3,0,0,0
2,440,277,231,358,0.54,22,16,3,0,0,0
0,550,215,263,382,0.61,22,16,3,0,0,0
4,293,455,208,374,1.75,22,16,3,0,0,2
6,322,235,176,278,2.07,22,16,3,0,0,2
1,392,486,254,439,0.64,22,16,3,0,0,0
9,182,375,148,278,2.17,22,16,3,0,0,2
3,356,422,227,389,2.37,22,16,3,0,0,2
8,244,359,169,302,2.26,22,16,3,0,0,2
5,489,183,232,336,2.43,22,16,3,0,0,2
7,236,289,152,262,0.8,22,16,3,0,0,2
2,249,511,202,380,2.07,22,16,3,0,0,2
0,275,283,167,279,2.4,22,16,3,0,0,2
4,166,501,167,334,2.15,22,16,3,0,0,2
6,495,348,268,422,1.48,22,16,3,0,0,2
1,500,296,259,398,1.59,22,16,3,0,0,2
9,506,153,233,330,2.17,22,16,3,0,0,2
3,464,274,240,369,1.7,22,16,3,0,0,2
8,432,434,260,433,2.4,23,16,3,0,0,2
5,374,216,193,295,1.25,23,16,3,0,0,2
7,292,439,205,366,1.22,23,16,3,0,0,2
2,376,436,238,406,1.74,23,16,3,0,0,2
0,318,504,228,411,1.14,23,16,3,0,0,2
4,446,465,271,456,2.31,23,16,3,0,0,2
6,471,539,296,505,0.83,23,16,3,0,0,2
1,302,486,218,394,1.55,23,16,3,0,0,2
9,526,431,297,478,0.56,23,16,3,0,0,0
3,309,475,219,392,1.46,23,16,3,0,0,2
8,424,404,250,414,2.25,23,16,3,0,0,2
5,300,294,179,297,1.96,23,16,3,0,0,2
7,250,403,181,326,2.39,23,16,3,0,0,2
2,458,385,260,422,1.97,23,16,3,0,0,2
0,284,346,183,315,0.85,23,16,3,0,0,2
4,266,256,158,261,1.48,23,16,3,0,0,2
6,404,405,243,404,2.38,23,16,3,0,0,2
1,387,216,198,302,1.91,23,16,3,0,0,2
9,202,160,113,181,1.78,23,16,3,0,0,2
3,268,522,212,395,1.88,23,16,3,0,0,2
8,405,186,199,296,1.63,23,16,3,0,0,2
5,249,515,203,382,1.63,23,16,3,0,0,2
7,250,213,143,232,2.17,23,16,3,0,0,2
2,253,262,154,258,0.94,23,16,3,0,0,2
0,364,329,211,346,1.29,23,16,3,0,0,2
4,164,164,98,164,0.97,23,16,3,0,0,2
6,269,192,146,230,2.3,23,16,3,0,0,2
1,164,256,117,210,1.76,23,16,3,0,0,2
9,312,462,217,387,0.52,23,16,3,0,0,0
3,285,307,175,296,0.54,23,16,3,0,0,0
8,301,366,194,334,1.41,23,16,3,0,0,2
5,432,518,276,475,1.26,23,16,3,0,0,2
7,400,441,248,420,1.16,23,16,3,0,0,2
2,330,538,240,434,1.91,23,16,3,0,0,2
0,320,259,180,290,2.26,23,16,3,0,0,2
4,301,332,187,316,2.16,23,16,3,0,0,2
6,217,282,143,250,2.15,23,16,3,0,0,2
1,253,504,202,378,2.15,23,16,3,0,0,2
9,194,443,166,318,2.28,23,16,3,0,0,2
3,311,418,208,364,0.93,23,16,3,0,0,2
8,0,0,0,0,0.0,0,17,3,1,0,1
5,0,0,0,0,0.0,0,17,3,1,0,1
7,0,0,0,0,0.0,0,17,3,1,0,1
2,0,0,0,0,0.0,0,17,3,1,0,1
0,0,0,0,0,0.0,0,17,3,1,0,1
4,0,0,0,0,0.0,0,17,3,1,0,1
6,0,0,0,0,0.0,0,17,3,1,0,1
1,0,0,0,0,0.0,0,17,3,1,0,1
9,0,0,0,0,0.0,0,17,3,1,0,1
3,0,0,0,0,0.0,0,17,3,1,0,1
8,0,0,0,0,0.0,0,17,3,1,0,1
5,0,0,0,0,0.0,0,17,3,1,0,1
7,0,0,0,0,0.0,0,17,3,1,0,1
2,0,0,0,0,0.0,0,17,3,1,0,1
0,0,0,0,0,0.0,0,17,3,1,0,1
4,0,0,0,0,0.0,0,17,3,1,0,1
6,0,0,0,0,0.0,0,17,3,1,0,1
1,0,0,0,0,0.0,0,17,3,1,0,1
9,0,0,0,0,0.0,0,17,3,1,0,1
3,0,0,0,0,0.0,0,17,3,1,0,1
8,0,0,0,0,0.0,0,17,3,1,0,1
5,0,0,0,0,0.0,0,17,3,1,0,1
7,0,0,0,0,0.0,0,17,3,1,0,1
2,0,0,0,0,0.0,0,17,3,1,0,1
0,0,0,0,0,0.0,0,17,3,1,0,1
4,0,0,0,0,0.0,0,17,3,1,0,1
6,0,0,0,0,0.0,0,17,3,1,0,1
1,0,0,0,0,0.0,0,17,3,1,0,1
9,0,0,0,0,0.0,0,17,3,1,0,1
3,0,0,0,0,0.0,0,17,3,1,0,1
8,0,0,0,0,0.0,0,17,3,1,0,1
5,0,0,0,0,0.0,0,17,3,1,0,1
7,0,0,0,0,0.0,0,17,3,1,0,1
2,0,0,0,0,0.0,0,17,3,1,0,1
0,0,0,0,0,0.0,0,17,3,1,0,1
4,0,0,0,0,0.0,0,17,3,1,0,1
6,0,0,0,0,0.0,0,17,3,1,0,1
1,0,0,0,0,0.0,0,17,3,1,0,1
9,0,0,0,0,0.0,0,17,3,1,0,1
3,0,0,0,0,0.0,0,17,3,1,0,1
8,0,0,0,0,0.0,1,17,3,1,0,1
5,0,0,0,0,0.0,1,17,3,1,0,1
7,0,0,0,0,0.0,1,17,3,1,0,1
2,0,0,0,0,0.0,1,17,3,1,0,1
0,0,0,0,0,0.0,1,17,3,1,0,1
4,0,0,0,0,0.0,1,17,3,1,0,1
6,0,0,0,0,0.0,1,17,3,1,0,1
1,0,0,0,0,0.0,1,17,3,1,0,1
9,0,0,0,0,0.0,1,17,3,1,0,1
3,0,0,0,0,0.0,1,17,3,1,0,1
8,0,0,0,0,0.0,1,17,3,1,0,1
5,0,0,0,0,0.0,1,17,3,1,0,1
7,0,0,0,0,0.0,1,17,3,1,0,1
2,0,0,0,0,0.0,1,17,3,1,0,1
0,0,0,0,0,0.0,1,17,3,1,0,1
4,0,0,0,0,0.0,1,17,3,1,0,1
6,0,0,0,0,0.0,1,17,3,1,0,1
1,0,0,0,0,0.0,1,17,3,1,0,1
9,0,0,0,0,0.0,1,17,3,1,0,1
3,0,0,0,0,0.0,1,17,3,1,0,1
8,0,0,0,0,0.0,1,17,3,1,0,1
5,0,0,0,0,0.0,1,17,3,1,0,1
7,0,0,0,0,0.0,1,17,3,1,0,1
2,0,0,0,0,0.0,1,17,3,1,0,1
0,0,0,0,0,0.0,1,17,3,1,0,1
4,0,0,0,0,0.0,1,17,3,1,0,1
6,0,0,0,0,0.0,1,17,3,1,0,1
1,0,0,0,0,0.0,1,17,3,1,0,1
9,0,0,0,0,0.0,1,17,3,1,0,1
3,0,0,0,0,0.0,1,17,3,1,0,1
8,0,0,0,0,0.0,1,17,3,1,0,1
5,0,0,0,0,0.0,1,17,3,1,0,1
7,0,0,0,0,0.0,1,17,3,1,0,1
2,0,0,0,0,0.0,1,17,3,1,0,1
0,0,0,0,0,0.0,1,17,3,1,0,1
4,0,0,0,0,0.0,1,17,3,1,0,1
6,0,0,0,0,0.0,1,17,3,1,0,1
1,0,0,0,0,0.0,1,17,3,1,0,1
9,0,0,0,0,0.0,1,17,3,1,0,1
3,0,0,0,0,0.0,1,17,3,1,0,1
8,0,0,0,0,0.0,2,17,3,1,0,1
5,0,0,0,0,0.0,2,17,3,1,0,1
7,0,0,0,0,0.0,2,17,3,1,0,1
2,0,0,0,0,0.0,2,17,3,1,0,1
0,0,0,0,0,0.0,2,17,3,1,0,1
4,0,0,0,0,0.0,2,17,3,1,0,1
6,0,0,0,0,0.0,2,17,3,1,0,1
1,0,0,0,0,0.0,2,17,3,1,0,1
9,0,0,0,0,0.0,2,17,3,1,0,1
3,0,0,0,0,0.0,2,17,3,1,0,1
8,0,0,0,0,0.0,2,17,3,1,0,1
5,0,0,0,0,0.0,2,17,3,1,0,1
7,0,0,0,0,0.0,2,17,3,1,0,1
2,0,0,0,0,0.0,2,17,3,1,0,1
0,0,0,0,0,0.0,2,17,3,1,0,1
4,0,0,0,0,0.0,2,17,3,1,0,1
6,0,0,0,0,0.0,2,17,3,1,0,1
1,0,0,0,0,0.0,2,17,3,1,0,1
9,0,0,0,0,0.0,2,17,3,1,0,1
3,0,0,0,0,0.0,2,17,3,1,0,1
8,0,0,0,0,0.0,2,17,3,1,0,1
5,0,0,0,0,0.0,2,17,3,1,0,1
7,0,0,0,0,0.0,2,17,3,1,0,1
2,0,0,0,0,0.0,2,17,3,1,0,1
0,0,0,0,0,0.0,2,17,3,1,0,1
4,0,0,0,0,0.0,2,17,3,1,0,1
6,0,0,0,0,0.0,2,17,3,1,0,1
1,0,0,0,0,0.0,2,17,3,1,0,1
9,0,0,0,0,0.0,2,17,3,1,0,1
3,0,0,0,0,0.0,2,17,3,1,0,1
8,0,0,0,0,0.0,2,17,3,1,0,1
5,0,0,0,0,0.0,2,17,3,1,0,1
7,0,0,0,0,0.0,2,17,3,1,0,1
2,0,0,0,0,0.0,2,17,3,1,0,1
0,0,0,0,0,0.0,2,17,3,1,0,1
4,0,0,0,0,0.0,2,17,3,1,0,1
6,0,0,0,0,0.0,2,17,3,1,0,1
1,0,0,0,0,0.0,2,17,3,1,0,1
9,0,0,0,0,0.0,2,17,3,1,0,1
3,0,0,0,0,0.0,2,17,3,1,0,1
8,0,0,0,0,0.0,3,17,3,1,0,1
5,0,0,0,0,0.0,3,17,3,1,0,1
7,0,0,0,0,0.0,3,17,3,1,0,1
2,0,0,0,0,0.0,3,17,3,1,0,1
0,0,0,0,0,0.0,3,17,3,1,0,1
4,0,0,0,0,0.0,3,17,3,1,0,1
6,0,0,0,0,0.0,3,17,3,1,0,1
1,0,0,0,0,0.0,3,17,3,1,0,1
9,0,0,0,0,0.0,3,17,3,1,0,1
3,0,0,0,0,0.0,3,17,3,1,0,1
8,0,0,0,0,0.0,3,17,3,1,0,1
5,0,0,0,0,0.0,3,17,3,1,0,1
7,0,0,0,0,0.0,3,17,3,1,0,1
2,0,0,0,0,0.0,3,17,3,1,0,1
0,0,0,0,0,0.0,3,17,3,1,0,1
4,0,0,0,0,0.0,3,17,3,1,0,1
6,0,0,0,0,0.0,3,17,3,1,0,1
1,0,0,0,0,0.0,3,17,3,1,0,1
9,0,0,0,0,0.0,3,17,3,1,0,1
3,0,0,0,0,0.0,3,17,3,1,0,1
8,0,0,0,0,0.0,3,17,3,1,0,1
5,0,0,0,0,0.0,3,17,3,1,0,1
7,0,0,0,0,0.0,3,17,3,1,0,1
2,0,0,0,0,0.0,3,17,3,1,0,1
0,0,0,0,0,0.0,3,17,3,1,0,1
4,0,0,0,0,0.0,3,17,3,1,0,1
6,0,0,0,0,0.0,3,17,3,1,0,1
1,0,0,0,0,0.0,3,17,3,1,0,1
9,0,0,0,0,0.0,3,17,3,1,0,1
3,0,0,0,0,0.0,3,17,3,1,0,1
8,0,0,0,0,0.0,3,17,3,1,0,1
5,0,0,0,0,0.0,3,17,3,1,0,1
7,0,0,0,0,0.0,3,17,3,1,0,1
2,0,0,0,0,0.0,3,17,3,1,0,1
0,0,0,0,0,0.0,3,17,3,1,0,1
4,0,0,0,0,0.0,3,17,3,1,0,1
6,0,0,0,0,0.0,3,17,3,1,0,1
1,0,0,0,0,0.0,3,17,3,1,0,1
9,0,0,0,0,0.0,3,17,3,1,0,1
3,0,0,0,0,0.0,3,17,3,1,0,1
8,0,0,0,0,0.0,4,17,3,1,0,1
5,0,0,0,0,0.0,4,17,3,1,0,1
7,0,0,0,0,0.0,4,17,3,1,0,1
2,0,0,0,0,0.0,4,17,3,1,0,1
0,0,0,0,0,0.0,4,17,3,1,0,1
4,0,0,0,0,0.0,4,17,3,1,0,1
6,0,0,0,0,0.0,4,17,3,1,0,1
1,0,0,0,0,0.0,4,17,3,1,0,1
9,0,0,0,0,0.0,4,17,3,1,0,1
3,0,0,0,0,0.0,4,17,3,1,0,1
8,0,0,0,0,0.0,4,17,3,1,0,1
5,0,0,0,0,0.0,4,17,3,1,0,1
7,0,0,0,0,0.0,4,17,3,1,0,1
2,0,0,0,0,0.0,4,17,3,1,0,1
0,0,0,0,0,0.0,4,17,3,1,0,1
4,0,0,0,0,0.0,4,17,3,1,0,1
6,0,0,0,0,0.0,4,17,3,1,0,1
1,0,0,0,0,0.0,4,17,3,1,0,1
9,0,0,0,0,0.0,4,17,3,1,0,1
3,0,0,0,0,0.0,4,17,3,1,0,1
8,0,0,0,0,0.0,4,17,3,1,0,1
5,0,0,0,0,0.0,4,17,3,1,0,1
7,0,0,0,0,0.0,4,17,3,1,0,1
2,0,0,0,0,0.0,4,17,3,1,0,1
0,0,0,0,0,0.0,4,17,3,1,0,1
4,0,0,0,0,0.0,4,17,3,1,0,1
6,0,0,0,0,0.0,4,17,3,1,0,1
1,0,0,0,0,0.0,4,17,3,1,0,1
9,0,0,0,0,0.0,4,17,3,1,0,1
3,0,0,0,0,0.0,4,17,3,1,0,1
8,0,0,0,0,0.0,4,17,3,1,0,1
5,0,0,0,0,0.0,4,17,3,1,0,1
7,0,0,0,0,0.0,4,17,3,1,0,1
2,0,0,0,0,0.0,4,17,3,1,0,1
0,0,0,0,0,0.0,4,17,3,1,0,1
4,0,0,0,0,0.0,4,17,3,1,0,1
6,0,0,0,0,0.0,4,17,3,1,0,1
1,0,0,0,0,0.0,4,17,3,1,0,1
9,0,0,0,0,0.0,4,17,3,1,0,1
3,0,0,0,0,0.0,4,17,3,1,0,1
8,0,0,0,0,0.0,5,17,3,1,0,1
5,0,0,0,0,0.0,5,17,3,1,0,1
7,0,0,0,0,0.0,5,17,3,1,0,1
2,0,0,0,0,0.0,5,17,3,1,0,1
0,0,0,0,0,0.0,5,17,3,1,0,1
4,0,0,0,0,0.0,5,17,3,1,0,1
6,0,0,0,0,0.0,5,17,3,1,0,1
1,0,0,0,0,0.0,5,17,3,1,0,1
9,0,0,0,0,0.0,5,17,3,1,0,1
3,0,0,0,0,0.0,5,17,3,1,0,1
8,0,0,0,0,0.0,5,17,3,1,0,1
5,0,0,0,0,0.0,5,17,3,1,0,1
7,0,0,0,0,0.0,5,17,3,1,0,1
2,0,0,0,0,0.0,5,17,3,1,0,1
0,0,0,0,0,0.0,5,17,3,1,0,1
4,0,0,0,0,0.0,5,17,3,1,0,1
6,0,0,0,0,0.0,5,17,3,1,0,1
1,0,0,0,0,0.0,5,17,3,1,0,1
9,0,0,0,0,0.0,5,17,3,1,0,1
3,0,0,0,0,0.0,5,17,3,1,0,1
8,0,0,0,0,0.0,5,17,3,1,0,1
5,0,0,0,0,0.0,5,17,3,1,0,1
7,0,0,0,0,0.0,5,17,3,1,0,1
2,0,0,0,0,0.0,5,17,3,1,0,1
0,0,0,0,0,0.0,5,17,3,1,0,1
4,0,0,0,0,0.0,5,17,3,1,0,1
6,0,0,0,0,0.0,5,17,3,1,0,1
1,0,0,0,0,0.0,5,17,3,1,0,1
9,0,0,0,0,0.0,5,17,3,1,0,1
3,0,0,0,0,0.0,5,17,3,1,0,1
8,0,0,0,0,0.0,5,17,3,1,0,1
5,0,0,0,0,0.0,5,17,3,1,0,1
7,0,0,0,0,0.0,5,17,3,1,0,1
2,0,0,0,0,0.0,5,17,3,1,0,1
0,0,0,0,0,0.0,5,17,3,1,0,1
4,0,0,0,0,0.0,5,17,3,1,0,1
6,0,0,0,0,0.0,5,17,3,1,0,1
1,0,0,0,0,0.0,5,17,3,1,0,1
9,0,0,0,0,0.0,5,17,3,1,0,1
3,0,0,0,0,0.0,5,17,3,1,0,1
8,457,269,237,363,0.73,6,17,3,1,0,0
5,284,208,155,246,2.26,6,17,3,1,0,2
7,249,309,161,279,2.43,6,17,3,1,0,2
2,392,514,260,453,0.77,6,17,3,1,0,2
0,432,215,216,324,1.94,6,17,3,1,0,2
4,389,254,206,322,2.49,6,17,3,1,0,2
6,359,253,194,306,2.12,6,17,3,1,0,2
1,193,379,153,286,1.3,6,17,3,1,0,2
9,411,513,267,462,1.09,6,17,3,1,0,2
3,267,200,147,234,0.71,6,17,3,1,0,0
8,368,524,252,446,1.87,6,17,3,1,0,2
5,214,357,157,286,2.21,6,17,3,1,0,2
7,519,532,314,526,1.04,6,17,3,1,0,2
2,360,300,204,330,2.08,6,17,3,1,0,2
0,240,405,177,322,0.73,6,17,3,1,0,0
4,274,523,214,398,0.54,6,17,3,1,0,0
6,479,259,243,369,1.83,6,17,3,1,0,2
1,291,509,218,400,0.52,6,17,3,1,0,0
9,222,469,183,346,1.77,6,17,3,1,0,2
3,207,316,146,262,0.82,6,17,3,1,0,2
8,186,254,125,220,2.42,6,17,3,1,0,2
5,287,461,207,374,0.76,6,17,3,1,0,2
7,357,435,230,396,2.26,6,17,3,1,0,2
2,159,484,160,322,0.96,6,17,3,1,0,2
0,164,474,160,319,2.49,6,17,3,1,0,2
4,169,259,119,214,0.5,6,17,3,1,0,0
6,545,281,274,413,1.84,6,17,3,1,0,2
1,431,526,278,478,0.69,6,17,3,1,0,0
9,486,310,256,398,1.59,6,17,3,1,0,2
3,240,183,133,212,2.15,6,17,3,1,0,2
8,153,212,104,182,1.81,6,17,3,1,0,2
5,533,348,283,440,1.83,6,17,3,1,0,2
7,490,529,302,510,1.57,6,17,3,1,0,2
2,500,192,238,346,0.97,6,17,3,1,0,2
0,389,311,218,350,0.79,6,17,3,1,0,2
4,444,238,225,341,2.39,6,17,3,1,0,2
6,457,414,266,436,1.65,6,17,3,1,0,2
1,174,353,140,264,1.77,6,17,3,1,0,2
9,418,336,234,377,0.59,6,17,3,1,0,0
3,319,398,207,358,2.41,6,17,3,1,0,2
8,216,406,168,311,2.43,7,17,3,1,0,2
5,407,388,240,398,0.62,7,17,3,1,0,0
7,278,497,211,388,1.38,7,17,3,1,0,2
2,231,156,124,194,1.14,7,17,3,1,0,2
0,393,151,187,272,0.75,7,17,3,1,0,2
4,289,491,214,390,2.49,7,17,3,1,0,2
6,196,424,163,310,2.42,7,17,3,1,0,2
1,366,324,211,345,2.23,7,17,3,1,0,2
9,262,368,178,315,2.5,7,17,3,1,0,2
3,424,260,222,342,1.28,7,17,3,1,0,2
8,513,382,282,448,2.14,7,17,3,1,0,2
5,478,228,237,353,1.53,7,17,3,1,0,2
7,509,224,248,366,0.51,7,17,3,1,0,0
2,285,538,222,412,0.81,7,17,3,1,0,2
0,307,385,200,346,0.97,7,17,3,1,0,2
4,411,404,245,408,1.4,7,17,3,1,0,2
6,179,302,132,240,1.39,7,17,3,1,0,2
1,228,200,131,214,1.57,7,17,3,1,0,2
9,174,413,152,294,1.72,7,17,3,1,0,2
3,213,179,121,196,1.5,7,17,3,1,0,2
8,273,232,156,252,1.95,7,17,3,1,0,2
5,475,228,236,352,2.32,7,17,3,1,0,2
7,322,168,162,245,1.28,7,17,3,1,0,2
2,464,461,278,462,2.08,7,17,3,1,0,2
0,347,520,243,434,2.09,7,17,3,1,0,2
4,347,448,228,398,2.1,7,17,3,1,0,2
6,260,216,147,238,0.7,7,17,3,1,0,0
1,218,324,152,271,1.64,7,17,3,1,0,2
9,296,474,213,385,2.21,7,17,3,1,0,2
3,169,208,109,188,1.15,7,17,3,1,0,2
8,273,510,211,392,1.42,7,17,3,1,0,2
5,364,256,197,310,1.95,7,17,3,1,0,2
7,547,462,311,504,2.34,7,17,3,1,0,2
2,401,544,269,472,1.11,7,17,3,1,0,2
0,242,179,133,210,1.0,7,17,3,1,0,2
4,541,228,262,384,2.29,7,17,3,1,0,2
6,274,245,159,260,0.71,7,17,3,1,0,0
1,247,255,150,251,1.85,7,17,3,1,0,2
9,238,339,163,288,0.97,7,17,3,1,0,2
3,392,502,257,447,1.66,7,17,3,1,0,2
8,1688,947,865,1318,3.78,8,17,3,1,0,2
5,2310,921,1108,1616,3.93,8,17,3,1,0,2
7,1228,577,607,902,5.18,8,17,3,1,0,2
2,1170,932,654,1051,5.35,8,17,3,1,0,2
0,2420,542,1076,1481,4.38,8,17,3,1,0,2
4,996,917,582,956,4.02,8,17,3,1,0,2
6,1452,922,765,1187,4.64,8,17,3,1,0,2
1,909,652,494,780,4.81,8,17,3,1,0,2
9,1947,608,900,1278,5.72,8,17,3,1,0,2
3,1497,683,735,1090,5.25,8,17,3,1,0,2
8,2252,593,1019,1422,3.78,8,17,3,1,0,2
5,2431,672,1107,1552,4.72,8,17,3,1,0,2
7,2351,814,1103,1582,4.28,8,17,3,1,0,2
2,1020,583,525,802,4.48,8,17,3,1,0,2
0,2283,428,999,1356,4.38,8,17,3,1,0,2
4,1408,830,729,1119,5.57,8,17,3,1,0,2
6,2154,475,957,1314,4.96,8,17,3,1,0,2
1,903,605,482,754,4.07,8,17,3,1,0,2
9,847,727,484,787,3.74,8,17,3,1,0,2
3,1024,417,493,720,5.45,8,17,3,1,0,2
8,1383,645,682,1014,5.4,8,17,3,1,0,2
5,2256,421,987,1338,5.61,8,17,3,1,0,2
7,916,442,455,679,4.44,8,17,3,1,0,2
2,1078,704,572,891,5.08,8,17,3,1,0,2
0,1503,737,749,1120,3.35,8,17,3,1,0,2
4,2486,513,1097,1500,3.67,8,17,3,1,0,2
6,1910,430,850,1170,4.7,8,17,3,1,0,2
1,2388,578,1071,1483,5.41,8,17,3,1,0,2
9,901,609,482,755,5.15,8,17,3,1,0,2
3,1530,687,749,1108,5.27,8,17,3,1,0,2
8,2079,584,948,1332,4.13,8,17,3,1,0,2
5,1482,460,685,971,4.36,8,17,3,1,0,2
7,910,728,510,819,5.28,8,17,3,1,0,2
2,2381,434,1039,1408,4.08,8,17,3,1,0,2
0,2285,970,1108,1628,5.26,8,17,3,1,0,2
4,1222,794,648,1008,3.0,8,17,3,1,0,2
6,1560,614,747,1087,3.52,8,17,3,1,0,2
1,1904,470,856,1187,5.61,8,17,3,1,0,2
9,2270,642,1036,1456,5.74,8,17,3,1,0,2
3,1733,585,810,1159,4.69,8,17,3,1,0,2
8,1993,624,922,1308,3.37,9,17,3,1,0,2
5,2406,846,1132,1626,4.71,9,17,3,1,0,2
7,803,610,443,706,5.61,9,17,3,1,0,2
2,1167,697,606,932,4.09,9,17,3,1,0,2
0,1671,992,867,1332,5.74,9,17,3,1,0,2
4,996,984,595,990,3.22,9,17,3,1,0,2
6,1910,669,898,1290,4.18,9,17,3,1,0,2
1,1756,653,833,1204,4.69,9,17,3,1,0,2
9,1416,629,692,1022,5.49,9,17,3,1,0,2
3,1067,692,565,880,4.53,9,17,3,1,0,2
8,1624,945,839,1284,5.55,9,17,3,1,0,2
5,2446,489,1076,1468,3.99,9,17,3,1,0,2
7,1426,565,683,996,4.71,9,17,3,1,0,2
2,1263,514,608,888,3.77,9,17,3,1,0,2
0,1035,629,540,832,5.0,9,17,3,1,0,2
4,1665,974,861,1320,4.45,9,17,3,1,0,2
6,1851,539,848,1195,5.38,9,17,3,1,0,2
1,2165,687,1003,1426,3.09,9,17,3,1,0,2
9,1448,528,685,988,4.69,9,17,3,1,0,2
3,806,730,468,768,4.04,9,17,3,1,0,2
8,2332,893,1111,1612,5.44,9,17,3,1,0,2
5,941,514,479,728,5.47,9,17,3,1,0,2
7,1695,574,793,1134,3.35,9,17,3,1,0,2
2,2316,962,1119,1639,5.62,9,17,3,1,0,2
0,1183,411,555,797,4.71,9,17,3,1,0,2
4,1949,731,926,1340,3.35,9,17,3,1,0,2
6,2128,846,1020,1487,5.13,9,17,3,1,0,2
1,2075,552,940,1314,3.49,9,17,3,1,0,2
9,1438,985,772,1212,4.69,9,17,3,1,0,2
3,908,420,447,664,5.09,9,17,3,1,0,2
8,1097,582,555,840,3.33,9,17,3,1,0,2
5,2006,621,927,1314,5.08,9,17,3,1,0,2
7,1234,575,609,904,3.94,9,17,3,1,0,2
2,1923,485,866,1204,5.19,9,17,3,1,0,2
0,2227,410,973,1318,4.61,9,17,3,1,0,2
4,1021,620,532,820,5.51,9,17,3,1,0,2
6,1163,974,660,1068,3.16,9,17,3,1,0,2
1,1785,456,805,1120,4.9,9,17,3,1,0,2
9,1108,860,615,984,3.85,9,17,3,1,0,2
3,1531,979,808,1255,3.32,9,17,3,1,0,2
8,844,813,500,828,3.18,10,17,3,1,0,2
5,2084,774,988,1429,3.77,10,17,3,1,0,2
7,866,873,521,870,5.06,10,17,3,1,0,2
2,1504,404,682,954,4.65,10,17,3,1,0,2
0,2385,537,1061,1461,4.33,10,17,3,1,0,2
4,2358,918,1127,1638,4.16,10,17,3,1,0,2
6,938,713,518,826,3.08,10,17,3,1,0,2
1,2158,671,997,1414,5.11,10,17,3,1,0,2
9,1572,783,785,1178,3.83,10,17,3,1,0,2
3,831,640,460,736,4.72,10,17,3,1,0,2
8,1045,826,583,936,3.91,10,17,3,1,0,2
5,1591,871,811,1231,3.77,10,17,3,1,0,2
7,2187,959,1067,1573,5.64,10,17,3,1,0,2
2,1551,852,791,1202,4.46,10,17,3,1,0,2
0,2121,933,1035,1527,4.1,10,17,3,1,0,2
4,1028,618,535,823,5.67,10,17,3,1,0,2
6,1802,906,902,1354,4.46,10,17,3,1,0,2
1,1732,605,814,1168,4.17,10,17,3,1,0,2
9,1207,625,608,916,4.56,10,17,3,1,0,2
3,1661,552,775,1106,5.31,10,17,3,1,0,2
8,1937,988,972,1462,3.49,10,17,3,1,0,2
5,1788,846,884,1317,3.28,10,17,3,1,0,2
7,952,646,510,799,3.83,10,17,3,1,0,2
2,1766,500,806,1133,3.04,10,17,3,1,0,2
0,2383,733,1100,1558,5.51,10,17,3,1,0,2
4,2488,811,1157,1650,3.74,10,17,3,1,0,2
6,1183,643,602,913,5.21,10,17,3,1,0,2
1,1867,505,848,1186,5.23,10,17,3,1,0,2
9,2241,870,1070,1556,4.34,10,17,3,1,0,2
3,1892,708,898,1300,4.81,10,17,3,1,0,2
8,2098,792,998,1445,5.41,10,17,3,1,0,2
5,2382,690,1091,1536,4.39,10,17,3,1,0,2
7,1860,725,889,1292,3.95,10,17,3,1,0,2
2,1761,881,881,1321,3.44,10,17,3,1,0,2
0,1176,436,558,806,4.37,10,17,3,1,0,2
4,1456,543,691,1000,3.97,10,17,3,1,0,2
6,1455,445,671,950,5.53,10,17,3,1,0,2
1,1955,988,980,1472,4.99,10,17,3,1,0,2
9,2300,872,1094,1586,3.99,10,17,3,1,0,2
3,1461,832,751,1146,4.49,10,17,3,1,0,2
8,164,184,102,174,0.71,11,17,3,1,0,0
5,323,454,220,388,0.82,11,17,3,1,0,2
7,281,193,151,237,2.03,11,17,3,1,0,2
2,471,448,278,460,1.82,11,17,3,1,0,2
0,241,402,177,322,2.27,11,17,3,1,0,2
4,204,472,176,338,2.37,11,17,3,1,0,2
6,302,538,228,420,1.39,11,17,3,1,0,2
1,190,306,137,248,1.22,11,17,3,1,0,2
9,246,209,140,228,2.08,11,17,3,1,0,2
3,507,482,299,494,0.58,11,17,3,1,0,0
8,503,386,278,444,2.22,11,17,3,1,0,2
5,487,255,246,371,1.97,11,17,3,1,0,2
7,400,425,245,412,2.02,11,17,3,1,0,2
2,527,225,256,376,1.39,11,17,3,1,0,2
0,298,171,153,234,1.95,11,17,3,1,0,2
4,502,461,293,482,2.09,11,17,3,1,0,2
6,486,329,260,408,0.65,11,17,3,1,0,0
1,334,533,240,434,2.47,11,17,3,1,0,2
9,177,211,113,194,1.38,11,17,3,1,0,2
3,437,346,244,392,0.67,11,17,3,1,0,0
8,253,353,172,303,1.14,11,17,3,1,0,2
5,297,253,169,275,1.52,11,17,3,1,0,2
7,441,295,235,368,2.32,11,17,3,1,0,2
2,194,307,139,250,2.22,11,17,3,1,0,2
0,181,190,110,186,0.76,11,17,3,1,0,2
4,186,182,111,184,1.46,11,17,3,1,0,2
6,247,438,186,342,0.71,11,17,3,1,0,0
1,187,474,170,330,1.81,11,17,3,1,0,2
9,192,428,162,310,2.2,11,17,3,1,0,2
3,353,277,197,315,1.52,11,17,3,1,0,2
8,432,326,238,379,0.94,11,17,3,1,0,2
5,203,244,130,224,1.21,11,17,3,1,0,2
7,262,328,170,295,2.23,11,17,3,1,0,2
2,534,256,265,395,2.14,11,17,3,1,0,2
0,331,221,177,276,2.14,11,17,3,1,0,2
4,385,504,255,444,2.31,11,17,3,1,0,2
6,312,305,186,308,2.41,11,17,3,1,0,2
1,232,414,176,323,0.63,11,17,3,1,0,0
9,375,414,233,394,0.96,11,17,3,1,0,2
3,355,530,248,442,1.69,11,17,3,1,0,2
8,485,316,257,400,2.29,12,17,3,1,0,2
5,358,197,183,278,1.51,12,17,3,1,0,2
7,431,202,213,316,0.52,12,17,3,1,0,0
2,445,210,220,328,1.75,12,17,3,1,0,2
0,296,499,218,398,0.92,12,17,3,1,0,2
4,246,484,195,365,0.73,12,17,3,1,0,0
6,167,398,146,282,0.51,12,17,3,1,0,0
1,414,229,211,322,0.68,12,17,3,1,0,0
9,352,260,193,306,0.9,12,17,3,1,0,2
3,313,380,201,346,1.34,12,17,3,1,0,2
8,333,371,207,352,0.71,12,17,3,1,0,0
5,331,243,181,287,0.83,12,17,3,1,0,2
7,191,452,167,322,0.87,12,17,3,1,0,2
2,536,437,302,486,0.87,12,17,3,1,0,2
0,401,339,228,370,1.5,12,17,3,1,0,2
4,230,277,147,254,1.16,12,17,3,1,0,2
6,345,184,175,264,1.22,12,17,3,1,0,2
1,362,361,217,362,2.31,12,17,3,1,0,2
9,228,234,138,231,0.75,12,17,3,1,0,2
3,491,527,302,509,2.41,12,17,3,1,0,2
8,159,223,108,191,2.02,12,17,3,1,0,2
5,241,305,157,273,0.72,12,17,3,1,0,0
7,413,340,233,376,1.75,12,17,3,1,0,2
2,433,404,254,418,0.73,12,17,3,1,0,0
0,361,407,226,384,1.01,12,17,3,1,0,2
4,358,265,196,312,0.89,12,17,3,1,0,2
6,151,327,126,239,2.23,12,17,3,1,0,2
1,238,191,133,214,0.67,12,17,3,1,0,0
9,277,160,143,218,0.73,12,17,3,1,0,0
3,387,309,217,348,2.13,12,17,3,1,0,2
8,490,458,288,474,1.89,12,17,3,1,0,2
5,279,223,156,251,2.34,12,17,3,1,0,2
7,445,336,245,390,2.28,12,17,3,1,0,2
2,268,367,181,318,1.78,12,17,3,1,0,2
0,331,239,180,285,1.91,12,17,3,1,0,2
4,216,360,158,288,1.15,12,17,3,1,0,2
6,495,496,297,496,2.24,12,17,3,1,0,2
1,229,195,131,212,1.03,12,17,3,1,0,2
9,176,272,125,224,1.1,12,17,3,1,0,2
3,421,539,276,480,1.58,12,17,3,1,0,2
8,225,188,128,206,0.63,13,17,3,1,0,0
5,247,499,199,373,0.6,13,17,3,1,0,0
7,482,262,245,372,2.35,13,17,3,1,0,2
2,377,417,234,397,0.85,13,17,3,1,0,2
0,382,349,223,366,1.51,13,17,3,1,0,2
4,340,368,210,354,1.93,13,17,3,1,0,2
6,273,528,215,400,1.36,13,17,3,1,0,2
1,269,412,190,340,2.45,13,17,3,1,0,2
9,417,442,255,430,2.22,13,17,3,1,0,2
3,404,186,199,295,1.64,13,17,3,1,0,2
8,275,176,145,226,1.02,13,17,3,1,0,2
5,268,401,187,334,2.06,13,17,3,1,0,2
7,367,490,245,428,1.8,13,17,3,1,0,2
2,175,393,149,284,1.49,13,17,3,1,0,2
0,482,461,285,472,1.6,13,17,3,1,0,2
4,285,263,167,274,1.73,13,17,3,1,0,2
6,260,223,149,242,2.01,13,17,3,1,0,2
1,386,543,263,464,0.58,13,17,3,1,0,0
9,403,231,207,317,1.61,13,17,3,1,0,2
3,185,545,183,365,1.85,13,17,3,1,0,2
8,379,449,241,414,2.48,13,17,3,1,0,2
5,305,532,228,418,1.78,13,17,3,1,0,2
7,270,175,143,222,0.81,13,17,3,1,0,2
2,417,150,197,284,1.01,13,17,3,1,0,2
0,153,308,123,230,1.5,13,17,3,1,0,2
4,269,486,205,378,1.44,13,17,3,1,0,2
6,464,442,274,453,1.2,13,17,3,1,0,2
1,430,495,271,462,2.33,13,17,3,1,0,2
9,484,208,235,346,0.87,13,17,3,1,0,2
3,326,364,203,345,1.52,13,17,3,1,0,2
8,535,506,315,520,1.7,13,17,3,1,0,2
5,183,224,118,204,1.85,13,17,3,1,0,2
7,379,156,183,268,1.29,13,17,3,1,0,2
2,516,337,274,426,2.16,13,17,3,1,0,2
0,524,530,316,527,1.32,13,17,3,1,0,2
4,531,186,250,358,1.68,13,17,3,1,0,2
6,245,355,169,300,1.78,13,17,3,1,0,2
1,351,166,174,258,2.41,13,17,3,1,0,2
9,271,266,162,268,1.38,13,17,3,1,0,2
3,472,267,242,370,1.05,13,17,3,1,0,2
8,198,436,166,317,0.96,14,17,3,1,0,2
5,276,303,171,290,0.97,14,17,3,1,0,2
7,384,491,252,438,0.64,14,17,3,1,0,0
2,455,459,274,457,2.01,14,17,3,1,0,2
0,431,203,213,317,1.73,14,17,3,1,0,2
4,232,161,125,196,0.61,14,17,3,1,0,0
6,527,397,290,462,2.33,14,17,3,1,0,2
1,258,183,140,220,1.52,14,17,3,1,0,2
9,428,475,266,452,2.47,14,17,3,1,0,2
3,471,337,256,404,2.0,14,17,3,1,0,2
8,324,407,211,366,2.01,14,17,3,1,0,2
5,274,541,218,408,2.24,14,17,3,1,0,2
7,301,162,153,232,1.61,14,17,3,1,0,2
2,252,268,154,260,2.13,14,17,3,1,0,2
0,265,164,139,214,1.83,14,17,3,1,0,2
4,367,400,227,384,0.5,14,17,3,1,0,0
6,154,435,149,294,2.2,14,17,3,1,0,2
1,362,324,210,343,0.6,14,17,3,1,0,0
9,442,478,272,460,0.87,14,17,3,1,0,2
3,276,299,170,288,1.68,14,17,3,1,0,2
8,252,406,182,329,2.19,14,17,3,1,0,2
5,288,414,198,351,1.76,14,17,3,1,0,2
7,406,505,263,456,1.2,14,17,3,1,0,2
2,456,271,237,364,0.62,14,17,3,1,0,0
0,406,232,209,319,1.44,14,17,3,1,0,2
4,530,461,304,496,1.13,14,17,3,1,0,2
6,254,188,139,221,0.77,14,17,3,1,0,2
1,457,215,226,336,1.38,14,17,3,1,0,2
9,186,333,141,260,0.88,14,17,3,1,0,2
3,415,227,211,321,1.93,14,17,3,1,0,2
8,530,305,273,418,0.93,14,17,3,1,0,2
5,257,213,145,235,0.86,14,17,3,1,0,2
7,150,449,150,300,1.97,14,17,3,1,0,2
2,220,280,144,250,0.91,14,17,3,1,0,2
0,299,342,188,320,0.81,14,17,3,1,0,2
4,265,468,200,366,2.06,14,17,3,1,0,2
6,285,293,173,289,1.0,14,17,3,1,0,2
1,540,242,264,391,1.67,14,17,3,1,0,2
9,326,201,171,264,1.89,14,17,3,1,0,2
3,168,195,106,182,0.55,14,17,3,1,0,0
8,427,343,239,385,2.13,15,17,3,1,0,2
5,281,464,205,372,1.41,15,17,3,1,0,2
7,347,182,175,264,1.03,15,17,3,1,0,2
2,525,201,250,363,1.32,15,17,3,1,0,2
0,337,356,206,346,1.49,15,17,3,1,0,2
4,367,276,202,322,2.0,15,17,3,1,0,2
6,492,378,272,435,2.38,15,17,3,1,0,2
1,409,540,272,474,2.16,15,17,3,1,0,2
9,312,369,199,340,1.08,15,17,3,1,0,2
3,508,543,312,526,1.11,15,17,3,1,0,2
8,269,532,214,400,1.15,15,17,3,1,0,2
5,344,536,245,440,1.18,15,17,3,1,0,2
7,538,459,307,498,0.68,15,17,3,1,0,0
2,278,391,189,334,1.2,15,17,3,1,0,2
0,309,441,212,375,2.36,15,17,3,1,0,2
4,491,509,298,500,0.7,15,17,3,1,0,0
6,212,411,167,312,1.9,15,17,3,1,0,2
1,441,329,242,385,1.19,15,17,3,1,0,2
9,169,424,152,296,0.75,15,17,3,1,0,2
3,157,409,145,283,2.03,15,17,3,1,0,2
8,492,470,291,481,2.5,15,17,3,1,0,2
5,451,206,222,328,2.4,15,17,3,1,0,2
7,210,506,185,358,1.05,15,17,3,1,0,2
2,236,275,149,256,2.37,15,17,3,1,0,2
0,359,495,243,427,1.09,15,17,3,1,0,2
4,362,460,237,411,2.42,15,17,3,1,0,2
6,453,390,259,422,1.26,15,17,3,1,0,2
1,266,214,149,240,1.27,15,17,3,1,0,2
9,383,183,190,283,0.68,15,17,3,1,0,0
3,415,297,225,356,1.9,15,17,3,1,0,2
8,442,210,219,326,2.49,15,17,3,1,0,2
5,314,391,204,352,1.87,15,17,3,1,0,2
7,461,376,260,418,2.21,15,17,3,1,0,2
2,494,479,293,486,1.62,15,17,3,1,0,2
0,523,541,317,532,0.81,15,17,3,1,0,2
4,276,517,214,396,0.82,15,17,3,1,0,2
6,467,165,220,316,1.83,15,17,3,1,0,2
1,547,444,308,496,1.34,15,17,3,1,0,2
9,527,462,303,494,0.5,15,17,3,1,0,0
3,269,293,166,281,1.43,15,17,3,1,0,2
8,545,180,254,362,1.44,16,17,3,1,0,2
5,429,459,263,444,0.7,16,17,3,1,0,0
7,380,222,196,301,1.03,16,17,3,1,0,2
2,542,267,270,404,1.81,16,17,3,1,0,2
0,364,473,240,418,2.32,16,17,3,1,0,2
4,451,274,235,362,0.59,16,17,3,1,0,0
6,508,530,309,519,1.05,16,17,3,1,0,2
1,448,197,219,322,1.15,16,17,3,1,0,2
9,528,466,304,497,1.8,16,17,3,1,0,2
3,251,388,178,320,0.82,16,17,3,1,0,2
8,198,441,167,320,1.75,16,17,3,1,0,2
5,259,184,140,222,0.6,16,17,3,1,0,0
7,150,475,155,312,1.95,16,17,3,1,0,2
2,258,338,171,298,0.52,16,17,3,1,0,0
0,217,251,137,234,2.31,16,17,3,1,0,2
4,162,408,146,285,2.02,16,17,3,1,0,2
6,249,531,206,390,0.73,16,17,3,1,0,0
1,442,425,262,434,0.85,16,17,3,1,0,2
9,153,373,136,263,0.7,16,17,3,1,0,0
3,150,380,136,265,1.29,16,17,3,1,0,2
8,323,487,227,405,1.29,16,17,3,1,0,2
5,200,216,123,208,2.47,16,17,3,1,0,2
7,296,322,183,309,0.81,16,17,3,1,0,2
2,162,482,161,322,2.36,16,17,3,1,0,2
0,240,318,160,279,1.95,16,17,3,1,0,2
4,297,325,184,311,0.75,16,17,3,1,0,2
6,548,322,284,435,2.11,16,17,3,1,0,2
1,519,462,300,490,0.53,16,17,3,1,0,0
9,439,367,249,403,1.25,16,17,3,1,0,2
3,432,167,206,300,0.94,16,17,3,1,0,2
8,268,246,156,257,1.56,16,17,3,1,0,2
5,171,255,119,213,2.3,16,17,3,1,0,2
7,523,427,295,475,0.74,16,17,3,1,0,0
2,229,355,163,292,2.45,16,17,3,1,0,2
0,177,383,147,280,1.25,16,17,3,1,0,2
4,455,421,266,438,1.2,16,17,3,1,0,2
6,177,293,129,235,1.03,16,17,3,1,0,2
1,421,202,209,312,2.22,16,17,3,1,0,2
9,264,470,200,367,0.78,16,17,3,1,0,2
3,171,198,108,184,2.03,16,17,3,1,0,2
8,913,1545,674,1229,3.48,17,17,3,1,0,2
5,603,2725,786,1664,4.19,17,17,3,1,0,2
7,911,1512,667,1212,5.56,17,17,3,1,0,2
2,901,1952,751,1426,3.74,17,17,3,1,0,2
0,1124,2435,937,1780,3.06,17,17,3,1,0,2
4,824,1970,724,1397,4.44,17,17,3,1,0,2
6,804,2535,829,1670,4.94,17,17,3,1,0,2
1,953,2061,793,1507,5.73,17,17,3,1,0,2
9,697,1196,518,946,4.35,17,17,3,1,0,2
3,1151,2626,986,1888,5.63,17,17,3,1,0,2
8,934,2553,884,1744,4.5,17,17,3,1,0,2
5,608,1204,484,906,3.56,17,17,3,1,0,2
7,726,1140,518,933,5.01,17,17,3,1,0,2
2,621,2181,685,1401,3.67,17,17,3,1,0,2
0,1159,2684,1000,1922,3.03,17,17,3,1,0,2
4,770,1130,534,950,4.1,17,17,3,1,0,2
6,861,2433,831,1647,5.75,17,17,3,1,0,2
1,930,1406,653,1168,3.96,17,17,3,1,0,2
9,619,2525,753,1572,4.92,17,17,3,1,0,2
3,605,2695,781,1650,4.04,17,17,3,1,0,2
8,1063,2731,971,1897,3.16,17,17,3,1,0,2
5,828,1547,641,1188,4.87,17,17,3,1,0,2
7,1193,1443,766,1318,3.02,17,17,3,1,0,2
2,1117,2311,909,1714,4.17,17,17,3,1,0,2
0,979,2119,815,1549,5.01,17,17,3,1,0,2
4,672,2012,671,1342,3.64,17,17,3,1,0,2
6,1008,1837,771,1422,4.36,17,17,3,1,0,2
1,856,1212,585,1034,3.04,17,17,3,1,0,2
9,814,2157,757,1486,4.7,17,17,3,1,0,2
3,736,1817,658,1276,3.39,17,17,3,1,0,2
8,675,1820,634,1248,4.21,17,17,3,1,0,2
5,874,1590,668,1232,5.2,17,17,3,1,0,2
7,849,2442,828,1646,5.38,17,17,3,1,0,2
2,1144,1991,856,1568,3.09,17,17,3,1,0,2
0,1115,1155,677,1135,4.04,17,17,3,1,0,2
4,1140,1631,782,1386,4.37,17,17,3,1,0,2
6,998,2335,866,1666,4.44,17,17,3,1,0,2
1,667,2287,724,1477,5.47,17,17,3,1,0,2
9,1051,2281,877,1666,4.99,17,17,3,1,0,2
3,826,2356,802,1591,4.87,17,17,3,1,0,2
8,719,2183,724,1451,5.23,18,17,3,1,0,2
5,1007,2684,940,1846,4.44,18,17,3,1,0,2
7,664,2009,667,1336,4.09,18,17,3,1,0,2
2,621,1885,625,1253,3.53,18,17,3,1,0,2
0,998,2643,928,1820,4.02,18,17,3,1,0,2
4,1031,1528,718,1280,4.59,18,17,3,1,0,2
6,1040,1770,770,1405,3.81,18,17,3,1,0,2
1,620,2163,681,1392,5.0,18,17,3,1,0,2
9,829,2277,787,1553,4.66,18,17,3,1,0,2
3,1015,2689,944,1852,3.7,18,17,3,1,0,2
8,896,1703,699,1300,5.48,18,17,3,1,0,2
5,957,1524,688,1240,5.42,18,17,3,1,0,2
7,1134,1202,694,1168,5.74,18,17,3,1,0,2
2,948,2372,854,1660,3.84,18,17,3,1,0,2
0,635,2496,753,1566,4.11,18,17,3,1,0,2
4,1141,2489,954,1815,4.77,18,17,3,1,0,2
6,1147,1890,837,1518,5.5,18,17,3,1,0,2
1,819,2162,760,1490,3.08,18,17,3,1,0,2
9,1146,2574,973,1860,3.85,18,17,3,1,0,2
3,712,2583,801,1648,5.47,18,17,3,1,0,2
8,1044,1835,785,1440,5.03,18,17,3,1,0,2
5,736,2277,750,1506,5.29,18,17,3,1,0,2
7,1179,1674,806,1426,3.89,18,17,3,1,0,2
2,1081,2093,851,1587,4.64,18,17,3,1,0,2
0,855,2607,863,1731,5.11,18,17,3,1,0,2
4,604,1126,467,865,3.79,18,17,3,1,0,2
6,912,2139,793,1526,5.27,18,17,3,1,0,2
1,968,1064,600,1016,5.6,18,17,3,1,0,2
9,957,2056,794,1506,4.6,18,17,3,1,0,2
3,1071,2196,868,1634,4.11,18,17,3,1,0,2
8,1147,1563,771,1355,5.51,18,17,3,1,0,2
5,1109,2083,860,1596,4.72,18,17,3,1,0,2
7,1012,2028,810,1520,5.6,18,17,3,1,0,2
2,1161,1980,860,1570,3.26,18,17,3,1,0,2
0,707,2089,701,1398,4.98,18,17,3,1,0,2
4,672,1105,490,888,4.12,18,17,3,1,0,2
6,995,2263,851,1629,3.11,18,17,3,1,0,2
1,990,2323,861,1656,3.53,18,17,3,1,0,2
9,1149,1877,835,1513,5.31,18,17,3,1,0,2
3,675,2465,763,1570,5.45,18,17,3,1,0,2
8,728,1211,533,970,4.19,19,17,3,1,0,2
5,918,1380,643,1149,3.11,19,17,3,1,0,2
7,997,1909,781,1453,4.62,19,17,3,1,0,2
2,712,1055,496,884,5.23,19,17,3,1,0,2
0,689,1831,642,1260,4.2,19,17,3,1,0,2
4,903,1813,724,1358,3.56,19,17,3,1,0,2
6,790,1596,635,1193,4.68,19,17,3,1,0,2
1,817,2266,780,1542,4.98,19,17,3,1,0,2
9,816,2050,736,1433,4.17,19,17,3,1,0,2
3,907,2047,772,1477,3.76,19,17,3,1,0,2
8,743,1591,615,1167,3.29,19,17,3,1,0,2
5,1123,2095,868,1609,3.27,19,17,3,1,0,2
7,970,2340,856,1655,5.44,19,17,3,1,0,2
2,943,1786,734,1364,4.46,19,17,3,1,0,2
0,1070,2602,948,1836,4.96,19,17,3,1,0,2
4,643,2621,781,1632,4.87,19,17,3,1,0,2
6,678,1754,622,1216,3.21,19,17,3,1,0,2
1,754,1363,574,1058,3.61,19,17,3,1,0,2
9,902,1623,685,1262,4.0,19,17,3,1,0,2
3,722,1322,553,1022,5.58,19,17,3,1,0,2
8,973,1197,629,1085,4.62,19,17,3,1,0,2
5,1118,1554,758,1336,3.72,19,17,3,1,0,2
7,1154,2527,967,1840,5.59,19,17,3,1,0,2
2,968,1258,639,1113,4.81,19,17,3,1,0,2
0,1062,1568,738,1315,4.43,19,17,3,1,0,2
4,1191,1747,826,1469,3.82,19,17,3,1,0,2
6,618,1023,452,820,4.89,19,17,3,1,0,2
1,1041,1242,665,1142,5.53,19,17,3,1,0,2
9,651,1535,567,1093,3.12,19,17,3,1,0,2
3,713,2384,762,1548,4.56,19,17,3,1,0,2
8,775,1518,614,1146,4.92,19,17,3,1,0,2
5,1140,2361,928,1750,3.99,19,17,3,1,0,2
7,878,1373,626,1126,5.02,19,17,3,1,0,2
2,831,1410,614,1120,5.51,19,17,3,1,0,2
0,909,1493,662,1201,5.12,19,17,3,1,0,2
4,1156,2314,925,1735,3.63,19,17,3,1,0,2
6,687,2528,780,1608,3.47,19,17,3,1,0,2
1,787,1836,682,1312,3.01,19,17,3,1,0,2
9,962,1234,632,1098,4.48,19,17,3,1,0,2
3,713,1480,581,1096,5.03,19,17,3,1,0,2
8,1180,2036,879,1608,3.48,20,17,3,1,0,2
5,677,2436,758,1556,5.77,20,17,3,1,0,2
7,819,1080,544,950,5.18,20,17,3,1,0,2
2,1001,2789,958,1895,5.63,20,17,3,1,0,2
0,685,2619,798,1652,3.8,20,17,3,1,0,2
4,620,2755,799,1688,4.98,20,17,3,1,0,2
6,763,1754,656,1258,5.14,20,17,3,1,0,2
1,1076,1105,651,1090,4.75,20,17,3,1,0,2
9,1115,1768,800,1442,3.93,20,17,3,1,0,2
3,1047,2782,975,1914,5.11,20,17,3,1,0,2
8,974,2419,873,1696,5.36,20,17,3,1,0,2
5,815,2008,728,1412,4.77,20,17,3,1,0,2
7,731,1724,637,1228,4.94,20,17,3,1,0,2
2,785,1349,584,1067,4.81,20,17,3,1,0,2
0,911,1055,575,983,5.08,20,17,3,1,0,2
4,959,2488,881,1724,3.59,20,17,3,1,0,2
6,620,1151,478,886,3.82,20,17,3,1,0,2
1,1014,1721,750,1368,4.3,20,17,3,1,0,2
9,1193,2263,930,1728,5.25,20,17,3,1,0,2
3,758,2563,816,1660,3.79,20,17,3,1,0,2
8,742,2186,734,1464,3.11,20,17,3,1,0,2
5,1019,2765,961,1892,4.24,20,17,3,1,0,2
7,818,2607,849,1712,4.26,20,17,3,1,0,2
2,1018,1277,663,1148,4.83,20,17,3,1,0,2
0,906,2327,828,1616,5.79,20,17,3,1,0,2
4,707,2511,785,1609,3.31,20,17,3,1,0,2
6,819,1123,552,971,5.67,20,17,3,1,0,2
1,671,1750,618,1210,4.82,20,17,3,1,0,2
9,783,1728,659,1256,5.13,20,17,3,1,0,2
3,1080,2317,895,1698,3.34,20,17,3,1,0,2
8,805,1124,547,964,4.15,20,17,3,1,0,2
5,669,2327,733,1498,5.56,20,17,3,1,0,2
7,751,1822,665,1286,3.62,20,17,3,1,0,2
2,966,1815,749,1390,5.06,20,17,3,1,0,2
0,1012,2560,917,1786,3.81,20,17,3,1,0,2
4,1161,1681,801,1421,3.21,20,17,3,1,0,2
6,1040,2458,908,1749,3.99,20,17,3,1,0,2
1,1064,1069,639,1066,4.25,20,17,3,1,0,2
9,944,2213,820,1578,4.24,20,17,3,1,0,2
3,736,2012,697,1374,4.58,20,17,3,1,0,2
8,369,452,238,410,0.66,21,17,3,1,0,0
5,209,387,161,298,1.47,21,17,3,1,0,2
7,362,365,218,364,1.84,21,17,3,1,0,2
2,236,195,133,216,1.4,21,17,3,1,0,2
0,501,523,305,512,0.85,21,17,3,1,0,2
4,309,433,210,371,0.6,21,17,3,1,0,0
6,333,508,235,420,0.55,21,17,3,1,0,0
1,508,498,303,503,2.41,21,17,3,1,0,2
9,456,299,242,378,2.04,21,17,3,1,0,2
3,390,189,194,290,1.66,21,17,3,1,0,2
8,436,249,224,342,1.36,21,17,3,1,0,2
5,543,251,267,397,0.96,21,17,3,1,0,2
7,525,463,303,494,1.58,21,17,3,1,0,2
2,531,442,301,486,0.62,21,17,3,1,0,0
0,161,548,174,354,0.92,21,17,3,1,0,2
4,440,486,273,463,2.45,21,17,3,1,0,2
6,495,214,241,354,1.63,21,17,3,1,0,2
1,274,509,211,392,2.2,21,17,3,1,0,2
9,180,212,114,196,0.95,21,17,3,1,0,2
3,430,349,242,390,0.53,21,17,3,1,0,0
8,359,151,174,255,1.82,21,17,3,1,0,2
5,538,158,247,348,0.61,21,17,3,1,0,0
7,470,150,218,310,0.8,21,17,3,1,0,2
2,505,461,294,483,0.89,21,17,3,1,0,2
0,335,501,234,418,1.91,21,17,3,1,0,2
4,197,502,179,350,1.77,21,17,3,1,0,2
6,462,380,261,421,2.2,21,17,3,1,0,2
1,539,366,289,452,2.1,21,17,3,1,0,2
9,214,510,188,362,0.94,21,17,3,1,0,2
3,319,283,184,301,1.05,21,17,3,1,0,2
8,319,254,178,286,0.84,21,17,3,1,0,2
5,442,469,271,456,1.15,21,17,3,1,0,2
7,419,174,202,296,1.44,21,17,3,1,0,2
2,353,155,172,254,0.86,21,17,3,1,0,2
0,485,436,281,460,1.31,21,17,3,1,0,2
4,196,283,135,240,1.27,21,17,3,1,0,2
6,199,425,165,312,1.79,21,17,3,1,0,2
1,218,547,197,382,1.29,21,17,3,1,0,2
9,520,484,305,502,1.2,21,17,3,1,0,2
3,150,466,153,308,0.87,21,17,3,1,0,2
8,532,354,284,443,2.24,22,17,3,1,0,2
5,329,172,166,250,2.03,22,17,3,1,0,2
7,225,219,134,222,1.23,22,17,3,1,0,2
2,506,518,306,512,1.05,22,17,3,1,0,2
0,375,232,196,304,1.85,22,17,3,1,0,2
4,300,178,156,239,0.78,22,17,3,1,0,2
6,249,311,162,280,0.92,22,17,3,1,0,2
1,454,399,261,426,0.98,22,17,3,1,0,2
9,522,534,316,528,1.95,22,17,3,1,0,2
3,172,221,113,196,0.57,22,17,3,1,0,0
8,436,168,208,302,1.71,22,17,3,1,0,2
5,533,195,252,364,0.86,22,17,3,1,0,2
7,401,329,226,365,1.58,22,17,3,1,0,2
2,344,231,184,288,1.1,22,17,3,1,0,2
0,165,181,102,173,2.43,22,17,3,1,0,2
4,209,175,119,192,1.11,22,17,3,1,0,2
6,376,286,208,331,1.9,22,17,3,1,0,2
1,445,363,251,404,1.58,22,17,3,1,0,2
9,423,212,212,318,2.24,22,17,3,1,0,2
3,335,482,230,408,2.21,22,17,3,1,0,2
8,298,347,189,322,2.07,22,17,3,1,0,2
5,358,359,215,358,1.1,22,17,3,1,0,2
7,319,419,211,369,2.33,22,17,3,1,0,2
2,189,515,179,352,1.11,22,17,3,1,0,2
0,361,518,248,440,1.63,22,17,3,1,0,2
4,451,382,257,416,1.43,22,17,3,1,0,2
6,311,259,176,285,1.35,22,17,3,1,0,2
1,159,520,168,340,2.47,22,17,3,1,0,2
9,382,295,212,338,1.62,22,17,3,1,0,2
3,301,346,190,324,0.74,22,17,3,1,0,0
8,221,258,140,240,0.84,22,17,3,1,0,2
5,189,521,180,355,1.52,22,17,3,1,0,2
7,370,402,228,386,1.74,22,17,3,1,0,2
2,468,186,224,327,1.67,22,17,3,1,0,2
0,222,542,197,382,2.28,22,17,3,1,0,2
4,280,219,156,250,1.04,22,17,3,1,0,2
6,549,156,251,352,1.82,22,17,3,1,0,2
1,408,463,256,436,1.16,22,17,3,1,0,2
9,217,215,130,216,0.72,22,17,3,1,0,0
3,290,177,151,234,1.46,22,17,3,1,0,2
8,420,266,221,343,2.03,23,17,3,1,0,2
5,272,525,214,398,2.13,23,17,3,1,0,2
7,185,372,148,278,1.72,23,17,3,1,0,2
2,472,544,298,508,1.81,23,17,3,1,0,2
0,259,284,160,272,2.14,23,17,3,1,0,2
4,179,220,116,200,1.14,23,17,3,1,0,2
6,520,345,277,432,1.94,23,17,3,1,0,2
1,197,535,186,366,1.77,23,17,3,1,0,2
9,157,401,143,279,1.16,23,17,3,1,0,2
3,313,279,181,296,1.05,23,17,3,1,0,2
8,381,245,201,313,0.63,23,17,3,1,0,0
5,259,278,159,268,1.07,23,17,3,1,0,2
7,272,381,185,326,1.64,23,17,3,1,0,2
2,482,278,248,380,0.81,23,17,3,1,0,2
0,475,208,232,342,1.12,23,17,3,1,0,2
4,506,198,242,352,1.23,23,17,3,1,0,2
6,449,310,242,380,2.39,23,17,3,1,0,2
1,546,422,303,484,0.62,23,17,3,1,0,0
9,362,154,176,258,1.08,23,17,3,1,0,2
3,228,365,164,296,0.7,23,17,3,1,0,0
8,332,284,190,308,1.77,23,17,3,1,0,2
5,257,410,185,334,1.73,23,17,3,1,0,2
7,447,381,255,414,0.56,23,17,3,1,0,0
2,537,350,285,444,0.74,23,17,3,1,0,0
0,255,535,209,395,1.05,23,17,3,1,0,2
4,357,319,207,338,0.53,23,17,3,1,0,0
6,274,424,194,349,1.23,23,17,3,1,0,2
1,250,488,198,369,2.34,23,17,3,1,0,2
9,376,441,239,408,1.2,23,17,3,1,0,2
3,510,238,252,374,2.18,23,17,3,1,0,2
8,533,516,316,524,2.39,23,17,3,1,0,2
5,488,151,225,320,1.46,23,17,3,1,0,2
7,238,317,159,278,1.54,23,17,3,1,0,2
2,395,440,246,418,1.1,23,17,3,1,0,2
0,463,240,233,352,1.85,23,17,3,1,0,2
4,540,184,253,362,2.19,23,17,3,1,0,2
6,177,471,165,324,1.56,23,17,3,1,0,2
1,528,437,299,482,1.38,23,17,3,1,0,2
9,533,534,320,534,1.76,23,17,3,1,0,2
3,396,304,219,350,0.79,23,17,3,1,0,2
8,0,0,0,0,0.0,0,18,3,2,0,1
5,0,0,0,0,0.0,0,18,3,2,0,1
7,0,0,0,0,0.0,0,18,3,2,0,1
2,0,0,0,0,0.0,0,18,3,2,0,1
0,0,0,0,0,0.0,0,18,3,2,0,1
4,0,0,0,0,0.0,0,18,3,2,0,1
6,0,0,0,0,0.0,0,18,3,2,0,1
1,0,0,0,0,0.0,0,18,3,2,0,1
9,0,0,0,0,0.0,0,18,3,2,0,1
3,0,0,0,0,0.0,0,18,3,2,0,1
8,0,0,0,0,0.0,0,18,3,2,0,1
5,0,0,0,0,0.0,0,18,3,2,0,1
7,0,0,0,0,0.0,0,18,3,2,0,1
2,0,0,0,0,0.0,0,18,3,2,0,1
0,0,0,0,0,0.0,0,18,3,2,0,1
4,0,0,0,0,0.0,0,18,3,2,0,1
6,0,0,0,0,0.0,0,18,3,2,0,1
1,0,0,0,0,0.0,0,18,3,2,0,1
9,0,0,0,0,0.0,0,18,3,2,0,1
3,0,0,0,0,0.0,0,18,3,2,0,1
8,0,0,0,0,0.0,0,18,3,2,0,1
5,0,0,0,0,0.0,0,18,3,2,0,1
7,0,0,0,0,0.0,0,18,3,2,0,1
2,0,0,0,0,0.0,0,18,3,2,0,1
0,0,0,0,0,0.0,0,18,3,2,0,1
4,0,0,0,0,0.0,0,18,3,2,0,1
6,0,0,0,0,0.0,0,18,3,2,0,1
1,0,0,0,0,0.0,0,18,3,2,0,1
9,0,0,0,0,0.0,0,18,3,2,0,1
3,0,0,0,0,0.0,0,18,3,2,0,1
8,0,0,0,0,0.0,0,18,3,2,0,1
5,0,0,0,0,0.0,0,18,3,2,0,1
7,0,0,0,0,0.0,0,18,3,2,0,1
2,0,0,0,0,0.0,0,18,3,2,0,1
0,0,0,0,0,0.0,0,18,3,2,0,1
4,0,0,0,0,0.0,0,18,3,2,0,1
6,0,0,0,0,0.0,0,18,3,2,0,1
1,0,0,0,0,0.0,0,18,3,2,0,1
9,0,0,0,0,0.0,0,18,3,2,0,1
3,0,0,0,0,0.0,0,18,3,2,0,1
8,0,0,0,0,0.0,1,18,3,2,0,1
5,0,0,0,0,0.0,1,18,3,2,0,1
7,0,0,0,0,0.0,1,18,3,2,0,1
2,0,0,0,0,0.0,1,18,3,2,0,1
0,0,0,0,0,0.0,1,18,3,2,0,1
4,0,0,0,0,0.0,1,18,3,2,0,1
6,0,0,0,0,0.0,1,18,3,2,0,1
1,0,0,0,0,0.0,1,18,3,2,0,1
9,0,0,0,0,0.0,1,18,3,2,0,1
3,0,0,0,0,0.0,1,18,3,2,0,1
8,0,0,0,0,0.0,1,18,3,2,0,1
5,0,0,0,0,0.0,1,18,3,2,0,1
7,0,0,0,0,0.0,1,18,3,2,0,1
2,0,0,0,0,0.0,1,18,3,2,0,1
0,0,0,0,0,0.0,1,18,3,2,0,1
4,0,0,0,0,0.0,1,18,3,2,0,1
6,0,0,0,0,0.0,1,18,3,2,0,1
1,0,0,0,0,0.0,1,18,3,2,0,1
9,0,0,0,0,0.0,1,18,3,2,0,1
3,0,0,0,0,0.0,1,18,3,2,0,1
8,0,0,0,0,0.0,1,18,3,2,0,1
5,0,0,0,0,0.0,1,18,3,2,0,1
7,0,0,0,0,0.0,1,18,3,2,0,1
2,0,0,0,0,0.0,1,18,3,2,0,1
0,0,0,0,0,0.0,1,18,3,2,0,1
4,0,0,0,0,0.0,1,18,3,2,0,1
6,0,0,0,0,0.0,1,18,3,2,0,1
1,0,0,0,0,0.0,1,18,3,2,0,1
9,0,0,0,0,0.0,1,18,3,2,0,1
3,0,0,0,0,0.0,1,18,3,2,0,1
8,0,0,0,0,0.0,1,18,3,2,0,1
5,0,0,0,0,0.0,1,18,3,2,0,1
7,0,0,0,0,0.0,1,18,3,2,0,1
2,0,0,0,0,0.0,1,18,3,2,0,1
0,0,0,0,0,0.0,1,18,3,2,0,1
4,0,0,0,0,0.0,1,18,3,2,0,1
6,0,0,0,0,0.0,1,18,3,2,0,1
1,0,0,0,0,0.0,1,18,3,2,0,1
9,0,0,0,0,0.0,1,18,3,2,0,1
3,0,0,0,0,0.0,1,18,3,2,0,1
8,0,0,0,0,0.0,2,18,3,2,0,1
5,0,0,0,0,0.0,2,18,3,2,0,1
7,0,0,0,0,0.0,2,18,3,2,0,1
2,0,0,0,0,0.0,2,18,3,2,0,1
0,0,0,0,0,0.0,2,18,3,2,0,1
4,0,0,0,0,0.0,2,18,3,2,0,1
6,0,0,0,0,0.0,2,18,3,2,0,1
1,0,0,0,0,0.0,2,18,3,2,0,1
9,0,0,0,0,0.0,2,18,3,2,0,1
3,0,0,0,0,0.0,2,18,3,2,0,1
8,0,0,0,0,0.0,2,18,3,2,0,1
5,0,0,0,0,0.0,2,18,3,2,0,1
7,0,0,0,0,0.0,2,18,3,2,0,1
2,0,0,0,0,0.0,2,18,3,2,0,1
0,0,0,0,0,0.0,2,18,3,2,0,1
4,0,0,0,0,0.0,2,18,3,2,0,1
6,0,0,0,0,0.0,2,18,3,2,0,1
1,0,0,0,0,0.0,2,18,3,2,0,1
9,0,0,0,0,0.0,2,18,3,2,0,1
3,0,0,0,0,0.0,2,18,3,2,0,1
8,0,0,0,0,0.0,2,18,3,2,0,1
5,0,0,0,0,0.0,2,18,3,2,0,1
7,0,0,0,0,0.0,2,18,3,2,0,1
2,0,0,0,0,0.0,2,18,3,2,0,1
0,0,0,0,0,0.0,2,18,3,2,0,1
4,0,0,0,0,0.0,2,18,3,2,0,1
6,0,0,0,0,0.0,2,18,3,2,0,1
1,0,0,0,0,0.0,2,18,3,2,0,1
9,0,0,0,0,0.0,2,18,3,2,0,1
3,0,0,0,0,0.0,2,18,3,2,0,1
8,0,0,0,0,0.0,2,18,3,2,0,1
5,0,0,0,0,0.0,2,18,3,2,0,1
7,0,0,0,0,0.0,2,18,3,2,0,1
2,0,0,0,0,0.0,2,18,3,2,0,1
0,0,0,0,0,0.0,2,18,3,2,0,1
4,0,0,0,0,0.0,2,18,3,2,0,1
6,0,0,0,0,0.0,2,18,3,2,0,1
1,0,0,0,0,0.0,2,18,3,2,0,1
9,0,0,0,0,0.0,2,18,3,2,0,1
3,0,0,0,0,0.0,2,18,3,2,0,1
8,0,0,0,0,0.0,3,18,3,2,0,1
5,0,0,0,0,0.0,3,18,3,2,0,1
7,0,0,0,0,0.0,3,18,3,2,0,1
2,0,0,0,0,0.0,3,18,3,2,0,1
0,0,0,0,0,0.0,3,18,3,2,0,1
4,0,0,0,0,0.0,3,18,3,2,0,1
6,0,0,0,0,0.0,3,18,3,2,0,1
1,0,0,0,0,0.0,3,18,3,2,0,1
9,0,0,0,0,0.0,3,18,3,2,0,1
3,0,0,0,0,0.0,3,18,3,2,0,1
8,0,0,0,0,0.0,3,18,3,2,0,1
5,0,0,0,0,0.0,3,18,3,2,0,1
7,0,0,0,0,0.0,3,18,3,2,0,1
2,0,0,0,0,0.0,3,18,3,2,0,1
0,0,0,0,0,0.0,3,18,3,2,0,1
4,0,0,0,0,0.0,3,18,3,2,0,1
6,0,0,0,0,0.0,3,18,3,2,0,1
1,0,0,0,0,0.0,3,18,3,2,0,1
9,0,0,0,0,0.0,3,18,3,2,0,1
3,0,0,0,0,0.0,3,18,3,2,0,1
8,0,0,0,0,0.0,3,18,3,2,0,1
5,0,0,0,0,0.0,3,18,3,2,0,1
7,0,0,0,0,0.0,3,18,3,2,0,1
2,0,0,0,0,0.0,3,18,3,2,0,1
0,0,0,0,0,0.0,3,18,3,2,0,1
4,0,0,0,0,0.0,3,18,3,2,0,1
6,0,0,0,0,0.0,3,18,3,2,0,1
1,0,0,0,0,0.0,3,18,3,2,0,1
9,0,0,0,0,0.0,3,18,3,2,0,1
3,0,0,0,0,0.0,3,18,3,2,0,1
8,0,0,0,0,0.0,3,18,3,2,0,1
5,0,0,0,0,0.0,3,18,3,2,0,1
7,0,0,0,0,0.0,3,18,3,2,0,1
2,0,0,0,0,0.0,3,18,3,2,0,1
0,0,0,0,0,0.0,3,18,3,2,0,1
4,0,0,0,0,0.0,3,18,3,2,0,1
6,0,0,0,0,0.0,3,18,3,2,0,1
1,0,0,0,0,0.0,3,18,3,2,0,1
9,0,0,0,0,0.0,3,18,3,2,0,1
3,0,0,0,0,0.0,3,18,3,2,0,1
8,0,0,0,0,0.0,4,18,3,2,0,1
5,0,0,0,0,0.0,4,18,3,2,0,1
7,0,0,0,0,0.0,4,18,3,2,0,1
2,0,0,0,0,0.0,4,18,3,2,0,1
0,0,0,0,0,0.0,4,18,3,2,0,1
4,0,0,0,0,0.0,4,18,3,2,0,1
6,0,0,0,0,0.0,4,18,3,2,0,1
1,0,0,0,0,0.0,4,18,3,2,0,1
9,0,0,0,0,0.0,4,18,3,2,0,1
3,0,0,0,0,0.0,4,18,3,2,0,1
8,0,0,0,0,0.0,4,18,3,2,0,1
5,0,0,0,0,0.0,4,18,3,2,0,1
7,0,0,0,0,0.0,4,18,3,2,0,1
2,0,0,0,0,0.0,4,18,3,2,0,1
0,0,0,0,0,0.0,4,18,3,2,0,1
4,0,0,0,0,0.0,4,18,3,2,0,1
6,0,0,0,0,0.0,4,18,3,2,0,1
1,0,0,0,0,0.0,4,18,3,2,0,1
9,0,0,0,0,0.0,4,18,3,2,0,1
3,0,0,0,0,0.0,4,18,3,2,0,1
8,0,0,0,0,0.0,4,18,3,2,0,1
5,0,0,0,0,0.0,4,18,3,2,0,1
7,0,0,0,0,0.0,4,18,3,2,0,1
2,0,0,0,0,0.0,4,18,3,2,0,1
0,0,0,0,0,0.0,4,18,3,2,0,1
4,0,0,0,0,0.0,4,18,3,2,0,1
6,0,0,0,0,0.0,4,18,3,2,0,1
1,0,0,0,0,0.0,4,18,3,2,0,1
9,0,0,0,0,0.0,4,18,3,2,0,1
3,0,0,0,0,0.0,4,18,3,2,0,1
8,0,0,0,0,0.0,4,18,3,2,0,1
5,0,0,0,0,0.0,4,18,3,2,0,1
7,0,0,0,0,0.0,4,18,3,2,0,1
2,0,0,0,0,0.0,4,18,3,2,0,1
0,0,0,0,0,0.0,4,18,3,2,0,1
4,0,0,0,0,0.0,4,18,3,2,0,1
6,0,0,0,0,0.0,4,18,3,2,0,1
1,0,0,0,0,0.0,4,18,3,2,0,1
9,0,0,0,0,0.0,4,18,3,2,0,1
3,0,0,0,0,0.0,4,18,3,2,0,1
8,0,0,0,0,0.0,5,18,3,2,0,1
5,0,0,0,0,0.0,5,18,3,2,0,1
7,0,0,0,0,0.0,5,18,3,2,0,1
2,0,0,0,0,0.0,5,18,3,2,0,1
0,0,0,0,0,0.0,5,18,3,2,0,1
4,0,0,0,0,0.0,5,18,3,2,0,1
6,0,0,0,0,0.0,5,18,3,2,0,1
1,0,0,0,0,0.0,5,18,3,2,0,1
9,0,0,0,0,0.0,5,18,3,2,0,1
3,0,0,0,0,0.0,5,18,3,2,0,1
8,0,0,0,0,0.0,5,18,3,2,0,1
5,0,0,0,0,0.0,5,18,3,2,0,1
7,0,0,0,0,0.0,5,18,3,2,0,1
2,0,0,0,0,0.0,5,18,3,2,0,1
0,0,0,0,0,0.0,5,18,3,2,0,1
4,0,0,0,0,0.0,5,18,3,2,0,1
6,0,0,0,0,0.0,5,18,3,2,0,1
1,0,0,0,0,0.0,5,18,3,2,0,1
9,0,0,0,0,0.0,5,18,3,2,0,1
3,0,0,0,0,0.0,5,18,3,2,0,1
8,0,0,0,0,0.0,5,18,3,2,0,1
5,0,0,0,0,0.0,5,18,3,2,0,1
7,0,0,0,0,0.0,5,18,3,2,0,1
2,0,0,0,0,0.0,5,18,3,2,0,1
0,0,0,0,0,0.0,5,18,3,2,0,1
4,0,0,0,0,0.0,5,18,3,2,0,1
6,0,0,0,0,0.0,5,18,3,2,0,1
1,0,0,0,0,0.0,5,18,3,2,0,1
9,0,0,0,0,0.0,5,18,3,2,0,1
3,0,0,0,0,0.0,5,18,3,2,0,1
8,0,0,0,0,0.0,5,18,3,2,0,1
5,0,0,0,0,0.0,5,18,3,2,0,1
7,0,0,0,0,0.0,5,18,3,2,0,1
2,0,0,0,0,0.0,5,18,3,2,0,1
0,0,0,0,0,0.0,5,18,3,2,0,1
4,0,0,0,0,0.0,5,18,3,2,0,1
6,0,0,0,0,0.0,5,18,3,2,0,1
1,0,0,0,0,0.0,5,18,3,2,0,1
9,0,0,0,0,0.0,5,18,3,2,0,1
3,0,0,0,0,0.0,5,18,3,2,0,1
8,203,231,127,217,1.2,6,18,3,2,0,2
5,247,381,175,314,1.75,6,18,3,2,0,2
7,180,283,129,232,0.56,6,18,3,2,0,0
2,512,213,247,362,2.49,6,18,3,2,0,2
0,476,446,280,461,2.09,6,18,3,2,0,2
4,298,157,151,228,0.84,6,18,3,2,0,2
6,431,153,203,292,2.15,6,18,3,2,0,2
1,388,538,263,463,0.6,6,18,3,2,0,0
9,512,460,297,486,2.13,6,18,3,2,0,2
3,442,251,227,346,1.24,6,18,3,2,0,2
8,439,502,276,470,2.11,6,18,3,2,0,2
5,265,529,212,397,2.45,6,18,3,2,0,2
7,218,194,126,206,2.22,6,18,3,2,0,2
2,274,213,152,244,2.01,6,18,3,2,0,2
0,323,405,210,364,1.2,6,18,3,2,0,2
4,469,260,240,364,2.2,6,18,3,2,0,2
6,269,523,212,396,2.26,6,18,3,2,0,2
1,340,214,179,277,0.82,6,18,3,2,0,2
9,377,289,209,333,1.18,6,18,3,2,0,2
3,497,512,301,504,1.24,6,18,3,2,0,2
8,218,430,173,324,1.24,6,18,3,2,0,2
5,496,164,231,330,1.33,6,18,3,2,0,2
7,223,528,195,376,1.37,6,18,3,2,0,2
2,415,481,262,448,1.22,6,18,3,2,0,2
0,457,240,231,348,1.49,6,18,3,2,0,2
4,243,362,170,302,0.66,6,18,3,2,0,0
6,418,255,218,336,1.42,6,18,3,2,0,2
1,171,191,107,181,0.72,6,18,3,2,0,0
9,512,528,310,520,0.71,6,18,3,2,0,0
3,352,175,176,264,0.62,6,18,3,2,0,0
8,346,431,225,388,2.04,6,18,3,2,0,2
5,387,386,232,386,1.7,6,18,3,2,0,2
7,393,327,223,360,1.84,6,18,3,2,0,2
2,311,208,166,260,1.36,6,18,3,2,0,2
0,445,508,280,476,1.15,6,18,3,2,0,2
4,238,424,180,331,1.5,6,18,3,2,0,2
6,527,493,309,510,2.35,6,18,3,2,0,2
1,158,208,105,183,1.72,6,18,3,2,0,2
9,496,367,272,432,1.37,6,18,3,2,0,2
3,296,193,157,244,1.73,6,18,3,2,0,2
8,224,219,133,222,1.99,7,18,3,2,0,2
5,363,161,177,262,1.53,7,18,3,2,0,2
7,519,327,273,423,1.89,7,18,3,2,0,2
2,344,222,182,283,1.97,7,18,3,2,0,2
0,206,502,183,354,2.18,7,18,3,2,0,2
4,501,543,309,522,2.4,7,18,3,2,0,2
6,227,228,136,228,0.52,7,18,3,2,0,0
1,537,481,311,509,2.29,7,18,3,2,0,2
9,264,194,144,229,2.45,7,18,3,2,0,2
3,389,462,248,426,1.63,7,18,3,2,0,2
8,348,546,248,447,1.0,7,18,3,2,0,2
5,165,373,141,269,1.39,7,18,3,2,0,2
7,502,486,298,494,1.75,7,18,3,2,0,2
2,384,237,201,310,1.99,7,18,3,2,0,2
0,286,162,147,224,1.69,7,18,3,2,0,2
4,180,338,140,259,2.28,7,18,3,2,0,2
6,517,529,313,523,0.63,7,18,3,2,0,0
1,281,549,222,415,1.95,7,18,3,2,0,2
9,354,189,179,272,0.86,7,18,3,2,0,2
3,244,240,146,242,1.58,7,18,3,2,0,2
8,263,301,165,282,2.43,7,18,3,2,0,2
5,493,215,240,354,2.12,7,18,3,2,0,2
7,322,372,203,347,2.44,7,18,3,2,0,2
2,180,461,164,320,1.63,7,18,3,2,0,2
0,257,182,139,220,1.26,7,18,3,2,0,2
4,317,253,177,285,1.75,7,18,3,2,0,2
6,520,265,261,392,2.22,7,18,3,2,0,2
1,373,496,248,434,0.9,7,18,3,2,0,2
9,426,234,217,330,1.2,7,18,3,2,0,2
3,286,536,222,411,2.12,7,18,3,2,0,2
8,245,152,128,198,0.58,7,18,3,2,0,0
5,273,272,164,272,0.53,7,18,3,2,0,0
7,242,495,196,368,1.55,7,18,3,2,0,2
2,382,197,192,290,2.16,7,18,3,2,0,2
0,271,515,211,393,1.52,7,18,3,2,0,2
4,239,407,177,323,2.17,7,18,3,2,0,2
6,274,403,190,338,0.59,7,18,3,2,0,0
1,223,348,159,286,0.68,7,18,3,2,0,0
9,178,425,156,302,2.28,7,18,3,2,0,2
3,318,285,184,302,1.96,7,18,3,2,0,2
8,2435,985,1171,1710,3.63,8,18,3,2,0,2
5,1690,510,778,1100,3.73,8,18,3,2,0,2
7,2025,785,967,1405,3.08,8,18,3,2,0,2
2,1599,499,739,1049,4.1,8,18,3,2,0,2
0,1017,917,590,967,4.44,8,18,3,2,0,2
4,1313,763,678,1038,3.05,8,18,3,2,0,2
6,1059,866,597,962,5.47,8,18,3,2,0,2
1,929,689,509,809,5.14,8,18,3,2,0,2
9,1135,951,644,1043,4.91,8,18,3,2,0,2
3,1555,882,798,1218,5.38,8,18,3,2,0,2
8,1466,808,748,1137,4.94,8,18,3,2,0,2
5,2346,698,1078,1522,5.45,8,18,3,2,0,2
7,1294,539,625,916,4.66,8,18,3,2,0,2
2,2436,648,1104,1542,5.56,8,18,3,2,0,2
0,1684,797,833,1240,3.55,8,18,3,2,0,2
4,1105,402,522,754,3.9,8,18,3,2,0,2
6,983,984,590,984,5.6,8,18,3,2,0,2
1,1476,964,783,1220,5.35,8,18,3,2,0,2
9,2404,947,1151,1676,5.09,8,18,3,2,0,2
3,1377,664,684,1020,3.62,8,18,3,2,0,2
8,1026,819,574,922,5.78,8,18,3,2,0,2
5,1465,511,688,988,4.49,8,18,3,2,0,2
7,1818,455,818,1136,3.76,8,18,3,2,0,2
2,1830,613,855,1222,5.15,8,18,3,2,0,2
0,1300,404,601,852,3.93,8,18,3,2,0,2
4,1071,656,560,864,3.47,8,18,3,2,0,2
6,865,454,437,660,5.26,8,18,3,2,0,2
1,1081,412,515,746,5.56,8,18,3,2,0,2
9,1469,786,745,1128,4.28,8,18,3,2,0,2
3,2281,668,1046,1474,5.0,8,18,3,2,0,2
8,1778,726,856,1252,3.98,8,18,3,2,0,2
5,1761,980,900,1370,3.15,8,18,3,2,0,2
7,2004,769,955,1386,3.67,8,18,3,2,0,2
2,1607,557,754,1082,4.73,8,18,3,2,0,2
0,1798,715,862,1256,4.59,8,18,3,2,0,2
4,2420,590,1086,1505,3.97,8,18,3,2,0,2
6,1806,690,860,1248,3.9,8,18,3,2,0,2
1,2364,782,1102,1573,4.52,8,18,3,2,0,2
9,2112,888,1022,1500,5.22,8,18,3,2,0,2
3,1220,952,678,1086,5.28,8,18,3,2,0,2
8,1875,985,947,1430,4.1,9,18,3,2,0,2
5,1734,657,825,1196,5.54,9,18,3,2,0,2
7,1663,914,848,1288,5.59,9,18,3,2,0,2
2,1083,899,613,991,5.18,9,18,3,2,0,2
0,1037,746,564,892,3.37,9,18,3,2,0,2
4,2198,663,1012,1430,5.08,9,18,3,2,0,2
6,2232,526,998,1379,4.68,9,18,3,2,0,2
1,1635,925,839,1280,4.79,9,18,3,2,0,2
9,1348,455,630,902,3.81,9,18,3,2,0,2
3,1345,502,638,924,3.35,9,18,3,2,0,2
8,1963,679,921,1321,4.14,9,18,3,2,0,2
5,2244,936,1085,1590,3.49,9,18,3,2,0,2
7,1228,790,649,1009,4.01,9,18,3,2,0,2
2,1697,999,879,1348,3.48,9,18,3,2,0,2
0,1113,946,634,1030,3.22,9,18,3,2,0,2
4,2141,770,1010,1456,5.26,9,18,3,2,0,2
6,2078,884,1008,1481,5.24,9,18,3,2,0,2
1,859,942,532,900,4.88,9,18,3,2,0,2
9,1075,930,616,1002,5.62,9,18,3,2,0,2
3,1350,933,727,1142,5.58,9,18,3,2,0,2
8,1110,974,639,1042,5.01,9,18,3,2,0,2
5,1486,778,750,1132,4.99,9,18,3,2,0,2
7,1308,482,620,895,5.23,9,18,3,2,0,2
2,2499,721,1144,1610,4.34,9,18,3,2,0,2
0,1469,713,730,1091,3.18,9,18,3,2,0,2
4,1871,725,893,1298,5.24,9,18,3,2,0,2
6,807,489,421,648,5.3,9,18,3,2,0,2
1,1341,534,643,938,3.43,9,18,3,2,0,2
9,2154,964,1054,1559,3.19,9,18,3,2,0,2
3,2436,569,1088,1502,3.95,9,18,3,2,0,2
8,1664,566,779,1115,4.31,9,18,3,2,0,2
5,2125,700,990,1412,4.62,9,18,3,2,0,2
7,2451,430,1066,1440,3.27,9,18,3,2,0,2
2,1465,618,710,1042,3.93,9,18,3,2,0,2
0,1979,517,895,1248,3.11,9,18,3,2,0,2
4,1872,968,942,1420,4.34,9,18,3,2,0,2
6,2182,649,1003,1416,4.12,9,18,3,2,0,2
1,2250,881,1076,1566,4.92,9,18,3,2,0,2
9,1481,803,753,1142,4.12,9,18,3,2,0,2
3,1406,435,649,920,3.17,9,18,3,2,0,2
8,1508,901,783,1204,4.56,10,18,3,2,0,2
5,1589,806,797,1198,3.01,10,18,3,2,0,2
7,2316,745,1075,1530,5.2,10,18,3,2,0,2
2,2326,501,1031,1414,4.36,10,18,3,2,0,2
0,2429,495,1071,1462,3.59,10,18,3,2,0,2
4,1515,805,767,1160,5.77,10,18,3,2,0,2
6,1449,926,765,1188,3.03,10,18,3,2,0,2
1,1658,663,796,1160,4.01,10,18,3,2,0,2
9,2472,445,1078,1458,3.45,10,18,3,2,0,2
3,1849,580,856,1214,4.26,10,18,3,2,0,2
8,1249,655,631,952,4.72,10,18,3,2,0,2
5,1311,682,661,996,4.59,10,18,3,2,0,2
7,1287,760,667,1024,5.6,10,18,3,2,0,2
2,1913,639,893,1276,3.67,10,18,3,2,0,2
0,1259,425,589,842,3.9,10,18,3,2,0,2
4,1270,631,634,950,5.27,10,18,3,2,0,2
6,1481,460,684,970,3.27,10,18,3,2,0,2
1,1567,852,797,1210,5.28,10,18,3,2,0,2
9,819,555,439,687,3.6,10,18,3,2,0,2
3,2456,953,1173,1704,4.95,10,18,3,2,0,2
8,1536,864,787,1200,3.47,10,18,3,2,0,2
5,2132,869,1027,1500,5.4,10,18,3,2,0,2
7,1742,573,811,1158,3.47,10,18,3,2,0,2
2,1297,625,644,961,4.1,10,18,3,2,0,2
0,1571,927,814,1249,5.04,10,18,3,2,0,2
4,2041,551,927,1296,3.98,10,18,3,2,0,2
6,2294,413,1000,1354,4.65,10,18,3,2,0,2
1,1348,982,736,1165,4.03,10,18,3,2,0,2
9,1398,826,724,1112,5.01,10,18,3,2,0,2
3,971,983,585,977,5.4,10,18,3,2,0,2
8,841,807,498,824,5.06,10,18,3,2,0,2
5,2339,464,1028,1402,4.17,10,18,3,2,0,2
7,1323,660,661,992,4.36,10,18,3,2,0,2
2,1427,695,710,1061,4.04,10,18,3,2,0,2
0,887,487,452,687,4.7,10,18,3,2,0,2
4,1115,603,567,859,5.65,10,18,3,2,0,2
6,895,931,544,913,5.78,10,18,3,2,0,2
1,2328,660,1063,1494,4.74,10,18,3,2,0,2
9,1999,470,894,1234,5.52,10,18,3,2,0,2
3,2012,736,952,1374,4.01,10,18,3,2,0,2
8,358,170,177,264,1.33,11,18,3,2,0,2
5,221,261,141,241,1.7,11,18,3,2,0,2
7,181,358,144,270,2.15,11,18,3,2,0,2
2,175,256,121,216,2.16,11,18,3,2,0,2
0,190,442,164,316,2.36,11,18,3,2,0,2
4,460,212,226,336,1.43,11,18,3,2,0,2
6,403,490,259,446,2.14,11,18,3,2,0,2
1,312,457,216,384,0.71,11,18,3,2,0,0
9,282,181,149,232,2.09,11,18,3,2,0,2
3,536,317,278,426,1.75,11,18,3,2,0,2
8,158,280,119,219,0.87,11,18,3,2,0,2
5,547,359,291,453,0.88,11,18,3,2,0,2
7,337,282,191,310,1.96,11,18,3,2,0,2
2,175,303,131,239,0.7,11,18,3,2,0,0
0,416,473,261,444,0.97,11,18,3,2,0,2
4,510,291,262,400,1.71,11,18,3,2,0,2
6,267,158,138,212,2.02,11,18,3,2,0,2
1,357,367,216,362,1.79,11,18,3,2,0,2
9,483,329,259,406,0.74,11,18,3,2,0,0
3,300,501,220,400,0.82,11,18,3,2,0,2
8,523,497,309,510,0.78,11,18,3,2,0,2
5,444,463,270,454,0.51,11,18,3,2,0,0
7,353,372,216,362,2.32,11,18,3,2,0,2
2,495,187,235,341,0.52,11,18,3,2,0,0
0,349,445,229,397,1.12,11,18,3,2,0,2
4,278,372,186,325,1.06,11,18,3,2,0,2
6,348,367,213,358,0.61,11,18,3,2,0,0
1,394,380,234,387,0.6,11,18,3,2,0,0
9,439,542,284,490,0.67,11,18,3,2,0,0
3,496,448,288,472,1.47,11,18,3,2,0,2
8,269,204,148,236,0.86,11,18,3,2,0,2
5,242,514,200,378,1.57,11,18,3,2,0,2
7,163,275,120,219,1.17,11,18,3,2,0,2
2,422,348,238,385,1.86,11,18,3,2,0,2
0,321,357,200,339,1.5,11,18,3,2,0,2
4,326,344,199,335,1.09,11,18,3,2,0,2
6,496,472,293,484,2.04,11,18,3,2,0,2
1,475,371,264,423,1.74,11,18,3,2,0,2
9,381,155,183,268,0.64,11,18,3,2,0,0
3,415,157,197,286,1.09,11,18,3,2,0,2
8,373,300,209,336,1.3,12,18,3,2,0,2
5,395,535,265,465,1.57,12,18,3,2,0,2
7,303,436,208,370,2.06,12,18,3,2,0,2
2,465,257,237,361,0.5,12,18,3,2,0,0
0,287,232,161,260,2.27,12,18,3,2,0,2
4,166,408,148,287,1.92,12,18,3,2,0,2
6,545,449,308,497,0.89,12,18,3,2,0,2
1,414,513,268,464,0.83,12,18,3,2,0,2
9,180,511,174,346,1.95,12,18,3,2,0,2
3,497,163,231,330,1.99,12,18,3,2,0,2
8,511,500,304,506,0.98,12,18,3,2,0,2
5,304,370,196,337,2.29,12,18,3,2,0,2
7,507,491,301,499,0.5,12,18,3,2,0,0
2,404,322,226,363,0.93,12,18,3,2,0,2
0,522,189,247,356,0.81,12,18,3,2,0,2
4,348,417,223,382,2.36,12,18,3,2,0,2
6,476,215,233,346,0.94,12,18,3,2,0,2
1,352,474,236,413,2.26,12,18,3,2,0,2
9,527,406,292,466,1.96,12,18,3,2,0,2
3,183,272,128,228,1.73,12,18,3,2,0,2
8,151,248,110,200,0.7,12,18,3,2,0,0
5,234,498,193,366,1.11,12,18,3,2,0,2
7,301,241,169,271,2.5,12,18,3,2,0,2
2,169,333,134,251,1.71,12,18,3,2,0,2
0,482,297,252,390,2.02,12,18,3,2,0,2
4,463,320,249,392,2.22,12,18,3,2,0,2
6,201,199,120,200,1.54,12,18,3,2,0,2
1,246,304,159,275,0.89,12,18,3,2,0,2
9,464,192,224,328,1.08,12,18,3,2,0,2
3,162,250,115,206,2.1,12,18,3,2,0,2
8,537,160,247,348,1.54,12,18,3,2,0,2
5,200,276,135,238,0.66,12,18,3,2,0,0
7,438,286,232,362,0.53,12,18,3,2,0,0
2,197,158,110,178,2.43,12,18,3,2,0,2
0,180,274,127,227,1.18,12,18,3,2,0,2
4,363,536,252,450,1.18,12,18,3,2,0,2
6,329,545,241,437,1.66,12,18,3,2,0,2
1,448,211,221,330,1.07,12,18,3,2,0,2
9,276,152,141,214,1.69,12,18,3,2,0,2
3,493,174,232,334,1.58,12,18,3,2,0,2
8,220,164,121,192,1.6,13,18,3,2,0,2
5,387,214,198,300,1.0,13,18,3,2,0,2
7,272,309,171,290,2.28,13,18,3,2,0,2
2,150,456,151,303,2.13,13,18,3,2,0,2
0,400,462,252,431,1.54,13,18,3,2,0,2
4,522,509,311,516,0.52,13,18,3,2,0,0
6,330,460,224,395,0.84,13,18,3,2,0,2
1,296,241,167,268,0.84,13,18,3,2,0,2
9,284,336,181,310,1.44,13,18,3,2,0,2
3,299,435,207,367,1.75,13,18,3,2,0,2
8,307,252,173,280,2.04,13,18,3,2,0,2
5,206,446,172,326,1.63,13,18,3,2,0,2
7,209,352,154,280,0.72,13,18,3,2,0,0
2,308,193,162,250,0.68,13,18,3,2,0,0
0,171,373,143,272,1.89,13,18,3,2,0,2
4,151,264,113,208,1.78,13,18,3,2,0,2
6,183,368,147,276,1.09,13,18,3,2,0,2
1,469,495,287,482,0.89,13,18,3,2,0,2
9,345,503,239,424,1.8,13,18,3,2,0,2
3,549,451,310,500,1.56,13,18,3,2,0,2
8,512,158,236,335,1.06,13,18,3,2,0,2
5,171,458,160,314,0.82,13,18,3,2,0,2
7,502,465,294,484,2.28,13,18,3,2,0,2
2,430,279,228,354,0.69,13,18,3,2,0,0
0,321,253,179,287,0.81,13,18,3,2,0,2
4,254,258,153,256,1.13,13,18,3,2,0,2
6,475,310,252,392,1.34,13,18,3,2,0,2
1,276,358,182,317,0.91,13,18,3,2,0,2
9,198,221,123,210,2.11,13,18,3,2,0,2
3,321,359,200,340,0.67,13,18,3,2,0,0
8,171,414,151,292,1.27,13,18,3,2,0,2
5,271,248,158,260,0.79,13,18,3,2,0,2
7,437,297,234,367,1.56,13,18,3,2,0,2
2,311,479,220,395,1.34,13,18,3,2,0,2
0,187,290,133,238,1.83,13,18,3,2,0,2
4,440,279,232,360,0.52,13,18,3,2,0,0
6,501,207,242,354,2.27,13,18,3,2,0,2
1,347,418,222,382,0.92,13,18,3,2,0,2
9,438,466,268,452,1.34,13,18,3,2,0,2
3,306,237,170,272,1.88,13,18,3,2,0,2
8,467,241,235,354,0.71,14,18,3,2,0,0
5,517,236,254,376,1.28,14,18,3,2,0,2
7,336,522,239,429,1.42,14,18,3,2,0,2
2,508,177,239,342,1.71,14,18,3,2,0,2
0,339,165,169,252,1.3,14,18,3,2,0,2
4,273,522,214,398,0.7,14,18,3,2,0,0
6,445,428,264,436,2.08,14,18,3,2,0,2
1,355,493,241,424,1.3,14,18,3,2,0,2
9,372,541,257,456,1.23,14,18,3,2,0,2
3,223,545,198,384,1.89,14,18,3,2,0,2
8,289,239,163,264,2.41,14,18,3,2,0,2
5,446,171,213,308,1.37,14,18,3,2,0,2
7,456,190,220,323,1.14,14,18,3,2,0,2
2,499,420,284,460,1.17,14,18,3,2,0,2
0,527,421,295,474,1.08,14,18,3,2,0,2
4,243,475,192,359,1.68,14,18,3,2,0,2
6,252,247,150,250,0.6,14,18,3,2,0,0
1,534,547,323,540,1.95,14,18,3,2,0,2
9,320,155,159,238,0.51,14,18,3,2,0,0
3,220,357,159,288,1.05,14,18,3,2,0,2
8,300,329,186,314,2.09,14,18,3,2,0,2
5,233,509,195,371,1.36,14,18,3,2,0,2
7,195,473,173,334,2.48,14,18,3,2,0,2
2,338,454,226,396,2.48,14,18,3,2,0,2
0,233,398,173,316,0.67,14,18,3,2,0,0
4,514,198,245,356,1.66,14,18,3,2,0,2
6,411,426,250,418,2.39,14,18,3,2,0,2
1,311,319,188,315,1.04,14,18,3,2,0,2
9,255,249,152,252,0.79,14,18,3,2,0,2
3,317,453,217,385,1.5,14,18,3,2,0,2
8,493,306,258,400,0.83,14,18,3,2,0,2
5,359,280,200,320,2.44,14,18,3,2,0,2
7,441,442,265,442,1.06,14,18,3,2,0,2
2,236,273,149,254,0.92,14,18,3,2,0,2
0,407,437,250,422,1.05,14,18,3,2,0,2
4,312,489,223,400,0.88,14,18,3,2,0,2
6,355,264,195,310,1.52,14,18,3,2,0,2
1,242,232,143,237,0.62,14,18,3,2,0,0
9,531,464,305,498,0.56,14,18,3,2,0,0
3,332,532,239,432,1.88,14,18,3,2,0,2
8,481,374,267,428,2.34,15,18,3,2,0,2
5,167,465,160,316,2.24,15,18,3,2,0,2
7,363,270,199,316,1.47,15,18,3,2,0,2
2,549,345,289,447,2.4,15,18,3,2,0,2
0,539,465,309,502,0.79,15,18,3,2,0,2
4,463,299,245,381,2.46,15,18,3,2,0,2
6,438,390,253,414,1.98,15,18,3,2,0,2
1,521,192,247,356,0.7,15,18,3,2,0,0
9,217,295,146,256,1.31,15,18,3,2,0,2
3,171,476,164,324,0.81,15,18,3,2,0,2
8,183,369,147,276,1.74,15,18,3,2,0,2
5,294,201,158,248,1.82,15,18,3,2,0,2
7,227,462,183,344,0.61,15,18,3,2,0,0
2,191,211,119,201,2.42,15,18,3,2,0,2
0,471,536,296,504,1.55,15,18,3,2,0,2
4,517,193,245,355,0.89,15,18,3,2,0,2
6,335,183,171,259,1.48,15,18,3,2,0,2
1,371,548,258,460,1.1,15,18,3,2,0,2
9,197,255,130,226,1.4,15,18,3,2,0,2
3,430,218,216,324,0.93,15,18,3,2,0,2
8,550,482,316,516,0.67,15,18,3,2,0,0
5,434,189,211,312,1.0,15,18,3,2,0,2
7,287,210,157,248,1.19,15,18,3,2,0,2
2,439,282,232,360,2.17,15,18,3,2,0,2
0,340,315,199,328,2.21,15,18,3,2,0,2
4,175,380,146,278,2.09,15,18,3,2,0,2
6,298,449,209,374,2.07,15,18,3,2,0,2
1,426,169,204,298,0.94,15,18,3,2,0,2
9,448,281,235,364,1.52,15,18,3,2,0,2
3,453,449,271,451,2.24,15,18,3,2,0,2
8,457,531,289,494,1.29,15,18,3,2,0,2
5,410,176,199,293,1.6,15,18,3,2,0,2
7,472,439,277,456,1.68,15,18,3,2,0,2
2,455,239,230,347,1.41,15,18,3,2,0,2
0,276,381,187,328,1.19,15,18,3,2,0,2
4,437,153,205,295,1.14,15,18,3,2,0,2
6,190,296,135,243,2.15,15,18,3,2,0,2
1,444,294,236,369,1.48,15,18,3,2,0,2
9,406,301,223,354,2.18,15,18,3,2,0,2
3,522,240,257,381,0.77,15,18,3,2,0,2
8,191,407,158,299,2.1,16,18,3,2,0,2
5,170,401,148,286,1.22,16,18,3,2,0,2
7,411,479,260,445,2.02,16,18,3,2,0,2
2,432,542,281,487,1.87,16,18,3,2,0,2
0,313,271,179,292,1.27,16,18,3,2,0,2
4,531,274,267,402,0.66,16,18,3,2,0,0
6,524,419,293,472,2.19,16,18,3,2,0,2
1,216,417,170,316,2.26,16,18,3,2,0,2
9,481,317,256,399,2.17,16,18,3,2,0,2
3,454,204,222,329,1.6,16,18,3,2,0,2
8,484,379,269,432,0.8,16,18,3,2,0,2
5,184,331,140,258,1.84,16,18,3,2,0,2
7,199,493,178,346,2.46,16,18,3,2,0,2
2,408,332,230,370,1.38,16,18,3,2,0,2
0,335,298,194,316,0.89,16,18,3,2,0,2
4,550,425,305,488,1.28,16,18,3,2,0,2
6,352,460,233,406,1.4,16,18,3,2,0,2
1,491,428,282,460,1.97,16,18,3,2,0,2
9,305,355,193,330,0.96,16,18,3,2,0,2
3,355,412,224,384,1.29,16,18,3,2,0,2
8,168,243,116,206,1.54,16,18,3,2,0,2
5,290,248,166,269,2.17,16,18,3,2,0,2
7,378,508,253,443,0.5,16,18,3,2,0,0
2,282,169,147,226,1.76,16,18,3,2,0,2
0,483,304,254,394,0.99,16,18,3,2,0,2
4,230,387,169,308,2.1,16,18,3,2,0,2
6,320,185,165,252,0.63,16,18,3,2,0,0
1,510,316,267,413,2.28,16,18,3,2,0,2
9,207,412,165,310,1.85,16,18,3,2,0,2
3,483,307,255,395,1.44,16,18,3,2,0,2
8,492,235,244,364,2.04,16,18,3,2,0,2
5,534,218,257,376,1.38,16,18,3,2,0,2
7,506,506,304,506,0.5,16,18,3,2,0,0
2,412,254,216,333,1.18,16,18,3,2,0,2
0,548,283,276,416,0.59,16,18,3,2,0,0
4,422,165,202,294,2.12,16,18,3,2,0,2
6,508,362,276,435,2.29,16,18,3,2,0,2
1,442,190,215,316,1.34,16,18,3,2,0,2
9,294,246,167,270,2.03,16,18,3,2,0,2
3,184,340,142,262,0.79,16,18,3,2,0,2
8,654,1549,571,1102,3.86,17,18,3,2,0,2
5,814,2398,805,1606,5.34,17,18,3,2,0,2
7,786,1237,562,1012,4.11,17,18,3,2,0,2
2,1092,2003,837,1548,3.84,17,18,3,2,0,2
0,984,1673,728,1328,5.77,17,18,3,2,0,2
4,682,2126,698,1404,3.21,17,18,3,2,0,2
6,1130,2317,915,1724,4.53,17,18,3,2,0,2
1,805,1660,654,1232,3.32,17,18,3,2,0,2
9,787,1398,594,1092,5.42,17,18,3,2,0,2
3,1107,1368,716,1238,5.04,17,18,3,2,0,2
8,1087,2442,923,1764,4.77,17,18,3,2,0,2
5,1172,1218,712,1195,3.01,17,18,3,2,0,2
7,1057,1549,733,1303,3.82,17,18,3,2,0,2
2,987,2304,856,1646,4.03,17,18,3,2,0,2
0,804,2312,784,1558,4.59,17,18,3,2,0,2
4,892,1012,559,952,4.2,17,18,3,2,0,2
6,1138,2034,862,1586,4.21,17,18,3,2,0,2
1,719,1969,681,1344,3.5,17,18,3,2,0,2
9,928,2244,820,1586,5.62,17,18,3,2,0,2
3,945,2552,888,1748,5.7,17,18,3,2,0,2
8,622,1140,477,881,5.64,17,18,3,2,0,2
5,1130,2635,979,1882,4.03,17,18,3,2,0,2
7,988,2766,948,1877,4.77,17,18,3,2,0,2
2,1077,1889,809,1483,3.65,17,18,3,2,0,2
0,734,1509,595,1122,4.4,17,18,3,2,0,2
4,973,2715,932,1844,5.77,17,18,3,2,0,2
6,1152,2029,867,1590,5.23,17,18,3,2,0,2
1,1034,1690,752,1362,3.49,17,18,3,2,0,2
9,911,1125,589,1018,5.02,17,18,3,2,0,2
3,771,1170,542,970,3.84,17,18,3,2,0,2
8,996,2051,809,1524,4.24,17,18,3,2,0,2
5,747,1395,578,1071,5.64,17,18,3,2,0,2
7,1027,1541,719,1284,5.02,17,18,3,2,0,2
2,673,1674,604,1174,4.12,17,18,3,2,0,2
0,1106,1929,828,1518,3.73,17,18,3,2,0,2
4,708,2705,824,1706,5.05,17,18,3,2,0,2
6,854,2011,744,1432,5.67,17,18,3,2,0,2
1,858,1538,651,1198,4.86,17,18,3,2,0,2
9,749,2260,752,1504,4.19,17,18,3,2,0,2
3,990,2763,949,1876,5.68,17,18,3,2,0,2
8,839,2094,754,1466,4.01,18,18,3,2,0,2
5,986,2207,836,1596,3.81,18,18,3,2,0,2
7,991,2124,821,1558,3.58,18,18,3,2,0,2
2,940,1750,726,1345,3.13,18,18,3,2,0,2
0,1044,1654,748,1349,5.31,18,18,3,2,0,2
4,842,2478,832,1660,5.72,18,18,3,2,0,2
6,1189,1531,782,1360,5.13,18,18,3,2,0,2
1,706,1852,653,1279,3.17,18,18,3,2,0,2
9,613,2394,724,1504,3.78,18,18,3,2,0,2
3,813,2045,734,1429,5.17,18,18,3,2,0,2
8,1070,2182,864,1626,3.53,18,18,3,2,0,2
5,863,2687,883,1775,3.87,18,18,3,2,0,2
7,1085,2095,853,1590,5.77,18,18,3,2,0,2
2,867,1566,660,1216,3.33,18,18,3,2,0,2
0,792,2634,844,1713,3.32,18,18,3,2,0,2
4,900,2015,763,1458,5.08,18,18,3,2,0,2
6,1086,1918,818,1502,3.72,18,18,3,2,0,2
1,831,2065,745,1448,5.23,18,18,3,2,0,2
9,1106,1025,647,1066,3.22,18,18,3,2,0,2
3,927,2015,774,1471,5.08,18,18,3,2,0,2
8,946,1203,619,1074,3.18,18,18,3,2,0,2
5,950,1362,652,1156,3.69,18,18,3,2,0,2
7,771,1060,520,916,5.28,18,18,3,2,0,2
2,1169,2507,969,1838,5.23,18,18,3,2,0,2
0,790,1967,709,1378,5.67,18,18,3,2,0,2
4,1125,1096,669,1110,3.24,18,18,3,2,0,2
6,1148,2521,963,1834,4.69,18,18,3,2,0,2
1,637,1057,466,847,4.64,18,18,3,2,0,2
9,642,1994,656,1318,5.16,18,18,3,2,0,2
3,1155,1631,788,1393,3.02,18,18,3,2,0,2
8,1039,2750,966,1894,3.38,18,18,3,2,0,2
5,771,2694,847,1732,3.71,18,18,3,2,0,2
7,976,1165,623,1070,5.22,18,18,3,2,0,2
2,642,2145,686,1394,4.69,18,18,3,2,0,2
0,982,1245,642,1114,3.99,18,18,3,2,0,2
4,823,2099,749,1461,3.08,18,18,3,2,0,2
6,667,2355,738,1511,4.17,18,18,3,2,0,2
1,917,2158,798,1538,5.3,18,18,3,2,0,2
9,679,1262,524,970,3.91,18,18,3,2,0,2
3,655,2337,729,1496,5.28,18,18,3,2,0,2
8,1195,1384,755,1290,3.03,19,18,3,2,0,2
5,901,1622,685,1262,3.86,19,18,3,2,0,2
7,654,2355,733,1504,4.67,19,18,3,2,0,2
2,761,2487,802,1624,5.38,19,18,3,2,0,2
0,879,2007,753,1443,3.59,19,18,3,2,0,2
4,1083,1394,712,1238,5.12,19,18,3,2,0,2
6,812,2079,741,1446,4.79,19,18,3,2,0,2
1,922,2697,908,1810,5.66,19,18,3,2,0,2
9,799,1813,682,1306,5.2,19,18,3,2,0,2
3,1148,2043,868,1596,4.99,19,18,3,2,0,2
8,1098,2148,869,1623,5.06,19,18,3,2,0,2
5,1157,2671,997,1914,3.29,19,18,3,2,0,2
7,1136,1610,776,1373,4.46,19,18,3,2,0,2
2,718,2533,794,1626,4.01,19,18,3,2,0,2
0,1190,2701,1016,1946,5.22,19,18,3,2,0,2
4,962,1897,764,1430,5.22,19,18,3,2,0,2
6,1039,2687,953,1863,3.09,19,18,3,2,0,2
1,700,2632,806,1666,4.76,19,18,3,2,0,2
9,782,2696,852,1739,4.22,19,18,3,2,0,2
3,939,1932,762,1436,5.65,19,18,3,2,0,2
8,941,1600,696,1270,4.74,19,18,3,2,0,2
5,774,2093,728,1434,3.44,19,18,3,2,0,2
7,841,1063,549,952,3.83,19,18,3,2,0,2
2,1139,1433,742,1286,3.22,19,18,3,2,0,2
0,965,2457,877,1711,4.27,19,18,3,2,0,2
4,1159,1338,731,1248,4.11,19,18,3,2,0,2
6,820,1632,654,1226,5.33,19,18,3,2,0,2
1,776,2254,761,1515,3.29,19,18,3,2,0,2
9,754,1682,638,1218,4.18,19,18,3,2,0,2
3,722,2081,705,1402,3.13,19,18,3,2,0,2
8,1054,1805,783,1430,3.01,19,18,3,2,0,2
5,737,2585,812,1661,5.12,19,18,3,2,0,2
7,1138,1237,703,1188,3.37,19,18,3,2,0,2
2,814,2764,878,1789,5.78,19,18,3,2,0,2
0,889,1851,726,1370,5.3,19,18,3,2,0,2
4,986,1826,760,1406,5.36,19,18,3,2,0,2
6,1152,2662,993,1907,4.37,19,18,3,2,0,2
1,694,1068,491,881,3.55,19,18,3,2,0,2
9,880,1011,554,946,3.77,19,18,3,2,0,2
3,661,2276,720,1468,3.61,19,18,3,2,0,2
8,1089,2414,918,1752,3.33,20,18,3,2,0,2
5,685,1843,643,1264,3.2,20,18,3,2,0,2
7,834,2675,869,1754,5.48,20,18,3,2,0,2
2,690,1567,589,1128,3.08,20,18,3,2,0,2
0,1193,1262,730,1228,3.55,20,18,3,2,0,2
4,1091,1954,827,1522,4.38,20,18,3,2,0,2
6,760,2575,819,1668,3.71,20,18,3,2,0,2
1,1016,2105,827,1560,3.14,20,18,3,2,0,2
9,884,1702,694,1293,3.29,20,18,3,2,0,2
3,880,2034,759,1457,5.79,20,18,3,2,0,2
8,663,2420,749,1542,5.3,20,18,3,2,0,2
5,1155,1764,815,1460,4.74,20,18,3,2,0,2
7,811,1248,574,1030,3.4,20,18,3,2,0,2
2,1110,1307,705,1208,5.12,20,18,3,2,0,2
0,855,1632,668,1244,3.22,20,18,3,2,0,2
4,708,1613,606,1160,3.9,20,18,3,2,0,2
6,1073,2455,920,1764,5.77,20,18,3,2,0,2
1,757,1509,605,1133,5.7,20,18,3,2,0,2
9,671,1484,565,1078,4.81,20,18,3,2,0,2
3,877,1347,620,1112,4.58,20,18,3,2,0,2
8,975,1576,705,1276,4.18,20,18,3,2,0,2
5,811,1409,606,1110,4.45,20,18,3,2,0,2
7,1120,2283,905,1702,5.71,20,18,3,2,0,2
2,692,2681,813,1686,4.39,20,18,3,2,0,2
0,799,2565,833,1682,4.04,20,18,3,2,0,2
4,1153,1007,663,1080,5.63,20,18,3,2,0,2
6,798,2202,760,1500,3.62,20,18,3,2,0,2
1,1122,2466,942,1794,4.29,20,18,3,2,0,2
9,1051,2391,899,1721,3.47,20,18,3,2,0,2
3,761,1157,536,959,4.87,20,18,3,2,0,2
8,771,1378,584,1074,3.36,20,18,3,2,0,2
5,608,2204,684,1406,4.69,20,18,3,2,0,2
7,613,2565,758,1589,5.48,20,18,3,2,0,2
2,962,2680,921,1821,5.17,20,18,3,2,0,2
0,953,1597,701,1275,3.67,20,18,3,2,0,2
4,1068,2747,977,1908,4.99,20,18,3,2,0,2
6,834,2613,856,1724,5.48,20,18,3,2,0,2
1,658,1583,580,1120,4.26,20,18,3,2,0,2
9,747,1232,545,990,5.39,20,18,3,2,0,2
3,914,1627,691,1270,3.85,20,18,3,2,0,2
8,413,510,267,462,2.04,21,18,3,2,0,2
5,224,378,165,301,1.63,21,18,3,2,0,2
7,417,237,214,327,0.7,21,18,3,2,0,0
2,389,362,228,376,1.18,21,18,3,2,0,2
0,173,400,149,286,2.48,21,18,3,2,0,2
4,243,155,128,199,1.28,21,18,3,2,0,2
6,255,506,203,380,1.9,21,18,3,2,0,2
1,206,402,163,304,1.97,21,18,3,2,0,2
9,437,358,246,398,1.13,21,18,3,2,0,2
3,244,342,166,293,0.66,21,18,3,2,0,0
8,255,309,164,282,0.57,21,18,3,2,0,0
5,306,383,199,344,2.11,21,18,3,2,0,2
7,460,432,270,446,0.55,21,18,3,2,0,0
2,468,396,266,432,2.48,21,18,3,2,0,2
0,414,205,207,310,1.73,21,18,3,2,0,2
4,218,368,161,293,1.2,21,18,3,2,0,2
6,429,221,216,325,1.8,21,18,3,2,0,2
1,187,213,117,200,1.8,21,18,3,2,0,2
9,182,380,149,281,0.51,21,18,3,2,0,0
3,502,245,250,374,1.6,21,18,3,2,0,2
8,498,353,270,426,1.68,21,18,3,2,0,2
5,466,440,274,453,1.69,21,18,3,2,0,2
7,409,540,272,474,2.4,21,18,3,2,0,2
2,438,204,216,321,0.89,21,18,3,2,0,2
0,157,173,97,165,0.64,21,18,3,2,0,0
4,475,525,295,500,1.22,21,18,3,2,0,2
6,285,397,193,341,1.42,21,18,3,2,0,2
1,382,502,253,442,0.97,21,18,3,2,0,2
9,289,432,202,360,1.18,21,18,3,2,0,2
3,242,230,143,236,1.87,21,18,3,2,0,2
8,434,386,251,410,0.92,21,18,3,2,0,2
5,512,497,304,504,1.85,21,18,3,2,0,2
7,306,532,229,419,2.17,21,18,3,2,0,2
2,357,156,174,256,0.82,21,18,3,2,0,2
0,203,438,169,320,1.57,21,18,3,2,0,2
4,155,316,125,236,1.17,21,18,3,2,0,2
6,519,548,317,534,1.86,21,18,3,2,0,2
1,384,156,185,270,1.07,21,18,3,2,0,2
9,389,216,199,302,2.12,21,18,3,2,0,2
3,256,172,137,214,0.85,21,18,3,2,0,2
8,264,431,192,348,2.39,22,18,3,2,0,2
5,384,399,233,392,1.52,22,18,3,2,0,2
7,509,254,254,382,2.04,22,18,3,2,0,2
2,307,394,202,350,2.03,22,18,3,2,0,2
0,233,389,171,311,0.54,22,18,3,2,0,0
4,258,418,187,338,1.02,22,18,3,2,0,2
6,536,158,246,347,2.07,22,18,3,2,0,2
1,431,418,256,424,2.2,22,18,3,2,0,2
9,338,278,191,308,1.27,22,18,3,2,0,2
3,196,379,154,288,2.23,22,18,3,2,0,2
8,411,359,236,385,1.94,22,18,3,2,0,2
5,235,304,155,270,0.5,22,18,3,2,0,0
7,472,377,264,424,0.89,22,18,3,2,0,2
2,331,150,162,240,1.54,22,18,3,2,0,2
0,173,549,179,361,1.41,22,18,3,2,0,2
4,256,322,167,289,2.36,22,18,3,2,0,2
6,319,514,230,416,0.66,22,18,3,2,0,0
1,298,433,206,366,1.55,22,18,3,2,0,2
9,532,500,313,516,2.04,22,18,3,2,0,2
3,176,278,126,227,2.28,22,18,3,2,0,2
8,444,380,254,412,1.47,22,18,3,2,0,2
5,476,500,290,488,2.25,22,18,3,2,0,2
7,537,505,316,521,1.99,22,18,3,2,0,2
2,151,298,120,224,1.01,22,18,3,2,0,2
0,516,446,296,481,0.59,22,18,3,2,0,0
4,395,223,203,309,2.41,22,18,3,2,0,2
6,225,544,199,384,0.81,22,18,3,2,0,2
1,390,446,245,418,0.84,22,18,3,2,0,2
9,291,528,222,410,1.15,22,18,3,2,0,2
3,433,360,245,396,0.51,22,18,3,2,0,0
8,505,342,270,424,1.67,22,18,3,2,0,2
5,343,491,235,417,1.34,22,18,3,2,0,2
7,476,311,253,394,1.64,22,18,3,2,0,2
2,176,249,120,212,1.14,22,18,3,2,0,2
0,508,485,300,496,2.31,22,18,3,2,0,2
4,274,425,195,350,0.55,22,18,3,2,0,0
6,228,447,181,338,1.8,22,18,3,2,0,2
1,415,400,246,408,1.55,22,18,3,2,0,2
9,221,354,159,288,0.56,22,18,3,2,0,0
3,194,317,141,256,2.22,22,18,3,2,0,2
8,268,208,149,238,1.28,23,18,3,2,0,2
5,230,344,161,287,1.11,23,18,3,2,0,2
7,538,367,289,452,1.37,23,18,3,2,0,2
2,218,525,192,372,1.58,23,18,3,2,0,2
0,385,329,220,357,1.17,23,18,3,2,0,2
4,480,524,297,502,1.73,23,18,3,2,0,2
6,422,354,240,388,2.18,23,18,3,2,0,2
1,541,289,274,415,0.85,23,18,3,2,0,2
9,398,270,213,334,2.2,23,18,3,2,0,2
3,496,236,246,366,1.45,23,18,3,2,0,2
8,250,237,147,244,1.69,23,18,3,2,0,2
5,295,545,227,420,1.18,23,18,3,2,0,2
7,538,475,310,506,1.81,23,18,3,2,0,2
2,398,238,207,318,0.71,23,18,3,2,0,0
0,536,317,278,426,0.53,23,18,3,2,0,0
4,495,511,300,503,0.95,23,18,3,2,0,2
6,168,198,107,183,0.66,23,18,3,2,0,0
1,370,483,245,426,1.37,23,18,3,2,0,2
9,181,313,135,247,1.93,23,18,3,2,0,2
3,247,250,149,248,0.57,23,18,3,2,0,0
8,490,276,251,383,1.33,23,18,3,2,0,2
5,299,183,156,241,1.48,23,18,3,2,0,2
7,401,521,265,461,0.64,23,18,3,2,0,0
2,228,428,177,328,0.83,23,18,3,2,0,2
0,471,194,227,332,0.89,23,18,3,2,0,2
4,209,208,125,208,0.77,23,18,3,2,0,2
6,486,548,304,517,0.71,23,18,3,2,0,0
1,218,420,171,319,0.9,23,18,3,2,0,2
9,312,335,192,324,2.3,23,18,3,2,0,2
3,205,368,156,286,0.93,23,18,3,2,0,2
8,359,161,176,260,0.81,23,18,3,2,0,2
5,362,475,240,418,1.38,23,18,3,2,0,2
7,512,209,247,360,2.22,23,18,3,2,0,2
2,480,316,255,398,1.78,23,18,3,2,0,2
0,193,222,122,208,0.85,23,18,3,2,0,2
4,482,487,290,484,2.11,23,18,3,2,0,2
6,537,355,286,446,2.02,23,18,3,2,0,2
1,325,497,229,411,1.51,23,18,3,2,0,2
9,246,550,208,398,2.46,23,18,3,2,0,2
3,404,388,239,396,1.38,23,18,3,2,0,2
8,0,0,0,0,0.0,0,19,3,3,0,1
5,0,0,0,0,0.0,0,19,3,3,0,1
7,0,0,0,0,0.0,0,19,3,3,0,1
2,0,0,0,0,0.0,0,19,3,3,0,1
0,0,0,0,0,0.0,0,19,3,3,0,1
4,0,0,0,0,0.0,0,19,3,3,0,1
6,0,0,0,0,0.0,0,19,3,3,0,1
1,0,0,0,0,0.0,0,19,3,3,0,1
9,0,0,0,0,0.0,0,19,3,3,0,1
3,0,0,0,0,0.0,0,19,3,3,0,1
8,0,0,0,0,0.0,0,19,3,3,0,1
5,0,0,0,0,0.0,0,19,3,3,0,1
7,0,0,0,0,0.0,0,19,3,3,0,1
2,0,0,0,0,0.0,0,19,3,3,0,1
0,0,0,0,0,0.0,0,19,3,3,0,1
4,0,0,0,0,0.0,0,19,3,3,0,1
6,0,0,0,0,0.0,0,19,3,3,0,1
1,0,0,0,0,0.0,0,19,3,3,0,1
9,0,0,0,0,0.0,0,19,3,3,0,1
3,0,0,0,0,0.0,0,19,3,3,0,1
8,0,0,0,0,0.0,0,19,3,3,0,1
5,0,0,0,0,0.0,0,19,3,3,0,1
7,0,0,0,0,0.0,0,19,3,3,0,1
2,0,0,0,0,0.0,0,19,3,3,0,1
0,0,0,0,0,0.0,0,19,3,3,0,1
4,0,0,0,0,0.0,0,19,3,3,0,1
6,0,0,0,0,0.0,0,19,3,3,0,1
1,0,0,0,0,0.0,0,19,3,3,0,1
9,0,0,0,0,0.0,0,19,3,3,0,1
3,0,0,0,0,0.0,0,19,3,3,0,1
8,0,0,0,0,0.0,0,19,3,3,0,1
5,0,0,0,0,0.0,0,19,3,3,0,1
7,0,0,0,0,0.0,0,19,3,3,0,1
2,0,0,0,0,0.0,0,19,3,3,0,1
0,0,0,0,0,0.0,0,19,3,3,0,1
4,0,0,0,0,0.0,0,19,3,3,0,1
6,0,0,0,0,0.0,0,19,3,3,0,1
1,0,0,0,0,0.0,0,19,3,3,0,1
9,0,0,0,0,0.0,0,19,3,3,0,1
3,0,0,0,0,0.0,0,19,3,3,0,1
8,0,0,0,0,0.0,1,19,3,3,0,1
5,0,0,0,0,0.0,1,19,3,3,0,1
7,0,0,0,0,0.0,1,19,3,3,0,1
2,0,0,0,0,0.0,1,19,3,3,0,1
0,0,0,0,0,0.0,1,19,3,3,0,1
4,0,0,0,0,0.0,1,19,3,3,0,1
6,0,0,0,0,0.0,1,19,3,3,0,1
1,0,0,0,0,0.0,1,19,3,3,0,1
9,0,0,0,0,0.0,1,19,3,3,0,1
3,0,0,0,0,0.0,1,19,3,3,0,1
8,0,0,0,0,0.0,1,19,3,3,0,1
5,0,0,0,0,0.0,1,19,3,3,0,1
7,0,0,0,0,0.0,1,19,3,3,0,1
2,0,0,0,0,0.0,1,19,3,3,0,1
0,0,0,0,0,0.0,1,19,3,3,0,1
4,0,0,0,0,0.0,1,19,3,3,0,1
6,0,0,0,0,0.0,1,19,3,3,0,1
1,0,0,0,0,0.0,1,19,3,3,0,1
9,0,0,0,0,0.0,1,19,3,3,0,1
3,0,0,0,0,0.0,1,19,3,3,0,1
8,0,0,0,0,0.0,1,19,3,3,0,1
5,0,0,0,0,0.0,1,19,3,3,0,1
7,0,0,0,0,0.0,1,19,3,3,0,1
2,0,0,0,0,0.0,1,19,3,3,0,1
0,0,0,0,0,0.0,1,19,3,3,0,1
4,0,0,0,0,0.0,1,19,3,3,0,1
6,0,0,0,0,0.0,1,19,3,3,0,1
1,0,0,0,0,0.0,1,19,3,3,0,1
9,0,0,0,0,0.0,1,19,3,3,0,1
3,0,0,0,0,0.0,1,19,3,3,0,1
8,0,0,0,0,0.0,1,19,3,3,0,1
5,0,0,0,0,0.0,1,19,3,3,0,1
7,0,0,0,0,0.0,1,19,3,3,0,1
2,0,0,0,0,0.0,1,19,3,3,0,1
0,0,0,0,0,0.0,1,19,3,3,0,1
4,0,0,0,0,0.0,1,19,3,3,0,1
6,0,0,0,0,0.0,1,19,3,3,0,1
1,0,0,0,0,0.0,1,19,3,3,0,1
9,0,0,0,0,0.0,1,19,3,3,0,1
3,0,0,0,0,0.0,1,19,3,3,0,1
8,0,0,0,0,0.0,2,19,3,3,0,1
5,0,0,0,0,0.0,2,19,3,3,0,1
7,0,0,0,0,0.0,2,19,3,3,0,1
2,0,0,0,0,0.0,2,19,3,3,0,1
0,0,0,0,0,0.0,2,19,3,3,0,1
4,0,0,0,0,0.0,2,19,3,3,0,1
6,0,0,0,0,0.0,2,19,3,3,0,1
1,0,0,0,0,0.0,2,19,3,3,0,1
9,0,0,0,0,0.0,2,19,3,3,0,1
3,0,0,0,0,0.0,2,19,3,3,0,1
8,0,0,0,0,0.0,2,19,3,3,0,1
5,0,0,0,0,0.0,2,19,3,3,0,1
7,0,0,0,0,0.0,2,19,3,3,0,1
2,0,0,0,0,0.0,2,19,3,3,0,1
0,0,0,0,0,0.0,2,19,3,3,0,1
4,0,0,0,0,0.0,2,19,3,3,0,1
6,0,0,0,0,0.0,2,19,3,3,0,1
1,0,0,0,0,0.0,2,19,3,3,0,1
9,0,0,0,0,0.0,2,19,3,3,0,1
3,0,0,0,0,0.0,2,19,3,3,0,1
8,0,0,0,0,0.0,2,19,3,3,0,1
5,0,0,0,0,0.0,2,19,3,3,0,1
7,0,0,0,0,0.0,2,19,3,3,0,1
2,0,0,0,0,0.0,2,19,3,3,0,1
0,0,0,0,0,0.0,2,19,3,3,0,1
4,0,0,0,0,0.0,2,19,3,3,0,1
6,0,0,0,0,0.0,2,19,3,3,0,1
1,0,0,0,0,0.0,2,19,3,3,0,1
9,0,0,0,0,0.0,2,19,3,3,0,1
3,0,0,0,0,0.0,2,19,3,3,0,1
8,0,0,0,0,0.0,2,19,3,3,0,1
5,0,0,0,0,0.0,2,19,3,3,0,1
7,0,0,0,0,0.0,2,19,3,3,0,1
2,0,0,0,0,0.0,2,19,3,3,0,1
0,0,0,0,0,0.0,2,19,3,3,0,1
4,0,0,0,0,0.0,2,19,3,3,0,1
6,0,0,0,0,0.0,2,19,3,3,0,1
1,0,0,0,0,0.0,2,19,3,3,0,1
9,0,0,0,0,0.0,2,19,3,3,0,1
3,0,0,0,0,0.0,2,19,3,3,0,1
8,0,0,0,0,0.0,3,19,3,3,0,1
5,0,0,0,0,0.0,3,19,3,3,0,1
7,0,0,0,0,0.0,3,19,3,3,0,1
2,0,0,0,0,0.0,3,19,3,3,0,1
0,0,0,0,0,0.0,3,19,3,3,0,1
4,0,0,0,0,0.0,3,19,3,3,0,1
6,0,0,0,0,0.0,3,19,3,3,0,1
1,0,0,0,0,0.0,3,19,3,3,0,1
9,0,0,0,0,0.0,3,19,3,3,0,1
3,0,0,0,0,0.0,3,19,3,3,0,1
8,0,0,0,0,0.0,3,19,3,3,0,1
5,0,0,0,0,0.0,3,19,3,3,0,1
7,0,0,0,0,0.0,3,19,3,3,0,1
2,0,0,0,0,0.0,3,19,3,3,0,1
0,0,0,0,0,0.0,3,19,3,3,0,1
4,0,0,0,0,0.0,3,19,3,3,0,1
6,0,0,0,0,0.0,3,19,3,3,0,1
1,0,0,0,0,0.0,3,19,3,3,0,1
9,0,0,0,0,0.0,3,19,3,3,0,1
3,0,0,0,0,0.0,3,19,3,3,0,1
8,0,0,0,0,0.0,3,19,3,3,0,1
5,0,0,0,0,0.0,3,19,3,3,0,1
7,0,0,0,0,0.0,3,19,3,3,0,1
2,0,0,0,0,0.0,3,19,3,3,0,1
0,0,0,0,0,0.0,3,19,3,3,0,1
4,0,0,0,0,0.0,3,19,3,3,0,1
6,0,0,0,0,0.0,3,19,3,3,0,1
1,0,0,0,0,0.0,3,19,3,3,0,1
9,0,0,0,0,0.0,3,19,3,3,0,1
3,0,0,0,0,0.0,3,19,3,3,0,1
8,0,0,0,0,0.0,3,19,3,3,0,1
5,0,0,0,0,0.0,3,19,3,3,0,1
7,0,0,0,0,0.0,3,19,3,3,0,1
2,0,0,0,0,0.0,3,19,3,3,0,1
0,0,0,0,0,0.0,3,19,3,3,0,1
4,0,0,0,0,0.0,3,19,3,3,0,1
6,0,0,0,0,0.0,3,19,3,3,0,1
1,0,0,0,0,0.0,3,19,3,3,0,1
9,0,0,0,0,0.0,3,19,3,3,0,1
3,0,0,0,0,0.0,3,19,3,3,0,1
8,0,0,0,0,0.0,4,19,3,3,0,1
5,0,0,0,0,0.0,4,19,3,3,0,1
7,0,0,0,0,0.0,4,19,3,3,0,1
2,0,0,0,0,0.0,4,19,3,3,0,1
0,0,0,0,0,0.0,4,19,3,3,0,1
4,0,0,0,0,0.0,4,19,3,3,0,1
6,0,0,0,0,0.0,4,19,3,3,0,1
1,0,0,0,0,0.0,4,19,3,3,0,1
9,0,0,0,0,0.0,4,19,3,3,0,1
3,0,0,0,0,0.0,4,19,3,3,0,1
8,0,0,0,0,0.0,4,19,3,3,0,1
5,0,0,0,0,0.0,4,19,3,3,0,1
7,0,0,0,0,0.0,4,19,3,3,0,1
2,0,0,0,0,0.0,4,19,3,3,0,1
0,0,0,0,0,0.0,4,19,3,3,0,1
4,0,0,0,0,0.0,4,19,3,3,0,1
6,0,0,0,0,0.0,4,19,3,3,0,1
1,0,0,0,0,0.0,4,19,3,3,0,1
9,0,0,0,0,0.0,4,19,3,3,0,1
3,0,0,0,0,0.0,4,19,3,3,0,1
8,0,0,0,0,0.0,4,19,3,3,0,1
5,0,0,0,0,0.0,4,19,3,3,0,1
7,0,0,0,0,0.0,4,19,3,3,0,1
2,0,0,0,0,0.0,4,19,3,3,0,1
0,0,0,0,0,0.0,4,19,3,3,0,1
4,0,0,0,0,0.0,4,19,3,3,0,1
6,0,0,0,0,0.0,4,19,3,3,0,1
1,0,0,0,0,0.0,4,19,3,3,0,1
9,0,0,0,0,0.0,4,19,3,3,0,1
3,0,0,0,0,0.0,4,19,3,3,0,1
8,0,0,0,0,0.0,4,19,3,3,0,1
5,0,0,0,0,0.0,4,19,3,3,0,1
7,0,0,0,0,0.0,4,19,3,3,0,1
2,0,0,0,0,0.0,4,19,3,3,0,1
0,0,0,0,0,0.0,4,19,3,3,0,1
4,0,0,0,0,0.0,4,19,3,3,0,1
6,0,0,0,0,0.0,4,19,3,3,0,1
1,0,0,0,0,0.0,4,19,3,3,0,1
9,0,0,0,0,0.0,4,19,3,3,0,1
3,0,0,0,0,0.0,4,19,3,3,0,1
8,0,0,0,0,0.0,5,19,3,3,0,1
5,0,0,0,0,0.0,5,19,3,3,0,1
7,0,0,0,0,0.0,5,19,3,3,0,1
2,0,0,0,0,0.0,5,19,3,3,0,1
0,0,0,0,0,0.0,5,19,3,3,0,1
4,0,0,0,0,0.0,5,19,3,3,0,1
6,0,0,0,0,0.0,5,19,3,3,0,1
1,0,0,0,0,0.0,5,19,3,3,0,1
9,0,0,0,0,0.0,5,19,3,3,0,1
3,0,0,0,0,0.0,5,19,3,3,0,1
8,0,0,0,0,0.0,5,19,3,3,0,1
5,0,0,0,0,0.0,5,19,3,3,0,1
7,0,0,0,0,0.0,5,19,3,3,0,1
2,0,0,0,0,0.0,5,19,3,3,0,1
0,0,0,0,0,0.0,5,19,3,3,0,1
4,0,0,0,0,0.0,5,19,3,3,0,1
6,0,0,0,0,0.0,5,19,3,3,0,1
1,0,0,0,0,0.0,5,19,3,3,0,1
9,0,0,0,0,0.0,5,19,3,3,0,1
3,0,0,0,0,0.0,5,19,3,3,0,1
8,0,0,0,0,0.0,5,19,3,3,0,1
5,0,0,0,0,0.0,5,19,3,3,0,1
7,0,0,0,0,0.0,5,19,3,3,0,1
2,0,0,0,0,0.0,5,19,3,3,0,1
0,0,0,0,0,0.0,5,19,3,3,0,1
4,0,0,0,0,0.0,5,19,3,3,0,1
6,0,0,0,0,0.0,5,19,3,3,0,1
1,0,0,0,0,0.0,5,19,3,3,0,1
9,0,0,0,0,0.0,5,19,3,3,0,1
3,0,0,0,0,0.0,5,19,3,3,0,1
8,0,0,0,0,0.0,5,19,3,3,0,1
5,0,0,0,0,0.0,5,19,3,3,0,1
7,0,0,0,0,0.0,5,19,3,3,0,1
2,0,0,0,0,0.0,5,19,3,3,0,1
0,0,0,0,0,0.0,5,19,3,3,0,1
4,0,0,0,0,0.0,5,19,3,3,0,1
6,0,0,0,0,0.0,5,19,3,3,0,1
1,0,0,0,0,0.0,5,19,3,3,0,1
9,0,0,0,0,0.0,5,19,3,3,0,1
3,0,0,0,0,0.0,5,19,3,3,0,1
8,251,180,136,216,1.22,6,19,3,3,0,2
5,436,169,208,302,2.42,6,19,3,3,0,2
7,327,289,189,308,0.56,6,19,3,3,0,0
2,326,204,171,265,1.27,6,19,3,3,0,2
0,322,258,180,290,1.53,6,19,3,3,0,2
4,402,485,258,444,0.75,6,19,3,3,0,2
6,170,341,136,256,1.92,6,19,3,3,0,2
1,465,431,272,448,2.36,6,19,3,3,0,2
9,244,338,165,291,1.58,6,19,3,3,0,2
3,293,201,157,247,1.46,6,19,3,3,0,2
8,245,193,137,219,1.97,6,19,3,3,0,2
5,169,508,169,338,0.7,6,19,3,3,0,0
7,394,470,252,432,1.22,6,19,3,3,0,2
2,473,418,273,446,1.93,6,19,3,3,0,2
0,325,433,217,379,0.75,6,19,3,3,0,2
4,430,540,280,485,1.43,6,19,3,3,0,2
6,405,431,248,418,1.15,6,19,3,3,0,2
1,414,446,255,430,1.19,6,19,3,3,0,2
9,150,444,149,297,2.19,6,19,3,3,0,2
3,296,203,159,250,1.07,6,19,3,3,0,2
8,264,225,151,244,2.22,6,19,3,3,0,2
5,506,187,240,346,0.91,6,19,3,3,0,2
7,247,357,170,302,2.39,6,19,3,3,0,2
2,188,534,182,361,1.66,6,19,3,3,0,2
0,240,437,183,338,2.29,6,19,3,3,0,2
4,421,434,255,428,1.05,6,19,3,3,0,2
6,379,308,213,344,0.88,6,19,3,3,0,2
1,172,546,178,359,1.55,6,19,3,3,0,2
9,539,258,267,398,1.02,6,19,3,3,0,2
3,151,195,99,173,1.86,6,19,3,3,0,2
8,488,493,294,490,1.4,6,19,3,3,0,2
5,371,506,250,438,1.67,6,19,3,3,0,2
7,327,212,173,270,1.53,6,19,3,3,0,2
2,428,528,277,478,1.87,6,19,3,3,0,2
0,424,492,268,458,1.63,6,19,3,3,0,2
4,263,219,149,241,1.65,6,19,3,3,0,2
6,403,172,196,288,0.52,6,19,3,3,0,0
1,314,233,172,274,0.79,6,19,3,3,0,2
9,282,156,144,219,2.18,6,19,3,3,0,2
3,433,284,230,358,1.52,6,19,3,3,0,2
8,416,217,210,316,1.55,7,19,3,3,0,2
5,300,498,220,399,2.03,7,19,3,3,0,2
7,270,219,152,244,1.36,7,19,3,3,0,2
2,270,184,145,227,1.26,7,19,3,3,0,2
0,262,217,148,240,1.82,7,19,3,3,0,2
4,430,156,203,293,0.52,7,19,3,3,0,0
6,511,219,248,365,1.91,7,19,3,3,0,2
1,474,449,279,462,1.61,7,19,3,3,0,2
9,312,344,194,328,1.52,7,19,3,3,0,2
3,230,153,123,192,1.08,7,19,3,3,0,2
8,487,316,258,402,0.72,7,19,3,3,0,0
5,297,261,171,279,1.87,7,19,3,3,0,2
7,340,256,187,298,0.69,7,19,3,3,0,0
2,535,214,257,374,1.62,7,19,3,3,0,2
0,513,369,279,441,0.88,7,19,3,3,0,2
4,261,385,181,323,2.34,7,19,3,3,0,2
6,413,418,249,416,1.82,7,19,3,3,0,2
1,515,294,265,404,2.48,7,19,3,3,0,2
9,367,402,227,384,2.42,7,19,3,3,0,2
3,359,445,233,402,1.47,7,19,3,3,0,2
8,213,546,194,380,0.82,7,19,3,3,0,2
5,184,327,139,256,0.97,7,19,3,3,0,2
7,155,359,134,257,0.86,7,19,3,3,0,2
2,277,522,215,400,2.07,7,19,3,3,0,2
0,413,489,263,451,1.01,7,19,3,3,0,2
4,446,157,210,302,1.61,7,19,3,3,0,2
6,289,486,213,388,1.71,7,19,3,3,0,2
1,378,300,211,339,1.11,7,19,3,3,0,2
9,313,324,190,318,2.09,7,19,3,3,0,2
3,194,419,161,306,1.26,7,19,3,3,0,2
8,171,234,115,202,1.75,7,19,3,3,0,2
5,529,515,315,522,2.44,7,19,3,3,0,2
7,543,311,279,427,1.18,7,19,3,3,0,2
2,434,535,281,484,1.72,7,19,3,3,0,2
0,194,458,169,326,1.73,7,19,3,3,0,2
4,433,444,262,438,0.84,7,19,3,3,0,2
6,505,372,276,438,0.64,7,19,3,3,0,0
1,224,517,193,370,2.09,7,19,3,3,0,2
9,535,375,289,455,2.26,7,19,3,3,0,2
3,171,465,161,318,1.72,7,19,3,3,0,2
8,885,873,529,879,4.95,8,19,3,3,0,2
5,933,728,519,830,3.29,8,19,3,3,0,2
7,1848,478,835,1163,3.78,8,19,3,3,0,2
2,1939,955,967,1447,5.75,8,19,3,3,0,2
0,1392,787,714,1090,5.77,8,19,3,3,0,2
4,1698,928,865,1313,3.07,8,19,3,3,0,2
6,817,464,420,640,3.39,8,19,3,3,0,2
1,988,561,507,774,3.94,8,19,3,3,0,2
9,1625,725,795,1175,3.09,8,19,3,3,0,2
3,1620,928,834,1274,3.75,8,19,3,3,0,2
8,2220,932,1074,1576,3.04,8,19,3,3,0,2
5,2013,934,992,1474,4.22,8,19,3,3,0,2
7,912,608,486,760,3.09,8,19,3,3,0,2
2,1139,846,625,992,3.82,8,19,3,3,0,2
0,1616,861,819,1238,4.93,8,19,3,3,0,2
4,2349,947,1129,1648,3.01,8,19,3,3,0,2
6,1733,423,778,1078,5.34,8,19,3,3,0,2
1,1543,714,760,1128,4.08,8,19,3,3,0,2
9,1748,778,855,1263,3.92,8,19,3,3,0,2
3,1980,621,916,1300,5.36,8,19,3,3,0,2
8,2140,927,1041,1534,4.83,8,19,3,3,0,2
5,894,746,507,820,4.61,8,19,3,3,0,2
7,884,889,531,886,4.12,8,19,3,3,0,2
2,2490,532,1102,1511,3.29,8,19,3,3,0,2
0,1717,492,785,1104,5.71,8,19,3,3,0,2
4,1766,524,811,1145,3.6,8,19,3,3,0,2
6,1071,573,543,822,4.85,8,19,3,3,0,2
1,866,848,516,857,4.67,8,19,3,3,0,2
9,1747,596,818,1172,4.63,8,19,3,3,0,2
3,1241,854,667,1048,3.36,8,19,3,3,0,2
8,999,770,554,884,4.97,8,19,3,3,0,2
5,2343,719,1081,1531,3.22,8,19,3,3,0,2
7,1654,435,749,1044,4.8,8,19,3,3,0,2
2,1733,668,827,1200,3.26,8,19,3,3,0,2
0,857,607,464,732,5.28,8,19,3,3,0,2
4,1166,836,634,1001,3.07,8,19,3,3,0,2
6,1355,772,696,1064,3.26,8,19,3,3,0,2
1,1055,603,543,829,5.08,8,19,3,3,0,2
9,1874,738,897,1306,3.78,8,19,3,3,0,2
3,1137,694,594,916,4.58,8,19,3,3,0,2
8,808,896,502,852,3.67,9,19,3,3,0,2
5,1820,642,856,1231,4.52,9,19,3,3,0,2
7,1569,971,822,1270,3.83,9,19,3,3,0,2
2,1478,638,719,1058,3.28,9,19,3,3,0,2
0,1474,561,702,1018,3.4,9,19,3,3,0,2
4,901,852,531,876,5.74,9,19,3,3,0,2
6,1988,937,983,1462,5.5,9,19,3,3,0,2
1,1282,757,664,1020,4.41,9,19,3,3,0,2
9,1271,724,653,998,4.24,9,19,3,3,0,2
3,2098,925,1024,1512,3.74,9,19,3,3,0,2
8,1478,641,719,1060,3.62,9,19,3,3,0,2
5,1417,849,737,1133,3.82,9,19,3,3,0,2
7,1955,432,868,1194,3.75,9,19,3,3,0,2
2,2243,773,1052,1508,3.58,9,19,3,3,0,2
0,2096,756,990,1426,4.46,9,19,3,3,0,2
4,2409,1000,1164,1704,4.35,9,19,3,3,0,2
6,1952,894,960,1423,3.65,9,19,3,3,0,2
1,2400,805,1121,1602,5.29,9,19,3,3,0,2
9,1653,586,778,1120,4.81,9,19,3,3,0,2
3,1297,975,714,1136,3.01,9,19,3,3,0,2
8,1973,514,892,1244,4.14,9,19,3,3,0,2
5,1723,573,804,1148,3.61,9,19,3,3,0,2
7,2424,537,1077,1480,4.52,9,19,3,3,0,2
2,801,656,452,728,3.63,9,19,3,3,0,2
0,815,691,464,753,4.42,9,19,3,3,0,2
4,1863,785,902,1324,4.62,9,19,3,3,0,2
6,2297,688,1056,1492,5.49,9,19,3,3,0,2
1,2437,774,1130,1606,5.68,9,19,3,3,0,2
9,1309,603,644,956,3.55,9,19,3,3,0,2
3,2477,742,1139,1610,5.07,9,19,3,3,0,2
8,2347,718,1082,1532,4.58,9,19,3,3,0,2
5,1368,622,672,995,4.52,9,19,3,3,0,2
7,2009,630,930,1320,4.09,9,19,3,3,0,2
2,966,847,556,906,4.58,9,19,3,3,0,2
0,2040,551,926,1296,5.3,9,19,3,3,0,2
4,1852,578,856,1215,3.5,9,19,3,3,0,2
6,1483,570,707,1026,4.65,9,19,3,3,0,2
1,920,895,547,908,4.07,9,19,3,3,0,2
9,2453,986,1178,1720,3.31,9,19,3,3,0,2
3,954,740,530,847,5.13,9,19,3,3,0,2
8,2359,642,1072,1500,5.25,10,19,3,3,0,2
5,1348,869,713,1108,3.34,10,19,3,3,0,2
7,2215,765,1039,1490,3.51,10,19,3,3,0,2
2,1212,649,615,930,4.16,10,19,3,3,0,2
0,1767,592,825,1180,3.21,10,19,3,3,0,2
4,2243,813,1060,1528,4.13,10,19,3,3,0,2
6,2328,604,1052,1466,5.29,10,19,3,3,0,2
1,2103,416,924,1260,5.51,10,19,3,3,0,2
9,1338,563,648,950,3.46,10,19,3,3,0,2
3,1992,502,897,1247,4.06,10,19,3,3,0,2
8,1508,905,784,1206,4.61,10,19,3,3,0,2
5,1718,816,850,1267,4.62,10,19,3,3,0,2
7,2112,466,938,1289,3.06,10,19,3,3,0,2
2,2184,962,1066,1573,4.55,10,19,3,3,0,2
0,975,420,474,698,3.98,10,19,3,3,0,2
4,1570,761,780,1166,4.26,10,19,3,3,0,2
6,2071,834,995,1452,3.59,10,19,3,3,0,2
1,1085,801,594,943,3.95,10,19,3,3,0,2
9,1445,529,684,987,3.46,10,19,3,3,0,2
3,1238,802,656,1020,4.75,10,19,3,3,0,2
8,2318,668,1061,1493,4.14,10,19,3,3,0,2
5,2451,644,1109,1548,5.21,10,19,3,3,0,2
7,1687,914,858,1300,3.55,10,19,3,3,0,2
2,1541,569,730,1055,4.86,10,19,3,3,0,2
0,918,457,459,688,3.79,10,19,3,3,0,2
4,2347,433,1025,1390,4.13,10,19,3,3,0,2
6,1158,818,627,988,4.66,10,19,3,3,0,2
1,949,627,505,788,5.49,10,19,3,3,0,2
9,1309,899,703,1104,4.26,10,19,3,3,0,2
3,810,683,461,746,4.18,10,19,3,3,0,2
8,1523,578,725,1050,3.96,10,19,3,3,0,2
5,1664,757,817,1210,4.3,10,19,3,3,0,2
7,1838,585,852,1212,3.07,10,19,3,3,0,2
2,1974,504,890,1239,4.86,10,19,3,3,0,2
0,1584,716,777,1150,3.74,10,19,3,3,0,2
4,1193,936,664,1064,4.05,10,19,3,3,0,2
6,1109,454,534,782,4.5,10,19,3,3,0,2
1,1861,686,882,1274,3.51,10,19,3,3,0,2
9,1831,909,914,1370,3.39,10,19,3,3,0,2
3,1785,452,804,1118,3.84,10,19,3,3,0,2
8,530,177,247,354,1.11,11,19,3,3,0,2
5,460,496,283,478,2.45,11,19,3,3,0,2
7,296,197,158,246,2.04,11,19,3,3,0,2
2,456,474,277,465,2.34,11,19,3,3,0,2
0,228,176,126,202,0.96,11,19,3,3,0,2
4,257,509,205,383,1.44,11,19,3,3,0,2
6,418,365,240,392,1.48,11,19,3,3,0,2
1,403,442,250,422,1.88,11,19,3,3,0,2
9,477,533,297,505,0.71,11,19,3,3,0,0
3,167,329,133,248,1.71,11,19,3,3,0,2
8,166,259,118,212,0.95,11,19,3,3,0,2
5,308,305,184,306,0.55,11,19,3,3,0,0
7,496,339,266,418,2.11,11,19,3,3,0,2
2,341,232,183,286,0.77,11,19,3,3,0,2
0,529,153,242,341,1.44,11,19,3,3,0,2
4,316,406,208,361,1.18,11,19,3,3,0,2
6,341,232,183,286,1.45,11,19,3,3,0,2
1,210,546,193,378,2.47,11,19,3,3,0,2
9,453,166,214,310,1.98,11,19,3,3,0,2
3,303,174,156,238,0.66,11,19,3,3,0,0
8,345,402,218,374,2.32,11,19,3,3,0,2
5,333,333,200,333,2.07,11,19,3,3,0,2
7,251,507,202,379,1.94,11,19,3,3,0,2
2,292,222,161,257,1.37,11,19,3,3,0,2
0,217,204,128,210,0.5,11,19,3,3,0,0
4,537,459,307,498,1.23,11,19,3,3,0,2
6,308,372,198,340,2.36,11,19,3,3,0,2
1,175,285,127,230,2.18,11,19,3,3,0,2
9,499,286,257,392,2.15,11,19,3,3,0,2
3,474,197,229,336,1.9,11,19,3,3,0,2
8,154,398,141,276,1.21,11,19,3,3,0,2
5,382,535,260,458,1.34,11,19,3,3,0,2
7,164,314,128,239,1.0,11,19,3,3,0,2
2,506,188,240,347,1.54,11,19,3,3,0,2
0,235,392,172,314,2.19,11,19,3,3,0,2
4,260,229,150,244,2.41,11,19,3,3,0,2
6,453,188,219,320,2.42,11,19,3,3,0,2
1,410,528,270,469,1.36,11,19,3,3,0,2
9,438,327,241,382,1.9,11,19,3,3,0,2
3,421,251,219,336,2.14,11,19,3,3,0,2
8,414,248,215,331,1.75,12,19,3,3,0,2
5,417,417,250,417,0.86,12,19,3,3,0,2
7,292,536,224,414,1.05,12,19,3,3,0,2
2,550,514,323,532,1.15,12,19,3,3,0,2
0,166,321,131,244,0.99,12,19,3,3,0,2
4,231,267,146,249,0.93,12,19,3,3,0,2
6,536,235,261,386,1.76,12,19,3,3,0,2
1,470,197,227,334,1.08,12,19,3,3,0,2
9,324,436,217,380,1.51,12,19,3,3,0,2
3,230,539,200,384,1.53,12,19,3,3,0,2
8,259,350,174,304,1.7,12,19,3,3,0,2
5,511,318,268,414,2.25,12,19,3,3,0,2
7,528,410,293,469,0.56,12,19,3,3,0,0
2,342,381,213,362,2.45,12,19,3,3,0,2
0,404,533,268,468,0.97,12,19,3,3,0,2
4,207,181,119,194,2.1,12,19,3,3,0,2
6,507,505,304,506,0.67,12,19,3,3,0,0
1,388,436,242,412,1.94,12,19,3,3,0,2
9,228,521,195,374,2.13,12,19,3,3,0,2
3,524,514,312,519,1.07,12,19,3,3,0,2
8,318,349,197,334,0.65,12,19,3,3,0,0
5,360,513,247,436,0.78,12,19,3,3,0,2
7,336,445,223,390,0.57,12,19,3,3,0,0
2,211,406,166,308,2.43,12,19,3,3,0,2
0,295,370,192,332,1.61,12,19,3,3,0,2
4,172,337,136,254,2.16,12,19,3,3,0,2
6,248,245,148,246,1.28,12,19,3,3,0,2
1,281,454,203,368,1.38,12,19,3,3,0,2
9,158,407,145,282,1.14,12,19,3,3,0,2
3,492,255,248,374,1.89,12,19,3,3,0,2
8,170,459,160,314,0.62,12,19,3,3,0,0
5,259,318,167,288,1.95,12,19,3,3,0,2
7,493,184,234,338,1.35,12,19,3,3,0,2
2,297,350,189,324,1.62,12,19,3,3,0,2
0,450,337,247,394,1.5,12,19,3,3,0,2
4,295,311,180,303,2.18,12,19,3,3,0,2
6,197,501,179,349,0.62,12,19,3,3,0,0
1,235,272,148,254,2.15,12,19,3,3,0,2
9,319,332,194,326,1.66,12,19,3,3,0,2
3,321,382,205,352,1.48,12,19,3,3,0,2
8,228,240,139,234,1.41,13,19,3,3,0,2
5,531,283,269,407,1.26,13,19,3,3,0,2
7,269,316,171,292,0.92,13,19,3,3,0,2
2,416,305,227,360,1.81,13,19,3,3,0,2
0,510,480,300,495,1.07,13,19,3,3,0,2
4,254,321,166,288,1.94,13,19,3,3,0,2
6,177,162,103,170,1.85,13,19,3,3,0,2
1,193,177,113,185,0.76,13,19,3,3,0,2
9,210,383,161,296,0.91,13,19,3,3,0,2
3,346,378,214,362,1.84,13,19,3,3,0,2
8,546,306,280,426,2.36,13,19,3,3,0,2
5,531,176,248,354,1.1,13,19,3,3,0,2
7,408,278,219,343,1.8,13,19,3,3,0,2
2,382,281,209,332,0.94,13,19,3,3,0,2
0,379,275,207,327,0.82,13,19,3,3,0,2
4,162,186,102,174,2.26,13,19,3,3,0,2
6,280,288,170,284,2.1,13,19,3,3,0,2
1,158,305,124,232,0.6,13,19,3,3,0,0
9,305,503,223,404,1.92,13,19,3,3,0,2
3,546,284,275,415,1.91,13,19,3,3,0,2
8,488,358,267,423,0.91,13,19,3,3,0,2
5,479,175,227,327,1.75,13,19,3,3,0,2
7,382,434,240,408,0.63,13,19,3,3,0,0
2,200,165,113,182,1.74,13,19,3,3,0,2
0,463,211,227,337,0.94,13,19,3,3,0,2
4,150,478,156,314,1.94,13,19,3,3,0,2
6,372,460,241,416,2.48,13,19,3,3,0,2
1,484,229,239,356,1.2,13,19,3,3,0,2
9,318,292,186,305,0.5,13,19,3,3,0,0
3,342,155,168,248,0.73,13,19,3,3,0,0
8,334,160,166,247,1.78,13,19,3,3,0,2
5,214,360,158,287,1.68,13,19,3,3,0,2
7,336,380,210,358,0.81,13,19,3,3,0,2
2,468,190,225,329,0.76,13,19,3,3,0,2
0,192,233,123,212,2.21,13,19,3,3,0,2
4,284,255,165,270,1.34,13,19,3,3,0,2
6,192,274,132,233,1.94,13,19,3,3,0,2
1,439,339,243,389,2.35,13,19,3,3,0,2
9,454,273,236,364,1.63,13,19,3,3,0,2
3,335,535,241,435,2.07,13,19,3,3,0,2
8,172,466,162,319,0.92,14,19,3,3,0,2
5,462,391,263,426,2.32,14,19,3,3,0,2
7,519,157,239,338,2.13,14,19,3,3,0,2
2,337,422,219,380,0.84,14,19,3,3,0,2
0,392,288,214,340,0.54,14,19,3,3,0,0
4,489,413,278,451,1.31,14,19,3,3,0,2
6,221,466,182,344,1.33,14,19,3,3,0,2
1,364,220,190,292,0.99,14,19,3,3,0,2
9,152,330,127,241,2.14,14,19,3,3,0,2
3,361,509,246,435,2.28,14,19,3,3,0,2
8,248,310,161,279,1.33,14,19,3,3,0,2
5,345,314,201,330,0.96,14,19,3,3,0,2
7,275,185,147,230,0.79,14,19,3,3,0,2
2,286,204,155,245,1.37,14,19,3,3,0,2
0,210,443,173,326,1.98,14,19,3,3,0,2
4,175,324,135,250,1.49,14,19,3,3,0,2
6,213,355,156,284,1.86,14,19,3,3,0,2
1,205,259,134,232,2.16,14,19,3,3,0,2
9,174,334,136,254,0.85,14,19,3,3,0,2
3,437,443,263,440,2.09,14,19,3,3,0,2
8,202,171,115,186,1.4,14,19,3,3,0,2
5,340,299,196,320,2.01,14,19,3,3,0,2
7,499,414,282,456,2.19,14,19,3,3,0,2
2,161,431,151,296,2.48,14,19,3,3,0,2
0,294,253,168,274,0.85,14,19,3,3,0,2
4,422,192,207,307,0.98,14,19,3,3,0,2
6,396,197,198,296,2.14,14,19,3,3,0,2
1,209,262,136,236,0.85,14,19,3,3,0,2
9,393,286,214,340,2.49,14,19,3,3,0,2
3,396,498,258,447,0.82,14,19,3,3,0,2
8,242,218,140,230,1.08,14,19,3,3,0,2
5,248,443,188,346,0.55,14,19,3,3,0,0
7,535,406,295,470,2.47,14,19,3,3,0,2
2,477,395,270,436,1.26,14,19,3,3,0,2
0,389,544,264,466,1.05,14,19,3,3,0,2
4,368,315,210,342,2.02,14,19,3,3,0,2
6,353,213,184,283,1.11,14,19,3,3,0,2
1,177,275,126,226,1.24,14,19,3,3,0,2
9,414,474,260,444,1.75,14,19,3,3,0,2
3,521,267,262,394,0.5,14,19,3,3,0,0
8,287,343,183,315,0.64,15,19,3,3,0,0
5,398,493,258,446,1.57,15,19,3,3,0,2
7,329,382,208,356,0.7,15,19,3,3,0,0
2,202,219,125,210,1.36,15,19,3,3,0,2
0,491,199,236,345,1.08,15,19,3,3,0,2
4,325,481,226,403,1.76,15,19,3,3,0,2
6,361,540,252,450,0.7,15,19,3,3,0,0
1,151,488,158,320,0.83,15,19,3,3,0,2
9,164,313,128,238,0.62,15,19,3,3,0,0
3,278,493,210,386,2.48,15,19,3,3,0,2
8,345,225,183,285,2.4,15,19,3,3,0,2
5,432,456,264,444,0.63,15,19,3,3,0,0
7,309,182,160,246,1.56,15,19,3,3,0,2
2,344,293,196,318,0.94,15,19,3,3,0,2
0,511,269,258,390,2.02,15,19,3,3,0,2
4,378,454,242,416,0.72,15,19,3,3,0,0
6,227,198,130,212,1.97,15,19,3,3,0,2
1,361,195,183,278,0.9,15,19,3,3,0,2
9,470,352,258,411,1.87,15,19,3,3,0,2
3,479,242,240,360,0.77,15,19,3,3,0,2
8,293,306,178,300,1.54,15,19,3,3,0,2
5,541,197,256,369,1.34,15,19,3,3,0,2
7,165,539,174,352,0.86,15,19,3,3,0,2
2,547,485,316,516,0.6,15,19,3,3,0,0
0,196,171,113,184,0.54,15,19,3,3,0,0
4,336,286,192,311,1.74,15,19,3,3,0,2
6,231,165,125,198,2.12,15,19,3,3,0,2
1,338,508,237,423,0.74,15,19,3,3,0,0
9,242,499,197,370,1.24,15,19,3,3,0,2
3,528,190,249,359,2.25,15,19,3,3,0,2
8,313,184,162,248,0.55,15,19,3,3,0,0
5,199,191,118,195,1.2,15,19,3,3,0,2
7,302,224,166,263,1.74,15,19,3,3,0,2
2,293,405,198,349,1.26,15,19,3,3,0,2
0,433,548,283,490,1.01,15,19,3,3,0,2
4,496,541,307,518,1.9,15,19,3,3,0,2
6,198,272,134,235,2.29,15,19,3,3,0,2
1,468,387,265,428,1.09,15,19,3,3,0,2
9,223,326,154,274,1.12,15,19,3,3,0,2
3,416,418,250,417,2.0,15,19,3,3,0,2
8,446,350,248,398,1.0,16,19,3,3,0,2
5,170,504,169,337,0.75,16,19,3,3,0,2
7,454,237,229,346,1.78,16,19,3,3,0,2
2,362,369,219,366,2.25,16,19,3,3,0,2
0,228,315,154,272,0.97,16,19,3,3,0,2
4,371,462,241,416,1.42,16,19,3,3,0,2
6,352,200,181,276,1.56,16,19,3,3,0,2
1,172,447,158,310,0.86,16,19,3,3,0,2
9,399,389,237,394,1.79,16,19,3,3,0,2
3,272,396,188,334,2.04,16,19,3,3,0,2
8,510,356,275,433,1.24,16,19,3,3,0,2
5,457,458,274,458,1.93,16,19,3,3,0,2
7,516,343,275,430,0.53,16,19,3,3,0,0
2,215,347,155,281,1.89,16,19,3,3,0,2
0,195,178,114,186,0.93,16,19,3,3,0,2
4,251,169,134,210,0.97,16,19,3,3,0,2
6,483,350,263,416,1.59,16,19,3,3,0,2
1,276,290,168,283,1.29,16,19,3,3,0,2
9,483,352,264,418,1.19,16,19,3,3,0,2
3,229,455,183,342,1.48,16,19,3,3,0,2
8,340,358,208,349,2.27,16,19,3,3,0,2
5,290,411,198,350,2.4,16,19,3,3,0,2
7,509,296,263,402,1.81,16,19,3,3,0,2
2,317,331,193,324,2.44,16,19,3,3,0,2
0,399,405,241,402,1.46,16,19,3,3,0,2
4,500,321,264,410,1.47,16,19,3,3,0,2
6,280,434,199,357,2.04,16,19,3,3,0,2
1,544,157,249,350,1.9,16,19,3,3,0,2
9,182,316,136,249,0.66,16,19,3,3,0,0
3,393,440,245,416,2.38,16,19,3,3,0,2
8,347,542,247,444,1.87,16,19,3,3,0,2
5,210,502,184,356,0.93,16,19,3,3,0,2
7,432,455,264,444,1.33,16,19,3,3,0,2
2,429,241,220,335,1.06,16,19,3,3,0,2
0,498,357,271,428,1.68,16,19,3,3,0,2
4,415,528,272,472,0.85,16,19,3,3,0,2
6,228,241,139,234,0.83,16,19,3,3,0,2
1,209,346,153,278,1.21,16,19,3,3,0,2
9,463,175,220,319,0.96,16,19,3,3,0,2
3,283,512,216,398,0.74,16,19,3,3,0,0
8,790,2429,802,1610,5.19,17,19,3,3,0,2
5,938,1019,579,978,3.05,17,19,3,3,0,2
7,1081,1792,791,1436,4.5,17,19,3,3,0,2
2,960,2402,864,1681,4.8,17,19,3,3,0,2
0,618,1296,506,957,4.88,17,19,3,3,0,2
4,841,2699,876,1770,5.02,17,19,3,3,0,2
6,962,2258,836,1610,3.52,17,19,3,3,0,2
1,728,1795,650,1262,4.62,17,19,3,3,0,2
9,807,1799,683,1303,3.41,17,19,3,3,0,2
3,916,2556,878,1736,4.8,17,19,3,3,0,2
8,625,1861,622,1243,3.1,17,19,3,3,0,2
5,604,2267,695,1436,4.79,17,19,3,3,0,2
7,1069,1409,709,1239,5.16,17,19,3,3,0,2
2,759,1487,601,1123,5.01,17,19,3,3,0,2
0,979,2255,843,1617,3.76,17,19,3,3,0,2
4,608,2528,749,1568,4.21,17,19,3,3,0,2
6,717,1326,552,1022,3.14,17,19,3,3,0,2
1,789,1097,535,943,4.35,17,19,3,3,0,2
9,747,1408,580,1078,3.64,17,19,3,3,0,2
3,1143,2695,996,1919,5.55,17,19,3,3,0,2
8,997,2519,903,1758,4.5,17,19,3,3,0,2
5,774,2587,827,1680,4.05,17,19,3,3,0,2
7,1036,2044,823,1540,4.63,17,19,3,3,0,2
2,905,2263,815,1584,4.26,17,19,3,3,0,2
0,1178,1894,850,1536,3.87,17,19,3,3,0,2
4,902,1253,611,1078,5.69,17,19,3,3,0,2
6,659,1926,649,1292,5.33,17,19,3,3,0,2
1,663,2369,739,1516,4.24,17,19,3,3,0,2
9,880,1745,701,1312,4.86,17,19,3,3,0,2
3,966,2262,839,1614,4.8,17,19,3,3,0,2
8,917,2529,873,1723,5.52,17,19,3,3,0,2
5,1175,2476,965,1826,3.04,17,19,3,3,0,2
7,1119,2613,970,1866,5.63,17,19,3,3,0,2
2,1125,2290,908,1708,4.65,17,19,3,3,0,2
0,1141,1833,823,1487,3.05,17,19,3,3,0,2
4,880,2325,817,1602,5.29,17,19,3,3,0,2
6,1050,1485,717,1268,3.45,17,19,3,3,0,2
1,695,1927,663,1311,5.19,17,19,3,3,0,2
9,657,1672,597,1164,4.52,17,19,3,3,0,2
3,641,1225,501,933,5.74,17,19,3,3,0,2
8,1115,2110,868,1612,3.87,18,19,3,3,0,2
5,987,1498,694,1242,4.75,18,19,3,3,0,2
7,1074,2428,915,1751,4.78,18,19,3,3,0,2
2,902,2157,792,1530,4.57,18,19,3,3,0,2
0,916,1483,663,1200,4.57,18,19,3,3,0,2
4,780,1339,580,1060,3.47,18,19,3,3,0,2
6,747,2388,776,1568,4.65,18,19,3,3,0,2
1,935,2686,911,1810,5.22,18,19,3,3,0,2
9,1192,2425,962,1808,5.53,18,19,3,3,0,2
3,1000,1752,750,1376,3.13,18,19,3,3,0,2
8,782,2647,842,1714,3.0,18,19,3,3,0,2
5,887,1459,647,1173,4.6,18,19,3,3,0,2
7,681,1490,570,1086,3.05,18,19,3,3,0,2
2,1153,2420,945,1786,3.77,18,19,3,3,0,2
0,750,2772,854,1761,4.45,18,19,3,3,0,2
4,604,2745,791,1674,3.53,18,19,3,3,0,2
6,687,1570,589,1128,4.59,18,19,3,3,0,2
1,1171,1004,669,1088,3.71,18,19,3,3,0,2
9,1007,1302,663,1154,3.02,18,19,3,3,0,2
3,800,1358,592,1079,5.39,18,19,3,3,0,2
8,771,2791,867,1781,4.17,18,19,3,3,0,2
5,909,1881,740,1395,5.13,18,19,3,3,0,2
7,713,2049,695,1381,3.32,18,19,3,3,0,2
2,1028,2651,941,1840,3.42,18,19,3,3,0,2
0,1135,1906,835,1520,4.62,18,19,3,3,0,2
4,1048,2618,943,1833,3.63,18,19,3,3,0,2
6,986,1686,732,1336,5.31,18,19,3,3,0,2
1,827,1540,639,1184,4.94,18,19,3,3,0,2
9,1132,2155,884,1644,5.14,18,19,3,3,0,2
3,1159,1941,852,1550,4.85,18,19,3,3,0,2
8,765,1890,684,1328,4.43,18,19,3,3,0,2
5,795,2404,799,1600,5.26,18,19,3,3,0,2
7,788,1224,560,1006,3.98,18,19,3,3,0,2
2,923,1364,642,1144,3.91,18,19,3,3,0,2
0,1144,1803,818,1474,4.72,18,19,3,3,0,2
4,1017,1807,768,1412,5.08,18,19,3,3,0,2
6,1048,2229,865,1638,3.04,18,19,3,3,0,2
1,1104,2479,937,1792,3.99,18,19,3,3,0,2
9,791,2187,754,1489,3.41,18,19,3,3,0,2
3,1141,2283,913,1712,3.22,18,19,3,3,0,2
8,993,1731,743,1362,4.24,19,19,3,3,0,2
5,735,1905,675,1320,3.73,19,19,3,3,0,2
7,1183,1857,845,1520,3.48,19,19,3,3,0,2
2,1027,1591,729,1309,5.55,19,19,3,3,0,2
0,1042,1360,689,1201,4.91,19,19,3,3,0,2
4,726,1967,684,1346,5.02,19,19,3,3,0,2
6,905,2460,854,1682,5.28,19,19,3,3,0,2
1,924,1415,653,1170,5.73,19,19,3,3,0,2
9,1178,1540,779,1359,3.72,19,19,3,3,0,2
3,642,1836,624,1239,4.85,19,19,3,3,0,2
8,1193,2039,885,1616,3.65,19,19,3,3,0,2
5,837,1613,657,1225,5.49,19,19,3,3,0,2
7,1077,1607,752,1342,4.52,19,19,3,3,0,2
2,632,2048,662,1340,4.09,19,19,3,3,0,2
0,898,1045,568,972,3.89,19,19,3,3,0,2
4,1133,1131,679,1132,5.39,19,19,3,3,0,2
6,911,1191,603,1051,5.6,19,19,3,3,0,2
1,1090,1768,790,1429,3.74,19,19,3,3,0,2
9,857,1149,573,1003,3.37,19,19,3,3,0,2
3,692,2240,725,1466,5.29,19,19,3,3,0,2
8,857,2014,746,1436,4.77,19,19,3,3,0,2
5,1012,2220,849,1616,5.04,19,19,3,3,0,2
7,693,2235,724,1464,3.18,19,19,3,3,0,2
2,846,2041,747,1444,5.37,19,19,3,3,0,2
0,794,1526,623,1160,5.2,19,19,3,3,0,2
4,732,2178,728,1455,3.1,19,19,3,3,0,2
6,1144,2149,887,1646,3.53,19,19,3,3,0,2
1,910,2072,778,1491,4.2,19,19,3,3,0,2
9,825,2605,851,1715,3.58,19,19,3,3,0,2
3,891,2110,778,1500,5.21,19,19,3,3,0,2
8,630,1974,647,1302,4.15,19,19,3,3,0,2
5,881,1197,592,1039,4.69,19,19,3,3,0,2
7,1087,2055,846,1571,5.33,19,19,3,3,0,2
2,826,1117,554,972,5.41,19,19,3,3,0,2
0,1014,1332,672,1173,3.2,19,19,3,3,0,2
4,698,2353,750,1526,3.12,19,19,3,3,0,2
6,671,1101,489,886,5.33,19,19,3,3,0,2
1,927,1721,715,1324,5.76,19,19,3,3,0,2
9,966,2637,914,1802,3.99,19,19,3,3,0,2
3,735,2525,799,1630,3.83,19,19,3,3,0,2
8,1037,1342,683,1190,3.99,20,19,3,3,0,2
5,834,2353,804,1594,3.88,20,19,3,3,0,2
7,944,1134,604,1039,5.33,20,19,3,3,0,2
2,957,2690,921,1824,5.36,20,19,3,3,0,2
0,1152,1701,801,1426,3.37,20,19,3,3,0,2
4,654,1258,513,956,3.52,20,19,3,3,0,2
6,1027,1457,702,1242,3.04,20,19,3,3,0,2
1,746,1093,517,920,4.95,20,19,3,3,0,2
9,938,1640,703,1289,5.04,20,19,3,3,0,2
3,1088,1929,821,1508,3.27,20,19,3,3,0,2
8,863,2706,886,1784,5.36,20,19,3,3,0,2
5,1075,1386,707,1230,4.82,20,19,3,3,0,2
7,1088,2768,989,1928,3.83,20,19,3,3,0,2
2,806,1819,686,1312,3.59,20,19,3,3,0,2
0,808,2336,790,1572,5.32,20,19,3,3,0,2
4,687,2412,757,1550,3.89,20,19,3,3,0,2
6,697,1190,517,944,4.77,20,19,3,3,0,2
1,603,1156,472,880,4.4,20,19,3,3,0,2
9,605,2116,665,1360,3.18,20,19,3,3,0,2
3,1199,2657,1011,1928,5.36,20,19,3,3,0,2
8,974,2558,901,1766,3.1,20,19,3,3,0,2
5,743,2632,824,1688,3.02,20,19,3,3,0,2
7,877,1661,683,1269,4.68,20,19,3,3,0,2
2,1109,1428,729,1268,3.67,20,19,3,3,0,2
0,750,1248,550,999,3.68,20,19,3,3,0,2
4,844,1434,624,1139,4.88,20,19,3,3,0,2
6,1140,1072,670,1106,5.45,20,19,3,3,0,2
1,694,1323,542,1008,5.29,20,19,3,3,0,2
9,1072,2546,938,1809,4.17,20,19,3,3,0,2
3,1197,1802,839,1500,5.47,20,19,3,3,0,2
8,986,1597,714,1292,5.75,20,19,3,3,0,2
5,1183,2252,924,1718,3.27,20,19,3,3,0,2
7,647,2437,746,1542,5.12,20,19,3,3,0,2
2,1008,1152,634,1080,3.06,20,19,3,3,0,2
0,1186,2793,1033,1990,4.67,20,19,3,3,0,2
4,791,2014,719,1402,4.44,20,19,3,3,0,2
6,671,2716,812,1694,5.45,20,19,3,3,0,2
1,1052,2792,979,1922,5.44,20,19,3,3,0,2
9,1110,1972,838,1541,4.71,20,19,3,3,0,2
3,1133,1432,740,1282,4.67,20,19,3,3,0,2
8,205,306,143,256,0.66,21,19,3,3,0,0
5,550,190,258,370,0.85,21,19,3,3,0,2
7,477,415,274,446,1.7,21,19,3,3,0,2
2,161,547,174,354,0.84,21,19,3,3,0,2
0,292,320,181,306,1.03,21,19,3,3,0,2
4,276,505,211,390,1.67,21,19,3,3,0,2
6,430,189,210,310,1.93,21,19,3,3,0,2
1,156,498,162,327,2.46,21,19,3,3,0,2
9,325,162,162,244,1.5,21,19,3,3,0,2
3,437,476,270,456,1.62,21,19,3,3,0,2
8,271,209,150,240,0.99,21,19,3,3,0,2
5,366,198,186,282,0.83,21,19,3,3,0,2
7,339,535,243,437,0.5,21,19,3,3,0,0
2,394,398,237,396,2.11,21,19,3,3,0,2
0,285,211,156,248,1.21,21,19,3,3,0,2
4,316,324,191,320,1.88,21,19,3,3,0,2
6,243,460,189,352,0.82,21,19,3,3,0,2
1,535,242,262,388,1.31,21,19,3,3,0,2
9,434,371,248,402,0.9,21,19,3,3,0,2
3,242,199,137,220,2.07,21,19,3,3,0,2
8,514,215,249,364,1.51,21,19,3,3,0,2
5,169,261,120,215,2.29,21,19,3,3,0,2
7,462,193,223,328,1.48,21,19,3,3,0,2
2,221,385,165,303,2.17,21,19,3,3,0,2
0,241,167,130,204,1.4,21,19,3,3,0,2
4,484,422,278,453,2.36,21,19,3,3,0,2
6,246,213,141,230,1.07,21,19,3,3,0,2
1,455,477,277,466,2.09,21,19,3,3,0,2
9,438,334,242,386,0.95,21,19,3,3,0,2
3,319,266,181,292,0.58,21,19,3,3,0,0
8,230,263,145,246,2.48,21,19,3,3,0,2
5,259,410,186,334,1.07,21,19,3,3,0,2
7,357,322,207,340,1.53,21,19,3,3,0,2
2,269,265,161,267,2.1,21,19,3,3,0,2
0,260,367,177,314,0.88,21,19,3,3,0,2
4,252,384,178,318,1.01,21,19,3,3,0,2
6,418,164,200,291,1.12,21,19,3,3,0,2
1,388,192,194,290,1.69,21,19,3,3,0,2
9,477,401,271,439,1.5,21,19,3,3,0,2
3,268,207,149,238,2.04,21,19,3,3,0,2
8,208,380,159,294,0.5,22,19,3,3,0,0
5,524,246,259,385,1.59,22,19,3,3,0,2
7,280,539,220,410,0.67,22,19,3,3,0,0
2,193,171,111,182,0.79,22,19,3,3,0,2
0,193,421,161,307,1.44,22,19,3,3,0,2
4,308,156,154,232,1.33,22,19,3,3,0,2
6,504,390,280,447,0.81,22,19,3,3,0,2
1,395,453,249,424,2.1,22,19,3,3,0,2
9,548,211,261,380,0.74,22,19,3,3,0,0
3,312,317,188,314,1.58,22,19,3,3,0,2
8,446,288,236,367,1.06,22,19,3,3,0,2
5,440,528,282,484,0.76,22,19,3,3,0,2
7,400,374,235,387,1.36,22,19,3,3,0,2
2,317,349,197,333,1.04,22,19,3,3,0,2
0,366,473,241,420,1.05,22,19,3,3,0,2
4,169,403,148,286,0.61,22,19,3,3,0,0
6,481,218,236,350,2.17,22,19,3,3,0,2
1,169,219,111,194,2.01,22,19,3,3,0,2
9,408,334,230,371,0.8,22,19,3,3,0,2
3,520,387,285,454,1.58,22,19,3,3,0,2
8,445,290,236,368,2.43,22,19,3,3,0,2
5,496,153,229,324,0.58,22,19,3,3,0,0
7,299,465,213,382,1.04,22,19,3,3,0,2
2,407,503,263,455,1.08,22,19,3,3,0,2
0,475,282,246,378,1.1,22,19,3,3,0,2
4,469,232,234,350,1.85,22,19,3,3,0,2
6,447,418,262,432,1.0,22,19,3,3,0,2
1,304,509,223,406,2.14,22,19,3,3,0,2
9,419,201,208,310,2.1,22,19,3,3,0,2
3,196,335,145,266,1.95,22,19,3,3,0,2
8,454,379,257,416,0.74,22,19,3,3,0,0
5,433,391,251,412,0.76,22,19,3,3,0,2
7,460,432,270,446,2.04,22,19,3,3,0,2
2,412,523,269,468,1.3,22,19,3,3,0,2
0,402,470,255,436,1.34,22,19,3,3,0,2
4,386,229,200,308,2.36,22,19,3,3,0,2
6,311,206,166,258,2.48,22,19,3,3,0,2
1,481,463,285,472,2.35,22,19,3,3,0,2
9,277,519,215,398,2.48,22,19,3,3,0,2
3,375,201,190,288,0.76,22,19,3,3,0,2
8,206,538,190,372,1.71,23,19,3,3,0,2
5,450,404,261,427,0.55,23,19,3,3,0,0
7,407,455,254,431,0.86,23,19,3,3,0,2
2,476,255,241,366,0.51,23,19,3,3,0,0
0,548,364,292,456,1.1,23,19,3,3,0,2
4,211,524,189,368,2.38,23,19,3,3,0,2
6,459,346,253,402,1.39,23,19,3,3,0,2
1,384,502,254,443,1.3,23,19,3,3,0,2
9,213,310,147,262,1.82,23,19,3,3,0,2
3,447,311,241,379,2.21,23,19,3,3,0,2
8,367,533,253,450,1.51,23,19,3,3,0,2
5,274,509,211,392,2.32,23,19,3,3,0,2
7,396,271,213,334,0.93,23,19,3,3,0,2
2,422,542,277,482,2.4,23,19,3,3,0,2
0,413,386,242,400,1.08,23,19,3,3,0,2
4,466,449,276,458,1.48,23,19,3,3,0,2
6,189,499,175,344,1.36,23,19,3,3,0,2
1,213,165,118,189,0.89,23,19,3,3,0,2
9,438,429,261,434,0.82,23,19,3,3,0,2
3,214,530,192,372,2.01,23,19,3,3,0,2
8,372,512,251,442,1.32,23,19,3,3,0,2
5,468,159,219,314,0.96,23,19,3,3,0,2
7,385,328,220,356,1.05,23,19,3,3,0,2
2,381,251,203,316,2.25,23,19,3,3,0,2
0,389,404,236,396,1.83,23,19,3,3,0,2
4,247,422,183,334,1.75,23,19,3,3,0,2
6,474,368,263,421,2.35,23,19,3,3,0,2
1,546,237,266,392,1.41,23,19,3,3,0,2
9,366,378,222,372,1.1,23,19,3,3,0,2
3,459,516,287,488,1.77,23,19,3,3,0,2
8,433,202,214,318,1.44,23,19,3,3,0,2
5,249,238,147,244,1.4,23,19,3,3,0,2
7,293,191,155,242,0.95,23,19,3,3,0,2
2,538,316,278,427,2.07,23,19,3,3,0,2
0,467,433,273,450,1.94,23,19,3,3,0,2
4,439,211,218,325,2.02,23,19,3,3,0,2
6,471,344,257,408,2.36,23,19,3,3,0,2
1,393,491,255,442,1.48,23,19,3,3,0,2
9,461,549,294,505,1.95,23,19,3,3,0,2
3,235,458,186,346,1.47,23,19,3,3,0,2
8,0,0,0,0,0.0,0,20,3,4,0,1
5,0,0,0,0,0.0,0,20,3,4,0,1
7,0,0,0,0,0.0,0,20,3,4,0,1
2,0,0,0,0,0.0,0,20,3,4,0,1
0,0,0,0,0,0.0,0,20,3,4,0,1
4,0,0,0,0,0.0,0,20,3,4,0,1
6,0,0,0,0,0.0,0,20,3,4,0,1
1,0,0,0,0,0.0,0,20,3,4,0,1
9,0,0,0,0,0.0,0,20,3,4,0,1
3,0,0,0,0,0.0,0,20,3,4,0,1
8,0,0,0,0,0.0,0,20,3,4,0,1
5,0,0,0,0,0.0,0,20,3,4,0,1
7,0,0,0,0,0.0,0,20,3,4,0,1
2,0,0,0,0,0.0,0,20,3,4,0,1
0,0,0,0,0,0.0,0,20,3,4,0,1
4,0,0,0,0,0.0,0,20,3,4,0,1
6,0,0,0,0,0.0,0,20,3,4,0,1
1,0,0,0,0,0.0,0,20,3,4,0,1
9,0,0,0,0,0.0,0,20,3,4,0,1
3,0,0,0,0,0.0,0,20,3,4,0,1
8,0,0,0,0,0.0,0,20,3,4,0,1
5,0,0,0,0,0.0,0,20,3,4,0,1
7,0,0,0,0,0.0,0,20,3,4,0,1
2,0,0,0,0,0.0,0,20,3,4,0,1
0,0,0,0,0,0.0,0,20,3,4,0,1
4,0,0,0,0,0.0,0,20,3,4,0,1
6,0,0,0,0,0.0,0,20,3,4,0,1
1,0,0,0,0,0.0,0,20,3,4,0,1
9,0,0,0,0,0.0,0,20,3,4,0,1
3,0,0,0,0,0.0,0,20,3,4,0,1
8,0,0,0,0,0.0,0,20,3,4,0,1
5,0,0,0,0,0.0,0,20,3,4,0,1
7,0,0,0,0,0.0,0,20,3,4,0,1
2,0,0,0,0,0.0,0,20,3,4,0,1
0,0,0,0,0,0.0,0,20,3,4,0,1
4,0,0,0,0,0.0,0,20,3,4,0,1
6,0,0,0,0,0.0,0,20,3,4,0,1
1,0,0,0,0,0.0,0,20,3,4,0,1
9,0,0,0,0,0.0,0,20,3,4,0,1
3,0,0,0,0,0.0,0,20,3,4,0,1
8,0,0,0,0,0.0,1,20,3,4,0,1
5,0,0,0,0,0.0,1,20,3,4,0,1
7,0,0,0,0,0.0,1,20,3,4,0,1
2,0,0,0,0,0.0,1,20,3,4,0,1
0,0,0,0,0,0.0,1,20,3,4,0,1
4,0,0,0,0,0.0,1,20,3,4,0,1
6,0,0,0,0,0.0,1,20,3,4,0,1
1,0,0,0,0,0.0,1,20,3,4,0,1
9,0,0,0,0,0.0,1,20,3,4,0,1
3,0,0,0,0,0.0,1,20,3,4,0,1
8,0,0,0,0,0.0,1,20,3,4,0,1
5,0,0,0,0,0.0,1,20,3,4,0,1
7,0,0,0,0,0.0,1,20,3,4,0,1
2,0,0,0,0,0.0,1,20,3,4,0,1
0,0,0,0,0,0.0,1,20,3,4,0,1
4,0,0,0,0,0.0,1,20,3,4,0,1
6,0,0,0,0,0.0,1,20,3,4,0,1
1,0,0,0,0,0.0,1,20,3,4,0,1
9,0,0,0,0,0.0,1,20,3,4,0,1
3,0,0,0,0,0.0,1,20,3,4,0,1
8,0,0,0,0,0.0,1,20,3,4,0,1
5,0,0,0,0,0.0,1,20,3,4,0,1
7,0,0,0,0,0.0,1,20,3,4,0,1
2,0,0,0,0,0.0,1,20,3,4,0,1
0,0,0,0,0,0.0,1,20,3,4,0,1
4,0,0,0,0,0.0,1,20,3,4,0,1
6,0,0,0,0,0.0,1,20,3,4,0,1
1,0,0,0,0,0.0,1,20,3,4,0,1
9,0,0,0,0,0.0,1,20,3,4,0,1
3,0,0,0,0,0.0,1,20,3,4,0,1
8,0,0,0,0,0.0,1,20,3,4,0,1
5,0,0,0,0,0.0,1,20,3,4,0,1
7,0,0,0,0,0.0,1,20,3,4,0,1
2,0,0,0,0,0.0,1,20,3,4,0,1
0,0,0,0,0,0.0,1,20,3,4,0,1
4,0,0,0,0,0.0,1,20,3,4,0,1
6,0,0,0,0,0.0,1,20,3,4,0,1
1,0,0,0,0,0.0,1,20,3,4,0,1
9,0,0,0,0,0.0,1,20,3,4,0,1
3,0,0,0,0,0.0,1,20,3,4,0,1
8,0,0,0,0,0.0,2,20,3,4,0,1
5,0,0,0,0,0.0,2,20,3,4,0,1
7,0,0,0,0,0.0,2,20,3,4,0,1
2,0,0,0,0,0.0,2,20,3,4,0,1
0,0,0,0,0,0.0,2,20,3,4,0,1
4,0,0,0,0,0.0,2,20,3,4,0,1
6,0,0,0,0,0.0,2,20,3,4,0,1
1,0,0,0,0,0.0,2,20,3,4,0,1
9,0,0,0,0,0.0,2,20,3,4,0,1
3,0,0,0,0,0.0,2,20,3,4,0,1
8,0,0,0,0,0.0,2,20,3,4,0,1
5,0,0,0,0,0.0,2,20,3,4,0,1
7,0,0,0,0,0.0,2,20,3,4,0,1
2,0,0,0,0,0.0,2,20,3,4,0,1
0,0,0,0,0,0.0,2,20,3,4,0,1
4,0,0,0,0,0.0,2,20,3,4,0,1
6,0,0,0,0,0.0,2,20,3,4,0,1
1,0,0,0,0,0.0,2,20,3,4,0,1
9,0,0,0,0,0.0,2,20,3,4,0,1
3,0,0,0,0,0.0,2,20,3,4,0,1
8,0,0,0,0,0.0,2,20,3,4,0,1
5,0,0,0,0,0.0,2,20,3,4,0,1
7,0,0,0,0,0.0,2,20,3,4,0,1
2,0,0,0,0,0.0,2,20,3,4,0,1
0,0,0,0,0,0.0,2,20,3,4,0,1
4,0,0,0,0,0.0,2,20,3,4,0,1
6,0,0,0,0,0.0,2,20,3,4,0,1
1,0,0,0,0,0.0,2,20,3,4,0,1
9,0,0,0,0,0.0,2,20,3,4,0,1
3,0,0,0,0,0.0,2,20,3,4,0,1
8,0,0,0,0,0.0,2,20,3,4,0,1
5,0,0,0,0,0.0,2,20,3,4,0,1
7,0,0,0,0,0.0,2,20,3,4,0,1
2,0,0,0,0,0.0,2,20,3,4,0,1
0,0,0,0,0,0.0,2,20,3,4,0,1
4,0,0,0,0,0.0,2,20,3,4,0,1
6,0,0,0,0,0.0,2,20,3,4,0,1
1,0,0,0,0,0.0,2,20,3,4,0,1
9,0,0,0,0,0.0,2,20,3,4,0,1
3,0,0,0,0,0.0,2,20,3,4,0,1
8,0,0,0,0,0.0,3,20,3,4,0,1
5,0,0,0,0,0.0,3,20,3,4,0,1
7,0,0,0,0,0.0,3,20,3,4,0,1
2,0,0,0,0,0.0,3,20,3,4,0,1
0,0,0,0,0,0.0,3,20,3,4,0,1
4,0,0,0,0,0.0,3,20,3,4,0,1
6,0,0,0,0,0.0,3,20,3,4,0,1
1,0,0,0,0,0.0,3,20,3,4,0,1
9,0,0,0,0,0.0,3,20,3,4,0,1
3,0,0,0,0,0.0,3,20,3,4,0,1
8,0,0,0,0,0.0,3,20,3,4,0,1
5,0,0,0,0,0.0,3,20,3,4,0,1
7,0,0,0,0,0.0,3,20,3,4,0,1
2,0,0,0,0,0.0,3,20,3,4,0,1
0,0,0,0,0,0.0,3,20,3,4,0,1
4,0,0,0,0,0.0,3,20,3,4,0,1
6,0,0,0,0,0.0,3,20,3,4,0,1
1,0,0,0,0,0.0,3,20,3,4,0,1
9,0,0,0,0,0.0,3,20,3,4,0,1
3,0,0,0,0,0.0,3,20,3,4,0,1
8,0,0,0,0,0.0,3,20,3,4,0,1
5,0,0,0,0,0.0,3,20,3,4,0,1
7,0,0,0,0,0.0,3,20,3,4,0,1
2,0,0,0,0,0.0,3,20,3,4,0,1
0,0,0,0,0,0.0,3,20,3,4,0,1
4,0,0,0,0,0.0,3,20,3,4,0,1
6,0,0,0,0,0.0,3,20,3,4,0,1
1,0,0,0,0,0.0,3,20,3,4,0,1
9,0,0,0,0,0.0,3,20,3,4,0,1
3,0,0,0,0,0.0,3,20,3,4,0,1
8,0,0,0,0,0.0,3,20,3,4,0,1
5,0,0,0,0,0.0,3,20,3,4,0,1
7,0,0,0,0,0.0,3,20,3,4,0,1
2,0,0,0,0,0.0,3,20,3,4,0,1
0,0,0,0,0,0.0,3,20,3,4,0,1
4,0,0,0,0,0.0,3,20,3,4,0,1
6,0,0,0,0,0.0,3,20,3,4,0,1
1,0,0,0,0,0.0,3,20,3,4,0,1
9,0,0,0,0,0.0,3,20,3,4,0,1
3,0,0,0,0,0.0,3,20,3,4,0,1
8,0,0,0,0,0.0,4,20,3,4,0,1
5,0,0,0,0,0.0,4,20,3,4,0,1
7,0,0,0,0,0.0,4,20,3,4,0,1
2,0,0,0,0,0.0,4,20,3,4,0,1
0,0,0,0,0,0.0,4,20,3,4,0,1
4,0,0,0,0,0.0,4,20,3,4,0,1
6,0,0,0,0,0.0,4,20,3,4,0,1
1,0,0,0,0,0.0,4,20,3,4,0,1
9,0,0,0,0,0.0,4,20,3,4,0,1
3,0,0,0,0,0.0,4,20,3,4,0,1
8,0,0,0,0,0.0,4,20,3,4,0,1
5,0,0,0,0,0.0,4,20,3,4,0,1
7,0,0,0,0,0.0,4,20,3,4,0,1
2,0,0,0,0,0.0,4,20,3,4,0,1
0,0,0,0,0,0.0,4,20,3,4,0,1
4,0,0,0,0,0.0,4,20,3,4,0,1
6,0,0,0,0,0.0,4,20,3,4,0,1
1,0,0,0,0,0.0,4,20,3,4,0,1
9,0,0,0,0,0.0,4,20,3,4,0,1
3,0,0,0,0,0.0,4,20,3,4,0,1
8,0,0,0,0,0.0,4,20,3,4,0,1
5,0,0,0,0,0.0,4,20,3,4,0,1
7,0,0,0,0,0.0,4,20,3,4,0,1
2,0,0,0,0,0.0,4,20,3,4,0,1
0,0,0,0,0,0.0,4,20,3,4,0,1
4,0,0,0,0,0.0,4,20,3,4,0,1
6,0,0,0,0,0.0,4,20,3,4,0,1
1,0,0,0,0,0.0,4,20,3,4,0,1
9,0,0,0,0,0.0,4,20,3,4,0,1
3,0,0,0,0,0.0,4,20,3,4,0,1
8,0,0,0,0,0.0,4,20,3,4,0,1
5,0,0,0,0,0.0,4,20,3,4,0,1
7,0,0,0,0,0.0,4,20,3,4,0,1
2,0,0,0,0,0.0,4,20,3,4,0,1
0,0,0,0,0,0.0,4,20,3,4,0,1
4,0,0,0,0,0.0,4,20,3,4,0,1
6,0,0,0,0,0.0,4,20,3,4,0,1
1,0,0,0,0,0.0,4,20,3,4,0,1
9,0,0,0,0,0.0,4,20,3,4,0,1
3,0,0,0,0,0.0,4,20,3,4,0,1
8,0,0,0,0,0.0,5,20,3,4,0,1
5,0,0,0,0,0.0,5,20,3,4,0,1
7,0,0,0,0,0.0,5,20,3,4,0,1
2,0,0,0,0,0.0,5,20,3,4,0,1
0,0,0,0,0,0.0,5,20,3,4,0,1
4,0,0,0,0,0.0,5,20,3,4,0,1
6,0,0,0,0,0.0,5,20,3,4,0,1
1,0,0,0,0,0.0,5,20,3,4,0,1
9,0,0,0,0,0.0,5,20,3,4,0,1
3,0,0,0,0,0.0,5,20,3,4,0,1
8,0,0,0,0,0.0,5,20,3,4,0,1
5,0,0,0,0,0.0,5,20,3,4,0,1
7,0,0,0,0,0.0,5,20,3,4,0,1
2,0,0,0,0,0.0,5,20,3,4,0,1
0,0,0,0,0,0.0,5,20,3,4,0,1
4,0,0,0,0,0.0,5,20,3,4,0,1
6,0,0,0,0,0.0,5,20,3,4,0,1
1,0,0,0,0,0.0,5,20,3,4,0,1
9,0,0,0,0,0.0,5,20,3,4,0,1
3,0,0,0,0,0.0,5,20,3,4,0,1
8,0,0,0,0,0.0,5,20,3,4,0,1
5,0,0,0,0,0.0,5,20,3,4,0,1
7,0,0,0,0,0.0,5,20,3,4,0,1
2,0,0,0,0,0.0,5,20,3,4,0,1
0,0,0,0,0,0.0,5,20,3,4,0,1
4,0,0,0,0,0.0,5,20,3,4,0,1
6,0,0,0,0,0.0,5,20,3,4,0,1
1,0,0,0,0,0.0,5,20,3,4,0,1
9,0,0,0,0,0.0,5,20,3,4,0,1
3,0,0,0,0,0.0,5,20,3,4,0,1
8,0,0,0,0,0.0,5,20,3,4,0,1
5,0,0,0,0,0.0,5,20,3,4,0,1
7,0,0,0,0,0.0,5,20,3,4,0,1
2,0,0,0,0,0.0,5,20,3,4,0,1
0,0,0,0,0,0.0,5,20,3,4,0,1
4,0,0,0,0,0.0,5,20,3,4,0,1
6,0,0,0,0,0.0,5,20,3,4,0,1
1,0,0,0,0,0.0,5,20,3,4,0,1
9,0,0,0,0,0.0,5,20,3,4,0,1
3,0,0,0,0,0.0,5,20,3,4,0,1
8,497,507,300,502,2.19,6,20,3,4,0,2
5,505,299,262,402,2.33,6,20,3,4,0,2
7,345,211,180,278,2.31,6,20,3,4,0,2
2,426,239,218,332,0.54,6,20,3,4,0,0
0,331,246,182,288,1.14,6,20,3,4,0,2
4,208,308,145,258,1.07,6,20,3,4,0,2
6,466,282,243,374,2.47,6,20,3,4,0,2
1,498,436,286,467,1.3,6,20,3,4,0,2
9,390,463,249,426,1.01,6,20,3,4,0,2
3,483,174,228,328,1.92,6,20,3,4,0,2
8,309,350,194,330,2.19,6,20,3,4,0,2
5,411,426,250,418,1.38,6,20,3,4,0,2
7,202,416,164,309,0.58,6,20,3,4,0,0
2,379,493,250,436,1.3,6,20,3,4,0,2
0,177,383,147,280,1.26,6,20,3,4,0,2
4,227,201,131,214,1.27,6,20,3,4,0,2
6,508,339,271,424,1.16,6,20,3,4,0,2
1,417,297,226,357,0.71,6,20,3,4,0,0
9,526,200,250,363,1.21,6,20,3,4,0,2
3,452,252,231,352,1.96,6,20,3,4,0,2
8,347,366,212,356,2.43,6,20,3,4,0,2
5,260,531,210,396,2.08,6,20,3,4,0,2
7,280,376,187,328,1.75,6,20,3,4,0,2
2,241,414,179,328,1.73,6,20,3,4,0,2
0,241,543,205,392,2.16,6,20,3,4,0,2
4,481,399,272,440,2.08,6,20,3,4,0,2
6,353,532,248,442,0.96,6,20,3,4,0,2
1,202,424,166,313,2.15,6,20,3,4,0,2
9,374,395,229,384,0.51,6,20,3,4,0,0
3,251,177,136,214,1.73,6,20,3,4,0,2
8,387,459,247,423,1.55,6,20,3,4,0,2
5,417,289,225,353,1.0,6,20,3,4,0,2
7,400,347,229,374,0.65,6,20,3,4,0,0
2,167,157,98,162,0.94,6,20,3,4,0,2
0,384,438,241,411,2.01,6,20,3,4,0,2
4,406,184,199,295,0.57,6,20,3,4,0,0
6,503,428,287,466,1.62,6,20,3,4,0,2
1,408,251,213,330,1.51,6,20,3,4,0,2
9,196,344,147,270,1.87,6,20,3,4,0,2
3,490,474,291,482,1.86,6,20,3,4,0,2
8,382,429,239,406,1.61,7,20,3,4,0,2
5,430,381,248,406,1.0,7,20,3,4,0,2
7,297,234,166,266,0.85,7,20,3,4,0,2
2,454,276,237,365,0.68,7,20,3,4,0,0
0,433,328,239,380,2.38,7,20,3,4,0,2
4,513,378,281,446,1.86,7,20,3,4,0,2
6,522,222,253,372,1.81,7,20,3,4,0,2
1,216,416,170,316,1.61,7,20,3,4,0,2
9,226,410,172,318,0.64,7,20,3,4,0,0
3,434,243,222,338,0.86,7,20,3,4,0,2
8,400,499,260,450,1.34,7,20,3,4,0,2
5,324,220,174,272,0.93,7,20,3,4,0,2
7,482,182,229,332,0.66,7,20,3,4,0,0
2,499,467,293,483,0.63,7,20,3,4,0,0
0,467,516,290,492,1.18,7,20,3,4,0,2
4,179,248,121,214,1.94,7,20,3,4,0,2
6,232,277,148,254,2.31,7,20,3,4,0,2
1,427,423,255,425,0.76,7,20,3,4,0,2
9,460,359,256,410,0.86,7,20,3,4,0,2
3,211,355,155,283,2.43,7,20,3,4,0,2
8,202,207,122,204,2.23,7,20,3,4,0,2
5,304,170,156,237,1.85,7,20,3,4,0,2
7,347,535,246,441,2.25,7,20,3,4,0,2
2,450,441,268,446,0.56,7,20,3,4,0,0
0,535,304,275,420,2.18,7,20,3,4,0,2
4,340,332,202,336,2.02,7,20,3,4,0,2
6,190,482,172,336,0.56,7,20,3,4,0,0
1,232,206,134,219,1.51,7,20,3,4,0,2
9,396,534,265,465,0.54,7,20,3,4,0,0
3,375,370,224,372,1.56,7,20,3,4,0,2
8,347,436,226,392,2.01,7,20,3,4,0,2
5,184,256,125,220,1.73,7,20,3,4,0,2
7,463,301,245,382,0.58,7,20,3,4,0,0
2,509,503,304,506,0.82,7,20,3,4,0,2
0,327,156,162,242,0.94,7,20,3,4,0,2
4,539,174,250,356,0.76,7,20,3,4,0,2
6,431,548,282,490,2.24,7,20,3,4,0,2
1,323,233,176,278,1.1,7,20,3,4,0,2
9,195,382,154,288,1.6,7,20,3,4,0,2
3,427,415,254,421,0.89,7,20,3,4,0,2
8,1409,987,761,1198,3.15,8,20,3,4,0,2
5,1938,930,961,1434,3.67,8,20,3,4,0,2
7,1468,773,742,1120,3.33,8,20,3,4,0,2
2,2282,726,1058,1504,4.22,8,20,3,4,0,2
0,1575,673,765,1124,3.47,8,20,3,4,0,2
4,2395,535,1065,1465,4.92,8,20,3,4,0,2
6,1740,627,821,1184,4.42,8,20,3,4,0,2
1,1009,878,579,944,5.71,8,20,3,4,0,2
9,869,579,463,724,4.18,8,20,3,4,0,2
3,1230,539,600,884,4.22,8,20,3,4,0,2
8,2205,561,994,1383,5.4,8,20,3,4,0,2
5,1795,753,869,1274,4.99,8,20,3,4,0,2
7,2406,569,1076,1488,4.18,8,20,3,4,0,2
2,1533,507,715,1020,5.55,8,20,3,4,0,2
0,1465,800,746,1132,3.9,8,20,3,4,0,2
4,1298,851,689,1074,4.09,8,20,3,4,0,2
6,2104,525,947,1314,3.21,8,20,3,4,0,2
1,2132,930,1039,1531,5.45,8,20,3,4,0,2
9,941,411,459,676,5.25,8,20,3,4,0,2
3,2060,461,916,1260,4.9,8,20,3,4,0,2
8,1150,717,603,934,5.1,8,20,3,4,0,2
5,2404,633,1088,1518,4.79,8,20,3,4,0,2
7,1256,823,667,1040,3.59,8,20,3,4,0,2
2,1774,757,861,1266,5.57,8,20,3,4,0,2
0,1689,612,798,1150,3.1,8,20,3,4,0,2
4,1717,809,849,1263,4.33,8,20,3,4,0,2
6,2135,478,950,1306,5.29,8,20,3,4,0,2
1,1113,729,591,921,4.28,8,20,3,4,0,2
9,1681,946,862,1314,3.63,8,20,3,4,0,2
3,1393,970,751,1182,4.37,8,20,3,4,0,2
8,2308,691,1061,1500,5.22,8,20,3,4,0,2
5,1406,980,758,1193,5.4,8,20,3,4,0,2
7,1791,666,850,1228,3.4,8,20,3,4,0,2
2,1875,803,911,1339,3.36,8,20,3,4,0,2
0,2457,521,1087,1489,5.24,8,20,3,4,0,2
4,1053,577,537,815,5.43,8,20,3,4,0,2
6,2362,679,1081,1520,4.87,8,20,3,4,0,2
1,999,746,549,872,4.73,8,20,3,4,0,2
9,1153,740,609,946,4.84,8,20,3,4,0,2
3,2037,626,940,1332,4.23,8,20,3,4,0,2
8,2169,873,1042,1521,4.48,9,20,3,4,0,2
5,2106,573,957,1340,5.07,9,20,3,4,0,2
7,1477,453,681,965,4.24,9,20,3,4,0,2
2,1093,776,592,934,3.1,9,20,3,4,0,2
0,1563,697,765,1130,4.2,9,20,3,4,0,2
4,841,774,491,808,5.73,9,20,3,4,0,2
6,908,687,501,798,5.54,9,20,3,4,0,2
1,2437,499,1075,1468,4.05,9,20,3,4,0,2
9,1509,777,759,1143,3.46,9,20,3,4,0,2
3,2116,672,981,1394,4.4,9,20,3,4,0,2
8,1024,634,536,829,5.74,9,20,3,4,0,2
5,2241,931,1083,1586,4.96,9,20,3,4,0,2
7,2185,667,1007,1426,4.31,9,20,3,4,0,2
2,2215,781,1042,1498,5.21,9,20,3,4,0,2
0,2082,869,1007,1476,5.49,9,20,3,4,0,2
4,885,816,517,850,4.38,9,20,3,4,0,2
6,2166,998,1066,1582,3.78,9,20,3,4,0,2
1,1872,493,847,1182,4.63,9,20,3,4,0,2
9,1607,427,728,1017,4.61,9,20,3,4,0,2
3,1114,431,532,772,5.56,9,20,3,4,0,2
8,1383,623,678,1003,3.01,9,20,3,4,0,2
5,1257,484,600,870,4.71,9,20,3,4,0,2
7,1395,427,643,911,3.41,9,20,3,4,0,2
2,1398,478,655,938,4.65,9,20,3,4,0,2
0,1479,845,761,1162,3.5,9,20,3,4,0,2
4,1382,528,658,955,5.32,9,20,3,4,0,2
6,1181,799,632,990,3.87,9,20,3,4,0,2
1,2269,845,1077,1557,3.4,9,20,3,4,0,2
9,1740,517,799,1128,4.79,9,20,3,4,0,2
3,1806,746,872,1276,4.85,9,20,3,4,0,2
8,1489,526,701,1008,4.32,9,20,3,4,0,2
5,2404,930,1148,1667,5.58,9,20,3,4,0,2
7,1851,812,903,1332,4.15,9,20,3,4,0,2
2,2256,695,1041,1476,5.57,9,20,3,4,0,2
0,1478,770,745,1124,4.83,9,20,3,4,0,2
4,1561,521,729,1041,4.81,9,20,3,4,0,2
6,1139,450,546,794,4.43,9,20,3,4,0,2
1,862,699,485,780,4.86,9,20,3,4,0,2
9,1134,741,602,938,4.74,9,20,3,4,0,2
3,945,519,482,732,4.41,9,20,3,4,0,2
8,1054,550,532,802,5.59,10,20,3,4,0,2
5,1565,764,779,1164,5.43,10,20,3,4,0,2
7,1857,592,861,1224,4.21,10,20,3,4,0,2
2,1169,630,594,900,3.18,10,20,3,4,0,2
0,2078,729,977,1404,3.33,10,20,3,4,0,2
4,2132,524,958,1328,3.69,10,20,3,4,0,2
6,2186,905,1055,1546,5.73,10,20,3,4,0,2
1,985,927,579,956,4.81,10,20,3,4,0,2
9,997,419,483,708,3.47,10,20,3,4,0,2
3,1402,626,686,1014,5.75,10,20,3,4,0,2
8,1744,560,810,1152,4.49,10,20,3,4,0,2
5,1332,623,657,978,3.02,10,20,3,4,0,2
7,1919,663,900,1291,4.24,10,20,3,4,0,2
2,1156,871,637,1014,4.35,10,20,3,4,0,2
0,2162,657,996,1410,5.0,10,20,3,4,0,2
4,996,695,537,846,5.79,10,20,3,4,0,2
6,1758,593,822,1176,5.68,10,20,3,4,0,2
1,1315,802,686,1058,5.24,10,20,3,4,0,2
9,1853,465,834,1159,3.45,10,20,3,4,0,2
3,1108,950,633,1029,5.13,10,20,3,4,0,2
8,2471,917,1172,1694,5.06,10,20,3,4,0,2
5,1164,421,550,792,5.55,10,20,3,4,0,2
7,2414,923,1150,1668,4.49,10,20,3,4,0,2
2,913,446,454,680,3.72,10,20,3,4,0,2
0,1995,794,957,1394,3.18,10,20,3,4,0,2
4,2265,505,1007,1385,5.56,10,20,3,4,0,2
6,1675,759,822,1217,3.16,10,20,3,4,0,2
1,2123,850,1019,1486,4.15,10,20,3,4,0,2
9,2086,417,918,1252,4.02,10,20,3,4,0,2
3,1074,984,626,1029,5.67,10,20,3,4,0,2
8,1264,717,649,990,3.11,10,20,3,4,0,2
5,1944,477,873,1210,5.75,10,20,3,4,0,2
7,2098,445,928,1272,4.93,10,20,3,4,0,2
2,1351,744,689,1048,3.73,10,20,3,4,0,2
0,961,480,480,720,4.06,10,20,3,4,0,2
4,1382,428,638,905,4.28,10,20,3,4,0,2
6,1320,658,660,989,5.15,10,20,3,4,0,2
1,1339,403,616,871,4.12,10,20,3,4,0,2
9,1106,673,577,890,5.31,10,20,3,4,0,2
3,2057,639,951,1348,4.72,10,20,3,4,0,2
8,516,398,286,457,1.02,11,20,3,4,0,2
5,515,390,284,452,0.93,11,20,3,4,0,2
7,152,484,158,318,1.85,11,20,3,4,0,2
2,548,452,310,500,1.13,11,20,3,4,0,2
0,305,467,215,386,1.55,11,20,3,4,0,2
4,403,446,250,424,0.79,11,20,3,4,0,2
6,376,228,196,302,2.42,11,20,3,4,0,2
1,531,267,266,399,0.98,11,20,3,4,0,2
9,422,433,255,428,2.17,11,20,3,4,0,2
3,491,265,249,378,1.43,11,20,3,4,0,2
8,256,455,193,356,0.73,11,20,3,4,0,0
5,515,469,300,492,0.66,11,20,3,4,0,0
7,353,254,192,304,2.13,11,20,3,4,0,2
2,497,201,239,349,0.67,11,20,3,4,0,0
0,352,480,237,416,2.37,11,20,3,4,0,2
4,156,499,162,328,1.49,11,20,3,4,0,2
6,486,402,275,444,0.68,11,20,3,4,0,0
1,296,466,212,381,0.54,11,20,3,4,0,0
9,200,327,145,264,1.81,11,20,3,4,0,2
3,337,450,225,394,2.25,11,20,3,4,0,2
8,248,471,193,360,1.78,11,20,3,4,0,2
5,334,212,176,273,1.43,11,20,3,4,0,2
7,506,261,255,384,1.24,11,20,3,4,0,2
2,154,393,140,274,1.46,11,20,3,4,0,2
0,368,444,236,406,1.13,11,20,3,4,0,2
4,388,206,196,297,2.13,11,20,3,4,0,2
6,537,304,276,420,1.76,11,20,3,4,0,2
1,301,163,153,232,0.86,11,20,3,4,0,2
9,414,452,256,433,0.85,11,20,3,4,0,2
3,502,420,285,461,0.99,11,20,3,4,0,2
8,443,290,235,366,1.71,11,20,3,4,0,2
5,260,364,177,312,2.25,11,20,3,4,0,2
7,529,383,288,456,1.06,11,20,3,4,0,2
2,239,206,137,222,0.55,11,20,3,4,0,0
0,282,514,216,398,1.99,11,20,3,4,0,2
4,447,308,240,378,1.76,11,20,3,4,0,2
6,179,227,117,203,1.9,11,20,3,4,0,2
1,504,277,257,390,2.08,11,20,3,4,0,2
9,527,405,292,466,1.31,11,20,3,4,0,2
3,192,233,123,212,0.68,11,20,3,4,0,0
8,278,184,148,231,1.29,12,20,3,4,0,2
5,377,182,187,280,1.85,12,20,3,4,0,2
7,386,382,231,384,0.67,12,20,3,4,0,0
2,200,440,168,320,0.61,12,20,3,4,0,0
0,254,410,184,332,2.12,12,20,3,4,0,2
4,398,158,191,278,1.98,12,20,3,4,0,2
6,512,438,292,475,1.35,12,20,3,4,0,2
1,515,270,260,392,2.08,12,20,3,4,0,2
9,165,518,170,342,1.31,12,20,3,4,0,2
3,413,413,248,413,1.37,12,20,3,4,0,2
8,476,267,244,372,1.24,12,20,3,4,0,2
5,268,306,168,287,2.33,12,20,3,4,0,2
7,168,177,103,172,0.6,12,20,3,4,0,0
2,475,376,265,426,2.36,12,20,3,4,0,2
0,165,283,123,224,1.93,12,20,3,4,0,2
4,274,313,172,294,0.87,12,20,3,4,0,2
6,249,257,151,253,2.37,12,20,3,4,0,2
1,213,411,167,312,2.39,12,20,3,4,0,2
9,424,195,209,310,0.75,12,20,3,4,0,2
3,277,292,169,284,1.83,12,20,3,4,0,2
8,511,351,275,431,0.53,12,20,3,4,0,0
5,356,354,213,355,1.9,12,20,3,4,0,2
7,359,414,226,386,2.46,12,20,3,4,0,2
2,155,429,148,292,2.22,12,20,3,4,0,2
0,165,482,162,324,0.91,12,20,3,4,0,2
4,207,406,164,306,2.29,12,20,3,4,0,2
6,384,495,253,440,0.58,12,20,3,4,0,0
1,426,478,266,452,0.91,12,20,3,4,0,2
9,409,546,273,478,0.59,12,20,3,4,0,0
3,308,508,225,408,0.89,12,20,3,4,0,2
8,280,359,184,320,1.25,12,20,3,4,0,2
5,390,426,241,408,1.02,12,20,3,4,0,2
7,186,209,116,198,0.87,12,20,3,4,0,2
2,522,448,298,485,2.02,12,20,3,4,0,2
0,362,541,253,452,1.51,12,20,3,4,0,2
4,401,157,192,279,1.36,12,20,3,4,0,2
6,231,161,125,196,1.0,12,20,3,4,0,2
1,504,312,264,408,2.17,12,20,3,4,0,2
9,250,549,210,400,1.58,12,20,3,4,0,2
3,468,194,226,331,0.95,12,20,3,4,0,2
8,225,181,126,203,0.67,13,20,3,4,0,0
5,178,358,143,268,1.0,13,20,3,4,0,2
7,533,244,262,388,0.64,13,20,3,4,0,0
2,356,444,231,400,1.76,13,20,3,4,0,2
0,432,544,282,488,1.88,13,20,3,4,0,2
4,166,280,122,223,0.64,13,20,3,4,0,0
6,370,537,255,454,1.05,13,20,3,4,0,2
1,159,235,111,197,1.92,13,20,3,4,0,2
9,470,280,244,375,1.12,13,20,3,4,0,2
3,192,428,162,310,1.67,13,20,3,4,0,2
8,377,550,261,464,2.32,13,20,3,4,0,2
5,154,385,139,270,2.38,13,20,3,4,0,2
7,446,437,266,442,2.26,13,20,3,4,0,2
2,192,166,110,179,1.11,13,20,3,4,0,2
0,536,423,299,480,1.1,13,20,3,4,0,2
4,341,418,220,380,1.17,13,20,3,4,0,2
6,303,243,170,273,1.64,13,20,3,4,0,2
1,537,245,264,391,0.62,13,20,3,4,0,0
9,466,274,241,370,2.1,13,20,3,4,0,2
3,461,389,262,425,1.12,13,20,3,4,0,2
8,269,365,181,317,1.71,13,20,3,4,0,2
5,469,362,260,416,2.14,13,20,3,4,0,2
7,473,173,224,323,2.3,13,20,3,4,0,2
2,380,462,244,421,1.16,13,20,3,4,0,2
0,356,474,237,415,2.48,13,20,3,4,0,2
4,397,417,242,407,1.67,13,20,3,4,0,2
6,189,271,130,230,1.89,13,20,3,4,0,2
1,333,329,199,331,2.31,13,20,3,4,0,2
9,365,229,192,297,1.01,13,20,3,4,0,2
3,207,308,144,258,0.54,13,20,3,4,0,0
8,518,152,238,335,1.27,13,20,3,4,0,2
5,342,221,181,282,0.74,13,20,3,4,0,0
7,317,405,208,361,2.06,13,20,3,4,0,2
2,477,239,239,358,2.34,13,20,3,4,0,2
0,485,460,286,472,2.27,13,20,3,4,0,2
4,392,361,229,376,1.74,13,20,3,4,0,2
6,240,538,204,389,2.47,13,20,3,4,0,2
1,288,244,164,266,0.7,13,20,3,4,0,0
9,398,331,225,364,0.95,13,20,3,4,0,2
3,176,490,168,333,1.21,13,20,3,4,0,2
8,392,427,242,410,2.11,14,20,3,4,0,2
5,267,324,172,296,1.14,14,20,3,4,0,2
7,213,427,171,320,0.61,14,20,3,4,0,0
2,488,384,272,436,0.73,14,20,3,4,0,0
0,456,281,239,368,2.04,14,20,3,4,0,2
4,237,198,134,218,1.92,14,20,3,4,0,2
6,453,390,259,422,0.94,14,20,3,4,0,2
1,185,165,107,175,1.65,14,20,3,4,0,2
9,232,367,166,300,1.02,14,20,3,4,0,2
3,397,336,226,366,1.58,14,20,3,4,0,2
8,325,310,192,318,2.34,14,20,3,4,0,2
5,249,174,134,212,0.57,14,20,3,4,0,0
7,545,363,291,454,1.7,14,20,3,4,0,2
2,541,530,322,536,1.23,14,20,3,4,0,2
0,163,454,156,308,1.61,14,20,3,4,0,2
4,221,345,157,283,2.04,14,20,3,4,0,2
6,465,196,225,330,0.9,14,20,3,4,0,2
1,424,501,270,462,1.43,14,20,3,4,0,2
9,254,485,199,370,2.02,14,20,3,4,0,2
3,446,202,219,324,1.21,14,20,3,4,0,2
8,276,490,208,383,2.37,14,20,3,4,0,2
5,502,317,264,410,0.97,14,20,3,4,0,2
7,154,501,162,328,1.22,14,20,3,4,0,2
2,185,266,127,226,1.3,14,20,3,4,0,2
0,231,430,178,330,0.94,14,20,3,4,0,2
4,545,423,303,484,2.28,14,20,3,4,0,2
6,499,545,309,522,1.83,14,20,3,4,0,2
1,529,240,260,384,1.35,14,20,3,4,0,2
9,420,205,209,312,2.45,14,20,3,4,0,2
3,358,189,181,274,2.29,14,20,3,4,0,2
8,431,484,269,458,0.79,14,20,3,4,0,2
5,327,342,199,334,1.17,14,20,3,4,0,2
7,176,515,173,346,1.27,14,20,3,4,0,2
2,154,195,101,174,0.93,14,20,3,4,0,2
0,466,179,222,322,1.51,14,20,3,4,0,2
4,523,512,312,518,2.46,14,20,3,4,0,2
6,463,326,250,394,0.73,14,20,3,4,0,0
1,509,273,258,391,0.61,14,20,3,4,0,0
9,414,172,200,293,2.17,14,20,3,4,0,2
3,359,317,207,338,1.79,14,20,3,4,0,2
8,357,326,208,342,1.93,15,20,3,4,0,2
5,408,539,271,474,1.57,15,20,3,4,0,2
7,173,221,113,197,1.95,15,20,3,4,0,2
2,180,350,142,265,1.22,15,20,3,4,0,2
0,306,324,187,315,1.37,15,20,3,4,0,2
4,224,242,138,233,0.73,15,20,3,4,0,0
6,442,358,248,400,1.11,15,20,3,4,0,2
1,155,258,114,206,1.36,15,20,3,4,0,2
9,485,261,246,373,1.26,15,20,3,4,0,2
3,463,524,290,494,1.84,15,20,3,4,0,2
8,486,293,253,390,0.66,15,20,3,4,0,0
5,186,426,160,306,2.07,15,20,3,4,0,2
7,291,453,207,372,2.16,15,20,3,4,0,2
2,545,351,288,448,2.31,15,20,3,4,0,2
0,235,447,183,341,1.98,15,20,3,4,0,2
4,287,507,216,397,2.42,15,20,3,4,0,2
6,341,258,188,300,2.18,15,20,3,4,0,2
1,524,226,255,375,1.71,15,20,3,4,0,2
9,362,186,182,274,0.69,15,20,3,4,0,0
3,530,455,303,492,1.82,15,20,3,4,0,2
8,508,193,242,350,1.08,15,20,3,4,0,2
5,173,465,162,319,1.1,15,20,3,4,0,2
7,396,229,204,312,1.33,15,20,3,4,0,2
2,490,313,259,402,1.73,15,20,3,4,0,2
0,166,198,106,182,2.43,15,20,3,4,0,2
4,196,344,147,270,2.06,15,20,3,4,0,2
6,403,157,193,280,1.33,15,20,3,4,0,2
1,396,276,214,336,2.18,15,20,3,4,0,2
9,418,232,214,325,1.2,15,20,3,4,0,2
3,444,281,234,362,1.16,15,20,3,4,0,2
8,361,454,235,408,2.49,15,20,3,4,0,2
5,512,378,280,445,2.38,15,20,3,4,0,2
7,479,371,266,425,2.47,15,20,3,4,0,2
2,424,174,204,299,1.48,15,20,3,4,0,2
0,534,198,253,366,0.72,15,20,3,4,0,0
4,338,194,174,266,1.47,15,20,3,4,0,2
6,337,501,235,419,2.06,15,20,3,4,0,2
1,234,378,169,306,0.98,15,20,3,4,0,2
9,202,374,156,288,1.81,15,20,3,4,0,2
3,501,322,265,412,1.14,15,20,3,4,0,2
8,241,335,163,288,1.14,16,20,3,4,0,2
5,549,450,310,500,1.59,16,20,3,4,0,2
7,327,188,168,258,0.79,16,20,3,4,0,2
2,538,512,318,525,1.42,16,20,3,4,0,2
0,393,276,212,334,0.73,16,20,3,4,0,0
4,368,177,183,272,1.24,16,20,3,4,0,2
6,493,504,298,498,0.62,16,20,3,4,0,0
1,426,393,249,410,1.29,16,20,3,4,0,2
9,240,254,147,247,1.39,16,20,3,4,0,2
3,152,234,108,193,2.44,16,20,3,4,0,2
8,362,273,199,318,2.42,16,20,3,4,0,2
5,383,379,229,381,2.48,16,20,3,4,0,2
7,402,310,223,356,0.6,16,20,3,4,0,0
2,253,540,209,396,1.92,16,20,3,4,0,2
0,162,187,102,174,0.6,16,20,3,4,0,0
4,480,219,236,350,1.58,16,20,3,4,0,2
6,409,342,232,376,2.0,16,20,3,4,0,2
1,480,289,250,384,1.31,16,20,3,4,0,2
9,185,528,180,356,1.4,16,20,3,4,0,2
3,441,239,224,340,2.24,16,20,3,4,0,2
8,432,286,230,359,0.57,16,20,3,4,0,0
5,235,289,152,262,1.33,16,20,3,4,0,2
7,170,531,174,350,0.79,16,20,3,4,0,2
2,209,527,189,368,1.35,16,20,3,4,0,2
0,435,505,275,470,2.04,16,20,3,4,0,2
4,522,513,311,518,1.21,16,20,3,4,0,2
6,270,207,149,238,2.24,16,20,3,4,0,2
1,204,533,188,368,2.05,16,20,3,4,0,2
9,333,270,187,302,0.78,16,20,3,4,0,2
3,162,157,96,160,2.08,16,20,3,4,0,2
8,381,237,200,309,1.77,16,20,3,4,0,2
5,210,528,190,369,1.41,16,20,3,4,0,2
7,434,325,239,380,0.72,16,20,3,4,0,0
2,206,155,113,180,1.11,16,20,3,4,0,2
0,295,320,182,308,0.93,16,20,3,4,0,2
4,453,338,249,396,1.78,16,20,3,4,0,2
6,518,311,269,414,1.08,16,20,3,4,0,2
1,517,233,253,375,0.58,16,20,3,4,0,0
9,401,422,245,412,1.88,16,20,3,4,0,2
3,320,362,200,341,1.84,16,20,3,4,0,2
8,771,2676,844,1724,4.08,17,20,3,4,0,2
5,771,2668,842,1720,3.85,17,20,3,4,0,2
7,1049,1541,728,1295,4.66,17,20,3,4,0,2
2,1192,2620,1001,1906,4.59,17,20,3,4,0,2
0,1130,1877,827,1504,3.81,17,20,3,4,0,2
4,812,2090,743,1451,3.08,17,20,3,4,0,2
6,1180,2278,928,1729,3.86,17,20,3,4,0,2
1,1063,1282,682,1172,4.47,17,20,3,4,0,2
9,1010,2335,871,1672,5.79,17,20,3,4,0,2
3,628,1215,494,922,5.1,17,20,3,4,0,2
8,1051,2362,893,1706,5.58,17,20,3,4,0,2
5,948,1421,663,1184,4.37,17,20,3,4,0,2
7,883,1884,730,1384,4.99,17,20,3,4,0,2
2,1127,1977,846,1552,5.34,17,20,3,4,0,2
0,1011,1546,714,1278,5.48,17,20,3,4,0,2
4,1138,1625,780,1382,3.57,17,20,3,4,0,2
6,641,2311,719,1476,4.48,17,20,3,4,0,2
1,1084,1469,727,1276,5.59,17,20,3,4,0,2
9,798,2194,758,1496,5.29,17,20,3,4,0,2
3,1054,2350,892,1702,3.18,17,20,3,4,0,2
8,919,2786,925,1852,4.7,17,20,3,4,0,2
5,740,1999,696,1370,4.08,17,20,3,4,0,2
7,1116,1833,813,1474,4.35,17,20,3,4,0,2
2,884,2326,819,1605,3.87,17,20,3,4,0,2
0,849,2530,846,1690,3.5,17,20,3,4,0,2
4,711,2562,797,1636,5.52,17,20,3,4,0,2
6,760,1264,557,1012,5.33,17,20,3,4,0,2
1,942,1595,696,1268,5.1,17,20,3,4,0,2
9,770,1363,581,1066,5.3,17,20,3,4,0,2
3,739,2465,789,1602,5.0,17,20,3,4,0,2
8,894,1867,731,1380,3.48,17,20,3,4,0,2
5,998,2189,837,1594,5.41,17,20,3,4,0,2
7,914,2262,818,1588,4.54,17,20,3,4,0,2
2,1194,1396,757,1295,5.1,17,20,3,4,0,2
0,1180,2006,873,1593,3.03,17,20,3,4,0,2
4,805,2047,731,1426,5.5,17,20,3,4,0,2
6,877,2286,808,1582,4.3,17,20,3,4,0,2
1,1161,2079,880,1620,3.79,17,20,3,4,0,2
9,621,1908,630,1264,4.34,17,20,3,4,0,2
3,1025,1504,711,1264,5.78,17,20,3,4,0,2
8,1179,2406,953,1792,3.17,18,20,3,4,0,2
5,778,1021,515,900,3.65,18,20,3,4,0,2
7,1199,1533,786,1366,3.64,18,20,3,4,0,2
2,1117,2346,916,1732,5.36,18,20,3,4,0,2
0,831,2078,748,1454,5.47,18,20,3,4,0,2
4,664,1700,606,1182,4.99,18,20,3,4,0,2
6,796,1858,690,1327,5.58,18,20,3,4,0,2
1,918,2497,867,1708,5.51,18,20,3,4,0,2
9,739,2543,804,1641,5.17,18,20,3,4,0,2
3,651,2322,725,1486,3.55,18,20,3,4,0,2
8,687,2010,677,1348,5.72,18,20,3,4,0,2
5,1104,2234,888,1669,3.95,18,20,3,4,0,2
7,967,1636,714,1302,4.04,18,20,3,4,0,2
2,1166,2644,995,1905,5.45,18,20,3,4,0,2
0,789,1551,626,1170,5.12,18,20,3,4,0,2
4,1192,2341,945,1766,4.14,18,20,3,4,0,2
6,1115,2040,854,1578,5.08,18,20,3,4,0,2
1,909,2339,831,1624,3.6,18,20,3,4,0,2
9,957,1643,711,1300,5.01,18,20,3,4,0,2
3,610,1868,618,1239,5.34,18,20,3,4,0,2
8,869,2303,808,1586,4.42,18,20,3,4,0,2
5,993,2157,829,1575,3.92,18,20,3,4,0,2
7,675,1502,570,1088,3.85,18,20,3,4,0,2
2,924,2487,867,1706,3.58,18,20,3,4,0,2
0,1196,2667,1012,1932,5.79,18,20,3,4,0,2
4,966,2703,927,1834,4.7,18,20,3,4,0,2
6,994,2734,944,1864,3.37,18,20,3,4,0,2
1,915,1299,626,1107,4.5,18,20,3,4,0,2
9,1177,1585,788,1381,3.64,18,20,3,4,0,2
3,816,1276,582,1046,3.31,18,20,3,4,0,2
8,691,1826,642,1258,5.43,18,20,3,4,0,2
5,850,2296,799,1573,3.83,18,20,3,4,0,2
7,602,1006,442,804,4.24,18,20,3,4,0,2
2,782,1635,640,1208,3.03,18,20,3,4,0,2
0,644,1336,525,990,4.79,18,20,3,4,0,2
4,804,2006,723,1405,3.72,18,20,3,4,0,2
6,1107,2746,992,1926,3.45,18,20,3,4,0,2
1,1041,2709,958,1875,5.7,18,20,3,4,0,2
9,601,1628,566,1114,3.13,18,20,3,4,0,2
3,996,1400,678,1198,3.45,18,20,3,4,0,2
8,900,1858,732,1379,3.75,19,20,3,4,0,2
5,862,1409,627,1136,3.43,19,20,3,4,0,2
7,1023,2448,899,1736,4.43,19,20,3,4,0,2
2,1116,1986,844,1551,4.68,19,20,3,4,0,2
0,762,2779,861,1770,3.91,19,20,3,4,0,2
4,958,1817,747,1388,4.49,19,20,3,4,0,2
6,750,1426,585,1088,4.71,19,20,3,4,0,2
1,670,1083,485,876,4.87,19,20,3,4,0,2
9,858,2740,891,1799,5.6,19,20,3,4,0,2
3,720,2451,778,1586,4.2,19,20,3,4,0,2
8,821,2217,772,1519,5.78,19,20,3,4,0,2
5,704,1023,486,864,5.74,19,20,3,4,0,2
7,952,2254,832,1603,4.74,19,20,3,4,0,2
2,1025,2527,915,1776,5.49,19,20,3,4,0,2
0,942,2018,780,1480,4.52,19,20,3,4,0,2
4,719,1336,555,1028,5.8,19,20,3,4,0,2
6,934,1819,737,1376,4.97,19,20,3,4,0,2
1,794,1569,631,1182,3.15,19,20,3,4,0,2
9,859,2193,782,1526,3.06,19,20,3,4,0,2
3,1033,2170,847,1602,3.49,19,20,3,4,0,2
8,1075,2710,972,1892,4.42,19,20,3,4,0,2
5,1150,2283,917,1716,5.66,19,20,3,4,0,2
7,816,1294,585,1055,3.38,19,20,3,4,0,2
2,785,1494,613,1140,5.39,19,20,3,4,0,2
0,716,2285,743,1500,3.35,19,20,3,4,0,2
4,1171,1201,709,1186,5.17,19,20,3,4,0,2
6,1045,1381,694,1213,3.52,19,20,3,4,0,2
1,1026,1643,739,1334,3.37,19,20,3,4,0,2
9,975,1922,774,1448,4.66,19,20,3,4,0,2
3,632,1740,601,1186,4.25,19,20,3,4,0,2
8,1113,2305,906,1709,5.04,19,20,3,4,0,2
5,1087,1616,758,1352,3.67,19,20,3,4,0,2
7,832,1801,693,1316,4.14,19,20,3,4,0,2
2,838,1809,697,1324,3.35,19,20,3,4,0,2
0,1177,2308,932,1742,4.37,19,20,3,4,0,2
4,831,1170,566,1000,3.62,19,20,3,4,0,2
6,1023,2512,912,1768,4.7,19,20,3,4,0,2
1,798,1249,569,1024,4.57,19,20,3,4,0,2
9,830,2288,790,1559,4.89,19,20,3,4,0,2
3,1186,1595,793,1390,5.24,19,20,3,4,0,2
8,1119,1652,778,1386,3.29,20,20,3,4,0,2
5,898,2461,851,1680,4.94,20,20,3,4,0,2
7,828,1319,595,1074,3.48,20,20,3,4,0,2
2,1103,2362,914,1732,3.52,20,20,3,4,0,2
0,718,1770,641,1244,3.56,20,20,3,4,0,2
4,650,2091,678,1370,5.6,20,20,3,4,0,2
6,891,1347,626,1119,5.01,20,20,3,4,0,2
1,1151,1453,751,1302,5.32,20,20,3,4,0,2
9,769,1111,530,940,5.29,20,20,3,4,0,2
3,984,2525,899,1754,5.61,20,20,3,4,0,2
8,1106,2057,854,1582,3.55,20,20,3,4,0,2
5,1143,1243,706,1193,5.64,20,20,3,4,0,2
7,721,1675,623,1198,4.09,20,20,3,4,0,2
2,728,1897,671,1312,4.0,20,20,3,4,0,2
0,994,1488,695,1241,4.45,20,20,3,4,0,2
4,789,1614,638,1202,4.88,20,20,3,4,0,2
6,695,2057,689,1376,4.66,20,20,3,4,0,2
1,681,1625,597,1153,4.6,20,20,3,4,0,2
9,1180,1279,728,1230,5.61,20,20,3,4,0,2
3,636,1556,566,1096,3.76,20,20,3,4,0,2
8,1044,2414,900,1729,4.04,20,20,3,4,0,2
5,697,2442,767,1570,4.77,20,20,3,4,0,2
7,831,2699,872,1765,4.17,20,20,3,4,0,2
2,972,2357,860,1664,4.97,20,20,3,4,0,2
0,906,1897,742,1402,4.7,20,20,3,4,0,2
4,986,1388,672,1187,5.29,20,20,3,4,0,2
6,1058,1443,712,1250,3.24,20,20,3,4,0,2
1,676,1065,483,870,3.71,20,20,3,4,0,2
9,674,1247,519,960,3.86,20,20,3,4,0,2
3,771,1417,592,1094,3.42,20,20,3,4,0,2
8,956,2763,935,1860,3.63,20,20,3,4,0,2
5,713,2121,709,1417,4.52,20,20,3,4,0,2
7,999,1580,716,1290,3.48,20,20,3,4,0,2
2,620,2641,776,1630,5.37,20,20,3,4,0,2
0,1183,2703,1014,1943,3.15,20,20,3,4,0,2
4,913,1845,734,1379,3.43,20,20,3,4,0,2
6,733,1486,590,1110,5.01,20,20,3,4,0,2
1,745,2320,762,1532,4.09,20,20,3,4,0,2
9,1096,1519,742,1308,3.25,20,20,3,4,0,2
3,1105,2289,900,1697,3.16,20,20,3,4,0,2
8,359,266,197,312,1.32,21,20,3,4,0,2
5,374,456,241,415,0.65,21,20,3,4,0,0
7,453,235,228,344,0.64,21,20,3,4,0,0
2,191,463,169,327,1.06,21,20,3,4,0,2
0,526,394,289,460,1.29,21,20,3,4,0,2
4,324,368,203,346,2.06,21,20,3,4,0,2
6,339,484,232,412,2.36,21,20,3,4,0,2
1,198,247,129,222,1.41,21,20,3,4,0,2
9,497,495,298,496,0.81,21,20,3,4,0,2
3,286,215,157,250,2.24,21,20,3,4,0,2
8,412,370,239,391,0.93,21,20,3,4,0,2
5,386,447,244,416,0.96,21,20,3,4,0,2
7,349,309,201,329,1.8,21,20,3,4,0,2
2,406,342,231,374,1.07,21,20,3,4,0,2
0,337,152,165,244,1.08,21,20,3,4,0,2
4,423,529,275,476,1.64,21,20,3,4,0,2
6,330,242,180,286,2.18,21,20,3,4,0,2
1,337,293,193,315,1.47,21,20,3,4,0,2
9,334,455,225,394,1.23,21,20,3,4,0,2
3,337,403,215,370,1.45,21,20,3,4,0,2
8,358,220,187,289,1.84,21,20,3,4,0,2
5,487,342,263,414,0.85,21,20,3,4,0,2
7,466,423,271,444,1.9,21,20,3,4,0,2
2,398,187,197,292,2.45,21,20,3,4,0,2
0,460,489,282,474,0.9,21,20,3,4,0,2
4,540,491,314,516,1.68,21,20,3,4,0,2
6,239,511,198,375,2.26,21,20,3,4,0,2
1,394,158,189,276,1.18,21,20,3,4,0,2
9,504,290,260,397,0.58,21,20,3,4,0,0
3,332,175,168,254,0.93,21,20,3,4,0,2
8,476,346,260,411,0.92,21,20,3,4,0,2
5,533,482,310,508,1.11,21,20,3,4,0,2
7,341,478,232,410,1.99,21,20,3,4,0,2
2,378,257,203,318,1.98,21,20,3,4,0,2
0,336,501,235,418,1.39,21,20,3,4,0,2
4,310,258,176,284,1.95,21,20,3,4,0,2
6,367,290,205,328,1.59,21,20,3,4,0,2
1,513,422,290,468,0.58,21,20,3,4,0,0
9,258,399,183,328,0.82,21,20,3,4,0,2
3,169,160,100,164,1.07,21,20,3,4,0,2
8,531,426,298,478,1.36,22,20,3,4,0,2
5,479,414,274,446,2.11,22,20,3,4,0,2
7,302,540,229,421,1.7,22,20,3,4,0,2
2,200,230,126,215,1.73,22,20,3,4,0,2
0,251,204,141,228,1.05,22,20,3,4,0,2
4,341,181,173,261,1.16,22,20,3,4,0,2
6,323,343,198,333,1.2,22,20,3,4,0,2
1,308,402,204,355,1.73,22,20,3,4,0,2
9,328,221,175,274,1.58,22,20,3,4,0,2
3,191,311,139,251,1.0,22,20,3,4,0,2
8,176,259,122,218,1.19,22,20,3,4,0,2
5,413,508,267,460,0.88,22,20,3,4,0,2
7,175,544,179,360,2.18,22,20,3,4,0,2
2,460,291,242,376,1.49,22,20,3,4,0,2
0,234,216,137,225,1.18,22,20,3,4,0,2
4,401,300,220,350,1.73,22,20,3,4,0,2
6,216,262,139,239,2.14,22,20,3,4,0,2
1,253,306,162,280,0.84,22,20,3,4,0,2
9,326,256,182,291,1.63,22,20,3,4,0,2
3,456,432,269,444,0.5,22,20,3,4,0,0
8,395,311,220,353,2.39,22,20,3,4,0,2
5,158,450,153,304,1.29,22,20,3,4,0,2
7,273,191,147,232,1.59,22,20,3,4,0,2
2,536,175,249,356,2.32,22,20,3,4,0,2
0,170,465,161,318,0.97,22,20,3,4,0,2
4,435,155,205,295,1.31,22,20,3,4,0,2
6,325,310,192,318,2.07,22,20,3,4,0,2
1,388,375,230,382,0.85,22,20,3,4,0,2
9,200,155,111,178,1.59,22,20,3,4,0,2
3,342,320,201,331,0.94,22,20,3,4,0,2
8,384,197,193,290,1.62,22,20,3,4,0,2
5,528,297,271,412,2.4,22,20,3,4,0,2
7,534,208,255,371,1.83,22,20,3,4,0,2
2,504,158,233,331,1.15,22,20,3,4,0,2
0,348,474,234,411,1.14,22,20,3,4,0,2
4,297,444,208,370,1.87,22,20,3,4,0,2
6,162,287,122,224,0.81,22,20,3,4,0,2
1,151,218,104,184,0.95,22,20,3,4,0,2
9,231,467,186,349,0.51,22,20,3,4,0,0
3,224,210,132,217,1.7,22,20,3,4,0,2
8,314,181,162,248,1.06,23,20,3,4,0,2
5,471,507,290,489,2.28,23,20,3,4,0,2
7,514,358,277,436,1.04,23,20,3,4,0,2
2,337,216,178,276,1.04,23,20,3,4,0,2
0,431,309,234,370,1.05,23,20,3,4,0,2
4,416,223,211,320,0.89,23,20,3,4,0,2
6,330,210,174,270,0.77,23,20,3,4,0,2
1,328,209,173,268,2.44,23,20,3,4,0,2
9,524,490,308,507,2.34,23,20,3,4,0,2
3,539,324,280,432,0.62,23,20,3,4,0,0
8,224,173,124,198,0.91,23,20,3,4,0,2
5,442,172,211,307,2.31,23,20,3,4,0,2
7,437,443,263,440,1.96,23,20,3,4,0,2
2,477,549,301,513,1.57,23,20,3,4,0,2
0,218,458,179,338,1.92,23,20,3,4,0,2
4,206,311,145,258,1.12,23,20,3,4,0,2
6,197,507,180,352,0.68,23,20,3,4,0,0
1,189,315,139,252,2.1,23,20,3,4,0,2
9,159,182,100,170,1.22,23,20,3,4,0,2
3,497,544,308,520,0.84,23,20,3,4,0,2
8,539,475,311,507,1.03,23,20,3,4,0,2
5,395,349,228,372,1.13,23,20,3,4,0,2
7,378,319,215,348,1.81,23,20,3,4,0,2
2,299,497,219,398,1.92,23,20,3,4,0,2
0,239,488,193,364,1.83,23,20,3,4,0,2
4,190,257,127,224,2.41,23,20,3,4,0,2
6,345,275,193,310,1.17,23,20,3,4,0,2
1,243,505,198,374,1.32,23,20,3,4,0,2
9,241,252,147,246,1.06,23,20,3,4,0,2
3,192,158,108,175,0.65,23,20,3,4,0,0
8,307,245,172,276,0.72,23,20,3,4,0,0
5,200,404,161,302,1.97,23,20,3,4,0,2
7,353,334,208,344,1.46,23,20,3,4,0,2
2,205,254,133,230,1.85,23,20,3,4,0,2
0,268,302,168,285,1.49,23,20,3,4,0,2
4,225,354,161,290,0.95,23,20,3,4,0,2
6,408,363,236,386,1.77,23,20,3,4,0,2
1,425,193,209,309,1.67,23,20,3,4,0,2
9,193,266,130,230,2.29,23,20,3,4,0,2
3,192,241,125,216,1.33,23,20,3,4,0,2
8,0,0,0,0,0.0,0,21,3,5,1,1
5,0,0,0,0,0.0,0,21,3,5,1,1
7,0,0,0,0,0.0,0,21,3,5,1,1
2,0,0,0,0,0.0,0,21,3,5,1,1
0,0,0,0,0,0.0,0,21,3,5,1,1
4,0,0,0,0,0.0,0,21,3,5,1,1
6,0,0,0,0,0.0,0,21,3,5,1,1
1,0,0,0,0,0.0,0,21,3,5,1,1
9,0,0,0,0,0.0,0,21,3,5,1,1
3,0,0,0,0,0.0,0,21,3,5,1,1
8,0,0,0,0,0.0,0,21,3,5,1,1
5,0,0,0,0,0.0,0,21,3,5,1,1
7,0,0,0,0,0.0,0,21,3,5,1,1
2,0,0,0,0,0.0,0,21,3,5,1,1
0,0,0,0,0,0.0,0,21,3,5,1,1
4,0,0,0,0,0.0,0,21,3,5,1,1
6,0,0,0,0,0.0,0,21,3,5,1,1
1,0,0,0,0,0.0,0,21,3,5,1,1
9,0,0,0,0,0.0,0,21,3,5,1,1
3,0,0,0,0,0.0,0,21,3,5,1,1
8,0,0,0,0,0.0,0,21,3,5,1,1
5,0,0,0,0,0.0,0,21,3,5,1,1
7,0,0,0,0,0.0,0,21,3,5,1,1
2,0,0,0,0,0.0,0,21,3,5,1,1
0,0,0,0,0,0.0,0,21,3,5,1,1
4,0,0,0,0,0.0,0,21,3,5,1,1
6,0,0,0,0,0.0,0,21,3,5,1,1
1,0,0,0,0,0.0,0,21,3,5,1,1
9,0,0,0,0,0.0,0,21,3,5,1,1
3,0,0,0,0,0.0,0,21,3,5,1,1
8,0,0,0,0,0.0,0,21,3,5,1,1
5,0,0,0,0,0.0,0,21,3,5,1,1
7,0,0,0,0,0.0,0,21,3,5,1,1
2,0,0,0,0,0.0,0,21,3,5,1,1
0,0,0,0,0,0.0,0,21,3,5,1,1
4,0,0,0,0,0.0,0,21,3,5,1,1
6,0,0,0,0,0.0,0,21,3,5,1,1
1,0,0,0,0,0.0,0,21,3,5,1,1
9,0,0,0,0,0.0,0,21,3,5,1,1
3,0,0,0,0,0.0,0,21,3,5,1,1
8,0,0,0,0,0.0,1,21,3,5,1,1
5,0,0,0,0,0.0,1,21,3,5,1,1
7,0,0,0,0,0.0,1,21,3,5,1,1
2,0,0,0,0,0.0,1,21,3,5,1,1
0,0,0,0,0,0.0,1,21,3,5,1,1
4,0,0,0,0,0.0,1,21,3,5,1,1
6,0,0,0,0,0.0,1,21,3,5,1,1
1,0,0,0,0,0.0,1,21,3,5,1,1
9,0,0,0,0,0.0,1,21,3,5,1,1
3,0,0,0,0,0.0,1,21,3,5,1,1
8,0,0,0,0,0.0,1,21,3,5,1,1
5,0,0,0,0,0.0,1,21,3,5,1,1
7,0,0,0,0,0.0,1,21,3,5,1,1
2,0,0,0,0,0.0,1,21,3,5,1,1
0,0,0,0,0,0.0,1,21,3,5,1,1
4,0,0,0,0,0.0,1,21,3,5,1,1
6,0,0,0,0,0.0,1,21,3,5,1,1
1,0,0,0,0,0.0,1,21,3,5,1,1
9,0,0,0,0,0.0,1,21,3,5,1,1
3,0,0,0,0,0.0,1,21,3,5,1,1
8,0,0,0,0,0.0,1,21,3,5,1,1
5,0,0,0,0,0.0,1,21,3,5,1,1
7,0,0,0,0,0.0,1,21,3,5,1,1
2,0,0,0,0,0.0,1,21,3,5,1,1
0,0,0,0,0,0.0,1,21,3,5,1,1
4,0,0,0,0,0.0,1,21,3,5,1,1
6,0,0,0,0,0.0,1,21,3,5,1,1
1,0,0,0,0,0.0,1,21,3,5,1,1
9,0,0,0,0,0.0,1,21,3,5,1,1
3,0,0,0,0,0.0,1,21,3,5,1,1
8,0,0,0,0,0.0,1,21,3,5,1,1
5,0,0,0,0,0.0,1,21,3,5,1,1
7,0,0,0,0,0.0,1,21,3,5,1,1
2,0,0,0,0,0.0,1,21,3,5,1,1
0,0,0,0,0,0.0,1,21,3,5,1,1
4,0,0,0,0,0.0,1,21,3,5,1,1
6,0,0,0,0,0.0,1,21,3,5,1,1
1,0,0,0,0,0.0,1,21,3,5,1,1
9,0,0,0,0,0.0,1,21,3,5,1,1
3,0,0,0,0,0.0,1,21,3,5,1,1
8,0,0,0,0,0.0,2,21,3,5,1,1
5,0,0,0,0,0.0,2,21,3,5,1,1
7,0,0,0,0,0.0,2,21,3,5,1,1
2,0,0,0,0,0.0,2,21,3,5,1,1
0,0,0,0,0,0.0,2,21,3,5,1,1
4,0,0,0,0,0.0,2,21,3,5,1,1
6,0,0,0,0,0.0,2,21,3,5,1,1
1,0,0,0,0,0.0,2,21,3,5,1,1
9,0,0,0,0,0.0,2,21,3,5,1,1
3,0,0,0,0,0.0,2,21,3,5,1,1
8,0,0,0,0,0.0,2,21,3,5,1,1
5,0,0,0,0,0.0,2,21,3,5,1,1
7,0,0,0,0,0.0,2,21,3,5,1,1
2,0,0,0,0,0.0,2,21,3,5,1,1
0,0,0,0,0,0.0,2,21,3,5,1,1
4,0,0,0,0,0.0,2,21,3,5,1,1
6,0,0,0,0,0.0,2,21,3,5,1,1
1,0,0,0,0,0.0,2,21,3,5,1,1
9,0,0,0,0,0.0,2,21,3,5,1,1
3,0,0,0,0,0.0,2,21,3,5,1,1
8,0,0,0,0,0.0,2,21,3,5,1,1
5,0,0,0,0,0.0,2,21,3,5,1,1
7,0,0,0,0,0.0,2,21,3,5,1,1
2,0,0,0,0,0.0,2,21,3,5,1,1
0,0,0,0,0,0.0,2,21,3,5,1,1
4,0,0,0,0,0.0,2,21,3,5,1,1
6,0,0,0,0,0.0,2,21,3,5,1,1
1,0,0,0,0,0.0,2,21,3,5,1,1
9,0,0,0,0,0.0,2,21,3,5,1,1
3,0,0,0,0,0.0,2,21,3,5,1,1
8,0,0,0,0,0.0,2,21,3,5,1,1
5,0,0,0,0,0.0,2,21,3,5,1,1
7,0,0,0,0,0.0,2,21,3,5,1,1
2,0,0,0,0,0.0,2,21,3,5,1,1
0,0,0,0,0,0.0,2,21,3,5,1,1
4,0,0,0,0,0.0,2,21,3,5,1,1
6,0,0,0,0,0.0,2,21,3,5,1,1
1,0,0,0,0,0.0,2,21,3,5,1,1
9,0,0,0,0,0.0,2,21,3,5,1,1
3,0,0,0,0,0.0,2,21,3,5,1,1
8,0,0,0,0,0.0,3,21,3,5,1,1
5,0,0,0,0,0.0,3,21,3,5,1,1
7,0,0,0,0,0.0,3,21,3,5,1,1
2,0,0,0,0,0.0,3,21,3,5,1,1
0,0,0,0,0,0.0,3,21,3,5,1,1
4,0,0,0,0,0.0,3,21,3,5,1,1
6,0,0,0,0,0.0,3,21,3,5,1,1
1,0,0,0,0,0.0,3,21,3,5,1,1
9,0,0,0,0,0.0,3,21,3,5,1,1
3,0,0,0,0,0.0,3,21,3,5,1,1
8,0,0,0,0,0.0,3,21,3,5,1,1
5,0,0,0,0,0.0,3,21,3,5,1,1
7,0,0,0,0,0.0,3,21,3,5,1,1
2,0,0,0,0,0.0,3,21,3,5,1,1
0,0,0,0,0,0.0,3,21,3,5,1,1
4,0,0,0,0,0.0,3,21,3,5,1,1
6,0,0,0,0,0.0,3,21,3,5,1,1
1,0,0,0,0,0.0,3,21,3,5,1,1
9,0,0,0,0,0.0,3,21,3,5,1,1
3,0,0,0,0,0.0,3,21,3,5,1,1
8,0,0,0,0,0.0,3,21,3,5,1,1
5,0,0,0,0,0.0,3,21,3,5,1,1
7,0,0,0,0,0.0,3,21,3,5,1,1
2,0,0,0,0,0.0,3,21,3,5,1,1
0,0,0,0,0,0.0,3,21,3,5,1,1
4,0,0,0,0,0.0,3,21,3,5,1,1
6,0,0,0,0,0.0,3,21,3,5,1,1
1,0,0,0,0,0.0,3,21,3,5,1,1
9,0,0,0,0,0.0,3,21,3,5,1,1
3,0,0,0,0,0.0,3,21,3,5,1,1
8,0,0,0,0,0.0,3,21,3,5,1,1
5,0,0,0,0,0.0,3,21,3,5,1,1
7,0,0,0,0,0.0,3,21,3,5,1,1
2,0,0,0,0,0.0,3,21,3,5,1,1
0,0,0,0,0,0.0,3,21,3,5,1,1
4,0,0,0,0,0.0,3,21,3,5,1,1
6,0,0,0,0,0.0,3,21,3,5,1,1
1,0,0,0,0,0.0,3,21,3,5,1,1
9,0,0,0,0,0.0,3,21,3,5,1,1
3,0,0,0,0,0.0,3,21,3,5,1,1
8,0,0,0,0,0.0,4,21,3,5,1,1
5,0,0,0,0,0.0,4,21,3,5,1,1
7,0,0,0,0,0.0,4,21,3,5,1,1
2,0,0,0,0,0.0,4,21,3,5,1,1
0,0,0,0,0,0.0,4,21,3,5,1,1
4,0,0,0,0,0.0,4,21,3,5,1,1
6,0,0,0,0,0.0,4,21,3,5,1,1
1,0,0,0,0,0.0,4,21,3,5,1,1
9,0,0,0,0,0.0,4,21,3,5,1,1
3,0,0,0,0,0.0,4,21,3,5,1,1
8,0,0,0,0,0.0,4,21,3,5,1,1
5,0,0,0,0,0.0,4,21,3,5,1,1
7,0,0,0,0,0.0,4,21,3,5,1,1
2,0,0,0,0,0.0,4,21,3,5,1,1
0,0,0,0,0,0.0,4,21,3,5,1,1
4,0,0,0,0,0.0,4,21,3,5,1,1
6,0,0,0,0,0.0,4,21,3,5,1,1
1,0,0,0,0,0.0,4,21,3,5,1,1
9,0,0,0,0,0.0,4,21,3,5,1,1
3,0,0,0,0,0.0,4,21,3,5,1,1
8,0,0,0,0,0.0,4,21,3,5,1,1
5,0,0,0,0,0.0,4,21,3,5,1,1
7,0,0,0,0,0.0,4,21,3,5,1,1
2,0,0,0,0,0.0,4,21,3,5,1,1
0,0,0,0,0,0.0,4,21,3,5,1,1
4,0,0,0,0,0.0,4,21,3,5,1,1
6,0,0,0,0,0.0,4,21,3,5,1,1
1,0,0,0,0,0.0,4,21,3,5,1,1
9,0,0,0,0,0.0,4,21,3,5,1,1
3,0,0,0,0,0.0,4,21,3,5,1,1
8,0,0,0,0,0.0,4,21,3,5,1,1
5,0,0,0,0,0.0,4,21,3,5,1,1
7,0,0,0,0,0.0,4,21,3,5,1,1
2,0,0,0,0,0.0,4,21,3,5,1,1
0,0,0,0,0,0.0,4,21,3,5,1,1
4,0,0,0,0,0.0,4,21,3,5,1,1
6,0,0,0,0,0.0,4,21,3,5,1,1
1,0,0,0,0,0.0,4,21,3,5,1,1
9,0,0,0,0,0.0,4,21,3,5,1,1
3,0,0,0,0,0.0,4,21,3,5,1,1
8,0,0,0,0,0.0,5,21,3,5,1,1
5,0,0,0,0,0.0,5,21,3,5,1,1
7,0,0,0,0,0.0,5,21,3,5,1,1
2,0,0,0,0,0.0,5,21,3,5,1,1
0,0,0,0,0,0.0,5,21,3,5,1,1
4,0,0,0,0,0.0,5,21,3,5,1,1
6,0,0,0,0,0.0,5,21,3,5,1,1
1,0,0,0,0,0.0,5,21,3,5,1,1
9,0,0,0,0,0.0,5,21,3,5,1,1
3,0,0,0,0,0.0,5,21,3,5,1,1
8,0,0,0,0,0.0,5,21,3,5,1,1
5,0,0,0,0,0.0,5,21,3,5,1,1
7,0,0,0,0,0.0,5,21,3,5,1,1
2,0,0,0,0,0.0,5,21,3,5,1,1
0,0,0,0,0,0.0,5,21,3,5,1,1
4,0,0,0,0,0.0,5,21,3,5,1,1
6,0,0,0,0,0.0,5,21,3,5,1,1
1,0,0,0,0,0.0,5,21,3,5,1,1
9,0,0,0,0,0.0,5,21,3,5,1,1
3,0,0,0,0,0.0,5,21,3,5,1,1
8,0,0,0,0,0.0,5,21,3,5,1,1
5,0,0,0,0,0.0,5,21,3,5,1,1
7,0,0,0,0,0.0,5,21,3,5,1,1
2,0,0,0,0,0.0,5,21,3,5,1,1
0,0,0,0,0,0.0,5,21,3,5,1,1
4,0,0,0,0,0.0,5,21,3,5,1,1
6,0,0,0,0,0.0,5,21,3,5,1,1
1,0,0,0,0,0.0,5,21,3,5,1,1
9,0,0,0,0,0.0,5,21,3,5,1,1
3,0,0,0,0,0.0,5,21,3,5,1,1
8,0,0,0,0,0.0,5,21,3,5,1,1
5,0,0,0,0,0.0,5,21,3,5,1,1
7,0,0,0,0,0.0,5,21,3,5,1,1
2,0,0,0,0,0.0,5,21,3,5,1,1
0,0,0,0,0,0.0,5,21,3,5,1,1
4,0,0,0,0,0.0,5,21,3,5,1,1
6,0,0,0,0,0.0,5,21,3,5,1,1
1,0,0,0,0,0.0,5,21,3,5,1,1
9,0,0,0,0,0.0,5,21,3,5,1,1
3,0,0,0,0,0.0,5,21,3,5,1,1
8,326,462,223,394,1.25,6,21,3,5,1,2
5,260,250,154,255,1.76,6,21,3,5,1,2
7,376,395,229,386,1.89,6,21,3,5,1,2
2,518,421,291,470,1.66,6,21,3,5,1,2
0,420,269,222,344,0.88,6,21,3,5,1,2
4,400,488,258,444,1.27,6,21,3,5,1,2
6,522,259,261,390,1.7,6,21,3,5,1,2
1,457,260,235,358,0.76,6,21,3,5,1,2
9,489,396,275,442,2.25,6,21,3,5,1,2
3,303,385,198,344,1.68,6,21,3,5,1,2
8,328,399,211,364,1.47,6,21,3,5,1,2
5,523,390,287,456,1.13,6,21,3,5,1,2
7,207,367,156,287,0.75,6,21,3,5,1,2
2,456,482,279,469,2.16,6,21,3,5,1,2
0,449,263,232,356,2.18,6,21,3,5,1,2
4,532,156,244,344,0.99,6,21,3,5,1,2
6,509,222,248,366,1.3,6,21,3,5,1,2
1,412,222,209,317,2.1,6,21,3,5,1,2
9,157,184,100,170,0.87,6,21,3,5,1,2
3,296,395,197,346,1.49,6,21,3,5,1,2
8,441,546,286,494,0.71,6,21,3,5,1,0
5,549,315,283,432,2.09,6,21,3,5,1,2
7,189,153,106,171,0.68,6,21,3,5,1,0
2,225,433,177,329,0.88,6,21,3,5,1,2
0,316,525,231,420,1.0,6,21,3,5,1,2
4,315,509,228,412,2.28,6,21,3,5,1,2
6,298,475,214,386,1.54,6,21,3,5,1,2
1,238,227,141,232,0.76,6,21,3,5,1,2
9,520,394,287,457,0.77,6,21,3,5,1,2
3,333,435,220,384,1.91,6,21,3,5,1,2
8,484,163,226,324,2.04,6,21,3,5,1,2
5,338,360,207,349,0.53,6,21,3,5,1,0
7,371,345,217,358,1.11,6,21,3,5,1,2
2,341,168,170,254,2.0,6,21,3,5,1,2
0,201,271,135,236,1.73,6,21,3,5,1,2
4,445,451,268,448,1.72,6,21,3,5,1,2
6,397,546,268,472,2.04,6,21,3,5,1,2
1,292,511,219,402,0.82,6,21,3,5,1,2
9,396,430,244,413,2.2,6,21,3,5,1,2
3,222,163,121,192,0.7,6,21,3,5,1,0
8,288,241,163,264,1.03,7,21,3,5,1,2
5,280,180,148,230,1.15,7,21,3,5,1,2
7,152,444,150,298,1.01,7,21,3,5,1,2
2,519,498,307,508,1.0,7,21,3,5,1,2
0,267,203,147,235,2.36,7,21,3,5,1,2
4,233,275,148,254,1.66,7,21,3,5,1,2
6,333,495,232,414,0.54,7,21,3,5,1,0
1,213,161,117,187,1.87,7,21,3,5,1,2
9,320,224,173,272,1.48,7,21,3,5,1,2
3,299,500,220,400,1.84,7,21,3,5,1,2
8,272,198,148,235,0.99,7,21,3,5,1,2
5,432,233,219,332,1.73,7,21,3,5,1,2
7,314,370,200,342,0.9,7,21,3,5,1,2
2,548,373,294,460,1.67,7,21,3,5,1,2
0,518,388,285,453,1.64,7,21,3,5,1,2
4,299,444,208,372,2.21,7,21,3,5,1,2
6,280,234,159,257,2.42,7,21,3,5,1,2
1,355,514,245,434,2.1,7,21,3,5,1,2
9,303,282,178,292,0.69,7,21,3,5,1,0
3,154,225,107,190,0.54,7,21,3,5,1,0
8,538,379,291,458,1.8,7,21,3,5,1,2
5,277,298,170,288,1.56,7,21,3,5,1,2
7,409,363,236,386,2.35,7,21,3,5,1,2
2,370,329,214,350,0.77,7,21,3,5,1,2
0,445,477,273,461,1.74,7,21,3,5,1,2
4,244,465,191,354,1.27,7,21,3,5,1,2
6,365,478,242,422,1.97,7,21,3,5,1,2
1,184,259,125,222,1.72,7,21,3,5,1,2
9,396,232,205,314,0.74,7,21,3,5,1,0
3,282,345,182,314,1.92,7,21,3,5,1,2
8,367,308,208,338,1.23,7,21,3,5,1,2
5,387,377,230,382,0.52,7,21,3,5,1,0
7,402,451,251,426,0.74,7,21,3,5,1,0
2,399,277,215,338,0.93,7,21,3,5,1,2
0,169,162,100,166,2.25,7,21,3,5,1,2
4,447,426,264,436,2.31,7,21,3,5,1,2
6,252,479,197,366,0.77,7,21,3,5,1,2
1,360,440,232,400,0.52,7,21,3,5,1,0
9,417,381,243,399,2.09,7,21,3,5,1,2
3,280,332,178,306,2.06,7,21,3,5,1,2
8,2221,523,993,1372,5.8,8,21,3,5,1,2
5,2177,939,1059,1558,3.09,8,21,3,5,1,2
7,1547,997,818,1272,5.1,8,21,3,5,1,2
2,1420,547,677,984,4.49,8,21,3,5,1,2
0,2243,968,1091,1606,5.38,8,21,3,5,1,2
4,1432,777,728,1104,4.21,8,21,3,5,1,2
6,1898,796,918,1347,5.24,8,21,3,5,1,2
1,2494,979,1193,1736,4.19,8,21,3,5,1,2
9,2263,636,1032,1450,3.06,8,21,3,5,1,2
3,2288,853,1086,1570,4.13,8,21,3,5,1,2
8,2487,988,1192,1738,3.45,8,21,3,5,1,2
5,1200,899,660,1050,3.03,8,21,3,5,1,2
7,2128,492,950,1310,4.4,8,21,3,5,1,2
2,2135,740,1002,1438,4.77,8,21,3,5,1,2
0,1372,786,706,1079,3.28,8,21,3,5,1,2
4,1501,768,754,1134,5.07,8,21,3,5,1,2
6,2219,448,977,1334,5.62,8,21,3,5,1,2
1,1395,463,651,929,4.89,8,21,3,5,1,2
9,1299,544,628,922,5.48,8,21,3,5,1,2
3,1775,575,825,1175,5.38,8,21,3,5,1,2
8,1328,881,707,1104,4.57,8,21,3,5,1,2
5,2442,695,1116,1568,3.85,8,21,3,5,1,2
7,887,450,445,668,3.05,8,21,3,5,1,2
2,2288,915,1098,1602,4.77,8,21,3,5,1,2
0,2467,767,1140,1617,3.13,8,21,3,5,1,2
4,2492,708,1138,1600,4.63,8,21,3,5,1,2
6,2345,869,1112,1607,3.78,8,21,3,5,1,2
1,1233,801,653,1017,3.71,8,21,3,5,1,2
9,2145,762,1010,1454,3.01,8,21,3,5,1,2
3,1751,664,833,1208,4.62,8,21,3,5,1,2
8,1810,719,868,1264,5.28,8,21,3,5,1,2
5,1455,846,751,1150,3.73,8,21,3,5,1,2
7,1950,545,889,1248,4.2,8,21,3,5,1,2
2,2423,608,1091,1516,3.29,8,21,3,5,1,2
0,1713,926,870,1320,4.21,8,21,3,5,1,2
4,2357,634,1070,1496,3.25,8,21,3,5,1,2
6,2250,543,1009,1396,5.23,8,21,3,5,1,2
1,2227,554,1002,1390,5.09,8,21,3,5,1,2
9,1098,609,561,854,4.47,8,21,3,5,1,2
3,803,609,443,706,5.37,8,21,3,5,1,2
8,2415,924,1151,1670,4.42,9,21,3,5,1,2
5,1638,874,830,1256,4.35,9,21,3,5,1,2
7,1795,764,871,1280,3.25,9,21,3,5,1,2
2,1288,924,700,1106,3.98,9,21,3,5,1,2
0,2402,507,1062,1454,4.22,9,21,3,5,1,2
4,2057,636,950,1346,3.45,9,21,3,5,1,2
6,1469,735,735,1102,5.02,9,21,3,5,1,2
1,1427,913,753,1170,5.59,9,21,3,5,1,2
9,837,566,448,702,5.31,9,21,3,5,1,2
3,1682,852,843,1267,5.42,9,21,3,5,1,2
8,868,765,500,816,5.16,9,21,3,5,1,2
5,992,624,522,808,4.71,9,21,3,5,1,2
7,911,743,513,827,4.02,9,21,3,5,1,2
2,1402,571,675,986,3.37,9,21,3,5,1,2
0,2048,930,1005,1489,4.18,9,21,3,5,1,2
4,872,873,523,872,3.79,9,21,3,5,1,2
6,2044,725,963,1384,3.72,9,21,3,5,1,2
1,954,526,487,740,3.06,9,21,3,5,1,2
9,1711,512,787,1112,4.94,9,21,3,5,1,2
3,857,905,524,881,4.49,9,21,3,5,1,2
8,2450,704,1121,1577,3.09,9,21,3,5,1,2
5,2445,607,1099,1526,3.57,9,21,3,5,1,2
7,1905,473,857,1189,4.84,9,21,3,5,1,2
2,2353,852,1112,1602,4.75,9,21,3,5,1,2
0,1926,594,889,1260,3.46,9,21,3,5,1,2
4,1705,949,872,1327,3.75,9,21,3,5,1,2
6,2291,835,1083,1563,4.24,9,21,3,5,1,2
1,2431,743,1121,1587,4.71,9,21,3,5,1,2
9,1313,768,679,1040,5.56,9,21,3,5,1,2
3,1179,965,665,1072,3.38,9,21,3,5,1,2
8,904,736,509,820,4.64,9,21,3,5,1,2
5,1378,958,743,1168,5.57,9,21,3,5,1,2
7,1336,549,644,942,4.55,9,21,3,5,1,2
2,2194,540,986,1367,5.19,9,21,3,5,1,2
0,852,595,460,724,4.64,9,21,3,5,1,2
4,2217,865,1060,1541,4.0,9,21,3,5,1,2
6,1032,593,531,812,3.14,9,21,3,5,1,2
1,1338,997,735,1168,5.19,9,21,3,5,1,2
9,1464,451,676,958,4.08,9,21,3,5,1,2
3,879,742,500,810,4.08,9,21,3,5,1,2
8,922,644,498,783,4.43,10,21,3,5,1,2
5,1797,981,915,1389,5.58,10,21,3,5,1,2
7,1494,706,739,1100,3.03,10,21,3,5,1,2
2,2000,764,953,1382,3.61,10,21,3,5,1,2
0,1278,441,599,860,5.77,10,21,3,5,1,2
4,2323,677,1065,1500,4.93,10,21,3,5,1,2
6,1299,988,717,1144,3.74,10,21,3,5,1,2
1,1183,807,635,995,3.39,10,21,3,5,1,2
9,1334,421,618,878,5.5,10,21,3,5,1,2
3,1686,474,769,1080,4.4,10,21,3,5,1,2
8,1603,575,756,1089,4.41,10,21,3,5,1,2
5,2257,924,1088,1590,3.86,10,21,3,5,1,2
7,962,566,498,764,3.15,10,21,3,5,1,2
2,1571,533,735,1052,5.15,10,21,3,5,1,2
0,2264,836,1073,1550,5.49,10,21,3,5,1,2
4,1432,404,654,918,4.93,10,21,3,5,1,2
6,1061,500,524,780,3.25,10,21,3,5,1,2
1,1409,411,646,910,3.91,10,21,3,5,1,2
9,1045,916,601,980,3.77,10,21,3,5,1,2
3,1651,781,817,1216,4.26,10,21,3,5,1,2
8,2296,544,1027,1420,5.71,10,21,3,5,1,2
5,1168,771,621,970,4.98,10,21,3,5,1,2
7,899,503,460,701,3.43,10,21,3,5,1,2
2,2215,754,1037,1484,4.96,10,21,3,5,1,2
0,1666,963,859,1314,5.8,10,21,3,5,1,2
4,1317,960,719,1138,4.86,10,21,3,5,1,2
6,2370,492,1046,1431,4.63,10,21,3,5,1,2
1,1973,679,925,1326,5.51,10,21,3,5,1,2
9,1412,829,731,1120,5.47,10,21,3,5,1,2
3,1225,420,574,822,5.34,10,21,3,5,1,2
8,1101,709,582,905,5.12,10,21,3,5,1,2
5,876,412,433,644,3.61,10,21,3,5,1,2
7,2219,714,1030,1466,3.49,10,21,3,5,1,2
2,860,924,529,892,4.58,10,21,3,5,1,2
0,853,679,477,766,4.75,10,21,3,5,1,2
4,1327,696,670,1012,4.51,10,21,3,5,1,2
6,1392,483,653,938,4.24,10,21,3,5,1,2
1,1933,935,960,1434,4.9,10,21,3,5,1,2
9,1070,488,526,779,4.55,10,21,3,5,1,2
3,863,864,518,864,5.65,10,21,3,5,1,2
8,219,179,123,199,2.32,11,21,3,5,1,2
5,182,372,147,277,2.35,11,21,3,5,1,2
7,257,527,208,392,2.21,11,21,3,5,1,2
2,376,226,196,301,2.24,11,21,3,5,1,2
0,272,479,205,376,1.98,11,21,3,5,1,2
4,530,336,279,433,0.73,11,21,3,5,1,0
6,300,452,210,376,1.28,11,21,3,5,1,2
1,355,533,249,444,2.21,11,21,3,5,1,2
9,362,392,223,377,1.99,11,21,3,5,1,2
3,227,423,175,325,1.63,11,21,3,5,1,2
8,340,537,243,438,0.54,11,21,3,5,1,0
5,498,424,284,461,2.36,11,21,3,5,1,2
7,269,346,177,308,0.78,11,21,3,5,1,2
2,512,270,259,391,1.73,11,21,3,5,1,2
0,266,427,192,346,1.87,11,21,3,5,1,2
4,202,509,183,356,0.98,11,21,3,5,1,2
6,435,170,208,302,0.58,11,21,3,5,1,0
1,514,521,310,518,0.98,11,21,3,5,1,2
9,460,438,272,449,0.6,11,21,3,5,1,0
3,242,442,185,342,0.55,11,21,3,5,1,0
8,183,391,151,287,1.42,11,21,3,5,1,2
5,250,496,199,373,0.58,11,21,3,5,1,0
7,328,451,221,390,2.39,11,21,3,5,1,2
2,178,439,159,308,1.62,11,21,3,5,1,2
0,343,255,188,299,0.67,11,21,3,5,1,0
4,530,430,298,480,1.69,11,21,3,5,1,2
6,176,512,173,344,1.54,11,21,3,5,1,2
1,316,443,215,380,1.37,11,21,3,5,1,2
9,286,349,184,318,2.18,11,21,3,5,1,2
3,172,420,153,296,1.56,11,21,3,5,1,2
8,255,397,181,326,1.09,11,21,3,5,1,2
5,434,370,248,402,1.57,11,21,3,5,1,2
7,495,356,269,426,2.2,11,21,3,5,1,2
2,385,238,202,312,2.48,11,21,3,5,1,2
0,158,461,155,310,0.74,11,21,3,5,1,0
4,465,248,236,356,1.83,11,21,3,5,1,2
6,300,395,199,348,2.27,11,21,3,5,1,2
1,361,180,180,270,1.09,11,21,3,5,1,2
9,373,384,226,378,2.21,11,21,3,5,1,2
3,479,214,234,346,1.63,11,21,3,5,1,2
8,412,501,265,456,1.64,12,21,3,5,1,2
5,280,263,165,272,2.21,12,21,3,5,1,2
7,362,266,198,314,1.8,12,21,3,5,1,2
2,390,541,264,466,1.03,12,21,3,5,1,2
0,361,353,215,357,1.53,12,21,3,5,1,2
4,377,212,193,294,1.97,12,21,3,5,1,2
6,174,172,104,173,2.05,12,21,3,5,1,2
1,501,451,291,476,0.83,12,21,3,5,1,2
9,199,195,119,197,1.53,12,21,3,5,1,2
3,477,344,260,410,0.85,12,21,3,5,1,2
8,224,405,171,314,0.85,12,21,3,5,1,2
5,255,508,204,382,1.24,12,21,3,5,1,2
7,202,421,165,312,1.97,12,21,3,5,1,2
2,454,245,231,350,0.63,12,21,3,5,1,0
0,188,408,157,298,2.12,12,21,3,5,1,2
4,362,282,201,322,2.34,12,21,3,5,1,2
6,537,352,285,444,1.66,12,21,3,5,1,2
1,350,238,188,294,1.57,12,21,3,5,1,2
9,357,430,229,394,0.63,12,21,3,5,1,0
3,407,229,209,318,2.05,12,21,3,5,1,2
8,447,286,236,366,1.93,12,21,3,5,1,2
5,308,453,214,380,1.87,12,21,3,5,1,2
7,506,419,286,462,1.34,12,21,3,5,1,2
2,164,427,151,296,2.31,12,21,3,5,1,2
0,473,157,221,315,2.43,12,21,3,5,1,2
4,161,313,127,237,1.39,12,21,3,5,1,2
6,338,285,192,312,2.02,12,21,3,5,1,2
1,460,416,267,438,1.49,12,21,3,5,1,2
9,368,189,185,278,1.82,12,21,3,5,1,2
3,332,316,196,324,2.21,12,21,3,5,1,2
8,343,487,235,415,1.84,12,21,3,5,1,2
5,256,350,172,303,2.44,12,21,3,5,1,2
7,387,221,199,304,2.3,12,21,3,5,1,2
2,273,300,169,286,1.27,12,21,3,5,1,2
0,429,304,232,366,1.1,12,21,3,5,1,2
4,366,154,177,260,0.78,12,21,3,5,1,2
6,214,378,161,296,0.71,12,21,3,5,1,0
1,200,460,172,330,1.17,12,21,3,5,1,2
9,470,363,261,416,1.79,12,21,3,5,1,2
3,305,360,194,332,1.35,12,21,3,5,1,2
8,547,278,274,412,0.63,13,21,3,5,1,0
5,507,524,308,516,0.87,13,21,3,5,1,2
7,470,197,227,334,1.73,13,21,3,5,1,2
2,333,231,179,282,1.82,13,21,3,5,1,2
0,227,256,142,242,0.8,13,21,3,5,1,2
4,390,245,205,318,0.85,13,21,3,5,1,2
6,398,367,233,382,1.78,13,21,3,5,1,2
1,182,539,181,360,2.03,13,21,3,5,1,2
9,419,402,248,410,0.67,13,21,3,5,1,0
3,310,468,218,389,1.99,13,21,3,5,1,2
8,160,222,108,191,1.42,13,21,3,5,1,2
5,521,226,254,374,1.2,13,21,3,5,1,2
7,303,258,173,280,0.6,13,21,3,5,1,0
2,422,223,213,322,1.64,13,21,3,5,1,2
0,252,446,190,349,1.37,13,21,3,5,1,2
4,445,542,286,494,0.83,13,21,3,5,1,2
6,366,376,222,371,2.17,13,21,3,5,1,2
1,175,478,166,326,2.2,13,21,3,5,1,2
9,227,505,192,366,1.61,13,21,3,5,1,2
3,464,402,266,433,1.55,13,21,3,5,1,2
8,318,462,220,390,1.78,13,21,3,5,1,2
5,372,468,242,420,2.14,13,21,3,5,1,2
7,420,359,240,390,0.55,13,21,3,5,1,0
2,170,407,149,288,1.69,13,21,3,5,1,2
0,340,444,225,392,2.26,13,21,3,5,1,2
4,217,278,142,248,1.4,13,21,3,5,1,2
6,445,257,229,351,2.2,13,21,3,5,1,2
1,383,443,242,413,1.85,13,21,3,5,1,2
9,231,232,139,232,0.76,13,21,3,5,1,2
3,351,424,225,388,2.02,13,21,3,5,1,2
8,415,444,255,430,2.47,13,21,3,5,1,2
5,156,384,139,270,0.52,13,21,3,5,1,0
7,327,301,191,314,1.95,13,21,3,5,1,2
2,474,190,228,332,1.12,13,21,3,5,1,2
0,413,332,232,372,0.72,13,21,3,5,1,0
4,505,516,305,510,2.39,13,21,3,5,1,2
6,419,226,213,322,2.5,13,21,3,5,1,2
1,166,339,134,252,0.54,13,21,3,5,1,0
9,369,445,237,407,0.81,13,21,3,5,1,2
3,413,390,243,402,1.25,13,21,3,5,1,2
8,401,391,239,396,1.39,14,21,3,5,1,2
5,271,528,214,400,1.57,14,21,3,5,1,2
7,495,464,291,480,1.6,14,21,3,5,1,2
2,381,439,240,410,2.25,14,21,3,5,1,2
0,249,385,177,317,2.35,14,21,3,5,1,2
4,164,432,152,298,2.49,14,21,3,5,1,2
6,369,235,195,302,1.2,14,21,3,5,1,2
1,465,189,224,327,1.73,14,21,3,5,1,2
9,266,402,187,334,1.83,14,21,3,5,1,2
3,486,338,262,412,1.62,14,21,3,5,1,2
8,200,186,117,193,0.63,14,21,3,5,1,0
5,538,163,248,350,1.24,14,21,3,5,1,2
7,493,505,298,499,1.17,14,21,3,5,1,2
2,154,545,171,350,1.41,14,21,3,5,1,2
0,244,538,205,391,2.47,14,21,3,5,1,2
4,398,340,227,369,1.92,14,21,3,5,1,2
6,505,173,237,339,1.84,14,21,3,5,1,2
1,443,238,225,340,1.99,14,21,3,5,1,2
9,519,524,312,522,1.54,14,21,3,5,1,2
3,494,169,231,332,1.07,14,21,3,5,1,2
8,298,469,213,384,1.56,14,21,3,5,1,2
5,230,282,148,256,1.91,14,21,3,5,1,2
7,540,491,314,516,0.86,14,21,3,5,1,2
2,482,396,272,439,0.58,14,21,3,5,1,0
0,207,262,135,234,2.1,14,21,3,5,1,2
4,463,536,292,500,1.37,14,21,3,5,1,2
6,173,334,136,254,0.73,14,21,3,5,1,0
1,358,221,187,290,1.18,14,21,3,5,1,2
9,248,407,181,328,0.7,14,21,3,5,1,0
3,483,346,262,414,1.56,14,21,3,5,1,2
8,431,155,203,293,2.34,14,21,3,5,1,2
5,460,532,290,496,2.03,14,21,3,5,1,2
7,326,379,206,352,0.68,14,21,3,5,1,0
2,238,181,131,210,2.09,14,21,3,5,1,2
0,548,460,311,504,0.75,14,21,3,5,1,2
4,414,406,247,410,0.9,14,21,3,5,1,2
6,468,530,293,499,2.33,14,21,3,5,1,2
1,273,365,182,319,1.19,14,21,3,5,1,2
9,473,283,246,378,0.51,14,21,3,5,1,0
3,215,476,181,346,2.18,14,21,3,5,1,2
8,254,225,147,240,1.77,15,21,3,5,1,2
5,413,299,225,356,2.08,15,21,3,5,1,2
7,360,333,211,346,0.89,15,21,3,5,1,2
2,475,161,222,318,0.72,15,21,3,5,1,0
0,163,536,172,350,2.14,15,21,3,5,1,2
4,185,387,151,286,0.69,15,21,3,5,1,0
6,512,185,242,348,2.35,15,21,3,5,1,2
1,444,519,281,482,1.3,15,21,3,5,1,2
9,413,356,236,384,0.82,15,21,3,5,1,2
3,206,394,161,300,1.46,15,21,3,5,1,2
8,525,543,319,534,0.94,15,21,3,5,1,2
5,468,159,219,314,1.62,15,21,3,5,1,2
7,503,247,251,375,1.25,15,21,3,5,1,2
2,481,245,241,363,1.4,15,21,3,5,1,2
0,215,445,175,330,0.7,15,21,3,5,1,0
4,477,513,293,495,1.47,15,21,3,5,1,2
6,429,202,212,316,2.5,15,21,3,5,1,2
1,407,472,257,440,1.52,15,21,3,5,1,2
9,481,212,235,346,2.41,15,21,3,5,1,2
3,295,434,205,364,2.03,15,21,3,5,1,2
8,375,294,209,334,2.25,15,21,3,5,1,2
5,280,232,158,256,0.61,15,21,3,5,1,0
7,282,258,164,270,2.07,15,21,3,5,1,2
2,397,238,206,318,2.47,15,21,3,5,1,2
0,533,177,249,355,0.59,15,21,3,5,1,0
4,533,394,292,464,0.95,15,21,3,5,1,2
6,219,184,124,202,0.92,15,21,3,5,1,2
1,352,330,207,341,1.94,15,21,3,5,1,2
9,276,193,149,234,2.25,15,21,3,5,1,2
3,527,339,279,433,1.12,15,21,3,5,1,2
8,239,183,132,211,1.04,15,21,3,5,1,2
5,264,180,142,222,1.58,15,21,3,5,1,2
7,496,267,252,382,1.59,15,21,3,5,1,2
2,164,305,127,234,0.91,15,21,3,5,1,2
0,345,550,248,448,1.55,15,21,3,5,1,2
4,519,353,278,436,1.15,15,21,3,5,1,2
6,403,414,244,408,1.64,15,21,3,5,1,2
1,291,242,165,266,2.22,15,21,3,5,1,2
9,349,292,198,320,1.62,15,21,3,5,1,2
3,243,427,183,335,1.47,15,21,3,5,1,2
8,314,287,183,300,1.61,16,21,3,5,1,2
5,425,232,216,328,1.71,16,21,3,5,1,2
7,318,365,200,342,2.08,16,21,3,5,1,2
2,191,238,124,214,1.18,16,21,3,5,1,2
0,501,441,289,471,0.52,16,21,3,5,1,0
4,539,468,309,504,0.88,16,21,3,5,1,2
6,369,352,218,360,0.92,16,21,3,5,1,2
1,506,537,310,522,2.37,16,21,3,5,1,2
9,341,523,241,432,2.09,16,21,3,5,1,2
3,161,368,138,264,2.03,16,21,3,5,1,2
8,346,458,230,402,1.45,16,21,3,5,1,2
5,536,396,294,466,2.18,16,21,3,5,1,2
7,294,282,174,288,2.33,16,21,3,5,1,2
2,258,449,193,354,1.28,16,21,3,5,1,2
0,527,334,278,430,0.54,16,21,3,5,1,0
4,320,166,161,243,0.9,16,21,3,5,1,2
6,264,181,142,222,1.35,16,21,3,5,1,2
1,195,332,144,264,1.71,16,21,3,5,1,2
9,374,465,243,420,1.6,16,21,3,5,1,2
3,221,309,150,265,0.88,16,21,3,5,1,2
8,511,478,300,494,1.99,16,21,3,5,1,2
5,159,212,106,186,2.1,16,21,3,5,1,2
7,401,230,206,316,0.95,16,21,3,5,1,2
2,325,368,204,346,1.07,16,21,3,5,1,2
0,382,187,190,284,1.24,16,21,3,5,1,2
4,185,463,167,324,2.48,16,21,3,5,1,2
6,300,295,179,298,1.75,16,21,3,5,1,2
1,204,152,112,178,2.44,16,21,3,5,1,2
9,426,373,245,400,2.32,16,21,3,5,1,2
3,484,381,270,432,1.6,16,21,3,5,1,2
8,179,319,135,249,1.46,16,21,3,5,1,2
5,166,475,161,320,1.58,16,21,3,5,1,2
7,391,216,200,304,0.88,16,21,3,5,1,2
2,324,455,221,390,2.32,16,21,3,5,1,2
0,364,184,182,274,1.17,16,21,3,5,1,2
4,432,313,235,372,1.1,16,21,3,5,1,2
6,224,502,190,363,2.32,16,21,3,5,1,2
1,316,526,232,421,1.49,16,21,3,5,1,2
9,312,186,162,249,1.32,16,21,3,5,1,2
3,457,289,241,373,1.25,16,21,3,5,1,2
8,965,1724,731,1344,4.36,17,21,3,5,1,2
5,874,2025,755,1450,5.14,17,21,3,5,1,2
7,716,2790,844,1753,3.65,17,21,3,5,1,2
2,1168,1255,718,1212,3.06,17,21,3,5,1,2
0,722,1033,495,878,5.17,17,21,3,5,1,2
4,736,2575,809,1656,3.23,17,21,3,5,1,2
6,871,1932,735,1402,4.95,17,21,3,5,1,2
1,768,2392,786,1580,4.58,17,21,3,5,1,2
9,725,1479,586,1102,5.75,17,21,3,5,1,2
3,857,1597,662,1227,4.13,17,21,3,5,1,2
8,701,1951,671,1326,4.5,17,21,3,5,1,2
5,896,1658,690,1277,4.88,17,21,3,5,1,2
7,841,2487,834,1664,5.38,17,21,3,5,1,2
2,610,2169,678,1390,3.26,17,21,3,5,1,2
0,810,1643,653,1226,3.95,17,21,3,5,1,2
4,1148,1378,735,1263,5.49,17,21,3,5,1,2
6,961,2254,835,1608,4.26,17,21,3,5,1,2
1,650,1698,600,1174,4.13,17,21,3,5,1,2
9,961,2301,845,1631,4.39,17,21,3,5,1,2
3,1061,2203,865,1632,3.0,17,21,3,5,1,2
8,1053,2494,920,1774,5.75,17,21,3,5,1,2
5,1136,2128,880,1632,5.05,17,21,3,5,1,2
7,1159,1629,789,1394,5.74,17,21,3,5,1,2
2,704,2704,822,1704,4.94,17,21,3,5,1,2
0,1166,2367,940,1766,3.53,17,21,3,5,1,2
4,904,1819,725,1362,4.84,17,21,3,5,1,2
6,1171,1534,775,1352,5.1,17,21,3,5,1,2
1,1138,1870,829,1504,5.47,17,21,3,5,1,2
9,1120,2737,995,1928,3.51,17,21,3,5,1,2
3,1178,1875,846,1526,5.1,17,21,3,5,1,2
8,930,2573,887,1752,4.18,17,21,3,5,1,2
5,1056,1298,682,1177,5.35,17,21,3,5,1,2
7,1133,2727,999,1930,5.6,17,21,3,5,1,2
2,663,2389,743,1526,5.69,17,21,3,5,1,2
0,765,1668,640,1216,4.7,17,21,3,5,1,2
4,977,2051,801,1514,4.4,17,21,3,5,1,2
6,1168,2707,1009,1938,5.67,17,21,3,5,1,2
1,1120,2687,985,1904,4.0,17,21,3,5,1,2
9,857,1312,605,1084,3.33,17,21,3,5,1,2
3,1017,2659,939,1838,4.45,17,21,3,5,1,2
8,966,2128,812,1547,3.31,18,21,3,5,1,2
5,647,1541,567,1094,5.07,18,21,3,5,1,2
7,1006,2273,857,1640,5.08,18,21,3,5,1,2
2,876,1419,634,1148,3.91,18,21,3,5,1,2
0,762,2253,755,1508,5.42,18,21,3,5,1,2
4,1064,1733,772,1398,4.09,18,21,3,5,1,2
6,1144,1954,848,1549,5.59,18,21,3,5,1,2
1,751,2434,787,1592,4.57,18,21,3,5,1,2
9,808,1658,655,1233,3.83,18,21,3,5,1,2
3,790,2306,777,1548,3.85,18,21,3,5,1,2
8,1187,1771,829,1479,4.93,18,21,3,5,1,2
5,918,1796,726,1357,5.64,18,21,3,5,1,2
7,668,2031,673,1350,3.4,18,21,3,5,1,2
2,936,1886,752,1411,3.47,18,21,3,5,1,2
0,1170,1691,806,1430,3.28,18,21,3,5,1,2
4,975,2555,901,1765,3.25,18,21,3,5,1,2
6,1149,1143,688,1146,4.79,18,21,3,5,1,2
1,878,2540,859,1709,4.4,18,21,3,5,1,2
9,771,2070,722,1420,3.09,18,21,3,5,1,2
3,929,2474,866,1702,5.15,18,21,3,5,1,2
8,955,1688,720,1322,3.26,18,21,3,5,1,2
5,1079,2224,876,1652,5.18,18,21,3,5,1,2
7,1110,2480,940,1795,3.94,18,21,3,5,1,2
2,819,2143,756,1481,5.14,18,21,3,5,1,2
0,1179,1784,828,1482,5.21,18,21,3,5,1,2
4,736,1258,546,997,3.95,18,21,3,5,1,2
6,815,2398,806,1606,3.55,18,21,3,5,1,2
1,615,2769,800,1692,4.3,18,21,3,5,1,2
9,1128,1492,750,1310,3.44,18,21,3,5,1,2
3,657,1145,492,901,5.62,18,21,3,5,1,2
8,940,1450,666,1195,4.4,18,21,3,5,1,2
5,1190,2078,892,1634,5.31,18,21,3,5,1,2
7,686,2253,725,1470,4.9,18,21,3,5,1,2
2,785,2095,733,1440,5.71,18,21,3,5,1,2
0,1092,2196,876,1644,3.7,18,21,3,5,1,2
4,1010,1526,709,1268,3.78,18,21,3,5,1,2
6,1051,1160,652,1106,5.71,18,21,3,5,1,2
1,1042,1349,687,1196,4.94,18,21,3,5,1,2
9,935,1448,664,1192,5.27,18,21,3,5,1,2
3,766,2464,799,1615,3.34,18,21,3,5,1,2
8,960,2438,872,1699,5.32,19,21,3,5,1,2
5,971,1151,619,1061,3.38,19,21,3,5,1,2
7,686,2727,820,1706,4.97,19,21,3,5,1,2
2,752,2152,731,1452,3.78,19,21,3,5,1,2
0,1166,2450,956,1808,4.85,19,21,3,5,1,2
4,645,1533,565,1089,4.44,19,21,3,5,1,2
6,830,1483,629,1156,4.54,19,21,3,5,1,2
1,1161,2623,989,1892,3.56,19,21,3,5,1,2
9,971,1099,608,1035,3.41,19,21,3,5,1,2
3,789,2794,874,1792,3.06,19,21,3,5,1,2
8,987,1925,780,1456,3.58,19,21,3,5,1,2
5,1197,2473,973,1835,4.44,19,21,3,5,1,2
7,1021,1543,717,1282,4.94,19,21,3,5,1,2
2,888,1270,609,1079,5.31,19,21,3,5,1,2
0,1096,2395,917,1746,5.76,19,21,3,5,1,2
4,916,2745,915,1830,3.15,19,21,3,5,1,2
6,855,1156,573,1006,4.05,19,21,3,5,1,2
1,677,1656,602,1166,3.76,19,21,3,5,1,2
9,880,1633,679,1256,3.38,19,21,3,5,1,2
3,1074,1783,786,1428,3.33,19,21,3,5,1,2
8,887,2367,828,1627,3.31,19,21,3,5,1,2
5,726,2421,775,1574,4.53,19,21,3,5,1,2
7,776,1131,537,954,3.82,19,21,3,5,1,2
2,895,1883,735,1389,3.87,19,21,3,5,1,2
0,610,2715,787,1662,3.96,19,21,3,5,1,2
4,929,1276,627,1102,4.34,19,21,3,5,1,2
6,833,2372,808,1602,4.12,19,21,3,5,1,2
1,806,2201,763,1504,5.49,19,21,3,5,1,2
9,870,2533,855,1702,3.58,19,21,3,5,1,2
3,1188,2317,939,1752,4.77,19,21,3,5,1,2
8,991,2504,897,1748,3.48,19,21,3,5,1,2
5,1141,1179,692,1160,4.34,19,21,3,5,1,2
7,1190,2563,989,1876,4.91,19,21,3,5,1,2
2,631,1791,611,1211,4.88,19,21,3,5,1,2
0,924,2573,884,1748,3.74,19,21,3,5,1,2
4,655,1242,510,948,3.01,19,21,3,5,1,2
6,886,1482,651,1184,4.02,19,21,3,5,1,2
1,837,2587,852,1712,3.72,19,21,3,5,1,2
9,1017,1951,797,1484,5.57,19,21,3,5,1,2
3,961,2220,828,1590,5.31,19,21,3,5,1,2
8,892,1152,587,1022,5.2,20,21,3,5,1,2
5,832,1749,683,1290,5.49,20,21,3,5,1,2
7,1087,2736,982,1912,5.71,20,21,3,5,1,2
2,699,2180,716,1440,4.29,20,21,3,5,1,2
0,1149,2300,920,1724,3.16,20,21,3,5,1,2
4,693,2339,745,1516,5.31,20,21,3,5,1,2
6,1007,1744,752,1376,5.32,20,21,3,5,1,2
1,1005,1359,674,1182,5.36,20,21,3,5,1,2
9,822,1443,617,1132,3.38,20,21,3,5,1,2
3,636,1585,571,1110,5.29,20,21,3,5,1,2
8,991,1973,791,1482,3.48,20,21,3,5,1,2
5,1035,2661,946,1848,3.42,20,21,3,5,1,2
7,836,1408,616,1122,5.15,20,21,3,5,1,2
2,973,1365,662,1169,3.54,20,21,3,5,1,2
0,737,2025,700,1381,4.39,20,21,3,5,1,2
4,1196,2640,1006,1918,5.51,20,21,3,5,1,2
6,1042,2149,847,1596,5.68,20,21,3,5,1,2
1,1185,2282,930,1734,5.0,20,21,3,5,1,2
9,1001,1467,694,1234,3.95,20,21,3,5,1,2
3,944,1105,599,1024,5.7,20,21,3,5,1,2
8,1026,1456,702,1241,3.77,20,21,3,5,1,2
5,964,1792,744,1378,5.65,20,21,3,5,1,2
7,619,2212,690,1416,5.1,20,21,3,5,1,2
2,1024,2163,842,1594,5.63,20,21,3,5,1,2
0,1190,2495,975,1842,5.07,20,21,3,5,1,2
4,628,1318,515,973,4.6,20,21,3,5,1,2
6,720,1486,585,1103,3.32,20,21,3,5,1,2
1,785,2560,826,1672,5.13,20,21,3,5,1,2
9,661,1677,600,1169,5.2,20,21,3,5,1,2
3,939,1927,761,1433,3.03,20,21,3,5,1,2
8,1165,2522,970,1844,3.19,20,21,3,5,1,2
5,955,1787,739,1371,4.97,20,21,3,5,1,2
7,1103,2254,892,1678,4.82,20,21,3,5,1,2
2,969,1275,643,1122,5.29,20,21,3,5,1,2
0,678,2676,806,1677,5.52,20,21,3,5,1,2
4,618,2728,793,1673,3.9,20,21,3,5,1,2
6,851,1037,548,944,5.15,20,21,3,5,1,2
1,646,1819,622,1232,4.45,20,21,3,5,1,2
9,925,1194,609,1060,5.4,20,21,3,5,1,2
3,1047,1876,794,1462,3.2,20,21,3,5,1,2
8,462,404,266,433,1.88,21,21,3,5,1,2
5,504,431,288,468,1.46,21,21,3,5,1,2
7,533,304,274,418,0.82,21,21,3,5,1,2
2,549,316,283,432,2.46,21,21,3,5,1,2
0,247,173,133,210,2.32,21,21,3,5,1,2
4,540,476,311,508,0.5,21,21,3,5,1,0
6,330,449,222,390,2.4,21,21,3,5,1,2
1,205,166,115,186,1.45,21,21,3,5,1,2
9,485,161,226,323,2.27,21,21,3,5,1,2
3,444,418,261,431,1.23,21,21,3,5,1,2
8,188,452,166,320,2.01,21,21,3,5,1,2
5,193,433,164,313,1.3,21,21,3,5,1,2
7,339,424,220,382,1.58,21,21,3,5,1,2
2,316,351,197,334,2.12,21,21,3,5,1,2
0,473,448,279,460,0.74,21,21,3,5,1,0
4,493,239,245,366,1.16,21,21,3,5,1,2
6,234,540,202,387,1.29,21,21,3,5,1,2
1,393,260,209,326,1.74,21,21,3,5,1,2
9,548,484,316,516,1.86,21,21,3,5,1,2
3,155,438,150,296,1.77,21,21,3,5,1,2
8,283,428,199,356,1.22,21,21,3,5,1,2
5,461,361,257,411,0.96,21,21,3,5,1,2
7,426,333,237,380,0.81,21,21,3,5,1,2
2,239,305,157,272,0.71,21,21,3,5,1,0
0,152,543,169,348,0.91,21,21,3,5,1,2
4,330,478,228,404,0.96,21,21,3,5,1,2
6,258,229,149,244,1.22,21,21,3,5,1,2
1,454,339,249,396,0.93,21,21,3,5,1,2
9,330,463,225,396,0.73,21,21,3,5,1,0
3,333,188,171,260,1.88,21,21,3,5,1,2
8,271,328,174,300,0.54,21,21,3,5,1,0
5,204,399,161,302,1.38,21,21,3,5,1,2
7,455,180,218,318,1.09,21,21,3,5,1,2
2,302,337,188,320,1.03,21,21,3,5,1,2
0,470,435,275,452,0.63,21,21,3,5,1,0
4,231,190,130,210,1.66,21,21,3,5,1,2
6,318,294,186,306,1.53,21,21,3,5,1,2
1,502,163,233,332,0.59,21,21,3,5,1,0
9,500,221,244,360,2.17,21,21,3,5,1,2
3,155,512,164,334,1.85,21,21,3,5,1,2
8,204,481,178,342,1.39,22,21,3,5,1,2
5,436,230,220,333,0.81,22,21,3,5,1,2
7,462,185,222,324,1.41,22,21,3,5,1,2
2,206,521,187,364,0.61,22,21,3,5,1,0
0,206,173,117,190,2.14,22,21,3,5,1,2
4,518,493,306,506,0.71,22,21,3,5,1,0
6,393,413,240,403,0.8,22,21,3,5,1,2
1,267,463,199,365,0.53,22,21,3,5,1,0
9,197,390,157,294,1.08,22,21,3,5,1,2
3,331,503,233,417,2.15,22,21,3,5,1,2
8,259,421,188,340,1.75,22,21,3,5,1,2
5,338,211,177,274,1.08,22,21,3,5,1,2
7,318,481,223,400,2.34,22,21,3,5,1,2
2,503,482,298,492,2.49,22,21,3,5,1,2
0,341,247,186,294,2.37,22,21,3,5,1,2
4,413,219,209,316,0.66,22,21,3,5,1,0
6,252,393,179,322,0.77,22,21,3,5,1,2
1,504,325,267,414,1.09,22,21,3,5,1,2
9,176,336,138,256,1.06,22,21,3,5,1,2
3,496,518,302,507,1.29,22,21,3,5,1,2
8,453,362,254,408,0.52,22,21,3,5,1,0
5,273,188,147,230,1.5,22,21,3,5,1,2
7,254,521,206,388,1.63,22,21,3,5,1,2
2,328,375,206,352,1.6,22,21,3,5,1,2
0,256,480,198,368,0.6,22,21,3,5,1,0
4,217,318,150,268,2.17,22,21,3,5,1,2
6,378,396,230,387,1.79,22,21,3,5,1,2
1,274,291,168,282,1.17,22,21,3,5,1,2
9,428,276,226,352,1.13,22,21,3,5,1,2
3,506,463,295,484,2.27,22,21,3,5,1,2
8,171,528,174,350,1.65,22,21,3,5,1,2
5,538,236,262,387,1.73,22,21,3,5,1,2
7,492,253,247,372,1.88,22,21,3,5,1,2
2,164,458,157,311,2.14,22,21,3,5,1,2
0,399,340,228,370,1.9,22,21,3,5,1,2
4,220,499,188,360,2.14,22,21,3,5,1,2
6,169,356,139,262,2.16,22,21,3,5,1,2
1,464,544,294,504,2.38,22,21,3,5,1,2
9,365,412,228,388,0.81,22,21,3,5,1,2
3,530,275,267,402,0.82,22,21,3,5,1,2
8,290,228,162,259,2.27,23,21,3,5,1,2
5,223,341,157,282,2.29,23,21,3,5,1,2
7,528,183,248,356,1.87,23,21,3,5,1,2
2,165,529,172,347,2.34,23,21,3,5,1,2
0,376,377,226,376,1.24,23,21,3,5,1,2
4,225,372,164,298,2.43,23,21,3,5,1,2
6,180,292,130,236,1.16,23,21,3,5,1,2
1,540,475,311,508,1.66,23,21,3,5,1,2
9,179,517,175,348,1.84,23,21,3,5,1,2
3,515,535,313,525,1.42,23,21,3,5,1,2
8,357,352,213,354,1.46,23,21,3,5,1,2
5,222,279,145,250,0.89,23,21,3,5,1,2
7,297,408,200,352,1.06,23,21,3,5,1,2
2,485,514,297,500,0.59,23,21,3,5,1,0
0,272,386,186,329,1.86,23,21,3,5,1,2
4,365,515,249,440,2.07,23,21,3,5,1,2
6,372,491,247,432,1.23,23,21,3,5,1,2
1,396,163,191,280,0.76,23,21,3,5,1,2
9,486,342,263,414,1.76,23,21,3,5,1,2
3,368,483,244,426,0.86,23,21,3,5,1,2
8,499,456,291,478,0.84,23,21,3,5,1,2
5,424,237,217,330,1.81,23,21,3,5,1,2
7,516,361,279,438,1.16,23,21,3,5,1,2
2,349,465,233,407,2.01,23,21,3,5,1,2
0,239,488,193,364,2.17,23,21,3,5,1,2
4,546,488,316,517,2.34,23,21,3,5,1,2
6,299,481,216,390,1.57,23,21,3,5,1,2
1,299,351,190,325,1.42,23,21,3,5,1,2
9,187,543,183,365,2.48,23,21,3,5,1,2
3,189,179,111,184,0.55,23,21,3,5,1,0
8,390,239,204,314,2.23,23,21,3,5,1,2
5,317,238,174,278,1.08,23,21,3,5,1,2
7,244,535,205,390,1.54,23,21,3,5,1,2
2,194,239,125,216,1.29,23,21,3,5,1,2
0,317,314,190,316,1.79,23,21,3,5,1,2
4,225,407,171,316,1.7,23,21,3,5,1,2
6,539,236,263,388,1.66,23,21,3,5,1,2
1,449,203,220,326,0.79,23,21,3,5,1,2
9,210,498,184,354,1.0,23,21,3,5,1,2
3,158,421,147,290,0.6,23,21,3,5,1,0
8,0,0,0,0,0.0,0,22,3,6,1,1
5,0,0,0,0,0.0,0,22,3,6,1,1
7,0,0,0,0,0.0,0,22,3,6,1,1
2,0,0,0,0,0.0,0,22,3,6,1,1
0,0,0,0,0,0.0,0,22,3,6,1,1
4,0,0,0,0,0.0,0,22,3,6,1,1
6,0,0,0,0,0.0,0,22,3,6,1,1
1,0,0,0,0,0.0,0,22,3,6,1,1
9,0,0,0,0,0.0,0,22,3,6,1,1
3,0,0,0,0,0.0,0,22,3,6,1,1
8,0,0,0,0,0.0,0,22,3,6,1,1
5,0,0,0,0,0.0,0,22,3,6,1,1
7,0,0,0,0,0.0,0,22,3,6,1,1
2,0,0,0,0,0.0,0,22,3,6,1,1
0,0,0,0,0,0.0,0,22,3,6,1,1
4,0,0,0,0,0.0,0,22,3,6,1,1
6,0,0,0,0,0.0,0,22,3,6,1,1
1,0,0,0,0,0.0,0,22,3,6,1,1
9,0,0,0,0,0.0,0,22,3,6,1,1
3,0,0,0,0,0.0,0,22,3,6,1,1
8,0,0,0,0,0.0,0,22,3,6,1,1
5,0,0,0,0,0.0,0,22,3,6,1,1
7,0,0,0,0,0.0,0,22,3,6,1,1
2,0,0,0,0,0.0,0,22,3,6,1,1
0,0,0,0,0,0.0,0,22,3,6,1,1
4,0,0,0,0,0.0,0,22,3,6,1,1
6,0,0,0,0,0.0,0,22,3,6,1,1
1,0,0,0,0,0.0,0,22,3,6,1,1
9,0,0,0,0,0.0,0,22,3,6,1,1
3,0,0,0,0,0.0,0,22,3,6,1,1
8,0,0,0,0,0.0,0,22,3,6,1,1
5,0,0,0,0,0.0,0,22,3,6,1,1
7,0,0,0,0,0.0,0,22,3,6,1,1
2,0,0,0,0,0.0,0,22,3,6,1,1
0,0,0,0,0,0.0,0,22,3,6,1,1
4,0,0,0,0,0.0,0,22,3,6,1,1
6,0,0,0,0,0.0,0,22,3,6,1,1
1,0,0,0,0,0.0,0,22,3,6,1,1
9,0,0,0,0,0.0,0,22,3,6,1,1
3,0,0,0,0,0.0,0,22,3,6,1,1
8,0,0,0,0,0.0,1,22,3,6,1,1
5,0,0,0,0,0.0,1,22,3,6,1,1
7,0,0,0,0,0.0,1,22,3,6,1,1
2,0,0,0,0,0.0,1,22,3,6,1,1
0,0,0,0,0,0.0,1,22,3,6,1,1
4,0,0,0,0,0.0,1,22,3,6,1,1
6,0,0,0,0,0.0,1,22,3,6,1,1
1,0,0,0,0,0.0,1,22,3,6,1,1
9,0,0,0,0,0.0,1,22,3,6,1,1
3,0,0,0,0,0.0,1,22,3,6,1,1
8,0,0,0,0,0.0,1,22,3,6,1,1
5,0,0,0,0,0.0,1,22,3,6,1,1
7,0,0,0,0,0.0,1,22,3,6,1,1
2,0,0,0,0,0.0,1,22,3,6,1,1
0,0,0,0,0,0.0,1,22,3,6,1,1
4,0,0,0,0,0.0,1,22,3,6,1,1
6,0,0,0,0,0.0,1,22,3,6,1,1
1,0,0,0,0,0.0,1,22,3,6,1,1
9,0,0,0,0,0.0,1,22,3,6,1,1
3,0,0,0,0,0.0,1,22,3,6,1,1
8,0,0,0,0,0.0,1,22,3,6,1,1
5,0,0,0,0,0.0,1,22,3,6,1,1
7,0,0,0,0,0.0,1,22,3,6,1,1
2,0,0,0,0,0.0,1,22,3,6,1,1
0,0,0,0,0,0.0,1,22,3,6,1,1
4,0,0,0,0,0.0,1,22,3,6,1,1
6,0,0,0,0,0.0,1,22,3,6,1,1
1,0,0,0,0,0.0,1,22,3,6,1,1
9,0,0,0,0,0.0,1,22,3,6,1,1
3,0,0,0,0,0.0,1,22,3,6,1,1
8,0,0,0,0,0.0,1,22,3,6,1,1
5,0,0,0,0,0.0,1,22,3,6,1,1
7,0,0,0,0,0.0,1,22,3,6,1,1
2,0,0,0,0,0.0,1,22,3,6,1,1
0,0,0,0,0,0.0,1,22,3,6,1,1
4,0,0,0,0,0.0,1,22,3,6,1,1
6,0,0,0,0,0.0,1,22,3,6,1,1
1,0,0,0,0,0.0,1,22,3,6,1,1
9,0,0,0,0,0.0,1,22,3,6,1,1
3,0,0,0,0,0.0,1,22,3,6,1,1
8,0,0,0,0,0.0,2,22,3,6,1,1
5,0,0,0,0,0.0,2,22,3,6,1,1
7,0,0,0,0,0.0,2,22,3,6,1,1
2,0,0,0,0,0.0,2,22,3,6,1,1
0,0,0,0,0,0.0,2,22,3,6,1,1
4,0,0,0,0,0.0,2,22,3,6,1,1
6,0,0,0,0,0.0,2,22,3,6,1,1
1,0,0,0,0,0.0,2,22,3,6,1,1
9,0,0,0,0,0.0,2,22,3,6,1,1
3,0,0,0,0,0.0,2,22,3,6,1,1
8,0,0,0,0,0.0,2,22,3,6,1,1
5,0,0,0,0,0.0,2,22,3,6,1,1
7,0,0,0,0,0.0,2,22,3,6,1,1
2,0,0,0,0,0.0,2,22,3,6,1,1
0,0,0,0,0,0.0,2,22,3,6,1,1
4,0,0,0,0,0.0,2,22,3,6,1,1
6,0,0,0,0,0.0,2,22,3,6,1,1
1,0,0,0,0,0.0,2,22,3,6,1,1
9,0,0,0,0,0.0,2,22,3,6,1,1
3,0,0,0,0,0.0,2,22,3,6,1,1
8,0,0,0,0,0.0,2,22,3,6,1,1
5,0,0,0,0,0.0,2,22,3,6,1,1
7,0,0,0,0,0.0,2,22,3,6,1,1
2,0,0,0,0,0.0,2,22,3,6,1,1
0,0,0,0,0,0.0,2,22,3,6,1,1
4,0,0,0,0,0.0,2,22,3,6,1,1
6,0,0,0,0,0.0,2,22,3,6,1,1
1,0,0,0,0,0.0,2,22,3,6,1,1
9,0,0,0,0,0.0,2,22,3,6,1,1
3,0,0,0,0,0.0,2,22,3,6,1,1
8,0,0,0,0,0.0,2,22,3,6,1,1
5,0,0,0,0,0.0,2,22,3,6,1,1
7,0,0,0,0,0.0,2,22,3,6,1,1
2,0,0,0,0,0.0,2,22,3,6,1,1
0,0,0,0,0,0.0,2,22,3,6,1,1
4,0,0,0,0,0.0,2,22,3,6,1,1
6,0,0,0,0,0.0,2,22,3,6,1,1
1,0,0,0,0,0.0,2,22,3,6,1,1
9,0,0,0,0,0.0,2,22,3,6,1,1
3,0,0,0,0,0.0,2,22,3,6,1,1
8,0,0,0,0,0.0,3,22,3,6,1,1
5,0,0,0,0,0.0,3,22,3,6,1,1
7,0,0,0,0,0.0,3,22,3,6,1,1
2,0,0,0,0,0.0,3,22,3,6,1,1
0,0,0,0,0,0.0,3,22,3,6,1,1
4,0,0,0,0,0.0,3,22,3,6,1,1
6,0,0,0,0,0.0,3,22,3,6,1,1
1,0,0,0,0,0.0,3,22,3,6,1,1
9,0,0,0,0,0.0,3,22,3,6,1,1
3,0,0,0,0,0.0,3,22,3,6,1,1
8,0,0,0,0,0.0,3,22,3,6,1,1
5,0,0,0,0,0.0,3,22,3,6,1,1
7,0,0,0,0,0.0,3,22,3,6,1,1
2,0,0,0,0,0.0,3,22,3,6,1,1
0,0,0,0,0,0.0,3,22,3,6,1,1
4,0,0,0,0,0.0,3,22,3,6,1,1
6,0,0,0,0,0.0,3,22,3,6,1,1
1,0,0,0,0,0.0,3,22,3,6,1,1
9,0,0,0,0,0.0,3,22,3,6,1,1
3,0,0,0,0,0.0,3,22,3,6,1,1
8,0,0,0,0,0.0,3,22,3,6,1,1
5,0,0,0,0,0.0,3,22,3,6,1,1
7,0,0,0,0,0.0,3,22,3,6,1,1
2,0,0,0,0,0.0,3,22,3,6,1,1
0,0,0,0,0,0.0,3,22,3,6,1,1
4,0,0,0,0,0.0,3,22,3,6,1,1
6,0,0,0,0,0.0,3,22,3,6,1,1
1,0,0,0,0,0.0,3,22,3,6,1,1
9,0,0,0,0,0.0,3,22,3,6,1,1
3,0,0,0,0,0.0,3,22,3,6,1,1
8,0,0,0,0,0.0,3,22,3,6,1,1
5,0,0,0,0,0.0,3,22,3,6,1,1
7,0,0,0,0,0.0,3,22,3,6,1,1
2,0,0,0,0,0.0,3,22,3,6,1,1
0,0,0,0,0,0.0,3,22,3,6,1,1
4,0,0,0,0,0.0,3,22,3,6,1,1
6,0,0,0,0,0.0,3,22,3,6,1,1
1,0,0,0,0,0.0,3,22,3,6,1,1
9,0,0,0,0,0.0,3,22,3,6,1,1
3,0,0,0,0,0.0,3,22,3,6,1,1
8,0,0,0,0,0.0,4,22,3,6,1,1
5,0,0,0,0,0.0,4,22,3,6,1,1
7,0,0,0,0,0.0,4,22,3,6,1,1
2,0,0,0,0,0.0,4,22,3,6,1,1
0,0,0,0,0,0.0,4,22,3,6,1,1
4,0,0,0,0,0.0,4,22,3,6,1,1
6,0,0,0,0,0.0,4,22,3,6,1,1
1,0,0,0,0,0.0,4,22,3,6,1,1
9,0,0,0,0,0.0,4,22,3,6,1,1
3,0,0,0,0,0.0,4,22,3,6,1,1
8,0,0,0,0,0.0,4,22,3,6,1,1
5,0,0,0,0,0.0,4,22,3,6,1,1
7,0,0,0,0,0.0,4,22,3,6,1,1
2,0,0,0,0,0.0,4,22,3,6,1,1
0,0,0,0,0,0.0,4,22,3,6,1,1
4,0,0,0,0,0.0,4,22,3,6,1,1
6,0,0,0,0,0.0,4,22,3,6,1,1
1,0,0,0,0,0.0,4,22,3,6,1,1
9,0,0,0,0,0.0,4,22,3,6,1,1
3,0,0,0,0,0.0,4,22,3,6,1,1
8,0,0,0,0,0.0,4,22,3,6,1,1
5,0,0,0,0,0.0,4,22,3,6,1,1
7,0,0,0,0,0.0,4,22,3,6,1,1
2,0,0,0,0,0.0,4,22,3,6,1,1
0,0,0,0,0,0.0,4,22,3,6,1,1
4,0,0,0,0,0.0,4,22,3,6,1,1
6,0,0,0,0,0.0,4,22,3,6,1,1
1,0,0,0,0,0.0,4,22,3,6,1,1
9,0,0,0,0,0.0,4,22,3,6,1,1
3,0,0,0,0,0.0,4,22,3,6,1,1
8,0,0,0,0,0.0,4,22,3,6,1,1
5,0,0,0,0,0.0,4,22,3,6,1,1
7,0,0,0,0,0.0,4,22,3,6,1,1
2,0,0,0,0,0.0,4,22,3,6,1,1
0,0,0,0,0,0.0,4,22,3,6,1,1
4,0,0,0,0,0.0,4,22,3,6,1,1
6,0,0,0,0,0.0,4,22,3,6,1,1
1,0,0,0,0,0.0,4,22,3,6,1,1
9,0,0,0,0,0.0,4,22,3,6,1,1
3,0,0,0,0,0.0,4,22,3,6,1,1
8,0,0,0,0,0.0,5,22,3,6,1,1
5,0,0,0,0,0.0,5,22,3,6,1,1
7,0,0,0,0,0.0,5,22,3,6,1,1
2,0,0,0,0,0.0,5,22,3,6,1,1
0,0,0,0,0,0.0,5,22,3,6,1,1
4,0,0,0,0,0.0,5,22,3,6,1,1
6,0,0,0,0,0.0,5,22,3,6,1,1
1,0,0,0,0,0.0,5,22,3,6,1,1
9,0,0,0,0,0.0,5,22,3,6,1,1
3,0,0,0,0,0.0,5,22,3,6,1,1
8,0,0,0,0,0.0,5,22,3,6,1,1
5,0,0,0,0,0.0,5,22,3,6,1,1
7,0,0,0,0,0.0,5,22,3,6,1,1
2,0,0,0,0,0.0,5,22,3,6,1,1
0,0,0,0,0,0.0,5,22,3,6,1,1
4,0,0,0,0,0.0,5,22,3,6,1,1
6,0,0,0,0,0.0,5,22,3,6,1,1
1,0,0,0,0,0.0,5,22,3,6,1,1
9,0,0,0,0,0.0,5,22,3,6,1,1
3,0,0,0,0,0.0,5,22,3,6,1,1
8,0,0,0,0,0.0,5,22,3,6,1,1
5,0,0,0,0,0.0,5,22,3,6,1,1
7,0,0,0,0,0.0,5,22,3,6,1,1
2,0,0,0,0,0.0,5,22,3,6,1,1
0,0,0,0,0,0.0,5,22,3,6,1,1
4,0,0,0,0,0.0,5,22,3,6,1,1
6,0,0,0,0,0.0,5,22,3,6,1,1
1,0,0,0,0,0.0,5,22,3,6,1,1
9,0,0,0,0,0.0,5,22,3,6,1,1
3,0,0,0,0,0.0,5,22,3,6,1,1
8,0,0,0,0,0.0,5,22,3,6,1,1
5,0,0,0,0,0.0,5,22,3,6,1,1
7,0,0,0,0,0.0,5,22,3,6,1,1
2,0,0,0,0,0.0,5,22,3,6,1,1
0,0,0,0,0,0.0,5,22,3,6,1,1
4,0,0,0,0,0.0,5,22,3,6,1,1
6,0,0,0,0,0.0,5,22,3,6,1,1
1,0,0,0,0,0.0,5,22,3,6,1,1
9,0,0,0,0,0.0,5,22,3,6,1,1
3,0,0,0,0,0.0,5,22,3,6,1,1
8,344,338,205,341,1.95,6,22,3,6,1,2
5,477,314,254,396,2.5,6,22,3,6,1,2
7,521,368,282,444,0.56,6,22,3,6,1,0
2,520,370,282,445,1.88,6,22,3,6,1,2
0,389,442,244,416,1.24,6,22,3,6,1,2
4,539,444,304,492,0.68,6,22,3,6,1,0
6,438,386,252,412,1.91,6,22,3,6,1,2
1,534,298,273,416,1.17,6,22,3,6,1,2
9,198,455,170,326,1.3,6,22,3,6,1,2
3,343,543,246,443,1.03,6,22,3,6,1,2
8,279,548,221,414,0.51,6,22,3,6,1,0
5,527,422,295,474,1.95,6,22,3,6,1,2
7,409,430,250,420,2.48,6,22,3,6,1,2
2,255,509,204,382,2.11,6,22,3,6,1,2
0,452,279,237,366,0.71,6,22,3,6,1,0
4,460,356,255,408,0.63,6,22,3,6,1,0
6,217,358,158,288,2.24,6,22,3,6,1,2
1,456,262,235,359,2.3,6,22,3,6,1,2
9,375,328,216,352,2.26,6,22,3,6,1,2
3,187,463,167,325,1.06,6,22,3,6,1,2
8,211,436,172,324,2.18,6,22,3,6,1,2
5,314,239,173,276,2.15,6,22,3,6,1,2
7,412,159,197,286,1.67,6,22,3,6,1,2
2,373,427,235,400,1.26,6,22,3,6,1,2
0,396,423,243,410,1.83,6,22,3,6,1,2
4,517,327,272,422,1.61,6,22,3,6,1,2
6,505,198,242,352,0.53,6,22,3,6,1,0
1,212,331,151,272,0.78,6,22,3,6,1,2
9,511,448,294,480,2.23,6,22,3,6,1,2
3,249,229,145,239,1.13,6,22,3,6,1,2
8,213,317,149,265,1.43,6,22,3,6,1,2
5,490,525,301,508,0.76,6,22,3,6,1,2
7,473,395,268,434,2.34,6,22,3,6,1,2
2,266,158,138,212,2.4,6,22,3,6,1,2
0,211,427,170,319,1.35,6,22,3,6,1,2
4,370,154,179,262,1.99,6,22,3,6,1,2
6,225,160,122,192,1.61,6,22,3,6,1,2
1,156,160,94,158,1.32,6,22,3,6,1,2
9,274,456,201,365,0.71,6,22,3,6,1,0
3,156,481,159,318,0.5,6,22,3,6,1,0
8,549,519,323,534,0.51,7,22,3,6,1,0
5,353,229,187,291,1.6,7,22,3,6,1,2
7,403,439,249,421,1.46,7,22,3,6,1,2
2,158,467,157,312,0.51,7,22,3,6,1,0
0,544,400,298,472,1.15,7,22,3,6,1,2
4,465,264,239,364,0.88,7,22,3,6,1,2
6,515,219,250,367,0.9,7,22,3,6,1,2
1,543,170,251,356,0.6,7,22,3,6,1,0
9,227,180,127,204,1.95,7,22,3,6,1,2
3,505,541,310,523,2.01,7,22,3,6,1,2
8,540,220,260,380,1.9,7,22,3,6,1,2
5,498,262,252,380,1.72,7,22,3,6,1,2
7,536,462,307,499,1.41,7,22,3,6,1,2
2,498,312,262,405,1.82,7,22,3,6,1,2
0,324,233,176,278,1.44,7,22,3,6,1,2
4,485,486,291,486,1.75,7,22,3,6,1,2
6,378,160,183,269,1.28,7,22,3,6,1,2
1,533,330,279,432,1.53,7,22,3,6,1,2
9,272,364,182,318,2.07,7,22,3,6,1,2
3,489,438,283,464,0.5,7,22,3,6,1,0
8,221,506,190,364,1.77,7,22,3,6,1,2
5,408,216,206,312,0.76,7,22,3,6,1,2
7,540,295,275,418,2.15,7,22,3,6,1,2
2,205,306,143,256,0.88,7,22,3,6,1,2
0,318,450,217,384,2.21,7,22,3,6,1,2
4,356,412,225,384,1.63,7,22,3,6,1,2
6,365,285,203,325,1.27,7,22,3,6,1,2
1,302,166,154,234,2.39,7,22,3,6,1,2
9,460,478,280,469,1.53,7,22,3,6,1,2
3,281,517,216,399,0.84,7,22,3,6,1,2
8,308,460,215,384,0.79,7,22,3,6,1,2
5,211,358,156,284,0.63,7,22,3,6,1,0
7,485,239,242,362,0.53,7,22,3,6,1,0
2,258,213,146,236,1.44,7,22,3,6,1,2
0,205,346,151,276,1.68,7,22,3,6,1,2
4,185,340,142,262,0.77,7,22,3,6,1,2
6,359,300,204,330,1.94,7,22,3,6,1,2
1,374,222,194,298,0.98,7,22,3,6,1,2
9,181,548,182,364,1.42,7,22,3,6,1,2
3,419,360,240,390,2.27,7,22,3,6,1,2
8,2356,532,1049,1444,3.09,8,22,3,6,1,2
5,1899,816,923,1358,5.08,8,22,3,6,1,2
7,1344,849,707,1096,5.47,8,22,3,6,1,2
2,1695,463,771,1079,3.76,8,22,3,6,1,2
0,1608,570,757,1089,3.23,8,22,3,6,1,2
4,2016,519,910,1268,4.9,8,22,3,6,1,2
6,1125,718,594,922,5.73,8,22,3,6,1,2
1,2279,742,1060,1510,4.51,8,22,3,6,1,2
9,2066,667,960,1366,4.9,8,22,3,6,1,2
3,2283,938,1101,1610,3.6,8,22,3,6,1,2
8,1399,605,681,1002,4.73,8,22,3,6,1,2
5,1216,918,670,1067,3.18,8,22,3,6,1,2
7,1289,520,620,904,4.73,8,22,3,6,1,2
2,1124,773,604,948,3.33,8,22,3,6,1,2
0,2346,675,1073,1510,5.22,8,22,3,6,1,2
4,1289,736,663,1012,3.39,8,22,3,6,1,2
6,1685,605,795,1145,3.28,8,22,3,6,1,2
1,1021,454,499,738,5.73,8,22,3,6,1,2
9,1519,909,789,1214,5.28,8,22,3,6,1,2
3,1790,442,804,1116,4.22,8,22,3,6,1,2
8,2391,501,1057,1446,4.15,8,22,3,6,1,2
5,1090,800,596,945,5.54,8,22,3,6,1,2
7,2458,853,1154,1656,5.0,8,22,3,6,1,2
2,1158,836,630,997,5.29,8,22,3,6,1,2
0,1038,922,600,980,4.75,8,22,3,6,1,2
4,2183,701,1013,1442,5.11,8,22,3,6,1,2
6,1368,707,689,1038,5.04,8,22,3,6,1,2
1,1091,824,601,958,3.46,8,22,3,6,1,2
9,1519,415,691,967,4.16,8,22,3,6,1,2
3,2128,931,1037,1530,4.2,8,22,3,6,1,2
8,1080,659,564,870,5.52,8,22,3,6,1,2
5,2044,966,1011,1505,4.42,8,22,3,6,1,2
7,2082,649,963,1366,3.4,8,22,3,6,1,2
2,1892,432,843,1162,4.14,8,22,3,6,1,2
0,2235,718,1038,1476,5.49,8,22,3,6,1,2
4,1619,565,761,1092,4.32,8,22,3,6,1,2
6,1851,977,936,1414,4.26,8,22,3,6,1,2
1,962,585,502,774,3.2,8,22,3,6,1,2
9,2181,499,972,1340,3.2,8,22,3,6,1,2
3,1296,589,636,942,4.46,8,22,3,6,1,2
8,832,570,447,701,4.78,9,22,3,6,1,2
5,879,786,509,832,4.48,9,22,3,6,1,2
7,1458,856,754,1157,3.54,9,22,3,6,1,2
2,1872,608,870,1240,3.81,9,22,3,6,1,2
0,1093,702,578,898,3.08,9,22,3,6,1,2
4,1344,508,639,926,5.7,9,22,3,6,1,2
6,1897,510,861,1204,4.21,9,22,3,6,1,2
1,1061,486,522,774,4.44,9,22,3,6,1,2
9,1933,965,966,1449,5.34,9,22,3,6,1,2
3,1735,896,873,1316,5.23,9,22,3,6,1,2
8,954,630,508,792,3.62,9,22,3,6,1,2
5,892,715,500,804,5.53,9,22,3,6,1,2
7,2382,509,1055,1446,4.02,9,22,3,6,1,2
2,824,795,489,810,5.03,9,22,3,6,1,2
0,2129,687,989,1408,4.85,9,22,3,6,1,2
4,945,676,513,810,3.6,9,22,3,6,1,2
6,1152,858,632,1005,4.57,9,22,3,6,1,2
1,1723,691,827,1207,4.07,9,22,3,6,1,2
9,2006,693,941,1350,4.05,9,22,3,6,1,2
3,1065,507,527,786,4.94,9,22,3,6,1,2
8,2029,760,964,1394,5.09,9,22,3,6,1,2
5,1379,713,694,1046,5.38,9,22,3,6,1,2
7,1756,589,820,1172,5.54,9,22,3,6,1,2
2,1642,703,797,1172,4.41,9,22,3,6,1,2
0,2362,840,1113,1601,4.69,9,22,3,6,1,2
4,1177,699,611,938,5.32,9,22,3,6,1,2
6,2173,685,1006,1429,3.19,9,22,3,6,1,2
1,1905,519,866,1212,5.18,9,22,3,6,1,2
9,1733,804,854,1268,5.72,9,22,3,6,1,2
3,1849,939,927,1394,4.23,9,22,3,6,1,2
8,1558,720,767,1139,5.06,9,22,3,6,1,2
5,912,535,472,724,4.01,9,22,3,6,1,2
7,2098,761,991,1430,5.09,9,22,3,6,1,2
2,1443,968,771,1206,5.52,9,22,3,6,1,2
0,1851,819,904,1335,3.28,9,22,3,6,1,2
4,1668,517,771,1092,4.87,9,22,3,6,1,2
6,2219,536,995,1378,4.08,9,22,3,6,1,2
1,1081,508,534,794,4.26,9,22,3,6,1,2
9,2171,606,990,1388,5.32,9,22,3,6,1,2
3,1644,649,787,1146,5.72,9,22,3,6,1,2
8,2236,823,1059,1530,5.66,10,22,3,6,1,2
5,2108,835,1010,1472,4.69,10,22,3,6,1,2
7,1890,712,898,1301,5.44,10,22,3,6,1,2
2,1549,669,753,1109,4.89,10,22,3,6,1,2
0,1489,983,792,1236,4.38,10,22,3,6,1,2
4,1458,696,722,1077,3.52,10,22,3,6,1,2
6,1826,842,899,1334,3.08,10,22,3,6,1,2
1,856,636,470,746,4.06,10,22,3,6,1,2
9,2021,870,982,1446,4.6,10,22,3,6,1,2
3,1183,659,605,921,3.57,10,22,3,6,1,2
8,954,762,534,858,4.98,10,22,3,6,1,2
5,914,490,464,702,4.25,10,22,3,6,1,2
7,2201,995,1079,1598,3.21,10,22,3,6,1,2
2,2020,480,904,1250,5.31,10,22,3,6,1,2
0,893,431,443,662,5.46,10,22,3,6,1,2
4,1774,888,887,1331,4.41,10,22,3,6,1,2
6,1197,415,562,806,5.05,10,22,3,6,1,2
1,1779,905,893,1342,4.28,10,22,3,6,1,2
9,1586,609,756,1098,3.33,10,22,3,6,1,2
3,1111,632,571,872,4.9,10,22,3,6,1,2
8,1702,823,845,1262,3.7,10,22,3,6,1,2
5,1021,929,594,975,3.89,10,22,3,6,1,2
7,1021,461,501,741,5.24,10,22,3,6,1,2
2,851,504,441,678,3.35,10,22,3,6,1,2
0,2228,762,1044,1495,5.19,10,22,3,6,1,2
4,1825,763,883,1294,4.32,10,22,3,6,1,2
6,1938,869,949,1404,3.05,10,22,3,6,1,2
1,2435,408,1056,1422,5.08,10,22,3,6,1,2
9,2435,682,1110,1558,5.36,10,22,3,6,1,2
3,1614,606,767,1110,4.7,10,22,3,6,1,2
8,2123,668,983,1396,5.13,10,22,3,6,1,2
5,1261,950,694,1106,5.7,10,22,3,6,1,2
7,1840,492,834,1166,3.55,10,22,3,6,1,2
2,2364,782,1102,1573,4.3,10,22,3,6,1,2
0,1164,735,613,950,4.48,10,22,3,6,1,2
4,1680,752,822,1216,5.03,10,22,3,6,1,2
6,1425,701,710,1063,3.66,10,22,3,6,1,2
1,992,508,498,750,5.61,10,22,3,6,1,2
9,865,863,519,864,4.89,10,22,3,6,1,2
3,2263,403,986,1333,5.11,10,22,3,6,1,2
8,482,523,297,502,1.97,11,22,3,6,1,2
5,215,319,150,267,2.1,11,22,3,6,1,2
7,514,198,245,356,1.84,11,22,3,6,1,2
2,185,217,117,201,1.88,11,22,3,6,1,2
0,478,156,222,317,2.44,11,22,3,6,1,2
4,289,256,167,272,0.87,11,22,3,6,1,2
6,302,364,194,333,0.83,11,22,3,6,1,2
1,192,442,165,317,0.87,11,22,3,6,1,2
9,242,224,142,233,2.02,11,22,3,6,1,2
3,158,229,109,194,0.58,11,22,3,6,1,0
8,499,292,258,396,0.94,11,22,3,6,1,2
5,533,175,248,354,1.34,11,22,3,6,1,2
7,389,334,222,362,1.75,11,22,3,6,1,2
2,216,486,184,351,2.04,11,22,3,6,1,2
0,496,160,230,328,0.77,11,22,3,6,1,2
4,405,186,199,296,1.53,11,22,3,6,1,2
6,418,222,212,320,2.29,11,22,3,6,1,2
1,292,401,197,346,2.06,11,22,3,6,1,2
9,154,462,154,308,2.22,11,22,3,6,1,2
3,222,451,179,336,0.74,11,22,3,6,1,0
8,494,406,279,450,2.37,11,22,3,6,1,2
5,378,332,218,355,1.94,11,22,3,6,1,2
7,462,535,292,498,1.4,11,22,3,6,1,2
2,266,341,175,304,0.5,11,22,3,6,1,0
0,449,377,255,413,0.6,11,22,3,6,1,0
4,459,469,277,464,1.78,11,22,3,6,1,2
6,540,297,275,418,0.8,11,22,3,6,1,2
1,255,366,175,310,0.95,11,22,3,6,1,2
9,293,176,152,234,1.02,11,22,3,6,1,2
3,381,216,196,298,0.83,11,22,3,6,1,2
8,315,484,223,400,1.96,11,22,3,6,1,2
5,316,158,158,237,0.68,11,22,3,6,1,0
7,406,158,194,282,1.95,11,22,3,6,1,2
2,169,421,152,295,2.35,11,22,3,6,1,2
0,394,460,250,427,1.56,11,22,3,6,1,2
4,515,454,297,484,1.24,11,22,3,6,1,2
6,223,308,151,266,0.71,11,22,3,6,1,0
1,168,334,134,251,1.46,11,22,3,6,1,2
9,358,332,210,345,0.83,11,22,3,6,1,2
3,260,158,136,209,0.88,11,22,3,6,1,2
8,481,206,234,344,2.02,12,22,3,6,1,2
5,233,265,146,249,0.5,12,22,3,6,1,0
7,389,450,246,420,1.96,12,22,3,6,1,2
2,314,425,211,370,2.3,12,22,3,6,1,2
0,533,445,302,489,1.37,12,22,3,6,1,2
4,374,507,251,440,1.44,12,22,3,6,1,2
6,440,366,249,403,1.42,12,22,3,6,1,2
1,345,408,220,376,2.46,12,22,3,6,1,2
9,429,334,238,382,1.86,12,22,3,6,1,2
3,203,538,189,370,2.35,12,22,3,6,1,2
8,171,314,131,242,1.67,12,22,3,6,1,2
5,460,260,236,360,1.16,12,22,3,6,1,2
7,220,431,174,326,0.6,12,22,3,6,1,0
2,493,164,230,328,1.79,12,22,3,6,1,2
0,314,469,219,392,0.63,12,22,3,6,1,0
4,245,547,207,396,0.74,12,22,3,6,1,0
6,485,392,272,438,1.03,12,22,3,6,1,2
1,534,502,314,518,2.48,12,22,3,6,1,2
9,519,324,272,422,2.46,12,22,3,6,1,2
3,298,511,221,404,1.66,12,22,3,6,1,2
8,473,317,253,395,2.15,12,22,3,6,1,2
5,349,501,240,425,1.3,12,22,3,6,1,2
7,284,276,169,280,2.31,12,22,3,6,1,2
2,498,507,301,502,0.98,12,22,3,6,1,2
0,203,434,168,318,1.44,12,22,3,6,1,2
4,364,214,188,289,1.33,12,22,3,6,1,2
6,458,298,243,378,1.08,12,22,3,6,1,2
1,442,461,269,452,0.9,12,22,3,6,1,2
9,248,396,178,322,1.06,12,22,3,6,1,2
3,527,213,253,370,1.59,12,22,3,6,1,2
8,151,531,167,341,2.37,12,22,3,6,1,2
5,384,372,228,378,0.6,12,22,3,6,1,0
7,225,164,123,194,0.89,12,22,3,6,1,2
2,173,155,100,164,1.15,12,22,3,6,1,2
0,358,517,247,438,1.44,12,22,3,6,1,2
4,436,290,232,363,1.69,12,22,3,6,1,2
6,173,394,148,284,0.59,12,22,3,6,1,0
1,371,205,189,288,1.54,12,22,3,6,1,2
9,152,257,112,204,1.87,12,22,3,6,1,2
3,172,382,145,277,2.5,12,22,3,6,1,2
8,536,226,260,381,1.0,13,22,3,6,1,2
5,267,451,197,359,2.11,13,22,3,6,1,2
7,219,533,194,376,0.81,13,22,3,6,1,2
2,375,401,230,388,2.21,13,22,3,6,1,2
0,377,548,260,462,0.55,13,22,3,6,1,0
4,432,423,257,428,0.5,13,22,3,6,1,0
6,241,323,161,282,0.8,13,22,3,6,1,2
1,187,166,108,176,2.5,13,22,3,6,1,2
9,416,518,270,467,1.56,13,22,3,6,1,2
3,347,252,189,300,0.95,13,22,3,6,1,2
8,225,528,196,376,2.25,13,22,3,6,1,2
5,295,483,215,389,1.06,13,22,3,6,1,2
7,482,495,292,488,1.01,13,22,3,6,1,2
2,522,518,312,520,1.19,13,22,3,6,1,2
0,464,286,243,375,1.93,13,22,3,6,1,2
4,488,453,286,470,2.37,13,22,3,6,1,2
6,490,182,232,336,1.9,13,22,3,6,1,2
1,496,343,267,420,1.24,13,22,3,6,1,2
9,170,485,165,328,2.15,13,22,3,6,1,2
3,158,271,117,214,2.45,13,22,3,6,1,2
8,204,295,141,250,1.02,13,22,3,6,1,2
5,288,186,152,237,2.29,13,22,3,6,1,2
7,307,248,172,278,0.64,13,22,3,6,1,0
2,350,469,234,410,1.59,13,22,3,6,1,2
0,454,446,271,450,0.83,13,22,3,6,1,2
4,218,299,147,258,0.83,13,22,3,6,1,2
6,466,331,253,398,0.75,13,22,3,6,1,2
1,541,313,279,427,0.98,13,22,3,6,1,2
9,368,374,222,371,1.7,13,22,3,6,1,2
3,373,492,248,432,1.46,13,22,3,6,1,2
8,541,442,305,492,1.1,13,22,3,6,1,2
5,534,355,285,444,1.88,13,22,3,6,1,2
7,183,345,142,264,1.64,13,22,3,6,1,2
2,368,169,181,268,1.9,13,22,3,6,1,2
0,524,193,248,358,1.88,13,22,3,6,1,2
4,315,193,165,254,1.1,13,22,3,6,1,2
6,317,450,217,384,1.08,13,22,3,6,1,2
1,152,196,100,174,1.89,13,22,3,6,1,2
9,175,388,148,282,1.68,13,22,3,6,1,2
3,215,336,153,276,0.55,13,22,3,6,1,0
8,417,411,249,414,1.0,14,22,3,6,1,2
5,389,172,190,280,1.47,14,22,3,6,1,2
7,156,287,120,222,1.85,14,22,3,6,1,2
2,475,297,249,386,1.86,14,22,3,6,1,2
0,511,286,262,398,2.22,14,22,3,6,1,2
4,294,543,226,418,0.85,14,22,3,6,1,2
6,266,416,190,341,2.06,14,22,3,6,1,2
1,168,408,149,288,2.15,14,22,3,6,1,2
9,281,375,187,328,1.87,14,22,3,6,1,2
3,444,531,284,488,0.79,14,22,3,6,1,2
8,530,175,247,352,2.31,14,22,3,6,1,2
5,420,233,215,326,2.12,14,22,3,6,1,2
7,348,494,238,421,0.56,14,22,3,6,1,0
2,529,330,278,430,1.97,14,22,3,6,1,2
0,237,365,168,301,0.63,14,22,3,6,1,0
4,348,226,184,287,0.67,14,22,3,6,1,0
6,335,310,196,322,2.03,14,22,3,6,1,2
1,518,543,316,530,2.21,14,22,3,6,1,2
9,208,281,139,244,0.7,14,22,3,6,1,0
3,256,489,200,372,1.71,14,22,3,6,1,2
8,435,235,221,335,0.88,14,22,3,6,1,2
5,272,295,168,284,1.22,14,22,3,6,1,2
7,422,497,268,460,1.92,14,22,3,6,1,2
2,493,510,299,502,1.6,14,22,3,6,1,2
0,508,524,308,516,2.46,14,22,3,6,1,2
4,274,546,219,410,1.34,14,22,3,6,1,2
6,183,199,113,191,2.12,14,22,3,6,1,2
1,512,400,285,456,0.76,14,22,3,6,1,2
9,495,219,242,357,0.52,14,22,3,6,1,0
3,427,450,261,438,1.91,14,22,3,6,1,2
8,478,432,278,455,2.15,14,22,3,6,1,2
5,173,308,131,240,1.11,14,22,3,6,1,2
7,261,513,207,387,0.56,14,22,3,6,1,0
2,491,503,297,497,0.74,14,22,3,6,1,0
0,272,373,183,322,1.41,14,22,3,6,1,2
4,306,312,185,309,1.68,14,22,3,6,1,2
6,162,229,111,196,0.89,14,22,3,6,1,2
1,514,530,312,522,2.28,14,22,3,6,1,2
9,530,548,322,539,1.04,14,22,3,6,1,2
3,529,483,308,506,1.46,14,22,3,6,1,2
8,177,544,180,360,1.72,15,22,3,6,1,2
5,263,505,206,384,2.05,15,22,3,6,1,2
7,296,405,199,350,1.98,15,22,3,6,1,2
2,406,223,207,314,1.68,15,22,3,6,1,2
0,346,481,235,414,2.11,15,22,3,6,1,2
4,231,451,183,341,1.4,15,22,3,6,1,2
6,312,536,232,424,1.28,15,22,3,6,1,2
1,310,479,220,394,0.77,15,22,3,6,1,2
9,340,530,242,435,2.34,15,22,3,6,1,2
3,210,184,121,197,1.46,15,22,3,6,1,2
8,343,248,187,296,1.7,15,22,3,6,1,2
5,162,246,114,204,0.72,15,22,3,6,1,0
7,441,390,254,416,1.66,15,22,3,6,1,2
2,343,216,180,280,0.59,15,22,3,6,1,0
0,328,492,230,410,1.13,15,22,3,6,1,2
4,276,463,203,370,2.37,15,22,3,6,1,2
6,395,496,257,446,2.32,15,22,3,6,1,2
1,531,320,276,426,0.74,15,22,3,6,1,0
9,270,265,161,268,0.55,15,22,3,6,1,0
3,444,219,221,332,2.37,15,22,3,6,1,2
8,330,362,204,346,1.37,15,22,3,6,1,2
5,180,457,163,318,1.25,15,22,3,6,1,2
7,532,361,285,446,2.22,15,22,3,6,1,2
2,511,329,270,420,0.78,15,22,3,6,1,2
0,401,314,223,358,0.56,15,22,3,6,1,0
4,241,292,155,266,1.19,15,22,3,6,1,2
6,509,406,285,458,0.68,15,22,3,6,1,0
1,404,443,250,424,1.98,15,22,3,6,1,2
9,358,468,237,413,0.69,15,22,3,6,1,0
3,341,322,201,332,2.45,15,22,3,6,1,2
8,216,246,136,231,1.53,15,22,3,6,1,2
5,294,279,173,286,2.32,15,22,3,6,1,2
7,258,307,165,282,1.46,15,22,3,6,1,2
2,489,238,243,364,1.47,15,22,3,6,1,2
0,434,223,218,328,2.01,15,22,3,6,1,2
4,381,189,190,285,2.0,15,22,3,6,1,2
6,230,171,126,200,0.72,15,22,3,6,1,0
1,421,215,211,318,1.27,15,22,3,6,1,2
9,469,387,265,428,1.52,15,22,3,6,1,2
3,243,360,169,302,1.74,15,22,3,6,1,2
8,426,483,267,454,0.96,16,22,3,6,1,2
5,213,506,186,360,2.49,16,22,3,6,1,2
7,263,235,152,249,1.97,16,22,3,6,1,2
2,172,194,108,183,1.59,16,22,3,6,1,2
0,409,152,194,280,1.27,16,22,3,6,1,2
4,485,405,275,445,2.4,16,22,3,6,1,2
6,455,360,254,408,2.25,16,22,3,6,1,2
1,152,336,128,244,2.34,16,22,3,6,1,2
9,195,535,185,365,1.28,16,22,3,6,1,2
3,274,434,196,354,2.3,16,22,3,6,1,2
8,350,429,226,390,1.36,16,22,3,6,1,2
5,386,188,192,287,1.53,16,22,3,6,1,2
7,332,447,222,390,1.85,16,22,3,6,1,2
2,417,284,224,350,2.08,16,22,3,6,1,2
0,544,463,310,504,1.52,16,22,3,6,1,2
4,273,332,176,302,2.35,16,22,3,6,1,2
6,225,290,148,258,2.22,16,22,3,6,1,2
1,472,497,288,484,1.5,16,22,3,6,1,2
9,177,280,127,228,2.47,16,22,3,6,1,2
3,239,297,155,268,1.33,16,22,3,6,1,2
8,425,240,218,332,1.16,16,22,3,6,1,2
5,331,464,225,398,0.93,16,22,3,6,1,2
7,153,517,165,335,1.77,16,22,3,6,1,2
2,535,244,263,390,2.06,16,22,3,6,1,2
0,480,420,276,450,2.4,16,22,3,6,1,2
4,187,395,154,291,1.14,16,22,3,6,1,2
6,335,311,196,323,1.57,16,22,3,6,1,2
1,382,463,245,422,1.69,16,22,3,6,1,2
9,527,550,321,538,1.22,16,22,3,6,1,2
3,237,409,177,323,1.71,16,22,3,6,1,2
8,438,505,276,472,1.63,16,22,3,6,1,2
5,340,424,221,382,1.65,16,22,3,6,1,2
7,539,314,278,426,1.09,16,22,3,6,1,2
2,180,454,163,317,1.91,16,22,3,6,1,2
0,250,530,206,390,2.16,16,22,3,6,1,2
4,395,239,206,317,1.98,16,22,3,6,1,2
6,257,287,160,272,1.96,16,22,3,6,1,2
1,394,510,260,452,0.64,16,22,3,6,1,0
9,345,297,197,321,1.37,16,22,3,6,1,2
3,223,406,170,314,0.99,16,22,3,6,1,2
8,676,2459,762,1568,5.03,17,22,3,6,1,2
5,650,2156,691,1403,5.37,17,22,3,6,1,2
7,802,2316,784,1559,3.32,17,22,3,6,1,2
2,892,1918,740,1405,5.06,17,22,3,6,1,2
0,668,2462,760,1565,3.55,17,22,3,6,1,2
4,921,1666,702,1294,3.59,17,22,3,6,1,2
6,1140,2723,1001,1932,3.58,17,22,3,6,1,2
1,880,1478,648,1179,3.96,17,22,3,6,1,2
9,1052,2640,949,1846,3.66,17,22,3,6,1,2
3,818,2586,844,1702,5.64,17,22,3,6,1,2
8,1014,2704,946,1859,4.3,17,22,3,6,1,2
5,896,2731,905,1814,4.33,17,22,3,6,1,2
7,844,1395,617,1120,3.76,17,22,3,6,1,2
2,1070,2239,876,1654,3.37,17,22,3,6,1,2
0,1199,1316,743,1258,3.37,17,22,3,6,1,2
4,659,1454,554,1056,4.79,17,22,3,6,1,2
6,1149,2682,996,1916,5.36,17,22,3,6,1,2
1,821,1095,547,958,4.94,17,22,3,6,1,2
9,699,2097,699,1398,3.67,17,22,3,6,1,2
3,1065,2515,929,1790,5.73,17,22,3,6,1,2
8,618,2365,720,1492,3.42,17,22,3,6,1,2
5,988,1713,738,1350,4.59,17,22,3,6,1,2
7,939,2734,922,1836,3.17,17,22,3,6,1,2
2,670,2158,700,1414,5.17,17,22,3,6,1,2
0,877,2412,833,1644,3.03,17,22,3,6,1,2
4,1094,2682,974,1888,5.21,17,22,3,6,1,2
6,1095,1118,662,1106,3.39,17,22,3,6,1,2
1,1032,1616,736,1324,5.36,17,22,3,6,1,2
9,1064,2257,877,1660,3.65,17,22,3,6,1,2
3,736,1709,636,1222,3.85,17,22,3,6,1,2
8,1040,1761,768,1400,3.42,17,22,3,6,1,2
5,662,2604,786,1633,3.82,17,22,3,6,1,2
7,773,1548,619,1160,4.22,17,22,3,6,1,2
2,936,1253,625,1094,5.75,17,22,3,6,1,2
0,823,2028,735,1426,3.4,17,22,3,6,1,2
4,801,1078,536,940,3.29,17,22,3,6,1,2
6,809,2597,843,1703,3.98,17,22,3,6,1,2
1,909,2602,884,1756,3.98,17,22,3,6,1,2
9,1041,1829,782,1435,3.03,17,22,3,6,1,2
3,620,1985,645,1302,4.3,17,22,3,6,1,2
8,1171,1270,722,1220,5.19,18,22,3,6,1,2
5,623,1098,469,860,4.35,18,22,3,6,1,2
7,658,1581,579,1120,3.94,18,22,3,6,1,2
2,833,1563,646,1198,4.93,18,22,3,6,1,2
0,903,1237,609,1070,4.45,18,22,3,6,1,2
4,770,1461,600,1116,4.19,18,22,3,6,1,2
6,670,1789,626,1230,5.18,18,22,3,6,1,2
1,1186,2120,898,1653,3.76,18,22,3,6,1,2
9,1005,1841,770,1423,4.17,18,22,3,6,1,2
3,897,1514,662,1206,4.72,18,22,3,6,1,2
8,664,2657,797,1660,4.4,18,22,3,6,1,2
5,712,2354,756,1533,4.04,18,22,3,6,1,2
7,921,2300,828,1610,4.11,18,22,3,6,1,2
2,1031,2519,916,1775,4.21,18,22,3,6,1,2
0,1079,2787,989,1933,5.6,18,22,3,6,1,2
4,1044,1788,775,1416,3.89,18,22,3,6,1,2
6,1033,1688,751,1360,3.65,18,22,3,6,1,2
1,883,2800,913,1842,4.42,18,22,3,6,1,2
9,1111,2476,940,1794,3.87,18,22,3,6,1,2
3,760,1731,650,1246,3.82,18,22,3,6,1,2
8,682,2662,805,1672,5.63,18,22,3,6,1,2
5,685,2087,691,1386,3.15,18,22,3,6,1,2
7,1138,1069,669,1104,5.44,18,22,3,6,1,2
2,1163,2330,931,1746,3.18,18,22,3,6,1,2
0,784,2584,830,1684,4.36,18,22,3,6,1,2
4,863,2576,860,1720,4.35,18,22,3,6,1,2
6,1095,1844,807,1470,5.65,18,22,3,6,1,2
1,971,1246,638,1108,3.72,18,22,3,6,1,2
9,680,2365,745,1522,3.1,18,22,3,6,1,2
3,825,2501,830,1663,3.45,18,22,3,6,1,2
8,1066,2043,835,1554,4.39,18,22,3,6,1,2
5,771,2450,798,1610,4.94,18,22,3,6,1,2
7,610,1531,550,1070,4.21,18,22,3,6,1,2
2,613,2326,710,1470,4.91,18,22,3,6,1,2
0,867,2339,815,1603,4.68,18,22,3,6,1,2
4,1164,2720,1010,1942,3.56,18,22,3,6,1,2
6,1173,1708,811,1440,4.32,18,22,3,6,1,2
1,848,2188,777,1518,4.74,18,22,3,6,1,2
9,686,1966,668,1326,3.89,18,22,3,6,1,2
3,722,2373,763,1548,3.66,18,22,3,6,1,2
8,619,2548,757,1584,3.03,19,22,3,6,1,2
5,754,1485,599,1120,4.32,19,22,3,6,1,2
7,1165,1450,756,1308,5.56,19,22,3,6,1,2
2,1122,1020,653,1071,4.15,19,22,3,6,1,2
0,844,1410,620,1127,5.07,19,22,3,6,1,2
4,815,2799,886,1807,4.49,19,22,3,6,1,2
6,947,2353,849,1650,4.85,19,22,3,6,1,2
1,1093,1256,688,1174,3.39,19,22,3,6,1,2
9,862,1897,724,1380,4.2,19,22,3,6,1,2
3,881,2678,888,1780,3.26,19,22,3,6,1,2
8,682,1411,555,1046,3.44,19,22,3,6,1,2
5,1000,2665,933,1832,5.52,19,22,3,6,1,2
7,1004,2176,837,1590,4.84,19,22,3,6,1,2
2,715,2701,826,1708,3.35,19,22,3,6,1,2
0,947,1278,634,1112,4.75,19,22,3,6,1,2
4,849,1999,739,1424,5.69,19,22,3,6,1,2
6,606,1298,502,952,5.67,19,22,3,6,1,2
1,1141,2614,979,1878,4.67,19,22,3,6,1,2
9,1018,2270,861,1644,4.26,19,22,3,6,1,2
3,600,1257,491,928,5.5,19,22,3,6,1,2
8,1113,1919,829,1516,5.78,19,22,3,6,1,2
5,957,2349,853,1653,3.67,19,22,3,6,1,2
7,627,2626,776,1626,5.26,19,22,3,6,1,2
2,1037,2020,819,1528,3.54,19,22,3,6,1,2
0,902,1741,709,1322,3.47,19,22,3,6,1,2
4,1072,2341,897,1706,4.29,19,22,3,6,1,2
6,1136,2629,980,1882,4.73,19,22,3,6,1,2
1,632,1761,605,1196,4.78,19,22,3,6,1,2
9,1061,1958,816,1510,4.83,19,22,3,6,1,2
3,1178,2031,877,1604,3.3,19,22,3,6,1,2
8,844,1625,663,1234,3.93,19,22,3,6,1,2
5,1188,1898,855,1543,4.15,19,22,3,6,1,2
7,602,2775,796,1688,4.77,19,22,3,6,1,2
2,933,1814,736,1374,5.56,19,22,3,6,1,2
0,1173,1189,707,1181,3.99,19,22,3,6,1,2
4,863,2322,810,1592,4.3,19,22,3,6,1,2
6,806,1670,656,1238,3.69,19,22,3,6,1,2
1,624,2576,765,1600,5.78,19,22,3,6,1,2
9,868,1798,707,1333,3.25,19,22,3,6,1,2
3,1125,1447,739,1286,5.57,19,22,3,6,1,2
8,824,1541,638,1182,3.18,20,22,3,6,1,2
5,895,2645,887,1770,5.55,20,22,3,6,1,2
7,738,2568,809,1653,4.05,20,22,3,6,1,2
2,1194,1960,870,1577,5.15,20,22,3,6,1,2
0,902,1254,612,1078,5.27,20,22,3,6,1,2
4,647,1421,543,1034,3.93,20,22,3,6,1,2
6,792,1425,602,1108,3.69,20,22,3,6,1,2
1,1012,2363,877,1688,3.92,20,22,3,6,1,2
9,1034,2284,870,1659,3.94,20,22,3,6,1,2
3,1168,2277,923,1722,3.23,20,22,3,6,1,2
8,663,1693,604,1178,4.63,20,22,3,6,1,2
5,701,2641,809,1671,4.98,20,22,3,6,1,2
7,1034,2629,939,1832,3.88,20,22,3,6,1,2
2,747,1261,551,1004,4.91,20,22,3,6,1,2
0,1199,1340,748,1270,4.8,20,22,3,6,1,2
4,826,2251,781,1538,4.92,20,22,3,6,1,2
6,607,2404,724,1506,5.78,20,22,3,6,1,2
1,929,1890,750,1410,3.98,20,22,3,6,1,2
9,1144,1121,682,1132,5.37,20,22,3,6,1,2
3,875,2523,855,1699,5.66,20,22,3,6,1,2
8,773,2000,709,1386,3.11,20,22,3,6,1,2
5,1175,1689,808,1432,3.59,20,22,3,6,1,2
7,1048,1742,768,1395,3.26,20,22,3,6,1,2
2,1155,2107,883,1631,3.55,20,22,3,6,1,2
0,951,1550,690,1250,5.25,20,22,3,6,1,2
4,605,2183,679,1394,4.27,20,22,3,6,1,2
6,941,2136,804,1538,3.34,20,22,3,6,1,2
1,1160,1969,858,1564,5.32,20,22,3,6,1,2
9,999,1570,714,1284,5.0,20,22,3,6,1,2
3,688,1270,529,979,4.33,20,22,3,6,1,2
8,1062,2618,948,1840,3.26,20,22,3,6,1,2
5,992,1287,654,1140,4.13,20,22,3,6,1,2
7,724,2349,759,1536,3.96,20,22,3,6,1,2
2,1022,2617,932,1820,5.47,20,22,3,6,1,2
0,905,1457,653,1181,3.82,20,22,3,6,1,2
4,803,2656,852,1730,4.67,20,22,3,6,1,2
6,861,2294,803,1578,3.1,20,22,3,6,1,2
1,1131,1707,794,1419,3.14,20,22,3,6,1,2
9,811,1181,561,996,5.48,20,22,3,6,1,2
3,957,2521,887,1739,3.4,20,22,3,6,1,2
8,256,163,135,210,0.76,21,22,3,6,1,2
5,490,297,255,394,0.88,21,22,3,6,1,2
7,416,504,267,460,1.73,21,22,3,6,1,2
2,226,507,192,366,1.97,21,22,3,6,1,2
0,204,336,149,270,1.24,21,22,3,6,1,2
4,240,476,191,358,2.29,21,22,3,6,1,2
6,433,440,261,436,1.91,21,22,3,6,1,2
1,234,192,132,213,1.83,21,22,3,6,1,2
9,333,374,208,354,0.76,21,22,3,6,1,2
3,180,361,144,270,2.35,21,22,3,6,1,2
8,535,267,267,401,0.8,21,22,3,6,1,2
5,514,269,259,392,1.29,21,22,3,6,1,2
7,156,533,169,344,2.31,21,22,3,6,1,2
2,259,252,154,256,1.6,21,22,3,6,1,2
0,447,358,250,402,0.76,21,22,3,6,1,2
4,441,173,211,307,2.25,21,22,3,6,1,2
6,241,163,129,202,1.78,21,22,3,6,1,2
1,219,469,181,344,2.14,21,22,3,6,1,2
9,180,530,178,355,1.64,21,22,3,6,1,2
3,542,334,284,438,0.83,21,22,3,6,1,2
8,453,492,280,472,1.73,21,22,3,6,1,2
5,155,223,107,189,1.36,21,22,3,6,1,2
7,150,158,92,154,1.88,21,22,3,6,1,2
2,262,353,175,308,1.76,21,22,3,6,1,2
0,306,249,172,278,2.18,21,22,3,6,1,2
4,402,419,245,410,1.51,21,22,3,6,1,2
6,296,351,189,324,2.48,21,22,3,6,1,2
1,357,539,251,448,1.54,21,22,3,6,1,2
9,512,408,286,460,0.96,21,22,3,6,1,2
3,381,462,245,422,0.6,21,22,3,6,1,0
8,454,502,282,478,1.3,21,22,3,6,1,2
5,339,283,192,311,1.06,21,22,3,6,1,2
7,392,231,203,312,1.11,21,22,3,6,1,2
2,332,501,233,416,1.2,21,22,3,6,1,2
0,463,469,279,466,1.21,21,22,3,6,1,2
4,437,176,210,306,2.0,21,22,3,6,1,2
6,163,529,171,346,1.56,21,22,3,6,1,2
1,169,165,101,167,2.16,21,22,3,6,1,2
9,454,241,230,348,0.91,21,22,3,6,1,2
3,217,285,144,251,1.43,21,22,3,6,1,2
8,248,310,161,279,1.07,22,22,3,6,1,2
5,548,460,311,504,1.11,22,22,3,6,1,2
7,386,439,242,412,0.88,22,22,3,6,1,2
2,211,450,174,330,0.77,22,22,3,6,1,2
0,167,336,134,252,1.85,22,22,3,6,1,2
4,503,365,274,434,2.35,22,22,3,6,1,2
6,503,270,255,386,0.94,22,22,3,6,1,2
1,245,327,163,286,1.43,22,22,3,6,1,2
9,488,417,279,452,1.42,22,22,3,6,1,2
3,289,235,163,262,0.88,22,22,3,6,1,2
8,440,368,250,404,2.24,22,22,3,6,1,2
5,154,410,144,282,1.21,22,22,3,6,1,2
7,508,405,284,456,1.71,22,22,3,6,1,2
2,179,502,172,340,1.3,22,22,3,6,1,2
0,248,330,165,289,2.31,22,22,3,6,1,2
4,490,295,255,392,1.37,22,22,3,6,1,2
6,359,216,187,288,1.26,22,22,3,6,1,2
1,537,181,251,359,1.03,22,22,3,6,1,2
9,452,232,227,342,0.79,22,22,3,6,1,2
3,215,493,185,354,2.08,22,22,3,6,1,2
8,475,355,261,415,0.96,22,22,3,6,1,2
5,429,210,214,320,2.45,22,22,3,6,1,2
7,161,201,105,181,0.78,22,22,3,6,1,2
2,313,269,179,291,2.05,22,22,3,6,1,2
0,226,461,183,344,1.66,22,22,3,6,1,2
4,259,397,183,328,0.66,22,22,3,6,1,0
6,170,413,151,292,2.47,22,22,3,6,1,2
1,286,461,207,374,2.36,22,22,3,6,1,2
9,465,306,247,386,1.37,22,22,3,6,1,2
3,299,233,166,266,2.25,22,22,3,6,1,2
8,456,526,288,491,1.81,22,22,3,6,1,2
5,503,179,237,341,1.1,22,22,3,6,1,2
7,347,492,237,420,2.18,22,22,3,6,1,2
2,348,341,207,344,2.23,22,22,3,6,1,2
0,427,238,218,332,1.63,22,22,3,6,1,2
4,375,247,199,311,1.53,22,22,3,6,1,2
6,390,217,199,304,0.77,22,22,3,6,1,2
1,473,179,225,326,1.41,22,22,3,6,1,2
9,334,489,231,412,1.98,22,22,3,6,1,2
3,222,209,131,216,1.27,22,22,3,6,1,2
8,488,212,238,350,0.76,23,22,3,6,1,2
5,257,522,207,390,1.42,23,22,3,6,1,2
7,324,471,224,398,0.83,23,22,3,6,1,2
2,221,248,138,234,1.68,23,22,3,6,1,2
0,182,429,159,306,1.65,23,22,3,6,1,2
4,493,295,256,394,1.16,23,22,3,6,1,2
6,403,411,243,407,1.84,23,22,3,6,1,2
1,224,539,197,382,2.17,23,22,3,6,1,2
9,354,502,242,428,2.14,23,22,3,6,1,2
3,176,371,145,274,1.23,23,22,3,6,1,2
8,220,242,136,231,2.28,23,22,3,6,1,2
5,271,431,195,351,1.93,23,22,3,6,1,2
7,486,375,269,430,2.09,23,22,3,6,1,2
2,290,438,204,364,2.18,23,22,3,6,1,2
0,162,173,99,168,1.68,23,22,3,6,1,2
4,524,483,306,504,1.94,23,22,3,6,1,2
6,158,200,103,179,0.8,23,22,3,6,1,2
1,337,403,215,370,2.03,23,22,3,6,1,2
9,238,540,203,389,1.84,23,22,3,6,1,2
3,276,531,217,404,1.52,23,22,3,6,1,2
8,522,485,306,504,1.78,23,22,3,6,1,2
5,341,398,216,370,2.5,23,22,3,6,1,2
7,216,150,116,183,0.71,23,22,3,6,1,0
2,268,524,212,396,1.96,23,22,3,6,1,2
0,250,286,157,268,2.03,23,22,3,6,1,2
4,398,239,207,318,0.61,23,22,3,6,1,0
6,270,414,191,342,1.24,23,22,3,6,1,2
1,305,411,204,358,1.93,23,22,3,6,1,2
9,419,482,264,450,0.95,23,22,3,6,1,2
3,274,247,159,260,1.32,23,22,3,6,1,2
8,546,162,251,354,0.82,23,22,3,6,1,2
5,419,425,253,422,1.02,23,22,3,6,1,2
7,333,550,243,442,2.45,23,22,3,6,1,2
2,472,363,261,418,0.91,23,22,3,6,1,2
0,193,335,144,264,1.42,23,22,3,6,1,2
4,475,180,226,328,0.75,23,22,3,6,1,2
6,526,465,303,496,0.56,23,22,3,6,1,0
1,235,252,144,244,2.31,23,22,3,6,1,2
9,423,394,248,408,2.31,23,22,3,6,1,2
3,457,284,240,370,1.76,23,22,3,6,1,2
8,0,0,0,0,0.0,0,23,3,0,0,1
5,0,0,0,0,0.0,0,23,3,0,0,1
7,0,0,0,0,0.0,0,23,3,0,0,1
2,0,0,0,0,0.0,0,23,3,0,0,1
0,0,0,0,0,0.0,0,23,3,0,0,1
4,0,0,0,0,0.0,0,23,3,0,0,1
6,0,0,0,0,0.0,0,23,3,0,0,1
1,0,0,0,0,0.0,0,23,3,0,0,1
9,0,0,0,0,0.0,0,23,3,0,0,1
3,0,0,0,0,0.0,0,23,3,0,0,1
8,0,0,0,0,0.0,0,23,3,0,0,1
5,0,0,0,0,0.0,0,23,3,0,0,1
7,0,0,0,0,0.0,0,23,3,0,0,1
2,0,0,0,0,0.0,0,23,3,0,0,1
0,0,0,0,0,0.0,0,23,3,0,0,1
4,0,0,0,0,0.0,0,23,3,0,0,1
6,0,0,0,0,0.0,0,23,3,0,0,1
1,0,0,0,0,0.0,0,23,3,0,0,1
9,0,0,0,0,0.0,0,23,3,0,0,1
3,0,0,0,0,0.0,0,23,3,0,0,1
8,0,0,0,0,0.0,0,23,3,0,0,1
5,0,0,0,0,0.0,0,23,3,0,0,1
7,0,0,0,0,0.0,0,23,3,0,0,1
2,0,0,0,0,0.0,0,23,3,0,0,1
0,0,0,0,0,0.0,0,23,3,0,0,1
4,0,0,0,0,0.0,0,23,3,0,0,1
6,0,0,0,0,0.0,0,23,3,0,0,1
1,0,0,0,0,0.0,0,23,3,0,0,1
9,0,0,0,0,0.0,0,23,3,0,0,1
3,0,0,0,0,0.0,0,23,3,0,0,1
8,0,0,0,0,0.0,0,23,3,0,0,1
5,0,0,0,0,0.0,0,23,3,0,0,1
7,0,0,0,0,0.0,0,23,3,0,0,1
2,0,0,0,0,0.0,0,23,3,0,0,1
0,0,0,0,0,0.0,0,23,3,0,0,1
4,0,0,0,0,0.0,0,23,3,0,0,1
6,0,0,0,0,0.0,0,23,3,0,0,1
1,0,0,0,0,0.0,0,23,3,0,0,1
9,0,0,0,0,0.0,0,23,3,0,0,1
3,0,0,0,0,0.0,0,23,3,0,0,1
8,0,0,0,0,0.0,1,23,3,0,0,1
5,0,0,0,0,0.0,1,23,3,0,0,1
7,0,0,0,0,0.0,1,23,3,0,0,1
2,0,0,0,0,0.0,1,23,3,0,0,1
0,0,0,0,0,0.0,1,23,3,0,0,1
4,0,0,0,0,0.0,1,23,3,0,0,1
6,0,0,0,0,0.0,1,23,3,0,0,1
1,0,0,0,0,0.0,1,23,3,0,0,1
9,0,0,0,0,0.0,1,23,3,0,0,1
3,0,0,0,0,0.0,1,23,3,0,0,1
8,0,0,0,0,0.0,1,23,3,0,0,1
5,0,0,0,0,0.0,1,23,3,0,0,1
7,0,0,0,0,0.0,1,23,3,0,0,1
2,0,0,0,0,0.0,1,23,3,0,0,1
0,0,0,0,0,0.0,1,23,3,0,0,1
4,0,0,0,0,0.0,1,23,3,0,0,1
6,0,0,0,0,0.0,1,23,3,0,0,1
1,0,0,0,0,0.0,1,23,3,0,0,1
9,0,0,0,0,0.0,1,23,3,0,0,1
3,0,0,0,0,0.0,1,23,3,0,0,1
8,0,0,0,0,0.0,1,23,3,0,0,1
5,0,0,0,0,0.0,1,23,3,0,0,1
7,0,0,0,0,0.0,1,23,3,0,0,1
2,0,0,0,0,0.0,1,23,3,0,0,1
0,0,0,0,0,0.0,1,23,3,0,0,1
4,0,0,0,0,0.0,1,23,3,0,0,1
6,0,0,0,0,0.0,1,23,3,0,0,1
1,0,0,0,0,0.0,1,23,3,0,0,1
9,0,0,0,0,0.0,1,23,3,0,0,1
3,0,0,0,0,0.0,1,23,3,0,0,1
8,0,0,0,0,0.0,1,23,3,0,0,1
5,0,0,0,0,0.0,1,23,3,0,0,1
7,0,0,0,0,0.0,1,23,3,0,0,1
2,0,0,0,0,0.0,1,23,3,0,0,1
0,0,0,0,0,0.0,1,23,3,0,0,1
4,0,0,0,0,0.0,1,23,3,0,0,1
6,0,0,0,0,0.0,1,23,3,0,0,1
1,0,0,0,0,0.0,1,23,3,0,0,1
9,0,0,0,0,0.0,1,23,3,0,0,1
3,0,0,0,0,0.0,1,23,3,0,0,1
8,0,0,0,0,0.0,2,23,3,0,0,1
5,0,0,0,0,0.0,2,23,3,0,0,1
7,0,0,0,0,0.0,2,23,3,0,0,1
2,0,0,0,0,0.0,2,23,3,0,0,1
0,0,0,0,0,0.0,2,23,3,0,0,1
4,0,0,0,0,0.0,2,23,3,0,0,1
6,0,0,0,0,0.0,2,23,3,0,0,1
1,0,0,0,0,0.0,2,23,3,0,0,1
9,0,0,0,0,0.0,2,23,3,0,0,1
3,0,0,0,0,0.0,2,23,3,0,0,1
8,0,0,0,0,0.0,2,23,3,0,0,1
5,0,0,0,0,0.0,2,23,3,0,0,1
7,0,0,0,0,0.0,2,23,3,0,0,1
2,0,0,0,0,0.0,2,23,3,0,0,1
0,0,0,0,0,0.0,2,23,3,0,0,1
4,0,0,0,0,0.0,2,23,3,0,0,1
6,0,0,0,0,0.0,2,23,3,0,0,1
1,0,0,0,0,0.0,2,23,3,0,0,1
9,0,0,0,0,0.0,2,23,3,0,0,1
3,0,0,0,0,0.0,2,23,3,0,0,1
8,0,0,0,0,0.0,2,23,3,0,0,1
5,0,0,0,0,0.0,2,23,3,0,0,1
7,0,0,0,0,0.0,2,23,3,0,0,1
2,0,0,0,0,0.0,2,23,3,0,0,1
0,0,0,0,0,0.0,2,23,3,0,0,1
4,0,0,0,0,0.0,2,23,3,0,0,1
6,0,0,0,0,0.0,2,23,3,0,0,1
1,0,0,0,0,0.0,2,23,3,0,0,1
9,0,0,0,0,0.0,2,23,3,0,0,1
3,0,0,0,0,0.0,2,23,3,0,0,1
8,0,0,0,0,0.0,2,23,3,0,0,1
5,0,0,0,0,0.0,2,23,3,0,0,1
7,0,0,0,0,0.0,2,23,3,0,0,1
2,0,0,0,0,0.0,2,23,3,0,0,1
0,0,0,0,0,0.0,2,23,3,0,0,1
4,0,0,0,0,0.0,2,23,3,0,0,1
6,0,0,0,0,0.0,2,23,3,0,0,1
1,0,0,0,0,0.0,2,23,3,0,0,1
9,0,0,0,0,0.0,2,23,3,0,0,1
3,0,0,0,0,0.0,2,23,3,0,0,1
8,0,0,0,0,0.0,3,23,3,0,0,1
5,0,0,0,0,0.0,3,23,3,0,0,1
7,0,0,0,0,0.0,3,23,3,0,0,1
2,0,0,0,0,0.0,3,23,3,0,0,1
0,0,0,0,0,0.0,3,23,3,0,0,1
4,0,0,0,0,0.0,3,23,3,0,0,1
6,0,0,0,0,0.0,3,23,3,0,0,1
1,0,0,0,0,0.0,3,23,3,0,0,1
9,0,0,0,0,0.0,3,23,3,0,0,1
3,0,0,0,0,0.0,3,23,3,0,0,1
8,0,0,0,0,0.0,3,23,3,0,0,1
5,0,0,0,0,0.0,3,23,3,0,0,1
7,0,0,0,0,0.0,3,23,3,0,0,1
2,0,0,0,0,0.0,3,23,3,0,0,1
0,0,0,0,0,0.0,3,23,3,0,0,1
4,0,0,0,0,0.0,3,23,3,0,0,1
6,0,0,0,0,0.0,3,23,3,0,0,1
1,0,0,0,0,0.0,3,23,3,0,0,1
9,0,0,0,0,0.0,3,23,3,0,0,1
3,0,0,0,0,0.0,3,23,3,0,0,1
8,0,0,0,0,0.0,3,23,3,0,0,1
5,0,0,0,0,0.0,3,23,3,0,0,1
7,0,0,0,0,0.0,3,23,3,0,0,1
2,0,0,0,0,0.0,3,23,3,0,0,1
0,0,0,0,0,0.0,3,23,3,0,0,1
4,0,0,0,0,0.0,3,23,3,0,0,1
6,0,0,0,0,0.0,3,23,3,0,0,1
1,0,0,0,0,0.0,3,23,3,0,0,1
9,0,0,0,0,0.0,3,23,3,0,0,1
3,0,0,0,0,0.0,3,23,3,0,0,1
8,0,0,0,0,0.0,3,23,3,0,0,1
5,0,0,0,0,0.0,3,23,3,0,0,1
7,0,0,0,0,0.0,3,23,3,0,0,1
2,0,0,0,0,0.0,3,23,3,0,0,1
0,0,0,0,0,0.0,3,23,3,0,0,1
4,0,0,0,0,0.0,3,23,3,0,0,1
6,0,0,0,0,0.0,3,23,3,0,0,1
1,0,0,0,0,0.0,3,23,3,0,0,1
9,0,0,0,0,0.0,3,23,3,0,0,1
3,0,0,0,0,0.0,3,23,3,0,0,1
8,0,0,0,0,0.0,4,23,3,0,0,1
5,0,0,0,0,0.0,4,23,3,0,0,1
7,0,0,0,0,0.0,4,23,3,0,0,1
2,0,0,0,0,0.0,4,23,3,0,0,1
0,0,0,0,0,0.0,4,23,3,0,0,1
4,0,0,0,0,0.0,4,23,3,0,0,1
6,0,0,0,0,0.0,4,23,3,0,0,1
1,0,0,0,0,0.0,4,23,3,0,0,1
9,0,0,0,0,0.0,4,23,3,0,0,1
3,0,0,0,0,0.0,4,23,3,0,0,1
8,0,0,0,0,0.0,4,23,3,0,0,1
5,0,0,0,0,0.0,4,23,3,0,0,1
7,0,0,0,0,0.0,4,23,3,0,0,1
2,0,0,0,0,0.0,4,23,3,0,0,1
0,0,0,0,0,0.0,4,23,3,0,0,1
4,0,0,0,0,0.0,4,23,3,0,0,1
6,0,0,0,0,0.0,4,23,3,0,0,1
1,0,0,0,0,0.0,4,23,3,0,0,1
9,0,0,0,0,0.0,4,23,3,0,0,1
3,0,0,0,0,0.0,4,23,3,0,0,1
8,0,0,0,0,0.0,4,23,3,0,0,1
5,0,0,0,0,0.0,4,23,3,0,0,1
7,0,0,0,0,0.0,4,23,3,0,0,1
2,0,0,0,0,0.0,4,23,3,0,0,1
0,0,0,0,0,0.0,4,23,3,0,0,1
4,0,0,0,0,0.0,4,23,3,0,0,1
6,0,0,0,0,0.0,4,23,3,0,0,1
1,0,0,0,0,0.0,4,23,3,0,0,1
9,0,0,0,0,0.0,4,23,3,0,0,1
3,0,0,0,0,0.0,4,23,3,0,0,1
8,0,0,0,0,0.0,4,23,3,0,0,1
5,0,0,0,0,0.0,4,23,3,0,0,1
7,0,0,0,0,0.0,4,23,3,0,0,1
2,0,0,0,0,0.0,4,23,3,0,0,1
0,0,0,0,0,0.0,4,23,3,0,0,1
4,0,0,0,0,0.0,4,23,3,0,0,1
6,0,0,0,0,0.0,4,23,3,0,0,1
1,0,0,0,0,0.0,4,23,3,0,0,1
9,0,0,0,0,0.0,4,23,3,0,0,1
3,0,0,0,0,0.0,4,23,3,0,0,1
8,0,0,0,0,0.0,5,23,3,0,0,1
5,0,0,0,0,0.0,5,23,3,0,0,1
7,0,0,0,0,0.0,5,23,3,0,0,1
2,0,0,0,0,0.0,5,23,3,0,0,1
0,0,0,0,0,0.0,5,23,3,0,0,1
4,0,0,0,0,0.0,5,23,3,0,0,1
6,0,0,0,0,0.0,5,23,3,0,0,1
1,0,0,0,0,0.0,5,23,3,0,0,1
9,0,0,0,0,0.0,5,23,3,0,0,1
3,0,0,0,0,0.0,5,23,3,0,0,1
8,0,0,0,0,0.0,5,23,3,0,0,1
5,0,0,0,0,0.0,5,23,3,0,0,1
7,0,0,0,0,0.0,5,23,3,0,0,1
2,0,0,0,0,0.0,5,23,3,0,0,1
0,0,0,0,0,0.0,5,23,3,0,0,1
4,0,0,0,0,0.0,5,23,3,0,0,1
6,0,0,0,0,0.0,5,23,3,0,0,1
1,0,0,0,0,0.0,5,23,3,0,0,1
9,0,0,0,0,0.0,5,23,3,0,0,1
3,0,0,0,0,0.0,5,23,3,0,0,1
8,0,0,0,0,0.0,5,23,3,0,0,1
5,0,0,0,0,0.0,5,23,3,0,0,1
7,0,0,0,0,0.0,5,23,3,0,0,1
2,0,0,0,0,0.0,5,23,3,0,0,1
0,0,0,0,0,0.0,5,23,3,0,0,1
4,0,0,0,0,0.0,5,23,3,0,0,1
6,0,0,0,0,0.0,5,23,3,0,0,1
1,0,0,0,0,0.0,5,23,3,0,0,1
9,0,0,0,0,0.0,5,23,3,0,0,1
3,0,0,0,0,0.0,5,23,3,0,0,1
8,0,0,0,0,0.0,5,23,3,0,0,1
5,0,0,0,0,0.0,5,23,3,0,0,1
7,0,0,0,0,0.0,5,23,3,0,0,1
2,0,0,0,0,0.0,5,23,3,0,0,1
0,0,0,0,0,0.0,5,23,3,0,0,1
4,0,0,0,0,0.0,5,23,3,0,0,1
6,0,0,0,0,0.0,5,23,3,0,0,1
1,0,0,0,0,0.0,5,23,3,0,0,1
9,0,0,0,0,0.0,5,23,3,0,0,1
3,0,0,0,0,0.0,5,23,3,0,0,1
8,211,324,149,268,1.42,6,23,3,0,0,2
5,166,484,163,325,1.1,6,23,3,0,0,2
7,378,299,211,338,0.96,6,23,3,0,0,2
2,370,520,252,445,1.21,6,23,3,0,0,2
0,405,459,254,432,0.93,6,23,3,0,0,2
4,307,266,176,286,0.69,6,23,3,0,0,0
6,244,310,160,277,2.06,6,23,3,0,0,2
1,395,259,210,327,1.98,6,23,3,0,0,2
9,259,276,159,268,0.7,6,23,3,0,0,0
3,506,361,275,434,1.54,6,23,3,0,0,2
8,546,428,304,487,0.55,6,23,3,0,0,0
5,437,174,210,306,1.14,6,23,3,0,0,2
7,527,214,254,370,1.17,6,23,3,0,0,2
2,266,226,152,246,1.3,6,23,3,0,0,2
0,435,438,262,436,0.75,6,23,3,0,0,2
4,409,445,253,427,2.22,6,23,3,0,0,2
6,491,262,249,376,1.88,6,23,3,0,0,2
1,364,268,199,316,1.42,6,23,3,0,0,2
9,255,276,157,266,0.83,6,23,3,0,0,2
3,405,259,214,332,1.51,6,23,3,0,0,2
8,475,531,296,503,2.19,6,23,3,0,0,2
5,212,489,183,350,1.09,6,23,3,0,0,2
7,173,389,147,281,1.19,6,23,3,0,0,2
2,209,203,124,206,1.94,6,23,3,0,0,2
0,304,438,209,371,1.73,6,23,3,0,0,2
4,229,257,143,243,0.74,6,23,3,0,0,0
6,472,531,295,502,0.59,6,23,3,0,0,0
1,274,342,178,308,1.48,6,23,3,0,0,2
9,446,445,267,446,1.49,6,23,3,0,0,2
3,522,454,300,488,1.38,6,23,3,0,0,2
8,379,313,214,346,1.5,6,23,3,0,0,2
5,319,456,219,388,0.69,6,23,3,0,0,0
7,433,514,276,474,1.97,6,23,3,0,0,2
2,458,527,289,492,0.61,6,23,3,0,0,0
0,277,174,146,226,1.74,6,23,3,0,0,2
4,225,237,137,231,2.31,6,23,3,0,0,2
6,293,328,183,310,0.74,6,23,3,0,0,0
1,550,242,268,396,0.93,6,23,3,0,0,2
9,161,507,166,334,0.55,6,23,3,0,0,0
3,377,343,219,360,2.42,6,23,3,0,0,2
8,462,234,232,348,1.34,7,23,3,0,0,2
5,211,518,188,364,1.27,7,23,3,0,0,2
7,424,337,237,380,1.94,7,23,3,0,0,2
2,468,359,259,414,2.31,7,23,3,0,0,2
0,413,185,202,299,1.8,7,23,3,0,0,2
4,225,362,162,294,2.19,7,23,3,0,0,2
6,459,271,238,365,0.55,7,23,3,0,0,0
1,289,203,156,246,0.54,7,23,3,0,0,0
9,401,230,206,316,2.16,7,23,3,0,0,2
3,442,214,220,328,1.64,7,23,3,0,0,2
8,398,483,256,440,1.68,7,23,3,0,0,2
5,165,258,118,212,0.71,7,23,3,0,0,0
7,211,514,187,362,0.54,7,23,3,0,0,0
2,198,430,165,314,1.51,7,23,3,0,0,2
0,176,213,113,194,0.83,7,23,3,0,0,2
4,530,323,277,426,2.15,7,23,3,0,0,2
6,481,176,228,328,1.99,7,23,3,0,0,2
1,199,398,159,298,0.86,7,23,3,0,0,2
9,273,456,200,364,2.05,7,23,3,0,0,2
3,302,251,171,276,2.11,7,23,3,0,0,2
8,296,190,156,243,2.36,7,23,3,0,0,2
5,334,157,165,246,1.75,7,23,3,0,0,2
7,443,176,212,310,2.16,7,23,3,0,0,2
2,457,478,278,468,0.57,7,23,3,0,0,0
0,377,463,243,420,0.77,7,23,3,0,0,2
4,331,379,208,355,1.93,7,23,3,0,0,2
6,478,349,261,414,2.34,7,23,3,0,0,2
1,220,204,129,212,1.32,7,23,3,0,0,2
9,516,534,313,525,0.97,7,23,3,0,0,2
3,314,274,180,294,2.35,7,23,3,0,0,2
8,337,411,217,374,2.03,7,23,3,0,0,2
5,440,253,227,346,1.15,7,23,3,0,0,2
7,380,301,212,340,1.53,7,23,3,0,0,2
2,269,296,167,282,0.82,7,23,3,0,0,2
0,258,217,147,238,0.72,7,23,3,0,0,0
4,456,258,234,357,2.11,7,23,3,0,0,2
6,259,437,191,348,2.26,7,23,3,0,0,2
1,195,176,113,186,0.7,7,23,3,0,0,0
9,160,189,102,174,2.3,7,23,3,0,0,2
3,493,305,258,399,1.72,7,23,3,0,0,2
8,1562,822,789,1192,4.42,8,23,3,0,0,2
5,2500,901,1180,1700,4.84,8,23,3,0,0,2
7,1123,428,535,776,5.21,8,23,3,0,0,2
2,2183,558,985,1370,3.03,8,23,3,0,0,2
0,2227,933,1077,1580,5.63,8,23,3,0,0,2
4,2267,723,1051,1495,3.76,8,23,3,0,0,2
6,2029,573,926,1301,4.71,8,23,3,0,0,2
1,1200,959,672,1080,5.56,8,23,3,0,0,2
9,2398,600,1079,1499,3.4,8,23,3,0,0,2
3,1054,401,502,728,4.2,8,23,3,0,0,2
8,2088,461,927,1274,4.7,8,23,3,0,0,2
5,1547,511,721,1029,3.57,8,23,3,0,0,2
7,1504,468,695,986,5.23,8,23,3,0,0,2
2,1499,839,767,1169,3.41,8,23,3,0,0,2
0,805,717,465,761,4.39,8,23,3,0,0,2
4,890,622,480,756,4.71,8,23,3,0,0,2
6,1606,642,771,1124,5.41,8,23,3,0,0,2
1,1355,559,654,957,4.06,8,23,3,0,0,2
9,2145,759,1010,1452,3.67,8,23,3,0,0,2
3,1301,895,699,1098,4.93,8,23,3,0,0,2
8,1909,534,870,1222,3.55,8,23,3,0,0,2
5,810,802,484,806,5.04,8,23,3,0,0,2
7,920,705,509,812,5.56,8,23,3,0,0,2
2,2019,957,999,1488,5.52,8,23,3,0,0,2
0,2248,490,997,1369,3.59,8,23,3,0,0,2
4,1490,779,752,1134,5.2,8,23,3,0,0,2
6,918,465,460,692,4.43,8,23,3,0,0,2
1,1561,515,727,1038,5.35,8,23,3,0,0,2
9,1401,532,667,966,3.98,8,23,3,0,0,2
3,1813,535,832,1174,5.79,8,23,3,0,0,2
8,1466,737,734,1102,4.55,8,23,3,0,0,2
5,2149,735,1007,1442,5.25,8,23,3,0,0,2
7,2333,932,1120,1632,3.02,8,23,3,0,0,2
2,1099,743,588,921,5.73,8,23,3,0,0,2
0,1495,753,749,1124,3.55,8,23,3,0,0,2
4,2373,429,1035,1401,4.0,8,23,3,0,0,2
6,2326,724,1075,1525,4.66,8,23,3,0,0,2
1,1857,693,881,1275,5.58,8,23,3,0,0,2
9,1182,707,614,944,4.41,8,23,3,0,0,2
3,1766,466,800,1116,5.03,8,23,3,0,0,2
8,2094,970,1032,1532,3.86,9,23,3,0,0,2
5,2126,787,1008,1456,3.95,9,23,3,0,0,2
7,2262,628,1030,1445,3.81,9,23,3,0,0,2
2,1593,492,736,1042,4.09,9,23,3,0,0,2
0,1606,784,799,1195,3.01,9,23,3,0,0,2
4,1966,845,955,1406,3.46,9,23,3,0,0,2
6,1449,873,754,1161,3.7,9,23,3,0,0,2
1,997,753,549,875,3.35,9,23,3,0,0,2
9,1766,691,845,1228,4.32,9,23,3,0,0,2
3,1662,924,850,1293,4.74,9,23,3,0,0,2
8,961,670,518,816,4.61,9,23,3,0,0,2
5,1768,451,797,1110,5.23,9,23,3,0,0,2
7,824,938,517,881,5.34,9,23,3,0,0,2
2,1372,605,670,988,4.67,9,23,3,0,0,2
0,2422,732,1115,1577,4.87,9,23,3,0,0,2
4,2082,943,1021,1512,5.26,9,23,3,0,0,2
6,1330,694,671,1012,4.23,9,23,3,0,0,2
1,2265,428,992,1346,4.19,9,23,3,0,0,2
9,2234,941,1082,1588,5.51,9,23,3,0,0,2
3,1990,886,973,1438,3.28,9,23,3,0,0,2
8,1438,495,674,966,3.52,9,23,3,0,0,2
5,2495,836,1165,1666,5.21,9,23,3,0,0,2
7,1444,730,724,1087,3.09,9,23,3,0,0,2
2,1436,650,704,1043,4.59,9,23,3,0,0,2
0,969,898,567,934,3.1,9,23,3,0,0,2
4,1164,699,605,932,3.2,9,23,3,0,0,2
6,2322,881,1105,1602,3.57,9,23,3,0,0,2
1,2460,596,1103,1528,5.06,9,23,3,0,0,2
9,1490,427,681,958,4.79,9,23,3,0,0,2
3,2254,992,1100,1623,3.02,9,23,3,0,0,2
8,1097,443,527,770,4.28,9,23,3,0,0,2
5,2269,434,994,1352,3.02,9,23,3,0,0,2
7,2110,952,1034,1531,4.64,9,23,3,0,0,2
2,1208,796,642,1002,4.72,9,23,3,0,0,2
0,1384,434,640,909,3.75,9,23,3,0,0,2
4,2112,905,1026,1508,3.15,9,23,3,0,0,2
6,2127,604,972,1366,3.44,9,23,3,0,0,2
1,2146,815,1021,1480,4.2,9,23,3,0,0,2
9,2331,925,1117,1628,4.96,9,23,3,0,0,2
3,1954,962,974,1458,4.27,9,23,3,0,0,2
8,2344,944,1126,1644,4.93,10,23,3,0,0,2
5,1910,622,888,1266,3.01,10,23,3,0,0,2
7,1181,911,655,1046,4.29,10,23,3,0,0,2
2,1336,425,619,880,3.83,10,23,3,0,0,2
0,849,665,473,757,4.66,10,23,3,0,0,2
4,1590,842,804,1216,4.31,10,23,3,0,0,2
6,1303,877,697,1090,3.17,10,23,3,0,0,2
1,2496,967,1192,1732,5.3,10,23,3,0,0,2
9,1062,523,529,792,4.72,10,23,3,0,0,2
3,1687,536,782,1112,5.79,10,23,3,0,0,2
8,2240,706,1037,1473,3.97,10,23,3,0,0,2
5,2015,880,982,1448,3.39,10,23,3,0,0,2
7,1820,889,906,1354,4.61,10,23,3,0,0,2
2,1190,506,577,848,5.18,10,23,3,0,0,2
0,1702,646,810,1174,5.22,10,23,3,0,0,2
4,2321,828,1094,1574,3.74,10,23,3,0,0,2
6,942,799,537,870,4.35,10,23,3,0,0,2
1,2374,925,1135,1650,3.78,10,23,3,0,0,2
9,1819,661,860,1240,3.78,10,23,3,0,0,2
3,1740,513,799,1126,5.14,10,23,3,0,0,2
8,1215,617,609,916,4.93,10,23,3,0,0,2
5,1554,708,763,1131,3.4,10,23,3,0,0,2
7,1076,410,512,743,4.85,10,23,3,0,0,2
2,2415,448,1056,1432,3.01,10,23,3,0,0,2
0,1639,511,758,1075,4.34,10,23,3,0,0,2
4,1647,565,772,1106,3.05,10,23,3,0,0,2
6,1839,485,833,1162,5.64,10,23,3,0,0,2
1,1771,552,819,1162,3.1,10,23,3,0,0,2
9,1162,902,645,1032,5.58,10,23,3,0,0,2
3,1998,765,952,1382,4.24,10,23,3,0,0,2
8,2479,931,1178,1705,5.62,10,23,3,0,0,2
5,921,746,518,834,3.34,10,23,3,0,0,2
7,1266,668,640,967,3.44,10,23,3,0,0,2
2,2453,960,1173,1706,4.58,10,23,3,0,0,2
0,2489,424,1080,1456,4.74,10,23,3,0,0,2
4,1739,528,801,1134,3.01,10,23,3,0,0,2
6,1335,673,669,1004,5.46,10,23,3,0,0,2
1,1178,627,597,902,3.31,10,23,3,0,0,2
9,1201,665,613,933,5.61,10,23,3,0,0,2
3,1790,913,899,1352,4.86,10,23,3,0,0,2
8,283,390,191,336,0.6,11,23,3,0,0,0
5,219,212,130,216,1.53,11,23,3,0,0,2
7,517,323,271,420,2.0,11,23,3,0,0,2
2,186,385,151,286,1.51,11,23,3,0,0,2
0,278,208,153,243,1.84,11,23,3,0,0,2
4,289,325,181,307,1.82,11,23,3,0,0,2
6,310,382,200,346,0.99,11,23,3,0,0,2
1,238,442,184,340,2.03,11,23,3,0,0,2
9,399,260,212,330,1.22,11,23,3,0,0,2
3,548,169,253,358,1.28,11,23,3,0,0,2
8,456,466,276,461,2.3,11,23,3,0,0,2
5,370,497,247,434,1.97,11,23,3,0,0,2
7,364,382,222,373,1.51,11,23,3,0,0,2
2,219,206,129,212,2.14,11,23,3,0,0,2
0,389,300,216,344,0.66,11,23,3,0,0,0
4,272,183,145,228,1.52,11,23,3,0,0,2
6,387,416,238,402,1.96,11,23,3,0,0,2
1,223,185,126,204,2.09,11,23,3,0,0,2
9,283,454,204,368,1.92,11,23,3,0,0,2
3,244,504,198,374,0.66,11,23,3,0,0,0
8,414,467,259,440,0.87,11,23,3,0,0,2
5,160,489,162,324,0.51,11,23,3,0,0,0
7,546,226,264,386,1.76,11,23,3,0,0,2
2,346,325,203,336,2.38,11,23,3,0,0,2
0,262,412,187,337,1.13,11,23,3,0,0,2
4,541,347,286,444,2.39,11,23,3,0,0,2
6,164,302,126,233,0.89,11,23,3,0,0,2
1,246,170,132,208,0.76,11,23,3,0,0,2
9,243,411,179,327,1.51,11,23,3,0,0,2
3,229,429,177,329,0.85,11,23,3,0,0,2
8,539,428,301,484,1.09,11,23,3,0,0,2
5,394,210,200,302,0.92,11,23,3,0,0,2
7,290,295,175,292,1.65,11,23,3,0,0,2
2,536,157,246,346,2.4,11,23,3,0,0,2
0,453,334,248,394,1.07,11,23,3,0,0,2
4,527,368,284,448,1.98,11,23,3,0,0,2
6,541,517,320,529,0.52,11,23,3,0,0,0
1,157,402,143,280,1.38,11,23,3,0,0,2
9,317,179,163,248,0.62,11,23,3,0,0,0
3,325,530,236,428,0.73,11,23,3,0,0,0
8,202,411,163,306,2.38,12,23,3,0,0,2
5,239,303,156,271,1.48,12,23,3,0,0,2
7,316,470,220,393,2.04,12,23,3,0,0,2
2,318,410,209,364,2.06,12,23,3,0,0,2
0,150,550,170,350,1.91,12,23,3,0,0,2
4,358,353,214,356,0.59,12,23,3,0,0,0
6,426,173,205,300,0.57,12,23,3,0,0,0
1,155,450,152,302,1.8,12,23,3,0,0,2
9,423,236,216,330,0.74,12,23,3,0,0,0
3,178,246,120,212,1.48,12,23,3,0,0,2
8,228,427,177,328,1.98,12,23,3,0,0,2
5,247,212,141,230,1.02,12,23,3,0,0,2
7,466,319,250,392,1.44,12,23,3,0,0,2
2,214,540,194,377,0.9,12,23,3,0,0,2
0,369,458,239,414,1.75,12,23,3,0,0,2
4,325,395,209,360,0.64,12,23,3,0,0,0
6,428,352,242,390,1.71,12,23,3,0,0,2
1,253,206,142,230,1.21,12,23,3,0,0,2
9,169,315,131,242,2.09,12,23,3,0,0,2
3,391,462,249,426,0.78,12,23,3,0,0,2
8,549,339,287,444,1.89,12,23,3,0,0,2
5,371,311,211,341,0.75,12,23,3,0,0,2
7,223,438,177,330,1.75,12,23,3,0,0,2
2,168,516,170,342,0.73,12,23,3,0,0,0
0,238,350,165,294,2.16,12,23,3,0,0,2
4,197,257,130,227,0.51,12,23,3,0,0,0
6,446,376,254,411,2.01,12,23,3,0,0,2
1,393,525,262,459,2.03,12,23,3,0,0,2
9,154,496,161,325,0.94,12,23,3,0,0,2
3,195,413,161,304,1.82,12,23,3,0,0,2
8,406,422,247,414,1.26,12,23,3,0,0,2
5,400,202,200,301,1.73,12,23,3,0,0,2
7,307,387,200,347,2.4,12,23,3,0,0,2
2,420,385,245,402,2.47,12,23,3,0,0,2
0,197,221,123,209,2.0,12,23,3,0,0,2
4,260,192,142,226,0.58,12,23,3,0,0,0
6,227,337,158,282,2.38,12,23,3,0,0,2
1,455,450,272,452,2.43,12,23,3,0,0,2
9,192,503,177,348,0.51,12,23,3,0,0,0
3,312,432,211,372,0.75,12,23,3,0,0,2
8,408,414,246,411,2.26,13,23,3,0,0,2
5,163,485,162,324,0.65,13,23,3,0,0,0
7,437,358,246,398,1.21,13,23,3,0,0,2
2,240,539,204,390,2.23,13,23,3,0,0,2
0,352,319,205,336,1.98,13,23,3,0,0,2
4,445,493,277,469,1.01,13,23,3,0,0,2
6,177,200,111,188,1.67,13,23,3,0,0,2
1,249,333,166,291,1.4,13,23,3,0,0,2
9,249,224,144,236,1.69,13,23,3,0,0,2
3,482,375,268,428,1.02,13,23,3,0,0,2
8,172,334,136,253,1.66,13,23,3,0,0,2
5,461,334,251,398,2.08,13,23,3,0,0,2
7,541,238,264,390,2.28,13,23,3,0,0,2
2,440,290,234,365,0.6,13,23,3,0,0,0
0,176,515,173,346,1.64,13,23,3,0,0,2
4,434,474,268,454,0.51,13,23,3,0,0,0
6,306,246,172,276,1.96,13,23,3,0,0,2
1,156,226,108,191,2.42,13,23,3,0,0,2
9,547,262,271,404,1.38,13,23,3,0,0,2
3,445,548,288,496,1.62,13,23,3,0,0,2
8,337,294,194,316,1.09,13,23,3,0,0,2
5,176,525,175,350,1.49,13,23,3,0,0,2
7,510,198,244,354,0.65,13,23,3,0,0,0
2,387,492,253,440,2.4,13,23,3,0,0,2
0,493,487,295,490,0.82,13,23,3,0,0,2
4,471,154,219,312,0.86,13,23,3,0,0,2
6,225,318,154,272,1.6,13,23,3,0,0,2
1,519,247,257,383,1.2,13,23,3,0,0,2
9,488,525,300,506,0.92,13,23,3,0,0,2
3,256,185,139,220,1.11,13,23,3,0,0,2
8,496,353,269,424,1.36,13,23,3,0,0,2
5,337,437,222,387,1.93,13,23,3,0,0,2
7,188,264,128,226,0.92,13,23,3,0,0,2
2,178,550,181,364,0.84,13,23,3,0,0,2
0,339,469,229,404,2.38,13,23,3,0,0,2
4,396,215,201,306,1.47,13,23,3,0,0,2
6,335,267,187,301,1.99,13,23,3,0,0,2
1,263,190,143,226,1.42,13,23,3,0,0,2
9,158,243,112,200,1.36,13,23,3,0,0,2
3,204,550,192,377,1.63,13,23,3,0,0,2
8,363,388,223,376,0.55,14,23,3,0,0,0
5,424,484,266,454,1.96,14,23,3,0,0,2
7,359,324,208,342,1.16,14,23,3,0,0,2
2,154,268,115,211,1.85,14,23,3,0,0,2
0,161,338,132,250,2.24,14,23,3,0,0,2
4,285,167,147,226,1.43,14,23,3,0,0,2
6,475,348,260,412,0.88,14,23,3,0,0,2
1,449,267,233,358,1.55,14,23,3,0,0,2
9,392,370,231,381,1.25,14,23,3,0,0,2
3,329,435,219,382,1.56,14,23,3,0,0,2
8,356,252,193,304,1.14,14,23,3,0,0,2
5,168,514,170,341,2.06,14,23,3,0,0,2
7,450,536,287,493,2.38,14,23,3,0,0,2
2,365,377,221,371,1.04,14,23,3,0,0,2
0,270,503,209,386,0.64,14,23,3,0,0,0
4,166,508,168,337,1.02,14,23,3,0,0,2
6,407,275,218,341,1.85,14,23,3,0,0,2
1,546,190,256,368,1.69,14,23,3,0,0,2
9,302,215,164,258,2.24,14,23,3,0,0,2
3,304,364,194,334,2.16,14,23,3,0,0,2
8,234,442,182,338,1.29,14,23,3,0,0,2
5,353,487,239,420,1.69,14,23,3,0,0,2
7,456,440,270,448,1.75,14,23,3,0,0,2
2,256,242,151,249,1.05,14,23,3,0,0,2
0,377,521,255,449,1.09,14,23,3,0,0,2
4,297,221,163,259,1.41,14,23,3,0,0,2
6,316,177,162,246,0.95,14,23,3,0,0,2
1,528,502,312,515,1.47,14,23,3,0,0,2
9,315,548,236,432,1.48,14,23,3,0,0,2
3,353,385,218,369,2.35,14,23,3,0,0,2
8,374,270,204,322,1.39,14,23,3,0,0,2
5,347,336,206,342,1.46,14,23,3,0,0,2
7,338,394,214,366,1.9,14,23,3,0,0,2
2,162,432,151,297,1.56,14,23,3,0,0,2
0,540,310,278,425,0.61,14,23,3,0,0,0
4,396,365,231,380,1.37,14,23,3,0,0,2
6,403,372,236,388,1.51,14,23,3,0,0,2
1,398,389,237,394,0.81,14,23,3,0,0,2
9,453,537,289,495,2.19,14,23,3,0,0,2
3,294,199,157,246,0.97,14,23,3,0,0,2
8,232,488,190,360,0.74,15,23,3,0,0,0
5,180,416,155,298,0.5,15,23,3,0,0,0
7,382,503,253,442,2.18,15,23,3,0,0,2
2,162,346,134,254,1.45,15,23,3,0,0,2
0,358,219,187,288,1.55,15,23,3,0,0,2
4,284,437,201,360,0.96,15,23,3,0,0,2
6,247,514,202,380,0.88,15,23,3,0,0,2
1,231,469,186,350,0.7,15,23,3,0,0,0
9,356,542,251,449,1.84,15,23,3,0,0,2
3,426,459,262,442,2.29,15,23,3,0,0,2
8,543,158,249,350,0.65,15,23,3,0,0,0
5,164,207,107,186,1.77,15,23,3,0,0,2
7,362,246,194,304,0.82,15,23,3,0,0,2
2,182,333,139,258,1.11,15,23,3,0,0,2
0,347,426,224,386,1.85,15,23,3,0,0,2
4,387,244,204,316,2.28,15,23,3,0,0,2
6,311,453,215,382,0.84,15,23,3,0,0,2
1,243,213,140,228,2.36,15,23,3,0,0,2
9,189,263,128,226,1.54,15,23,3,0,0,2
3,437,240,223,338,1.53,15,23,3,0,0,2
8,181,391,151,286,0.8,15,23,3,0,0,2
5,163,204,106,184,2.35,15,23,3,0,0,2
7,528,453,302,490,1.96,15,23,3,0,0,2
2,332,240,181,286,0.8,15,23,3,0,0,2
0,202,410,163,306,1.31,15,23,3,0,0,2
4,177,414,154,296,2.0,15,23,3,0,0,2
6,221,254,139,238,1.3,15,23,3,0,0,2
1,181,538,180,360,1.0,15,23,3,0,0,2
9,476,252,241,364,1.54,15,23,3,0,0,2
3,523,263,262,393,0.52,15,23,3,0,0,0
8,456,537,290,496,1.08,15,23,3,0,0,2
5,386,508,256,447,2.49,15,23,3,0,0,2
7,481,374,267,428,1.47,15,23,3,0,0,2
2,174,339,137,256,1.44,15,23,3,0,0,2
0,481,267,246,374,2.43,15,23,3,0,0,2
4,343,182,174,262,0.55,15,23,3,0,0,0
6,381,380,228,380,2.21,15,23,3,0,0,2
1,512,278,260,395,2.44,15,23,3,0,0,2
9,170,282,124,226,2.44,15,23,3,0,0,2
3,203,261,133,232,1.09,15,23,3,0,0,2
8,484,521,298,502,1.13,16,23,3,0,0,2
5,292,256,168,274,2.07,16,23,3,0,0,2
7,514,454,296,484,0.54,16,23,3,0,0,0
2,206,327,148,266,2.4,16,23,3,0,0,2
0,332,278,188,305,1.18,16,23,3,0,0,2
4,545,497,317,521,1.06,16,23,3,0,0,2
6,515,434,293,474,1.58,16,23,3,0,0,2
1,344,538,245,441,0.59,16,23,3,0,0,0
9,164,202,106,183,2.38,16,23,3,0,0,2
3,326,500,230,413,1.45,16,23,3,0,0,2
8,460,263,237,362,1.81,16,23,3,0,0,2
5,212,494,184,353,1.05,16,23,3,0,0,2
7,333,389,211,361,1.75,16,23,3,0,0,2
2,253,525,206,389,0.9,16,23,3,0,0,2
0,216,406,168,311,1.27,16,23,3,0,0,2
4,197,412,161,304,1.24,16,23,3,0,0,2
6,386,454,245,420,2.29,16,23,3,0,0,2
1,215,358,158,286,2.01,16,23,3,0,0,2
9,444,195,217,320,0.54,16,23,3,0,0,0
3,519,310,270,414,1.66,16,23,3,0,0,2
8,360,425,229,392,2.2,16,23,3,0,0,2
5,272,450,199,361,2.13,16,23,3,0,0,2
7,373,315,212,344,0.69,16,23,3,0,0,0
2,386,347,224,366,1.88,16,23,3,0,0,2
0,159,343,132,251,0.78,16,23,3,0,0,2
4,374,197,189,286,0.94,16,23,3,0,0,2
6,333,408,215,370,1.38,16,23,3,0,0,2
1,528,332,278,430,0.97,16,23,3,0,0,2
9,372,540,257,456,0.92,16,23,3,0,0,2
3,352,443,229,398,0.61,16,23,3,0,0,0
8,290,378,192,334,1.25,16,23,3,0,0,2
5,248,213,142,230,1.27,16,23,3,0,0,2
7,346,522,243,434,1.66,16,23,3,0,0,2
2,494,176,233,335,0.52,16,23,3,0,0,0
0,440,505,277,472,2.14,16,23,3,0,0,2
4,181,280,128,230,1.04,16,23,3,0,0,2
6,351,453,231,402,2.42,16,23,3,0,0,2
1,237,309,157,273,2.36,16,23,3,0,0,2
9,199,233,126,216,1.44,16,23,3,0,0,2
3,376,229,196,302,1.39,16,23,3,0,0,2
8,815,1427,611,1121,5.12,17,23,3,0,0,2
5,1118,1892,826,1505,5.01,17,23,3,0,0,2
7,796,2177,754,1486,4.52,17,23,3,0,0,2
2,900,1150,590,1025,3.9,17,23,3,0,0,2
0,1157,1833,829,1495,3.24,17,23,3,0,0,2
4,866,2087,764,1476,4.26,17,23,3,0,0,2
6,863,2772,900,1818,4.89,17,23,3,0,0,2
1,1154,2506,963,1830,4.23,17,23,3,0,0,2
9,701,1097,500,899,3.31,17,23,3,0,0,2
3,848,2062,752,1455,4.6,17,23,3,0,0,2
8,1086,1594,753,1340,5.24,17,23,3,0,0,2
5,1108,2285,900,1696,4.49,17,23,3,0,0,2
7,808,2299,783,1554,3.91,17,23,3,0,0,2
2,922,1679,705,1300,3.83,17,23,3,0,0,2
0,1112,2238,892,1675,4.29,17,23,3,0,0,2
4,995,2361,870,1678,5.41,17,23,3,0,0,2
6,1071,2498,928,1784,5.05,17,23,3,0,0,2
1,1087,1438,722,1262,3.73,17,23,3,0,0,2
9,646,1702,599,1174,4.89,17,23,3,0,0,2
3,1106,1126,668,1116,4.37,17,23,3,0,0,2
8,1034,2204,854,1619,3.8,17,23,3,0,0,2
5,644,2722,802,1683,4.82,17,23,3,0,0,2
7,659,2166,697,1412,5.17,17,23,3,0,0,2
2,819,1226,573,1022,3.71,17,23,3,0,0,2
0,1186,1181,711,1184,3.15,17,23,3,0,0,2
4,749,1625,625,1187,3.84,17,23,3,0,0,2
6,767,1221,551,994,4.26,17,23,3,0,0,2
1,785,1752,664,1268,4.89,17,23,3,0,0,2
9,1075,1406,711,1240,5.31,17,23,3,0,0,2
3,897,2147,788,1522,4.59,17,23,3,0,0,2
8,1127,1205,692,1166,4.3,17,23,3,0,0,2
5,726,1815,653,1270,3.89,17,23,3,0,0,2
7,842,1201,577,1022,5.34,17,23,3,0,0,2
2,715,2631,812,1673,3.56,17,23,3,0,0,2
0,834,2150,764,1492,4.4,17,23,3,0,0,2
4,627,1921,635,1274,5.05,17,23,3,0,0,2
6,959,2439,871,1699,5.46,17,23,3,0,0,2
1,1147,1451,749,1299,3.03,17,23,3,0,0,2
9,622,2692,787,1657,5.67,17,23,3,0,0,2
3,1057,2315,886,1686,4.07,17,23,3,0,0,2
8,743,1229,543,986,4.46,18,23,3,0,0,2
5,662,1449,555,1056,4.11,18,23,3,0,0,2
7,851,1226,586,1038,4.61,18,23,3,0,0,2
2,1130,1845,821,1488,3.18,18,23,3,0,0,2
0,957,2578,898,1768,5.34,18,23,3,0,0,2
4,902,1392,639,1147,4.11,18,23,3,0,0,2
6,1093,1857,809,1475,3.18,18,23,3,0,0,2
1,749,1475,595,1112,4.04,18,23,3,0,0,2
9,869,1924,732,1396,3.7,18,23,3,0,0,2
3,621,2315,711,1468,3.86,18,23,3,0,0,2
8,1165,2373,941,1769,4.62,18,23,3,0,0,2
5,801,2789,878,1795,3.65,18,23,3,0,0,2
7,1179,1818,835,1498,3.82,18,23,3,0,0,2
2,1091,2118,860,1604,5.29,18,23,3,0,0,2
0,697,1632,605,1164,5.67,18,23,3,0,0,2
4,617,1183,483,900,3.62,18,23,3,0,0,2
6,1111,2269,898,1690,5.56,18,23,3,0,0,2
1,1184,2095,893,1640,5.22,18,23,3,0,0,2
9,920,1057,579,988,3.86,18,23,3,0,0,2
3,861,1491,643,1176,4.53,18,23,3,0,0,2
8,613,2514,748,1564,3.13,18,23,3,0,0,2
5,617,2022,651,1320,4.18,18,23,3,0,0,2
7,1065,1183,663,1124,5.21,18,23,3,0,0,2
2,719,2089,705,1404,4.37,18,23,3,0,0,2
0,848,2598,859,1723,5.45,18,23,3,0,0,2
4,773,2325,774,1549,5.42,18,23,3,0,0,2
6,751,2512,803,1632,4.71,18,23,3,0,0,2
1,1098,1764,792,1431,3.69,18,23,3,0,0,2
9,920,1635,695,1278,4.13,18,23,3,0,0,2
3,688,1639,603,1164,3.02,18,23,3,0,0,2
8,1103,2731,987,1917,4.09,18,23,3,0,0,2
5,969,1247,637,1108,3.26,18,23,3,0,0,2
7,840,2408,818,1624,5.51,18,23,3,0,0,2
2,816,2512,829,1664,5.05,18,23,3,0,0,2
0,1078,1879,807,1478,3.58,18,23,3,0,0,2
4,1028,1206,652,1117,4.71,18,23,3,0,0,2
6,1072,2681,965,1876,5.52,18,23,3,0,0,2
1,1027,1188,648,1108,3.63,18,23,3,0,0,2
9,1198,1437,767,1318,5.44,18,23,3,0,0,2
3,883,1105,574,994,3.78,18,23,3,0,0,2
8,776,2736,858,1756,5.12,19,23,3,0,0,2
5,904,1947,751,1426,3.05,19,23,3,0,0,2
7,1126,2262,903,1694,4.68,19,23,3,0,0,2
2,639,2298,715,1468,3.83,19,23,3,0,0,2
0,895,2007,759,1451,3.74,19,23,3,0,0,2
4,859,1163,576,1011,5.31,19,23,3,0,0,2
6,824,1428,615,1126,4.9,19,23,3,0,0,2
1,1030,1075,627,1052,5.29,19,23,3,0,0,2
9,724,1547,599,1136,3.42,19,23,3,0,0,2
3,648,2093,678,1370,3.58,19,23,3,0,0,2
8,1002,2051,811,1526,4.01,19,23,3,0,0,2
5,884,1673,688,1278,4.66,19,23,3,0,0,2
7,819,1304,588,1062,4.84,19,23,3,0,0,2
2,608,1481,539,1044,3.61,19,23,3,0,0,2
0,951,2255,831,1603,3.67,19,23,3,0,0,2
4,1033,1764,766,1398,3.89,19,23,3,0,0,2
6,725,2018,694,1372,3.29,19,23,3,0,0,2
1,706,2797,842,1752,4.11,19,23,3,0,0,2
9,773,2519,813,1646,5.74,19,23,3,0,0,2
3,1001,2065,813,1533,5.42,19,23,3,0,0,2
8,752,2768,854,1760,4.13,19,23,3,0,0,2
5,1162,1007,666,1084,4.9,19,23,3,0,0,2
7,1131,1710,794,1420,3.83,19,23,3,0,0,2
2,850,1934,727,1392,4.52,19,23,3,0,0,2
0,1110,2785,1001,1948,5.24,19,23,3,0,0,2
4,1200,2278,936,1739,3.68,19,23,3,0,0,2
6,1034,2541,922,1788,5.24,19,23,3,0,0,2
1,846,2528,844,1687,3.82,19,23,3,0,0,2
9,1038,2493,914,1766,5.57,19,23,3,0,0,2
3,1104,1795,801,1450,5.24,19,23,3,0,0,2
8,1103,2786,998,1944,4.56,19,23,3,0,0,2
5,676,1062,483,869,3.88,19,23,3,0,0,2
7,1020,2411,890,1716,5.48,19,23,3,0,0,2
2,800,2294,779,1547,3.53,19,23,3,0,0,2
0,728,2097,711,1412,4.85,19,23,3,0,0,2
4,901,2371,835,1636,5.66,19,23,3,0,0,2
6,1081,1460,724,1270,4.16,19,23,3,0,0,2
1,1104,2276,897,1690,3.01,19,23,3,0,0,2
9,1052,2516,924,1784,4.09,19,23,3,0,0,2
3,1142,2421,941,1782,5.6,19,23,3,0,0,2
8,1099,1604,760,1352,4.13,20,23,3,0,0,2
5,1095,1949,828,1522,3.5,20,23,3,0,0,2
7,691,1999,676,1345,3.57,20,23,3,0,0,2
2,1151,2180,896,1666,3.79,20,23,3,0,0,2
0,622,2463,741,1542,5.79,20,23,3,0,0,2
4,960,1509,686,1234,4.97,20,23,3,0,0,2
6,818,2583,844,1700,4.62,20,23,3,0,0,2
1,1095,1685,775,1390,3.12,20,23,3,0,0,2
9,879,1891,730,1385,4.56,20,23,3,0,0,2
3,668,1114,490,891,4.24,20,23,3,0,0,2
8,957,1306,644,1132,4.02,20,23,3,0,0,2
5,783,1073,528,928,4.99,20,23,3,0,0,2
7,1152,1548,770,1350,3.27,20,23,3,0,0,2
2,802,1121,545,962,3.99,20,23,3,0,0,2
0,1110,1298,704,1204,4.42,20,23,3,0,0,2
4,828,1822,696,1325,5.07,20,23,3,0,0,2
6,1050,1358,692,1204,5.71,20,23,3,0,0,2
1,928,2232,818,1580,4.36,20,23,3,0,0,2
9,766,2702,847,1734,4.23,20,23,3,0,0,2
3,1032,2632,939,1832,4.35,20,23,3,0,0,2
8,648,2473,754,1560,5.5,20,23,3,0,0,2
5,639,1821,620,1230,4.01,20,23,3,0,0,2
7,1171,2474,963,1822,3.67,20,23,3,0,0,2
2,671,2068,682,1370,5.65,20,23,3,0,0,2
0,716,1135,513,926,4.88,20,23,3,0,0,2
4,1160,2472,958,1816,3.57,20,23,3,0,0,2
6,618,1530,553,1074,4.37,20,23,3,0,0,2
1,1026,1902,791,1464,3.1,20,23,3,0,0,2
9,860,2280,800,1570,4.36,20,23,3,0,0,2
3,965,1809,748,1387,4.08,20,23,3,0,0,2
8,601,2778,796,1690,4.76,20,23,3,0,0,2
5,1047,2628,944,1838,4.38,20,23,3,0,0,2
7,1048,1228,665,1138,5.28,20,23,3,0,0,2
2,721,2730,834,1726,3.11,20,23,3,0,0,2
0,859,1344,612,1102,4.28,20,23,3,0,0,2
4,864,2294,804,1579,3.29,20,23,3,0,0,2
6,809,1794,682,1302,4.78,20,23,3,0,0,2
1,836,2159,766,1498,5.15,20,23,3,0,0,2
9,1033,2596,932,1814,4.95,20,23,3,0,0,2
3,1062,2503,925,1782,3.25,20,23,3,0,0,2
8,487,417,278,452,1.92,21,23,3,0,0,2
5,550,343,289,446,1.49,21,23,3,0,0,2
7,480,415,275,448,1.53,21,23,3,0,0,2
2,317,170,161,244,1.65,21,23,3,0,0,2
0,358,320,207,339,1.3,21,23,3,0,0,2
4,168,384,144,276,1.66,21,23,3,0,0,2
6,343,387,215,365,1.86,21,23,3,0,0,2
1,502,287,258,394,0.62,21,23,3,0,0,0
9,356,435,229,396,2.24,21,23,3,0,0,2
3,353,328,207,340,2.01,21,23,3,0,0,2
8,545,325,283,435,1.6,21,23,3,0,0,2
5,443,273,232,358,0.62,21,23,3,0,0,0
7,212,300,145,256,0.99,21,23,3,0,0,2
2,269,326,173,298,2.28,21,23,3,0,0,2
0,388,354,226,371,1.86,21,23,3,0,0,2
4,546,416,302,481,1.07,21,23,3,0,0,2
6,459,489,281,474,1.58,21,23,3,0,0,2
1,415,458,258,436,1.28,21,23,3,0,0,2
9,226,370,164,298,2.12,21,23,3,0,0,2
3,175,499,170,337,2.26,21,23,3,0,0,2
8,195,468,172,332,0.82,21,23,3,0,0,2
5,525,236,257,380,1.94,21,23,3,0,0,2
7,316,337,194,326,0.79,21,23,3,0,0,2
2,204,357,153,280,1.59,21,23,3,0,0,2
0,347,291,197,319,1.35,21,23,3,0,0,2
4,407,233,209,320,2.47,21,23,3,0,0,2
6,270,400,188,335,1.9,21,23,3,0,0,2
1,395,545,267,470,1.97,21,23,3,0,0,2
9,284,516,217,400,0.53,21,23,3,0,0,0
3,442,172,211,307,1.31,21,23,3,0,0,2
8,204,438,169,321,1.91,21,23,3,0,0,2
5,239,253,146,246,2.15,21,23,3,0,0,2
7,327,250,181,288,1.42,21,23,3,0,0,2
2,292,471,211,382,0.93,21,23,3,0,0,2
0,246,462,191,354,1.92,21,23,3,0,0,2
4,525,271,264,398,0.85,21,23,3,0,0,2
6,464,410,268,437,0.66,21,23,3,0,0,0
1,473,489,287,481,1.39,21,23,3,0,0,2
9,253,291,159,272,2.33,21,23,3,0,0,2
3,474,234,236,354,1.14,21,23,3,0,0,2
8,300,332,186,316,0.96,22,23,3,0,0,2
5,157,448,152,302,1.0,22,23,3,0,0,2
7,453,475,276,464,1.39,22,23,3,0,0,2
2,293,279,173,286,1.61,22,23,3,0,0,2
0,439,378,251,408,2.32,22,23,3,0,0,2
4,399,153,190,276,1.69,22,23,3,0,0,2
6,498,527,305,512,0.69,22,23,3,0,0,0
1,207,379,159,293,2.09,22,23,3,0,0,2
9,343,224,182,284,1.6,22,23,3,0,0,2
3,528,463,304,496,1.45,22,23,3,0,0,2
8,349,244,188,296,1.84,22,23,3,0,0,2
5,162,167,98,164,1.4,22,23,3,0,0,2
7,446,321,243,384,1.27,22,23,3,0,0,2
2,400,507,261,454,0.77,22,23,3,0,0,2
0,456,170,216,313,1.35,22,23,3,0,0,2
4,204,476,177,340,0.79,22,23,3,0,0,2
6,307,236,170,272,1.63,22,23,3,0,0,2
1,380,417,235,398,1.98,22,23,3,0,0,2
9,315,338,194,326,1.85,22,23,3,0,0,2
3,264,291,164,278,1.11,22,23,3,0,0,2
8,424,360,242,392,1.56,22,23,3,0,0,2
5,183,470,167,326,2.02,22,23,3,0,0,2
7,503,392,280,448,1.43,22,23,3,0,0,2
2,215,304,147,260,1.3,22,23,3,0,0,2
0,249,532,206,390,0.69,22,23,3,0,0,0
4,531,437,300,484,2.19,22,23,3,0,0,2
6,444,291,236,368,1.75,22,23,3,0,0,2
1,216,462,179,339,2.29,22,23,3,0,0,2
9,290,193,155,242,0.54,22,23,3,0,0,0
3,416,409,248,412,0.61,22,23,3,0,0,0
8,428,389,249,408,0.82,22,23,3,0,0,2
5,350,338,208,344,1.18,22,23,3,0,0,2
7,390,487,253,438,0.77,22,23,3,0,0,2
2,411,231,211,321,1.66,22,23,3,0,0,2
0,415,304,227,360,1.87,22,23,3,0,0,2
4,381,430,238,406,0.89,22,23,3,0,0,2
6,214,381,162,298,1.74,22,23,3,0,0,2
1,409,375,239,392,1.23,22,23,3,0,0,2
9,252,395,180,324,1.3,22,23,3,0,0,2
3,457,484,280,470,1.61,22,23,3,0,0,2
8,540,403,297,472,1.55,23,23,3,0,0,2
5,198,220,123,209,0.72,23,23,3,0,0,0
7,173,399,149,286,1.65,23,23,3,0,0,2
2,528,377,287,452,1.04,23,23,3,0,0,2
0,544,359,289,452,2.48,23,23,3,0,0,2
4,451,498,280,474,1.68,23,23,3,0,0,2
6,309,502,224,406,0.77,23,23,3,0,0,2
1,162,279,121,220,1.67,23,23,3,0,0,2
9,471,399,268,435,1.19,23,23,3,0,0,2
3,538,329,281,434,1.9,23,23,3,0,0,2
8,170,517,171,344,1.96,23,23,3,0,0,2
5,459,250,234,354,1.49,23,23,3,0,0,2
7,491,463,289,477,0.99,23,23,3,0,0,2
2,548,212,262,380,2.2,23,23,3,0,0,2
0,299,251,170,275,1.07,23,23,3,0,0,2
4,370,431,234,400,0.51,23,23,3,0,0,0
6,444,406,259,425,2.26,23,23,3,0,0,2
1,531,380,288,456,1.75,23,23,3,0,0,2
9,468,542,296,505,2.49,23,23,3,0,0,2
3,335,370,208,352,0.92,23,23,3,0,0,2
8,261,477,200,369,1.81,23,23,3,0,0,2
5,317,389,205,353,0.57,23,23,3,0,0,0
7,416,234,213,325,1.69,23,23,3,0,0,2
2,368,284,204,326,1.6,23,23,3,0,0,2
0,175,492,168,334,1.17,23,23,3,0,0,2
4,394,201,198,298,1.13,23,23,3,0,0,2
6,313,385,202,349,1.31,23,23,3,0,0,2
1,354,198,181,276,1.87,23,23,3,0,0,2
9,162,355,136,258,2.0,23,23,3,0,0,2
3,201,192,119,196,0.88,23,23,3,0,0,2
8,390,295,215,342,2.39,23,23,3,0,0,2
5,218,439,175,328,2.21,23,23,3,0,0,2
7,419,329,233,374,1.96,23,23,3,0,0,2
2,419,404,248,412,1.18,23,23,3,0,0,2
0,290,374,191,332,0.75,23,23,3,0,0,2
4,246,361,171,304,1.31,23,23,3,0,0,2
6,264,486,203,375,1.4,23,23,3,0,0,2
1,194,276,133,235,2.06,23,23,3,0,0,2
9,462,550,295,506,0.78,23,23,3,0,0,2
3,540,235,263,388,1.89,23,23,3,0,0,2
8,0,0,0,0,0.0,0,24,3,1,0,1
5,0,0,0,0,0.0,0,24,3,1,0,1
7,0,0,0,0,0.0,0,24,3,1,0,1
2,0,0,0,0,0.0,0,24,3,1,0,1
0,0,0,0,0,0.0,0,24,3,1,0,1
4,0,0,0,0,0.0,0,24,3,1,0,1
6,0,0,0,0,0.0,0,24,3,1,0,1
1,0,0,0,0,0.0,0,24,3,1,0,1
9,0,0,0,0,0.0,0,24,3,1,0,1
3,0,0,0,0,0.0,0,24,3,1,0,1
8,0,0,0,0,0.0,0,24,3,1,0,1
5,0,0,0,0,0.0,0,24,3,1,0,1
7,0,0,0,0,0.0,0,24,3,1,0,1
2,0,0,0,0,0.0,0,24,3,1,0,1
0,0,0,0,0,0.0,0,24,3,1,0,1
4,0,0,0,0,0.0,0,24,3,1,0,1
6,0,0,0,0,0.0,0,24,3,1,0,1
1,0,0,0,0,0.0,0,24,3,1,0,1
9,0,0,0,0,0.0,0,24,3,1,0,1
3,0,0,0,0,0.0,0,24,3,1,0,1
8,0,0,0,0,0.0,0,24,3,1,0,1
5,0,0,0,0,0.0,0,24,3,1,0,1
7,0,0,0,0,0.0,0,24,3,1,0,1
2,0,0,0,0,0.0,0,24,3,1,0,1
0,0,0,0,0,0.0,0,24,3,1,0,1
4,0,0,0,0,0.0,0,24,3,1,0,1
6,0,0,0,0,0.0,0,24,3,1,0,1
1,0,0,0,0,0.0,0,24,3,1,0,1
9,0,0,0,0,0.0,0,24,3,1,0,1
3,0,0,0,0,0.0,0,24,3,1,0,1
8,0,0,0,0,0.0,0,24,3,1,0,1
5,0,0,0,0,0.0,0,24,3,1,0,1
7,0,0,0,0,0.0,0,24,3,1,0,1
2,0,0,0,0,0.0,0,24,3,1,0,1
0,0,0,0,0,0.0,0,24,3,1,0,1
4,0,0,0,0,0.0,0,24,3,1,0,1
6,0,0,0,0,0.0,0,24,3,1,0,1
1,0,0,0,0,0.0,0,24,3,1,0,1
9,0,0,0,0,0.0,0,24,3,1,0,1
3,0,0,0,0,0.0,0,24,3,1,0,1
8,0,0,0,0,0.0,1,24,3,1,0,1
5,0,0,0,0,0.0,1,24,3,1,0,1
7,0,0,0,0,0.0,1,24,3,1,0,1
2,0,0,0,0,0.0,1,24,3,1,0,1
0,0,0,0,0,0.0,1,24,3,1,0,1
4,0,0,0,0,0.0,1,24,3,1,0,1
6,0,0,0,0,0.0,1,24,3,1,0,1
1,0,0,0,0,0.0,1,24,3,1,0,1
9,0,0,0,0,0.0,1,24,3,1,0,1
3,0,0,0,0,0.0,1,24,3,1,0,1
8,0,0,0,0,0.0,1,24,3,1,0,1
5,0,0,0,0,0.0,1,24,3,1,0,1
7,0,0,0,0,0.0,1,24,3,1,0,1
2,0,0,0,0,0.0,1,24,3,1,0,1
0,0,0,0,0,0.0,1,24,3,1,0,1
4,0,0,0,0,0.0,1,24,3,1,0,1
6,0,0,0,0,0.0,1,24,3,1,0,1
1,0,0,0,0,0.0,1,24,3,1,0,1
9,0,0,0,0,0.0,1,24,3,1,0,1
3,0,0,0,0,0.0,1,24,3,1,0,1
8,0,0,0,0,0.0,1,24,3,1,0,1
5,0,0,0,0,0.0,1,24,3,1,0,1
7,0,0,0,0,0.0,1,24,3,1,0,1
2,0,0,0,0,0.0,1,24,3,1,0,1
0,0,0,0,0,0.0,1,24,3,1,0,1
4,0,0,0,0,0.0,1,24,3,1,0,1
6,0,0,0,0,0.0,1,24,3,1,0,1
1,0,0,0,0,0.0,1,24,3,1,0,1
9,0,0,0,0,0.0,1,24,3,1,0,1
3,0,0,0,0,0.0,1,24,3,1,0,1
8,0,0,0,0,0.0,1,24,3,1,0,1
5,0,0,0,0,0.0,1,24,3,1,0,1
7,0,0,0,0,0.0,1,24,3,1,0,1
2,0,0,0,0,0.0,1,24,3,1,0,1
0,0,0,0,0,0.0,1,24,3,1,0,1
4,0,0,0,0,0.0,1,24,3,1,0,1
6,0,0,0,0,0.0,1,24,3,1,0,1
1,0,0,0,0,0.0,1,24,3,1,0,1
9,0,0,0,0,0.0,1,24,3,1,0,1
3,0,0,0,0,0.0,1,24,3,1,0,1
8,0,0,0,0,0.0,2,24,3,1,0,1
5,0,0,0,0,0.0,2,24,3,1,0,1
7,0,0,0,0,0.0,2,24,3,1,0,1
2,0,0,0,0,0.0,2,24,3,1,0,1
0,0,0,0,0,0.0,2,24,3,1,0,1
4,0,0,0,0,0.0,2,24,3,1,0,1
6,0,0,0,0,0.0,2,24,3,1,0,1
1,0,0,0,0,0.0,2,24,3,1,0,1
9,0,0,0,0,0.0,2,24,3,1,0,1
3,0,0,0,0,0.0,2,24,3,1,0,1
8,0,0,0,0,0.0,2,24,3,1,0,1
5,0,0,0,0,0.0,2,24,3,1,0,1
7,0,0,0,0,0.0,2,24,3,1,0,1
2,0,0,0,0,0.0,2,24,3,1,0,1
0,0,0,0,0,0.0,2,24,3,1,0,1
4,0,0,0,0,0.0,2,24,3,1,0,1
6,0,0,0,0,0.0,2,24,3,1,0,1
1,0,0,0,0,0.0,2,24,3,1,0,1
9,0,0,0,0,0.0,2,24,3,1,0,1
3,0,0,0,0,0.0,2,24,3,1,0,1
8,0,0,0,0,0.0,2,24,3,1,0,1
5,0,0,0,0,0.0,2,24,3,1,0,1
7,0,0,0,0,0.0,2,24,3,1,0,1
2,0,0,0,0,0.0,2,24,3,1,0,1
0,0,0,0,0,0.0,2,24,3,1,0,1
4,0,0,0,0,0.0,2,24,3,1,0,1
6,0,0,0,0,0.0,2,24,3,1,0,1
1,0,0,0,0,0.0,2,24,3,1,0,1
9,0,0,0,0,0.0,2,24,3,1,0,1
3,0,0,0,0,0.0,2,24,3,1,0,1
8,0,0,0,0,0.0,2,24,3,1,0,1
5,0,0,0,0,0.0,2,24,3,1,0,1
7,0,0,0,0,0.0,2,24,3,1,0,1
2,0,0,0,0,0.0,2,24,3,1,0,1
0,0,0,0,0,0.0,2,24,3,1,0,1
4,0,0,0,0,0.0,2,24,3,1,0,1
6,0,0,0,0,0.0,2,24,3,1,0,1
1,0,0,0,0,0.0,2,24,3,1,0,1
9,0,0,0,0,0.0,2,24,3,1,0,1
3,0,0,0,0,0.0,2,24,3,1,0,1
8,0,0,0,0,0.0,3,24,3,1,0,1
5,0,0,0,0,0.0,3,24,3,1,0,1
7,0,0,0,0,0.0,3,24,3,1,0,1
2,0,0,0,0,0.0,3,24,3,1,0,1
0,0,0,0,0,0.0,3,24,3,1,0,1
4,0,0,0,0,0.0,3,24,3,1,0,1
6,0,0,0,0,0.0,3,24,3,1,0,1
1,0,0,0,0,0.0,3,24,3,1,0,1
9,0,0,0,0,0.0,3,24,3,1,0,1
3,0,0,0,0,0.0,3,24,3,1,0,1
8,0,0,0,0,0.0,3,24,3,1,0,1
5,0,0,0,0,0.0,3,24,3,1,0,1
7,0,0,0,0,0.0,3,24,3,1,0,1
2,0,0,0,0,0.0,3,24,3,1,0,1
0,0,0,0,0,0.0,3,24,3,1,0,1
4,0,0,0,0,0.0,3,24,3,1,0,1
6,0,0,0,0,0.0,3,24,3,1,0,1
1,0,0,0,0,0.0,3,24,3,1,0,1
9,0,0,0,0,0.0,3,24,3,1,0,1
3,0,0,0,0,0.0,3,24,3,1,0,1
8,0,0,0,0,0.0,3,24,3,1,0,1
5,0,0,0,0,0.0,3,24,3,1,0,1
7,0,0,0,0,0.0,3,24,3,1,0,1
2,0,0,0,0,0.0,3,24,3,1,0,1
0,0,0,0,0,0.0,3,24,3,1,0,1
4,0,0,0,0,0.0,3,24,3,1,0,1
6,0,0,0,0,0.0,3,24,3,1,0,1
1,0,0,0,0,0.0,3,24,3,1,0,1
9,0,0,0,0,0.0,3,24,3,1,0,1
3,0,0,0,0,0.0,3,24,3,1,0,1
8,0,0,0,0,0.0,3,24,3,1,0,1
5,0,0,0,0,0.0,3,24,3,1,0,1
7,0,0,0,0,0.0,3,24,3,1,0,1
2,0,0,0,0,0.0,3,24,3,1,0,1
0,0,0,0,0,0.0,3,24,3,1,0,1
4,0,0,0,0,0.0,3,24,3,1,0,1
6,0,0,0,0,0.0,3,24,3,1,0,1
1,0,0,0,0,0.0,3,24,3,1,0,1
9,0,0,0,0,0.0,3,24,3,1,0,1
3,0,0,0,0,0.0,3,24,3,1,0,1
8,0,0,0,0,0.0,4,24,3,1,0,1
5,0,0,0,0,0.0,4,24,3,1,0,1
7,0,0,0,0,0.0,4,24,3,1,0,1
2,0,0,0,0,0.0,4,24,3,1,0,1
0,0,0,0,0,0.0,4,24,3,1,0,1
4,0,0,0,0,0.0,4,24,3,1,0,1
6,0,0,0,0,0.0,4,24,3,1,0,1
1,0,0,0,0,0.0,4,24,3,1,0,1
9,0,0,0,0,0.0,4,24,3,1,0,1
3,0,0,0,0,0.0,4,24,3,1,0,1
8,0,0,0,0,0.0,4,24,3,1,0,1
5,0,0,0,0,0.0,4,24,3,1,0,1
7,0,0,0,0,0.0,4,24,3,1,0,1
2,0,0,0,0,0.0,4,24,3,1,0,1
0,0,0,0,0,0.0,4,24,3,1,0,1
4,0,0,0,0,0.0,4,24,3,1,0,1
6,0,0,0,0,0.0,4,24,3,1,0,1
1,0,0,0,0,0.0,4,24,3,1,0,1
9,0,0,0,0,0.0,4,24,3,1,0,1
3,0,0,0,0,0.0,4,24,3,1,0,1
8,0,0,0,0,0.0,4,24,3,1,0,1
5,0,0,0,0,0.0,4,24,3,1,0,1
7,0,0,0,0,0.0,4,24,3,1,0,1
2,0,0,0,0,0.0,4,24,3,1,0,1
0,0,0,0,0,0.0,4,24,3,1,0,1
4,0,0,0,0,0.0,4,24,3,1,0,1
6,0,0,0,0,0.0,4,24,3,1,0,1
1,0,0,0,0,0.0,4,24,3,1,0,1
9,0,0,0,0,0.0,4,24,3,1,0,1
3,0,0,0,0,0.0,4,24,3,1,0,1
8,0,0,0,0,0.0,4,24,3,1,0,1
5,0,0,0,0,0.0,4,24,3,1,0,1
7,0,0,0,0,0.0,4,24,3,1,0,1
2,0,0,0,0,0.0,4,24,3,1,0,1
0,0,0,0,0,0.0,4,24,3,1,0,1
4,0,0,0,0,0.0,4,24,3,1,0,1
6,0,0,0,0,0.0,4,24,3,1,0,1
1,0,0,0,0,0.0,4,24,3,1,0,1
9,0,0,0,0,0.0,4,24,3,1,0,1
3,0,0,0,0,0.0,4,24,3,1,0,1
8,0,0,0,0,0.0,5,24,3,1,0,1
5,0,0,0,0,0.0,5,24,3,1,0,1
7,0,0,0,0,0.0,5,24,3,1,0,1
2,0,0,0,0,0.0,5,24,3,1,0,1
0,0,0,0,0,0.0,5,24,3,1,0,1
4,0,0,0,0,0.0,5,24,3,1,0,1
6,0,0,0,0,0.0,5,24,3,1,0,1
1,0,0,0,0,0.0,5,24,3,1,0,1
9,0,0,0,0,0.0,5,24,3,1,0,1
3,0,0,0,0,0.0,5,24,3,1,0,1
8,0,0,0,0,0.0,5,24,3,1,0,1
5,0,0,0,0,0.0,5,24,3,1,0,1
7,0,0,0,0,0.0,5,24,3,1,0,1
2,0,0,0,0,0.0,5,24,3,1,0,1
0,0,0,0,0,0.0,5,24,3,1,0,1
4,0,0,0,0,0.0,5,24,3,1,0,1
6,0,0,0,0,0.0,5,24,3,1,0,1
1,0,0,0,0,0.0,5,24,3,1,0,1
9,0,0,0,0,0.0,5,24,3,1,0,1
3,0,0,0,0,0.0,5,24,3,1,0,1
8,0,0,0,0,0.0,5,24,3,1,0,1
5,0,0,0,0,0.0,5,24,3,1,0,1
7,0,0,0,0,0.0,5,24,3,1,0,1
2,0,0,0,0,0.0,5,24,3,1,0,1
0,0,0,0,0,0.0,5,24,3,1,0,1
4,0,0,0,0,0.0,5,24,3,1,0,1
6,0,0,0,0,0.0,5,24,3,1,0,1
1,0,0,0,0,0.0,5,24,3,1,0,1
9,0,0,0,0,0.0,5,24,3,1,0,1
3,0,0,0,0,0.0,5,24,3,1,0,1
8,0,0,0,0,0.0,5,24,3,1,0,1
5,0,0,0,0,0.0,5,24,3,1,0,1
7,0,0,0,0,0.0,5,24,3,1,0,1
2,0,0,0,0,0.0,5,24,3,1,0,1
0,0,0,0,0,0.0,5,24,3,1,0,1
4,0,0,0,0,0.0,5,24,3,1,0,1
6,0,0,0,0,0.0,5,24,3,1,0,1
1,0,0,0,0,0.0,5,24,3,1,0,1
9,0,0,0,0,0.0,5,24,3,1,0,1
3,0,0,0,0,0.0,5,24,3,1,0,1
8,475,456,281,466,2.45,6,24,3,1,0,2
5,267,406,188,336,2.12,6,24,3,1,0,2
7,176,495,169,336,1.64,6,24,3,1,0,2
2,165,262,118,214,1.2,6,24,3,1,0,2
0,541,203,257,372,1.0,6,24,3,1,0,2
4,171,361,141,266,2.36,6,24,3,1,0,2
6,437,511,277,474,1.76,6,24,3,1,0,2
1,180,334,139,257,2.45,6,24,3,1,0,2
9,503,274,256,388,1.16,6,24,3,1,0,2
3,332,224,178,278,1.67,6,24,3,1,0,2
8,313,364,198,338,1.97,6,24,3,1,0,2
5,491,450,286,470,1.63,6,24,3,1,0,2
7,222,168,122,195,1.15,6,24,3,1,0,2
2,257,383,179,320,1.94,6,24,3,1,0,2
0,378,371,225,374,1.75,6,24,3,1,0,2
4,349,153,170,251,2.49,6,24,3,1,0,2
6,179,164,104,172,1.28,6,24,3,1,0,2
1,354,406,223,380,0.77,6,24,3,1,0,2
9,329,516,235,422,2.0,6,24,3,1,0,2
3,205,503,183,354,1.47,6,24,3,1,0,2
8,306,449,212,378,1.98,6,24,3,1,0,2
5,193,489,175,341,1.45,6,24,3,1,0,2
7,319,464,220,392,1.82,6,24,3,1,0,2
2,379,161,184,270,1.03,6,24,3,1,0,2
0,412,283,221,348,2.49,6,24,3,1,0,2
4,271,483,205,377,2.12,6,24,3,1,0,2
6,172,259,121,216,1.34,6,24,3,1,0,2
1,407,488,260,448,2.35,6,24,3,1,0,2
9,344,521,242,432,0.62,6,24,3,1,0,0
3,204,521,186,362,2.11,6,24,3,1,0,2
8,464,352,256,408,1.08,6,24,3,1,0,2
5,519,320,272,420,0.71,6,24,3,1,0,0
7,386,380,230,383,1.81,6,24,3,1,0,2
2,333,193,172,263,0.74,6,24,3,1,0,0
0,499,232,246,366,0.77,6,24,3,1,0,2
4,459,453,274,456,1.15,6,24,3,1,0,2
6,511,531,311,521,1.43,6,24,3,1,0,2
1,269,459,199,364,0.59,6,24,3,1,0,0
9,434,411,256,422,1.87,6,24,3,1,0,2
3,329,451,222,390,1.17,6,24,3,1,0,2
8,344,491,236,418,2.17,7,24,3,1,0,2
5,205,448,172,326,0.94,7,24,3,1,0,2
7,366,177,182,272,2.2,7,24,3,1,0,2
2,266,343,175,304,1.86,7,24,3,1,0,2
0,345,219,182,282,2.26,7,24,3,1,0,2
4,533,332,280,432,1.24,7,24,3,1,0,2
6,521,246,258,384,1.23,7,24,3,1,0,2
1,255,262,154,258,1.4,7,24,3,1,0,2
9,420,293,227,356,0.52,7,24,3,1,0,0
3,187,317,138,252,1.31,7,24,3,1,0,2
8,196,537,186,366,2.01,7,24,3,1,0,2
5,394,427,243,410,1.54,7,24,3,1,0,2
7,191,155,107,173,2.22,7,24,3,1,0,2
2,357,303,203,330,1.99,7,24,3,1,0,2
0,364,288,203,326,0.53,7,24,3,1,0,0
4,202,453,171,328,2.09,7,24,3,1,0,2
6,509,543,312,526,0.79,7,24,3,1,0,2
1,284,444,202,364,1.47,7,24,3,1,0,2
9,457,337,250,397,2.37,7,24,3,1,0,2
3,322,549,239,436,2.24,7,24,3,1,0,2
8,549,385,297,467,1.77,7,24,3,1,0,2
5,402,313,223,358,2.29,7,24,3,1,0,2
7,273,441,197,357,2.04,7,24,3,1,0,2
2,395,469,252,432,2.09,7,24,3,1,0,2
0,344,398,217,371,0.79,7,24,3,1,0,2
4,317,171,161,244,1.71,7,24,3,1,0,2
6,278,504,212,391,2.45,7,24,3,1,0,2
1,408,328,229,368,2.34,7,24,3,1,0,2
9,452,253,231,352,1.25,7,24,3,1,0,2
3,185,549,184,367,0.58,7,24,3,1,0,0
8,546,450,308,498,2.19,7,24,3,1,0,2
5,326,476,226,401,0.78,7,24,3,1,0,2
7,154,360,134,257,1.13,7,24,3,1,0,2
2,374,475,245,424,2.27,7,24,3,1,0,2
0,251,258,152,254,2.09,7,24,3,1,0,2
4,284,525,219,404,2.19,7,24,3,1,0,2
6,196,255,129,226,0.68,7,24,3,1,0,0
1,291,427,202,359,1.97,7,24,3,1,0,2
9,439,390,254,414,1.23,7,24,3,1,0,2
3,464,201,226,332,0.51,7,24,3,1,0,0
8,1924,724,914,1324,5.13,8,24,3,1,0,2
5,1194,936,665,1065,5.08,8,24,3,1,0,2
7,2008,624,928,1316,5.42,8,24,3,1,0,2
2,1365,584,663,974,4.06,8,24,3,1,0,2
0,1745,862,870,1304,4.22,8,24,3,1,0,2
4,1531,816,776,1174,3.91,8,24,3,1,0,2
6,1038,850,585,944,3.88,8,24,3,1,0,2
1,2484,726,1139,1605,3.22,8,24,3,1,0,2
9,1394,930,744,1162,5.35,8,24,3,1,0,2
3,2407,466,1056,1436,3.06,8,24,3,1,0,2
8,1831,775,887,1303,5.21,8,24,3,1,0,2
5,831,622,457,726,4.7,8,24,3,1,0,2
7,982,780,549,881,5.44,8,24,3,1,0,2
2,2484,589,1111,1536,3.14,8,24,3,1,0,2
0,953,431,467,692,4.07,8,24,3,1,0,2
4,1008,441,491,724,4.02,8,24,3,1,0,2
6,2402,793,1119,1598,5.26,8,24,3,1,0,2
1,1075,568,544,822,3.71,8,24,3,1,0,2
9,1172,423,553,798,3.19,8,24,3,1,0,2
3,1028,758,563,893,3.63,8,24,3,1,0,2
8,1301,610,642,956,5.76,8,24,3,1,0,2
5,2206,712,1025,1459,3.46,8,24,3,1,0,2
7,1308,690,661,999,5.21,8,24,3,1,0,2
2,2212,893,1063,1552,3.48,8,24,3,1,0,2
0,997,923,583,960,3.58,8,24,3,1,0,2
4,1799,765,873,1282,4.52,8,24,3,1,0,2
6,1663,840,833,1252,5.14,8,24,3,1,0,2
1,1001,669,534,835,3.04,8,24,3,1,0,2
9,1819,858,899,1338,5.36,8,24,3,1,0,2
3,821,981,525,901,3.72,8,24,3,1,0,2
8,1603,822,806,1212,3.57,8,24,3,1,0,2
5,1004,718,545,861,3.22,8,24,3,1,0,2
7,1571,534,735,1052,5.08,8,24,3,1,0,2
2,2033,655,944,1344,3.22,8,24,3,1,0,2
0,1854,882,918,1368,3.95,8,24,3,1,0,2
4,800,484,417,642,5.64,8,24,3,1,0,2
6,1399,924,744,1162,3.9,8,24,3,1,0,2
1,1119,708,589,914,3.5,8,24,3,1,0,2
9,1091,981,633,1036,5.51,8,24,3,1,0,2
3,1607,468,736,1038,5.32,8,24,3,1,0,2
8,1750,879,876,1314,4.42,9,24,3,1,0,2
5,1403,577,677,990,4.82,9,24,3,1,0,2
7,1656,531,769,1094,3.83,9,24,3,1,0,2
2,1139,777,611,958,4.92,9,24,3,1,0,2
0,2077,441,919,1259,4.5,9,24,3,1,0,2
4,1043,457,509,750,5.06,9,24,3,1,0,2
6,1238,494,594,866,5.52,9,24,3,1,0,2
1,1398,501,659,950,3.73,9,24,3,1,0,2
9,1276,881,687,1078,5.22,9,24,3,1,0,2
3,2432,640,1101,1536,3.7,9,24,3,1,0,2
8,1720,866,861,1293,5.39,9,24,3,1,0,2
5,1985,820,958,1402,4.87,9,24,3,1,0,2
7,1045,845,587,945,4.62,9,24,3,1,0,2
2,1465,655,717,1060,4.65,9,24,3,1,0,2
0,940,527,481,734,4.59,9,24,3,1,0,2
4,1992,941,985,1466,3.94,9,24,3,1,0,2
6,1177,825,636,1001,5.79,9,24,3,1,0,2
1,1779,818,875,1298,5.55,9,24,3,1,0,2
9,2094,702,978,1398,5.08,9,24,3,1,0,2
3,1486,706,736,1096,3.18,9,24,3,1,0,2
8,1350,497,639,924,4.73,9,24,3,1,0,2
5,1107,750,593,928,4.03,9,24,3,1,0,2
7,889,748,505,818,4.26,9,24,3,1,0,2
2,2457,726,1128,1592,5.51,9,24,3,1,0,2
0,1471,642,717,1056,3.19,9,24,3,1,0,2
4,1684,574,788,1129,3.99,9,24,3,1,0,2
6,1272,906,690,1089,3.38,9,24,3,1,0,2
1,1880,880,928,1380,4.89,9,24,3,1,0,2
9,2146,807,1020,1476,3.55,9,24,3,1,0,2
3,2462,413,1067,1438,4.5,9,24,3,1,0,2
8,2374,552,1060,1463,5.32,9,24,3,1,0,2
5,2013,410,887,1212,3.54,9,24,3,1,0,2
7,2400,750,1110,1575,4.87,9,24,3,1,0,2
2,1020,792,566,906,5.12,9,24,3,1,0,2
0,971,602,509,786,4.06,9,24,3,1,0,2
4,2079,585,949,1332,5.14,9,24,3,1,0,2
6,2283,749,1063,1516,4.43,9,24,3,1,0,2
1,1783,643,842,1213,5.63,9,24,3,1,0,2
9,2483,653,1124,1568,5.41,9,24,3,1,0,2
3,1120,451,538,786,5.2,9,24,3,1,0,2
8,1075,470,524,772,4.54,10,24,3,1,0,2
5,1832,479,829,1156,5.47,10,24,3,1,0,2
7,2291,460,1008,1376,4.8,10,24,3,1,0,2
2,2116,575,961,1346,3.95,10,24,3,1,0,2
0,1968,524,892,1246,3.2,10,24,3,1,0,2
4,1704,681,818,1192,5.71,10,24,3,1,0,2
6,2446,947,1168,1696,3.01,10,24,3,1,0,2
1,2485,755,1145,1620,5.5,10,24,3,1,0,2
9,1764,942,894,1353,3.64,10,24,3,1,0,2
3,1708,677,819,1192,3.58,10,24,3,1,0,2
8,843,975,532,909,4.26,10,24,3,1,0,2
5,2385,632,1080,1508,3.56,10,24,3,1,0,2
7,1170,466,561,818,5.73,10,24,3,1,0,2
2,1892,978,952,1435,5.62,10,24,3,1,0,2
0,1347,913,721,1130,3.86,10,24,3,1,0,2
4,2166,826,1032,1496,3.32,10,24,3,1,0,2
6,2025,540,918,1282,5.18,10,24,3,1,0,2
1,1875,963,943,1419,4.48,10,24,3,1,0,2
9,1646,605,779,1126,3.81,10,24,3,1,0,2
3,1091,510,538,800,5.06,10,24,3,1,0,2
8,973,897,569,935,3.03,10,24,3,1,0,2
5,2379,441,1040,1410,4.35,10,24,3,1,0,2
7,1062,639,553,850,3.83,10,24,3,1,0,2
2,1620,557,759,1088,3.82,10,24,3,1,0,2
0,1689,980,872,1334,3.1,10,24,3,1,0,2
4,1510,497,703,1004,4.58,10,24,3,1,0,2
6,1020,531,514,776,5.54,10,24,3,1,0,2
1,1023,531,515,777,5.23,10,24,3,1,0,2
9,2267,405,988,1336,3.65,10,24,3,1,0,2
3,2409,604,1084,1506,3.72,10,24,3,1,0,2
8,1805,645,851,1225,3.82,10,24,3,1,0,2
5,1575,709,772,1142,4.67,10,24,3,1,0,2
7,1569,471,722,1020,5.38,10,24,3,1,0,2
2,1507,955,794,1231,5.06,10,24,3,1,0,2
0,1158,769,617,964,5.25,10,24,3,1,0,2
4,2003,859,973,1431,3.49,10,24,3,1,0,2
6,2404,547,1071,1476,3.02,10,24,3,1,0,2
1,2434,840,1142,1637,4.93,10,24,3,1,0,2
9,1608,955,834,1282,3.73,10,24,3,1,0,2
3,2171,470,962,1320,3.99,10,24,3,1,0,2
8,414,182,202,298,1.34,11,24,3,1,0,2
5,547,422,303,484,0.61,11,24,3,1,0,0
7,546,267,272,406,1.12,11,24,3,1,0,2
2,472,401,269,436,1.82,11,24,3,1,0,2
0,549,414,302,482,1.13,11,24,3,1,0,2
4,302,272,175,287,1.12,11,24,3,1,0,2
6,507,521,307,514,2.13,11,24,3,1,0,2
1,253,259,153,256,0.87,11,24,3,1,0,2
9,380,338,220,359,2.14,11,24,3,1,0,2
3,288,272,170,280,2.07,11,24,3,1,0,2
8,288,442,204,365,0.87,11,24,3,1,0,2
5,226,273,145,250,2.18,11,24,3,1,0,2
7,358,504,244,431,0.63,11,24,3,1,0,0
2,361,273,199,317,2.2,11,24,3,1,0,2
0,393,481,253,437,2.3,11,24,3,1,0,2
4,217,415,170,316,1.66,11,24,3,1,0,2
6,424,198,209,311,0.98,11,24,3,1,0,2
1,231,451,183,341,2.33,11,24,3,1,0,2
9,450,316,243,383,0.53,11,24,3,1,0,0
3,351,269,194,310,1.41,11,24,3,1,0,2
8,312,302,185,307,1.41,11,24,3,1,0,2
5,262,262,157,262,1.91,11,24,3,1,0,2
7,201,273,135,237,0.94,11,24,3,1,0,2
2,246,263,151,254,0.87,11,24,3,1,0,2
0,189,531,182,360,2.42,11,24,3,1,0,2
4,541,255,267,398,2.34,11,24,3,1,0,2
6,289,447,205,368,1.02,11,24,3,1,0,2
1,305,263,175,284,1.19,11,24,3,1,0,2
9,187,289,133,238,0.94,11,24,3,1,0,2
3,285,369,188,327,2.46,11,24,3,1,0,2
8,310,174,159,242,1.5,11,24,3,1,0,2
5,395,341,226,368,1.99,11,24,3,1,0,2
7,213,325,150,269,1.77,11,24,3,1,0,2
2,388,315,218,352,1.98,11,24,3,1,0,2
0,227,439,179,333,2.44,11,24,3,1,0,2
4,420,352,238,386,1.77,11,24,3,1,0,2
6,187,487,172,337,2.22,11,24,3,1,0,2
1,208,347,153,278,0.64,11,24,3,1,0,0
9,544,309,279,426,1.95,11,24,3,1,0,2
3,334,231,180,282,2.43,11,24,3,1,0,2
8,298,299,179,298,1.97,12,24,3,1,0,2
5,408,161,195,284,1.77,12,24,3,1,0,2
7,199,307,141,253,2.11,12,24,3,1,0,2
2,205,234,129,220,0.72,12,24,3,1,0,0
0,288,261,167,274,1.04,12,24,3,1,0,2
4,506,367,276,436,0.87,12,24,3,1,0,2
6,531,272,267,402,0.51,12,24,3,1,0,0
1,421,249,218,335,2.38,12,24,3,1,0,2
9,385,192,192,288,0.85,12,24,3,1,0,2
3,467,169,221,318,0.97,12,24,3,1,0,2
8,200,289,138,244,1.56,12,24,3,1,0,2
5,301,350,190,326,1.26,12,24,3,1,0,2
7,325,231,176,278,2.16,12,24,3,1,0,2
2,473,163,222,318,1.92,12,24,3,1,0,2
0,356,479,238,418,2.33,12,24,3,1,0,2
4,362,541,253,452,0.5,12,24,3,1,0,0
6,294,484,214,389,2.21,12,24,3,1,0,2
1,455,474,277,464,0.7,12,24,3,1,0,0
9,274,253,160,264,1.85,12,24,3,1,0,2
3,417,331,233,374,1.68,12,24,3,1,0,2
8,330,354,203,342,1.67,12,24,3,1,0,2
5,449,417,263,433,1.49,12,24,3,1,0,2
7,410,197,203,304,1.46,12,24,3,1,0,2
2,349,477,235,413,2.37,12,24,3,1,0,2
0,479,275,247,377,1.17,12,24,3,1,0,2
4,328,310,193,319,1.35,12,24,3,1,0,2
6,267,455,198,361,1.71,12,24,3,1,0,2
1,287,391,193,339,0.79,12,24,3,1,0,2
9,372,383,225,378,1.09,12,24,3,1,0,2
3,537,208,256,372,2.46,12,24,3,1,0,2
8,489,369,269,429,1.11,12,24,3,1,0,2
5,522,232,255,377,0.69,12,24,3,1,0,0
7,422,330,235,376,0.59,12,24,3,1,0,0
2,501,512,303,506,0.59,12,24,3,1,0,0
0,330,457,223,394,1.85,12,24,3,1,0,2
4,295,150,148,222,0.57,12,24,3,1,0,0
6,227,544,200,386,2.4,12,24,3,1,0,2
1,305,226,167,266,1.08,12,24,3,1,0,2
9,317,395,206,356,2.12,12,24,3,1,0,2
3,527,477,306,502,2.14,12,24,3,1,0,2
8,472,278,244,375,2.13,13,24,3,1,0,2
5,412,549,275,480,0.72,13,24,3,1,0,0
7,532,353,283,442,2.48,13,24,3,1,0,2
2,382,362,225,372,2.2,13,24,3,1,0,2
0,211,357,156,284,1.63,13,24,3,1,0,2
4,513,521,309,517,1.65,13,24,3,1,0,2
6,333,417,217,375,2.48,13,24,3,1,0,2
1,480,516,295,498,1.24,13,24,3,1,0,2
9,486,442,283,464,2.18,13,24,3,1,0,2
3,508,408,285,458,0.51,13,24,3,1,0,0
8,308,159,155,234,1.7,13,24,3,1,0,2
5,179,524,176,352,1.45,13,24,3,1,0,2
7,259,521,208,390,2.42,13,24,3,1,0,2
2,406,451,253,428,0.95,13,24,3,1,0,2
0,467,501,287,484,1.82,13,24,3,1,0,2
4,179,421,156,300,2.23,13,24,3,1,0,2
6,430,258,224,344,1.99,13,24,3,1,0,2
1,282,376,188,329,1.74,13,24,3,1,0,2
9,158,150,93,154,1.3,13,24,3,1,0,2
3,509,318,267,414,2.5,13,24,3,1,0,2
8,324,182,166,253,1.82,13,24,3,1,0,2
5,335,254,185,294,0.65,13,24,3,1,0,0
7,248,388,177,318,1.44,13,24,3,1,0,2
2,433,477,269,455,0.89,13,24,3,1,0,2
0,301,210,162,256,1.93,13,24,3,1,0,2
4,159,395,143,277,1.17,13,24,3,1,0,2
6,318,550,237,434,1.69,13,24,3,1,0,2
1,289,359,187,324,1.76,13,24,3,1,0,2
9,474,168,223,321,0.6,13,24,3,1,0,0
3,379,161,184,270,2.05,13,24,3,1,0,2
8,165,286,123,226,1.02,13,24,3,1,0,2
5,200,406,161,303,1.59,13,24,3,1,0,2
7,519,432,294,476,1.39,13,24,3,1,0,2
2,550,548,330,549,2.21,13,24,3,1,0,2
0,417,476,262,446,2.38,13,24,3,1,0,2
4,200,185,117,192,2.01,13,24,3,1,0,2
6,214,441,174,328,2.18,13,24,3,1,0,2
1,315,406,207,360,1.11,13,24,3,1,0,2
9,197,350,149,274,1.13,13,24,3,1,0,2
3,541,526,322,534,0.83,13,24,3,1,0,2
8,264,475,201,370,1.59,14,24,3,1,0,2
5,160,189,102,174,0.75,14,24,3,1,0,2
7,450,179,216,314,2.17,14,24,3,1,0,2
2,342,339,205,340,0.71,14,24,3,1,0,0
0,476,438,278,457,1.01,14,24,3,1,0,2
4,327,292,189,310,2.22,14,24,3,1,0,2
6,509,170,238,340,1.97,14,24,3,1,0,2
1,517,275,262,396,1.06,14,24,3,1,0,2
9,314,350,196,332,2.06,14,24,3,1,0,2
3,311,340,192,326,2.28,14,24,3,1,0,2
8,514,260,258,387,1.48,14,24,3,1,0,2
5,479,230,238,354,0.54,14,24,3,1,0,0
7,540,359,288,450,2.13,14,24,3,1,0,2
2,286,484,211,385,2.49,14,24,3,1,0,2
0,487,170,229,328,2.11,14,24,3,1,0,2
4,520,286,265,403,1.06,14,24,3,1,0,2
6,192,450,167,321,0.85,14,24,3,1,0,2
1,288,482,212,385,0.68,14,24,3,1,0,0
9,237,499,195,368,2.15,14,24,3,1,0,2
3,448,390,257,419,1.66,14,24,3,1,0,2
8,210,349,154,280,1.66,14,24,3,1,0,2
5,206,537,190,372,2.25,14,24,3,1,0,2
7,465,441,274,453,1.88,14,24,3,1,0,2
2,221,550,198,386,0.78,14,24,3,1,0,2
0,238,427,181,332,1.24,14,24,3,1,0,2
4,190,461,168,326,1.94,14,24,3,1,0,2
6,424,509,271,466,1.44,14,24,3,1,0,2
1,198,216,122,207,1.88,14,24,3,1,0,2
9,485,164,227,324,2.27,14,24,3,1,0,2
3,369,470,242,420,1.01,14,24,3,1,0,2
8,460,387,261,424,0.75,14,24,3,1,0,2
5,367,241,195,304,0.85,14,24,3,1,0,2
7,307,213,165,260,1.22,14,24,3,1,0,2
2,509,237,251,373,1.02,14,24,3,1,0,2
0,461,269,238,365,0.73,14,24,3,1,0,0
4,405,537,269,471,2.1,14,24,3,1,0,2
6,449,459,271,454,1.46,14,24,3,1,0,2
1,467,205,228,336,2.35,14,24,3,1,0,2
9,308,150,153,229,0.94,14,24,3,1,0,2
3,203,405,162,304,1.47,14,24,3,1,0,2
8,550,412,302,481,1.39,15,24,3,1,0,2
5,486,346,264,416,2.27,15,24,3,1,0,2
7,251,424,185,338,0.72,15,24,3,1,0,0
2,163,162,98,162,0.97,15,24,3,1,0,2
0,512,226,250,369,1.54,15,24,3,1,0,2
4,246,479,194,362,1.39,15,24,3,1,0,2
6,400,243,209,322,1.59,15,24,3,1,0,2
1,230,363,165,296,0.51,15,24,3,1,0,0
9,299,265,173,282,0.83,15,24,3,1,0,2
3,542,268,270,405,2.44,15,24,3,1,0,2
8,485,435,281,460,1.7,15,24,3,1,0,2
5,224,260,142,242,1.41,15,24,3,1,0,2
7,175,310,132,242,0.54,15,24,3,1,0,0
2,478,533,298,506,1.18,15,24,3,1,0,2
0,230,480,188,355,1.07,15,24,3,1,0,2
4,451,154,211,302,2.39,15,24,3,1,0,2
6,381,417,236,399,1.54,15,24,3,1,0,2
1,340,263,189,302,0.98,15,24,3,1,0,2
9,243,405,178,324,0.8,15,24,3,1,0,2
3,194,254,128,224,1.2,15,24,3,1,0,2
8,426,402,251,414,1.64,15,24,3,1,0,2
5,178,466,164,322,2.31,15,24,3,1,0,2
7,283,331,179,307,2.14,15,24,3,1,0,2
2,379,496,251,438,1.32,15,24,3,1,0,2
0,352,370,215,361,1.97,15,24,3,1,0,2
4,373,389,227,381,2.04,15,24,3,1,0,2
6,492,384,274,438,2.0,15,24,3,1,0,2
1,520,258,260,389,0.71,15,24,3,1,0,0
9,348,257,191,302,1.82,15,24,3,1,0,2
3,253,456,192,354,1.25,15,24,3,1,0,2
8,160,232,110,196,0.7,15,24,3,1,0,0
5,241,340,164,290,1.23,15,24,3,1,0,2
7,170,387,145,278,0.75,15,24,3,1,0,2
2,274,373,184,324,1.54,15,24,3,1,0,2
0,377,168,184,272,1.57,15,24,3,1,0,2
4,333,197,173,265,2.06,15,24,3,1,0,2
6,266,387,184,326,1.54,15,24,3,1,0,2
1,511,263,257,387,1.32,15,24,3,1,0,2
9,490,301,256,396,2.36,15,24,3,1,0,2
3,221,473,183,347,1.17,15,24,3,1,0,2
8,493,167,231,330,2.19,16,24,3,1,0,2
5,361,315,207,338,2.28,16,24,3,1,0,2
7,287,298,174,292,1.03,16,24,3,1,0,2
2,285,483,211,384,1.58,16,24,3,1,0,2
0,513,434,292,474,0.9,16,24,3,1,0,2
4,405,282,218,344,1.95,16,24,3,1,0,2
6,212,439,173,326,2.37,16,24,3,1,0,2
1,214,532,192,373,1.26,16,24,3,1,0,2
9,238,436,182,337,0.9,16,24,3,1,0,2
3,512,470,299,491,1.79,16,24,3,1,0,2
8,240,249,146,244,1.07,16,24,3,1,0,2
5,253,241,149,247,2.11,16,24,3,1,0,2
7,230,534,199,382,2.19,16,24,3,1,0,2
2,332,517,236,424,1.4,16,24,3,1,0,2
0,482,480,289,481,2.08,16,24,3,1,0,2
4,452,415,264,434,1.88,16,24,3,1,0,2
6,468,307,249,388,0.72,16,24,3,1,0,0
1,222,322,153,272,1.55,16,24,3,1,0,2
9,327,229,177,278,2.16,16,24,3,1,0,2
3,327,284,188,306,1.11,16,24,3,1,0,2
8,520,440,296,480,0.53,16,24,3,1,0,0
5,542,410,299,476,1.3,16,24,3,1,0,2
7,380,512,254,446,1.16,16,24,3,1,0,2
2,402,257,212,330,2.15,16,24,3,1,0,2
0,295,462,210,378,1.82,16,24,3,1,0,2
4,367,417,230,392,0.52,16,24,3,1,0,0
6,516,509,308,512,2.24,16,24,3,1,0,2
1,542,498,316,520,1.83,16,24,3,1,0,2
9,514,441,294,478,1.56,16,24,3,1,0,2
3,490,364,269,427,1.46,16,24,3,1,0,2
8,194,546,187,370,1.41,16,24,3,1,0,2
5,519,547,317,533,1.45,16,24,3,1,0,2
7,193,218,121,206,0.95,16,24,3,1,0,2
2,384,503,254,444,0.67,16,24,3,1,0,0
0,182,459,165,320,2.03,16,24,3,1,0,2
4,213,493,184,353,1.7,16,24,3,1,0,2
6,320,275,183,298,2.42,16,24,3,1,0,2
1,327,199,171,263,2.4,16,24,3,1,0,2
9,392,218,200,305,2.37,16,24,3,1,0,2
3,176,220,114,198,1.21,16,24,3,1,0,2
8,689,1667,609,1178,4.96,17,24,3,1,0,2
5,745,1312,560,1028,3.25,17,24,3,1,0,2
7,1127,1347,720,1237,5.08,17,24,3,1,0,2
2,869,1463,640,1166,4.24,17,24,3,1,0,2
0,843,1704,678,1274,3.45,17,24,3,1,0,2
4,1042,1229,663,1136,4.46,17,24,3,1,0,2
6,1129,1848,821,1488,3.77,17,24,3,1,0,2
1,1022,1895,788,1458,4.34,17,24,3,1,0,2
9,984,2290,852,1637,4.8,17,24,3,1,0,2
3,773,1801,669,1287,5.53,17,24,3,1,0,2
8,1191,2493,975,1842,4.43,17,24,3,1,0,2
5,787,1956,706,1372,3.12,17,24,3,1,0,2
7,929,1602,692,1266,5.21,17,24,3,1,0,2
2,1150,1268,714,1209,5.06,17,24,3,1,0,2
0,628,2348,721,1488,4.85,17,24,3,1,0,2
4,1013,2056,816,1534,4.88,17,24,3,1,0,2
6,875,1400,630,1138,4.16,17,24,3,1,0,2
1,718,2188,725,1453,3.41,17,24,3,1,0,2
9,1041,1690,754,1366,3.02,17,24,3,1,0,2
3,1072,1526,734,1299,3.33,17,24,3,1,0,2
8,1145,1307,719,1226,4.56,17,24,3,1,0,2
5,1019,2030,814,1524,4.24,17,24,3,1,0,2
7,1158,2217,907,1688,3.25,17,24,3,1,0,2
2,845,2007,739,1426,5.01,17,24,3,1,0,2
0,630,2473,747,1552,4.99,17,24,3,1,0,2
4,1173,1744,818,1458,3.39,17,24,3,1,0,2
6,1161,1506,766,1334,3.57,17,24,3,1,0,2
1,729,2240,740,1484,4.73,17,24,3,1,0,2
9,1181,2162,905,1672,3.28,17,24,3,1,0,2
3,600,2341,708,1470,3.93,17,24,3,1,0,2
8,845,2723,883,1784,5.78,17,24,3,1,0,2
5,1154,2382,938,1768,4.38,17,24,3,1,0,2
7,809,2509,825,1659,3.76,17,24,3,1,0,2
2,865,2032,752,1448,5.0,17,24,3,1,0,2
0,943,1807,739,1375,3.31,17,24,3,1,0,2
4,1026,2549,920,1788,3.61,17,24,3,1,0,2
6,954,2464,874,1709,4.03,17,24,3,1,0,2
1,606,2142,671,1374,5.15,17,24,3,1,0,2
9,701,1333,547,1017,5.38,17,24,3,1,0,2
3,655,1375,537,1015,5.08,17,24,3,1,0,2
8,711,2360,756,1536,3.34,18,24,3,1,0,2
5,766,1647,636,1206,5.27,18,24,3,1,0,2
7,773,2082,726,1428,4.53,18,24,3,1,0,2
2,1135,2050,864,1592,5.08,18,24,3,1,0,2
0,601,1006,442,804,5.42,18,24,3,1,0,2
4,814,2292,784,1553,5.29,18,24,3,1,0,2
6,841,2087,754,1464,3.63,18,24,3,1,0,2
1,659,1272,518,966,5.53,18,24,3,1,0,2
9,1055,1926,807,1490,4.81,18,24,3,1,0,2
3,1139,1310,718,1224,5.47,18,24,3,1,0,2
8,655,2315,725,1485,4.64,18,24,3,1,0,2
5,756,2679,838,1718,4.34,18,24,3,1,0,2
7,978,2792,950,1885,4.4,18,24,3,1,0,2
2,822,2455,820,1638,5.65,18,24,3,1,0,2
0,812,1120,549,966,5.69,18,24,3,1,0,2
4,991,1939,784,1465,3.93,18,24,3,1,0,2
6,629,2392,730,1510,3.16,18,24,3,1,0,2
1,900,2508,862,1704,4.73,18,24,3,1,0,2
9,752,2266,754,1509,4.56,18,24,3,1,0,2
3,870,2065,761,1468,3.59,18,24,3,1,0,2
8,798,1331,585,1064,3.47,18,24,3,1,0,2
5,845,1052,548,948,5.36,18,24,3,1,0,2
7,668,1742,616,1205,3.3,18,24,3,1,0,2
2,1101,1091,659,1096,4.93,18,24,3,1,0,2
0,602,1869,615,1236,4.02,18,24,3,1,0,2
4,889,1537,663,1213,3.21,18,24,3,1,0,2
6,858,1055,554,956,5.28,18,24,3,1,0,2
1,818,2307,789,1562,4.77,18,24,3,1,0,2
9,1020,1234,655,1127,4.68,18,24,3,1,0,2
3,1084,2405,915,1744,3.06,18,24,3,1,0,2
8,971,1138,616,1054,5.2,18,24,3,1,0,2
5,794,2381,794,1588,3.13,18,24,3,1,0,2
7,772,2542,817,1657,3.46,18,24,3,1,0,2
2,711,1482,581,1096,5.38,18,24,3,1,0,2
0,1017,2553,917,1785,5.68,18,24,3,1,0,2
4,930,1034,579,982,5.77,18,24,3,1,0,2
6,865,1159,578,1012,5.45,18,24,3,1,0,2
1,858,1996,742,1427,4.8,18,24,3,1,0,2
9,1028,1966,804,1497,4.64,18,24,3,1,0,2
3,1094,1212,680,1153,4.42,18,24,3,1,0,2
8,694,1798,637,1246,5.66,19,24,3,1,0,2
5,1029,1404,692,1216,5.28,19,24,3,1,0,2
7,662,1403,545,1032,4.6,19,24,3,1,0,2
2,1077,1559,743,1318,3.95,19,24,3,1,0,2
0,647,1487,556,1067,3.38,19,24,3,1,0,2
4,681,1894,651,1288,3.06,19,24,3,1,0,2
6,1090,1996,835,1543,3.14,19,24,3,1,0,2
1,1193,2574,992,1884,3.86,19,24,3,1,0,2
9,601,1698,580,1150,3.5,19,24,3,1,0,2
3,966,1288,644,1127,4.28,19,24,3,1,0,2
8,1015,2311,868,1663,5.64,19,24,3,1,0,2
5,1079,1307,693,1193,5.48,19,24,3,1,0,2
7,914,2242,814,1578,4.85,19,24,3,1,0,2
2,1070,1591,746,1330,4.11,19,24,3,1,0,2
0,779,1119,535,949,3.52,19,24,3,1,0,2
4,812,2454,816,1633,4.38,19,24,3,1,0,2
6,841,1935,723,1388,5.34,19,24,3,1,0,2
1,1158,1897,843,1528,5.57,19,24,3,1,0,2
9,1094,1881,814,1488,4.1,19,24,3,1,0,2
3,740,1572,610,1156,5.38,19,24,3,1,0,2
8,1052,1689,759,1370,4.55,19,24,3,1,0,2
5,716,1622,611,1169,5.55,19,24,3,1,0,2
7,728,1655,622,1192,3.39,19,24,3,1,0,2
2,1068,1503,728,1286,5.4,19,24,3,1,0,2
0,1016,1504,707,1260,4.88,19,24,3,1,0,2
4,667,2084,684,1376,3.22,19,24,3,1,0,2
6,915,1793,725,1354,5.64,19,24,3,1,0,2
1,776,2610,832,1693,3.1,19,24,3,1,0,2
9,918,2361,839,1640,4.33,19,24,3,1,0,2
3,951,2682,917,1816,5.36,19,24,3,1,0,2
8,1077,2542,939,1810,5.18,19,24,3,1,0,2
5,1184,1344,742,1264,5.75,19,24,3,1,0,2
7,1197,1835,846,1516,5.57,19,24,3,1,0,2
2,1062,1904,806,1483,3.17,19,24,3,1,0,2
0,1035,1960,806,1498,3.1,19,24,3,1,0,2
4,887,1606,676,1246,5.55,19,24,3,1,0,2
6,1053,2221,865,1637,3.98,19,24,3,1,0,2
1,965,2027,791,1496,4.19,19,24,3,1,0,2
9,677,1289,529,983,3.79,19,24,3,1,0,2
3,989,1909,777,1449,3.93,19,24,3,1,0,2
8,866,2400,826,1633,4.41,20,24,3,1,0,2
5,779,2565,825,1672,5.11,20,24,3,1,0,2
7,833,2207,775,1520,5.02,20,24,3,1,0,2
2,711,2053,695,1382,3.24,20,24,3,1,0,2
0,775,2689,848,1732,5.66,20,24,3,1,0,2
4,860,1674,679,1267,4.79,20,24,3,1,0,2
6,949,1779,735,1364,3.4,20,24,3,1,0,2
1,1133,1012,656,1072,5.64,20,24,3,1,0,2
9,1151,2623,985,1887,4.0,20,24,3,1,0,2
3,1152,2786,1018,1969,3.32,20,24,3,1,0,2
8,863,1654,676,1258,4.34,20,24,3,1,0,2
5,896,1106,580,1001,5.11,20,24,3,1,0,2
7,648,1637,587,1142,4.79,20,24,3,1,0,2
2,860,2771,898,1816,3.96,20,24,3,1,0,2
0,702,1964,674,1333,4.6,20,24,3,1,0,2
4,1108,2236,890,1672,4.48,20,24,3,1,0,2
6,625,1990,648,1308,3.47,20,24,3,1,0,2
1,625,1560,562,1092,4.2,20,24,3,1,0,2
9,982,1497,692,1240,4.24,20,24,3,1,0,2
3,716,1978,682,1347,4.42,20,24,3,1,0,2
8,1069,1269,681,1169,5.47,20,24,3,1,0,2
5,770,1817,671,1294,4.64,20,24,3,1,0,2
7,774,1939,697,1356,3.1,20,24,3,1,0,2
2,705,2400,762,1552,4.84,20,24,3,1,0,2
0,1086,1399,714,1242,4.76,20,24,3,1,0,2
4,839,2534,842,1686,4.32,20,24,3,1,0,2
6,1131,2650,982,1890,4.88,20,24,3,1,0,2
1,1122,2629,975,1876,4.28,20,24,3,1,0,2
9,1196,1505,779,1350,5.47,20,24,3,1,0,2
3,608,2549,753,1578,3.96,20,24,3,1,0,2
8,697,1211,521,954,5.21,20,24,3,1,0,2
5,820,1371,602,1096,4.54,20,24,3,1,0,2
7,1188,2800,1035,1994,4.66,20,24,3,1,0,2
2,1040,1983,813,1512,3.23,20,24,3,1,0,2
0,874,1087,567,980,5.45,20,24,3,1,0,2
4,653,2427,747,1540,3.74,20,24,3,1,0,2
6,614,2350,716,1482,3.11,20,24,3,1,0,2
1,835,1217,577,1026,4.41,20,24,3,1,0,2
9,834,2759,885,1796,3.69,20,24,3,1,0,2
3,1187,1593,793,1390,3.84,20,24,3,1,0,2
8,229,276,147,252,1.78,21,24,3,1,0,2
5,242,384,174,313,2.4,21,24,3,1,0,2
7,310,548,234,429,2.28,21,24,3,1,0,2
2,229,472,186,350,2.29,21,24,3,1,0,2
0,375,167,183,271,1.41,21,24,3,1,0,2
4,378,414,234,396,2.46,21,24,3,1,0,2
6,404,420,246,412,1.34,21,24,3,1,0,2
1,345,370,212,358,1.39,21,24,3,1,0,2
9,221,243,137,232,0.84,21,24,3,1,0,2
3,418,491,265,454,1.37,21,24,3,1,0,2
8,239,299,155,269,1.65,21,24,3,1,0,2
5,460,168,218,314,0.58,21,24,3,1,0,0
7,510,506,305,508,1.83,21,24,3,1,0,2
2,294,212,160,253,1.61,21,24,3,1,0,2
0,184,199,113,192,1.68,21,24,3,1,0,2
4,376,283,207,330,1.57,21,24,3,1,0,2
6,253,251,151,252,1.17,21,24,3,1,0,2
1,206,405,163,306,0.64,21,24,3,1,0,0
9,543,405,298,474,0.89,21,24,3,1,0,2
3,345,373,213,359,0.88,21,24,3,1,0,2
8,394,472,252,433,1.74,21,24,3,1,0,2
5,253,422,186,338,1.53,21,24,3,1,0,2
7,376,294,209,335,1.51,21,24,3,1,0,2
2,376,241,199,308,1.42,21,24,3,1,0,2
0,246,376,174,311,1.62,21,24,3,1,0,2
4,172,154,100,163,1.62,21,24,3,1,0,2
6,210,278,140,244,0.66,21,24,3,1,0,0
1,195,499,178,347,0.57,21,24,3,1,0,0
9,490,528,302,509,0.99,21,24,3,1,0,2
3,302,519,225,410,0.65,21,24,3,1,0,0
8,428,209,213,318,1.1,21,24,3,1,0,2
5,546,538,326,542,0.85,21,24,3,1,0,2
7,532,206,254,369,2.29,21,24,3,1,0,2
2,238,184,132,211,0.65,21,24,3,1,0,0
0,164,423,150,294,0.73,21,24,3,1,0,0
4,467,381,263,424,2.07,21,24,3,1,0,2
6,392,466,250,429,1.3,21,24,3,1,0,2
1,363,245,194,304,2.34,21,24,3,1,0,2
9,162,322,129,242,0.62,21,24,3,1,0,0
3,366,196,186,281,2.35,21,24,3,1,0,2
8,481,219,236,350,2.15,22,24,3,1,0,2
5,545,504,319,524,1.21,22,24,3,1,0,2
7,471,259,240,365,0.81,22,24,3,1,0,2
2,420,257,219,338,1.92,22,24,3,1,0,2
0,310,221,168,266,2.45,22,24,3,1,0,2
4,444,368,251,406,2.08,22,24,3,1,0,2
6,321,197,168,259,1.86,22,24,3,1,0,2
1,523,253,260,388,2.27,22,24,3,1,0,2
9,201,163,113,182,2.41,22,24,3,1,0,2
3,521,430,294,476,1.27,22,24,3,1,0,2
8,380,273,207,326,0.67,22,24,3,1,0,0
5,424,177,205,300,1.56,22,24,3,1,0,2
7,284,289,171,286,1.32,22,24,3,1,0,2
2,243,286,154,264,2.07,22,24,3,1,0,2
0,464,283,242,374,2.3,22,24,3,1,0,2
4,337,301,195,319,1.36,22,24,3,1,0,2
6,344,250,188,297,2.12,22,24,3,1,0,2
1,164,256,117,210,1.07,22,24,3,1,0,2
9,455,184,219,320,1.76,22,24,3,1,0,2
3,176,513,173,344,2.2,22,24,3,1,0,2
8,283,293,172,288,1.93,22,24,3,1,0,2
5,469,517,291,493,0.54,22,24,3,1,0,0
7,175,501,170,338,0.63,22,24,3,1,0,0
2,428,436,258,432,0.68,22,24,3,1,0,0
0,458,370,257,414,2.34,22,24,3,1,0,2
4,349,356,211,352,1.3,22,24,3,1,0,2
6,247,345,168,296,0.61,22,24,3,1,0,0
1,304,163,154,234,1.06,22,24,3,1,0,2
9,334,234,180,284,1.96,22,24,3,1,0,2
3,545,203,259,374,1.01,22,24,3,1,0,2
8,378,426,236,402,2.11,22,24,3,1,0,2
5,471,169,222,320,2.1,22,24,3,1,0,2
7,476,523,295,500,2.0,22,24,3,1,0,2
2,183,438,161,310,1.23,22,24,3,1,0,2
0,494,293,256,394,0.76,22,24,3,1,0,2
4,419,451,258,435,1.15,22,24,3,1,0,2
6,500,402,280,451,0.67,22,24,3,1,0,0
1,208,281,139,244,0.83,22,24,3,1,0,2
9,527,545,320,536,0.58,22,24,3,1,0,0
3,451,173,215,312,1.76,22,24,3,1,0,2
8,478,534,298,506,0.94,23,24,3,1,0,2
5,188,302,136,245,1.74,23,24,3,1,0,2
7,419,332,234,376,2.5,23,24,3,1,0,2
2,275,231,156,253,0.63,23,24,3,1,0,0
0,506,328,268,417,2.12,23,24,3,1,0,2
4,533,432,300,482,1.16,23,24,3,1,0,2
6,331,300,192,316,1.84,23,24,3,1,0,2
1,458,483,280,470,0.93,23,24,3,1,0,2
9,325,392,208,358,1.9,23,24,3,1,0,2
3,517,525,312,521,1.2,23,24,3,1,0,2
8,308,153,154,230,1.68,23,24,3,1,0,2
5,468,313,250,390,0.73,23,24,3,1,0,0
7,425,260,222,342,1.99,23,24,3,1,0,2
2,214,378,161,296,1.58,23,24,3,1,0,2
0,509,433,290,471,2.2,23,24,3,1,0,2
4,540,202,256,371,0.61,23,24,3,1,0,0
6,517,548,316,532,0.88,23,24,3,1,0,2
1,509,214,246,362,0.56,23,24,3,1,0,0
9,496,441,287,468,0.98,23,24,3,1,0,2
3,222,439,177,330,1.58,23,24,3,1,0,2
8,342,152,167,247,1.92,23,24,3,1,0,2
5,268,351,177,310,0.68,23,24,3,1,0,0
7,325,385,207,355,2.24,23,24,3,1,0,2
2,358,345,212,352,1.85,23,24,3,1,0,2
0,529,430,298,480,1.93,23,24,3,1,0,2
4,460,463,277,462,1.48,23,24,3,1,0,2
6,515,284,263,400,0.83,23,24,3,1,0,2
1,308,317,187,312,0.98,23,24,3,1,0,2
9,450,499,280,474,1.99,23,24,3,1,0,2
3,340,165,169,252,1.51,23,24,3,1,0,2
8,169,510,170,340,0.51,23,24,3,1,0,0
5,463,246,234,354,1.75,23,24,3,1,0,2
7,441,489,274,465,1.13,23,24,3,1,0,2
2,434,439,261,436,1.6,23,24,3,1,0,2
0,493,524,302,508,1.41,23,24,3,1,0,2
4,513,476,300,494,2.47,23,24,3,1,0,2
6,279,390,190,334,1.75,23,24,3,1,0,2
1,394,385,235,390,0.98,23,24,3,1,0,2
9,448,246,228,347,2.07,23,24,3,1,0,2
3,296,216,162,256,0.54,23,24,3,1,0,0
8,0,0,0,0,0.0,0,25,3,2,0,1
5,0,0,0,0,0.0,0,25,3,2,0,1
7,0,0,0,0,0.0,0,25,3,2,0,1
2,0,0,0,0,0.0,0,25,3,2,0,1
0,0,0,0,0,0.0,0,25,3,2,0,1
4,0,0,0,0,0.0,0,25,3,2,0,1
6,0,0,0,0,0.0,0,25,3,2,0,1
1,0,0,0,0,0.0,0,25,3,2,0,1
9,0,0,0,0,0.0,0,25,3,2,0,1
3,0,0,0,0,0.0,0,25,3,2,0,1
8,0,0,0,0,0.0,0,25,3,2,0,1
5,0,0,0,0,0.0,0,25,3,2,0,1
7,0,0,0,0,0.0,0,25,3,2,0,1
2,0,0,0,0,0.0,0,25,3,2,0,1
0,0,0,0,0,0.0,0,25,3,2,0,1
4,0,0,0,0,0.0,0,25,3,2,0,1
6,0,0,0,0,0.0,0,25,3,2,0,1
1,0,0,0,0,0.0,0,25,3,2,0,1
9,0,0,0,0,0.0,0,25,3,2,0,1
3,0,0,0,0,0.0,0,25,3,2,0,1
8,0,0,0,0,0.0,0,25,3,2,0,1
5,0,0,0,0,0.0,0,25,3,2,0,1
7,0,0,0,0,0.0,0,25,3,2,0,1
2,0,0,0,0,0.0,0,25,3,2,0,1
0,0,0,0,0,0.0,0,25,3,2,0,1
4,0,0,0,0,0.0,0,25,3,2,0,1
6,0,0,0,0,0.0,0,25,3,2,0,1
1,0,0,0,0,0.0,0,25,3,2,0,1
9,0,0,0,0,0.0,0,25,3,2,0,1
3,0,0,0,0,0.0,0,25,3,2,0,1
8,0,0,0,0,0.0,0,25,3,2,0,1
5,0,0,0,0,0.0,0,25,3,2,0,1
7,0,0,0,0,0.0,0,25,3,2,0,1
2,0,0,0,0,0.0,0,25,3,2,0,1
0,0,0,0,0,0.0,0,25,3,2,0,1
4,0,0,0,0,0.0,0,25,3,2,0,1
6,0,0,0,0,0.0,0,25,3,2,0,1
1,0,0,0,0,0.0,0,25,3,2,0,1
9,0,0,0,0,0.0,0,25,3,2,0,1
3,0,0,0,0,0.0,0,25,3,2,0,1
8,0,0,0,0,0.0,1,25,3,2,0,1
5,0,0,0,0,0.0,1,25,3,2,0,1
7,0,0,0,0,0.0,1,25,3,2,0,1
2,0,0,0,0,0.0,1,25,3,2,0,1
0,0,0,0,0,0.0,1,25,3,2,0,1
4,0,0,0,0,0.0,1,25,3,2,0,1
6,0,0,0,0,0.0,1,25,3,2,0,1
1,0,0,0,0,0.0,1,25,3,2,0,1
9,0,0,0,0,0.0,1,25,3,2,0,1
3,0,0,0,0,0.0,1,25,3,2,0,1
8,0,0,0,0,0.0,1,25,3,2,0,1
5,0,0,0,0,0.0,1,25,3,2,0,1
7,0,0,0,0,0.0,1,25,3,2,0,1
2,0,0,0,0,0.0,1,25,3,2,0,1
0,0,0,0,0,0.0,1,25,3,2,0,1
4,0,0,0,0,0.0,1,25,3,2,0,1
6,0,0,0,0,0.0,1,25,3,2,0,1
1,0,0,0,0,0.0,1,25,3,2,0,1
9,0,0,0,0,0.0,1,25,3,2,0,1
3,0,0,0,0,0.0,1,25,3,2,0,1
8,0,0,0,0,0.0,1,25,3,2,0,1
5,0,0,0,0,0.0,1,25,3,2,0,1
7,0,0,0,0,0.0,1,25,3,2,0,1
2,0,0,0,0,0.0,1,25,3,2,0,1
0,0,0,0,0,0.0,1,25,3,2,0,1
4,0,0,0,0,0.0,1,25,3,2,0,1
6,0,0,0,0,0.0,1,25,3,2,0,1
1,0,0,0,0,0.0,1,25,3,2,0,1
9,0,0,0,0,0.0,1,25,3,2,0,1
3,0,0,0,0,0.0,1,25,3,2,0,1
8,0,0,0,0,0.0,1,25,3,2,0,1
5,0,0,0,0,0.0,1,25,3,2,0,1
7,0,0,0,0,0.0,1,25,3,2,0,1
2,0,0,0,0,0.0,1,25,3,2,0,1
0,0,0,0,0,0.0,1,25,3,2,0,1
4,0,0,0,0,0.0,1,25,3,2,0,1
6,0,0,0,0,0.0,1,25,3,2,0,1
1,0,0,0,0,0.0,1,25,3,2,0,1
9,0,0,0,0,0.0,1,25,3,2,0,1
3,0,0,0,0,0.0,1,25,3,2,0,1
8,0,0,0,0,0.0,2,25,3,2,0,1
5,0,0,0,0,0.0,2,25,3,2,0,1
7,0,0,0,0,0.0,2,25,3,2,0,1
2,0,0,0,0,0.0,2,25,3,2,0,1
0,0,0,0,0,0.0,2,25,3,2,0,1
4,0,0,0,0,0.0,2,25,3,2,0,1
6,0,0,0,0,0.0,2,25,3,2,0,1
1,0,0,0,0,0.0,2,25,3,2,0,1
9,0,0,0,0,0.0,2,25,3,2,0,1
3,0,0,0,0,0.0,2,25,3,2,0,1
8,0,0,0,0,0.0,2,25,3,2,0,1
5,0,0,0,0,0.0,2,25,3,2,0,1
7,0,0,0,0,0.0,2,25,3,2,0,1
2,0,0,0,0,0.0,2,25,3,2,0,1
0,0,0,0,0,0.0,2,25,3,2,0,1
4,0,0,0,0,0.0,2,25,3,2,0,1
6,0,0,0,0,0.0,2,25,3,2,0,1
1,0,0,0,0,0.0,2,25,3,2,0,1
9,0,0,0,0,0.0,2,25,3,2,0,1
3,0,0,0,0,0.0,2,25,3,2,0,1
8,0,0,0,0,0.0,2,25,3,2,0,1
5,0,0,0,0,0.0,2,25,3,2,0,1
7,0,0,0,0,0.0,2,25,3,2,0,1
2,0,0,0,0,0.0,2,25,3,2,0,1
0,0,0,0,0,0.0,2,25,3,2,0,1
4,0,0,0,0,0.0,2,25,3,2,0,1
6,0,0,0,0,0.0,2,25,3,2,0,1
1,0,0,0,0,0.0,2,25,3,2,0,1
9,0,0,0,0,0.0,2,25,3,2,0,1
3,0,0,0,0,0.0,2,25,3,2,0,1
8,0,0,0,0,0.0,2,25,3,2,0,1
5,0,0,0,0,0.0,2,25,3,2,0,1
7,0,0,0,0,0.0,2,25,3,2,0,1
2,0,0,0,0,0.0,2,25,3,2,0,1
0,0,0,0,0,0.0,2,25,3,2,0,1
4,0,0,0,0,0.0,2,25,3,2,0,1
6,0,0,0,0,0.0,2,25,3,2,0,1
1,0,0,0,0,0.0,2,25,3,2,0,1
9,0,0,0,0,0.0,2,25,3,2,0,1
3,0,0,0,0,0.0,2,25,3,2,0,1
8,0,0,0,0,0.0,3,25,3,2,0,1
5,0,0,0,0,0.0,3,25,3,2,0,1
7,0,0,0,0,0.0,3,25,3,2,0,1
2,0,0,0,0,0.0,3,25,3,2,0,1
0,0,0,0,0,0.0,3,25,3,2,0,1
4,0,0,0,0,0.0,3,25,3,2,0,1
6,0,0,0,0,0.0,3,25,3,2,0,1
1,0,0,0,0,0.0,3,25,3,2,0,1
9,0,0,0,0,0.0,3,25,3,2,0,1
3,0,0,0,0,0.0,3,25,3,2,0,1
8,0,0,0,0,0.0,3,25,3,2,0,1
5,0,0,0,0,0.0,3,25,3,2,0,1
7,0,0,0,0,0.0,3,25,3,2,0,1
2,0,0,0,0,0.0,3,25,3,2,0,1
0,0,0,0,0,0.0,3,25,3,2,0,1
4,0,0,0,0,0.0,3,25,3,2,0,1
6,0,0,0,0,0.0,3,25,3,2,0,1
1,0,0,0,0,0.0,3,25,3,2,0,1
9,0,0,0,0,0.0,3,25,3,2,0,1
3,0,0,0,0,0.0,3,25,3,2,0,1
8,0,0,0,0,0.0,3,25,3,2,0,1
5,0,0,0,0,0.0,3,25,3,2,0,1
7,0,0,0,0,0.0,3,25,3,2,0,1
2,0,0,0,0,0.0,3,25,3,2,0,1
0,0,0,0,0,0.0,3,25,3,2,0,1
4,0,0,0,0,0.0,3,25,3,2,0,1
6,0,0,0,0,0.0,3,25,3,2,0,1
1,0,0,0,0,0.0,3,25,3,2,0,1
9,0,0,0,0,0.0,3,25,3,2,0,1
3,0,0,0,0,0.0,3,25,3,2,0,1
8,0,0,0,0,0.0,3,25,3,2,0,1
5,0,0,0,0,0.0,3,25,3,2,0,1
7,0,0,0,0,0.0,3,25,3,2,0,1
2,0,0,0,0,0.0,3,25,3,2,0,1
0,0,0,0,0,0.0,3,25,3,2,0,1
4,0,0,0,0,0.0,3,25,3,2,0,1
6,0,0,0,0,0.0,3,25,3,2,0,1
1,0,0,0,0,0.0,3,25,3,2,0,1
9,0,0,0,0,0.0,3,25,3,2,0,1
3,0,0,0,0,0.0,3,25,3,2,0,1
8,0,0,0,0,0.0,4,25,3,2,0,1
5,0,0,0,0,0.0,4,25,3,2,0,1
7,0,0,0,0,0.0,4,25,3,2,0,1
2,0,0,0,0,0.0,4,25,3,2,0,1
0,0,0,0,0,0.0,4,25,3,2,0,1
4,0,0,0,0,0.0,4,25,3,2,0,1
6,0,0,0,0,0.0,4,25,3,2,0,1
1,0,0,0,0,0.0,4,25,3,2,0,1
9,0,0,0,0,0.0,4,25,3,2,0,1
3,0,0,0,0,0.0,4,25,3,2,0,1
8,0,0,0,0,0.0,4,25,3,2,0,1
5,0,0,0,0,0.0,4,25,3,2,0,1
7,0,0,0,0,0.0,4,25,3,2,0,1
2,0,0,0,0,0.0,4,25,3,2,0,1
0,0,0,0,0,0.0,4,25,3,2,0,1
4,0,0,0,0,0.0,4,25,3,2,0,1
6,0,0,0,0,0.0,4,25,3,2,0,1
1,0,0,0,0,0.0,4,25,3,2,0,1
9,0,0,0,0,0.0,4,25,3,2,0,1
3,0,0,0,0,0.0,4,25,3,2,0,1
8,0,0,0,0,0.0,4,25,3,2,0,1
5,0,0,0,0,0.0,4,25,3,2,0,1
7,0,0,0,0,0.0,4,25,3,2,0,1
2,0,0,0,0,0.0,4,25,3,2,0,1
0,0,0,0,0,0.0,4,25,3,2,0,1
4,0,0,0,0,0.0,4,25,3,2,0,1
6,0,0,0,0,0.0,4,25,3,2,0,1
1,0,0,0,0,0.0,4,25,3,2,0,1
9,0,0,0,0,0.0,4,25,3,2,0,1
3,0,0,0,0,0.0,4,25,3,2,0,1
8,0,0,0,0,0.0,4,25,3,2,0,1
5,0,0,0,0,0.0,4,25,3,2,0,1
7,0,0,0,0,0.0,4,25,3,2,0,1
2,0,0,0,0,0.0,4,25,3,2,0,1
0,0,0,0,0,0.0,4,25,3,2,0,1
4,0,0,0,0,0.0,4,25,3,2,0,1
6,0,0,0,0,0.0,4,25,3,2,0,1
1,0,0,0,0,0.0,4,25,3,2,0,1
9,0,0,0,0,0.0,4,25,3,2,0,1
3,0,0,0,0,0.0,4,25,3,2,0,1
8,0,0,0,0,0.0,5,25,3,2,0,1
5,0,0,0,0,0.0,5,25,3,2,0,1
7,0,0,0,0,0.0,5,25,3,2,0,1
2,0,0,0,0,0.0,5,25,3,2,0,1
0,0,0,0,0,0.0,5,25,3,2,0,1
4,0,0,0,0,0.0,5,25,3,2,0,1
6,0,0,0,0,0.0,5,25,3,2,0,1
1,0,0,0,0,0.0,5,25,3,2,0,1
9,0,0,0,0,0.0,5,25,3,2,0,1
3,0,0,0,0,0.0,5,25,3,2,0,1
8,0,0,0,0,0.0,5,25,3,2,0,1
5,0,0,0,0,0.0,5,25,3,2,0,1
7,0,0,0,0,0.0,5,25,3,2,0,1
2,0,0,0,0,0.0,5,25,3,2,0,1
0,0,0,0,0,0.0,5,25,3,2,0,1
4,0,0,0,0,0.0,5,25,3,2,0,1
6,0,0,0,0,0.0,5,25,3,2,0,1
1,0,0,0,0,0.0,5,25,3,2,0,1
9,0,0,0,0,0.0,5,25,3,2,0,1
3,0,0,0,0,0.0,5,25,3,2,0,1
8,0,0,0,0,0.0,5,25,3,2,0,1
5,0,0,0,0,0.0,5,25,3,2,0,1
7,0,0,0,0,0.0,5,25,3,2,0,1
2,0,0,0,0,0.0,5,25,3,2,0,1
0,0,0,0,0,0.0,5,25,3,2,0,1
4,0,0,0,0,0.0,5,25,3,2,0,1
6,0,0,0,0,0.0,5,25,3,2,0,1
1,0,0,0,0,0.0,5,25,3,2,0,1
9,0,0,0,0,0.0,5,25,3,2,0,1
3,0,0,0,0,0.0,5,25,3,2,0,1
8,0,0,0,0,0.0,5,25,3,2,0,1
5,0,0,0,0,0.0,5,25,3,2,0,1
7,0,0,0,0,0.0,5,25,3,2,0,1
2,0,0,0,0,0.0,5,25,3,2,0,1
0,0,0,0,0,0.0,5,25,3,2,0,1
4,0,0,0,0,0.0,5,25,3,2,0,1
6,0,0,0,0,0.0,5,25,3,2,0,1
1,0,0,0,0,0.0,5,25,3,2,0,1
9,0,0,0,0,0.0,5,25,3,2,0,1
3,0,0,0,0,0.0,5,25,3,2,0,1
8,389,410,238,400,0.7,6,25,3,2,0,0
5,511,500,304,506,1.23,6,25,3,2,0,2
7,438,329,241,384,1.18,6,25,3,2,0,2
2,504,482,298,493,1.19,6,25,3,2,0,2
0,192,485,174,338,2.18,6,25,3,2,0,2
4,505,336,269,420,0.92,6,25,3,2,0,2
6,389,395,235,392,1.42,6,25,3,2,0,2
1,405,444,251,424,1.14,6,25,3,2,0,2
9,429,520,276,474,2.12,6,25,3,2,0,2
3,189,155,107,172,0.7,6,25,3,2,0,0
8,503,342,270,422,2.5,6,25,3,2,0,2
5,410,178,200,294,0.56,6,25,3,2,0,0
7,230,478,188,354,1.49,6,25,3,2,0,2
2,272,160,141,216,1.72,6,25,3,2,0,2
0,335,194,173,264,2.05,6,25,3,2,0,2
4,447,191,217,319,0.64,6,25,3,2,0,0
6,406,363,235,384,2.18,6,25,3,2,0,2
1,257,184,140,220,1.62,6,25,3,2,0,2
9,317,483,223,400,0.94,6,25,3,2,0,2
3,245,425,183,335,1.17,6,25,3,2,0,2
8,434,462,266,448,2.0,6,25,3,2,0,2
5,519,410,290,464,0.58,6,25,3,2,0,0
7,432,258,224,345,2.33,6,25,3,2,0,2
2,474,451,280,462,1.07,6,25,3,2,0,2
0,184,517,177,350,1.97,6,25,3,2,0,2
4,287,532,221,410,0.73,6,25,3,2,0,0
6,223,174,124,198,1.62,6,25,3,2,0,2
1,262,495,204,378,0.61,6,25,3,2,0,0
9,419,262,220,340,1.96,6,25,3,2,0,2
3,448,481,275,464,2.45,6,25,3,2,0,2
8,226,458,182,342,1.15,6,25,3,2,0,2
5,422,519,273,470,2.26,6,25,3,2,0,2
7,269,414,190,342,1.92,6,25,3,2,0,2
2,306,534,229,420,0.97,6,25,3,2,0,2
0,408,471,257,440,1.94,6,25,3,2,0,2
4,357,163,175,260,0.98,6,25,3,2,0,2
6,187,372,149,280,2.24,6,25,3,2,0,2
1,236,384,171,310,1.73,6,25,3,2,0,2
9,277,364,184,320,0.64,6,25,3,2,0,0
3,427,191,209,309,0.93,6,25,3,2,0,2
8,535,219,258,377,1.39,7,25,3,2,0,2
5,439,253,226,346,1.32,7,25,3,2,0,2
7,438,328,241,383,0.83,7,25,3,2,0,2
2,509,295,263,402,0.71,7,25,3,2,0,0
0,529,318,275,424,1.5,7,25,3,2,0,2
4,182,351,143,266,1.74,7,25,3,2,0,2
6,322,274,184,298,0.98,7,25,3,2,0,2
1,448,160,211,304,2.2,7,25,3,2,0,2
9,462,218,228,340,1.15,7,25,3,2,0,2
3,505,284,259,394,2.31,7,25,3,2,0,2
8,311,318,188,314,1.64,7,25,3,2,0,2
5,289,384,192,336,1.39,7,25,3,2,0,2
7,165,431,152,298,2.44,7,25,3,2,0,2
2,242,357,168,300,0.98,7,25,3,2,0,2
0,331,512,235,422,0.95,7,25,3,2,0,2
4,340,253,187,296,1.26,7,25,3,2,0,2
6,163,532,172,348,1.19,7,25,3,2,0,2
1,428,498,271,463,2.09,7,25,3,2,0,2
9,459,509,285,484,0.78,7,25,3,2,0,2
3,442,544,286,493,1.85,7,25,3,2,0,2
8,233,270,147,252,1.18,7,25,3,2,0,2
5,512,463,297,488,2.41,7,25,3,2,0,2
7,507,233,249,370,1.81,7,25,3,2,0,2
2,243,429,183,336,1.49,7,25,3,2,0,2
0,159,211,106,185,1.09,7,25,3,2,0,2
4,378,530,257,454,1.77,7,25,3,2,0,2
6,478,485,288,482,0.73,7,25,3,2,0,0
1,277,407,192,342,1.43,7,25,3,2,0,2
9,425,186,207,306,0.6,7,25,3,2,0,0
3,156,243,111,200,1.32,7,25,3,2,0,2
8,293,374,192,334,1.45,7,25,3,2,0,2
5,343,194,176,268,0.65,7,25,3,2,0,0
7,546,526,324,536,0.63,7,25,3,2,0,0
2,244,373,172,308,1.14,7,25,3,2,0,2
0,530,254,263,392,1.68,7,25,3,2,0,2
4,389,216,199,302,0.8,7,25,3,2,0,2
6,323,209,171,266,2.04,7,25,3,2,0,2
1,357,481,239,419,1.01,7,25,3,2,0,2
9,282,348,182,315,1.09,7,25,3,2,0,2
3,416,335,233,376,0.6,7,25,3,2,0,0
8,962,623,509,792,3.06,8,25,3,2,0,2
5,2201,720,1024,1460,4.32,8,25,3,2,0,2
7,1437,929,761,1183,4.29,8,25,3,2,0,2
2,1744,497,797,1120,4.35,8,25,3,2,0,2
0,2337,905,1116,1621,3.87,8,25,3,2,0,2
4,1764,461,798,1112,3.32,8,25,3,2,0,2
6,1664,432,752,1048,4.93,8,25,3,2,0,2
1,1140,819,620,980,3.3,8,25,3,2,0,2
9,1453,828,747,1140,3.76,8,25,3,2,0,2
3,1472,745,738,1108,4.76,8,25,3,2,0,2
8,1053,510,523,782,4.36,8,25,3,2,0,2
5,1751,655,831,1203,3.01,8,25,3,2,0,2
7,908,830,529,869,3.3,8,25,3,2,0,2
2,1813,994,924,1404,3.65,8,25,3,2,0,2
0,1839,416,819,1128,4.72,8,25,3,2,0,2
4,1015,802,566,908,4.96,8,25,3,2,0,2
6,1552,472,715,1012,3.75,8,25,3,2,0,2
1,1203,540,589,872,3.59,8,25,3,2,0,2
9,2136,520,958,1328,4.93,8,25,3,2,0,2
3,2493,595,1116,1544,5.58,8,25,3,2,0,2
8,1654,848,831,1251,3.45,8,25,3,2,0,2
5,1532,870,787,1201,4.2,8,25,3,2,0,2
7,848,635,466,742,4.77,8,25,3,2,0,2
2,1095,990,636,1042,4.1,8,25,3,2,0,2
0,1023,442,498,732,5.55,8,25,3,2,0,2
4,1247,710,641,978,5.3,8,25,3,2,0,2
6,2473,767,1143,1620,5.51,8,25,3,2,0,2
1,1084,640,562,862,3.05,8,25,3,2,0,2
9,2137,941,1043,1539,4.94,8,25,3,2,0,2
3,927,524,476,726,4.39,8,25,3,2,0,2
8,906,975,557,940,4.05,8,25,3,2,0,2
5,1323,759,681,1041,3.84,8,25,3,2,0,2
7,1204,911,664,1058,5.45,8,25,3,2,0,2
2,831,432,419,632,3.12,8,25,3,2,0,2
0,2391,784,1113,1588,4.49,8,25,3,2,0,2
4,1071,945,617,1008,3.07,8,25,3,2,0,2
6,2070,651,958,1360,4.0,8,25,3,2,0,2
1,2020,828,974,1424,5.74,8,25,3,2,0,2
9,2427,898,1150,1662,5.28,8,25,3,2,0,2
3,1668,447,757,1058,3.58,8,25,3,2,0,2
8,841,934,523,888,5.28,9,25,3,2,0,2
5,2249,995,1099,1622,3.85,9,25,3,2,0,2
7,2015,575,921,1295,5.57,9,25,3,2,0,2
2,2381,778,1108,1580,5.38,9,25,3,2,0,2
0,1944,464,870,1204,3.23,9,25,3,2,0,2
4,1638,899,835,1268,4.17,9,25,3,2,0,2
6,1135,652,584,894,4.53,9,25,3,2,0,2
1,1858,457,835,1158,3.51,9,25,3,2,0,2
9,859,969,537,914,3.33,9,25,3,2,0,2
3,2137,435,942,1286,4.71,9,25,3,2,0,2
8,2320,686,1065,1503,3.23,9,25,3,2,0,2
5,1356,522,647,939,4.62,9,25,3,2,0,2
7,1868,408,829,1138,4.6,9,25,3,2,0,2
2,2023,482,906,1252,4.75,9,25,3,2,0,2
0,1745,928,884,1336,4.94,9,25,3,2,0,2
4,1913,436,852,1174,3.05,9,25,3,2,0,2
6,1892,966,950,1429,4.09,9,25,3,2,0,2
1,810,499,424,654,4.69,9,25,3,2,0,2
9,1075,608,552,842,4.28,9,25,3,2,0,2
3,1281,654,643,968,3.56,9,25,3,2,0,2
8,1593,600,757,1096,4.81,9,25,3,2,0,2
5,2052,434,908,1243,3.0,9,25,3,2,0,2
7,2326,463,1023,1394,4.07,9,25,3,2,0,2
2,1696,912,861,1304,3.8,9,25,3,2,0,2
0,1031,747,562,889,4.33,9,25,3,2,0,2
4,1364,844,714,1104,3.35,9,25,3,2,0,2
6,1148,866,632,1007,5.03,9,25,3,2,0,2
1,827,899,511,863,5.42,9,25,3,2,0,2
9,965,465,479,715,4.21,9,25,3,2,0,2
3,861,745,493,803,4.62,9,25,3,2,0,2
8,821,798,488,810,3.25,9,25,3,2,0,2
5,1246,591,617,918,5.72,9,25,3,2,0,2
7,1604,643,770,1124,5.16,9,25,3,2,0,2
2,1463,592,704,1028,5.19,9,25,3,2,0,2
0,1514,944,794,1229,5.42,9,25,3,2,0,2
4,1084,956,625,1020,4.29,9,25,3,2,0,2
6,808,713,466,760,4.5,9,25,3,2,0,2
1,1465,728,732,1096,4.26,9,25,3,2,0,2
9,1478,994,790,1236,4.25,9,25,3,2,0,2
3,1221,773,643,997,5.27,9,25,3,2,0,2
8,850,653,471,752,5.08,10,25,3,2,0,2
5,1984,596,913,1290,4.75,10,25,3,2,0,2
7,1437,951,765,1194,4.49,10,25,3,2,0,2
2,2273,639,1037,1456,3.83,10,25,3,2,0,2
0,1183,978,669,1080,5.65,10,25,3,2,0,2
4,1957,739,931,1348,4.38,10,25,3,2,0,2
6,1570,466,721,1018,3.1,10,25,3,2,0,2
1,1485,418,678,952,3.7,10,25,3,2,0,2
9,1582,664,766,1123,4.64,10,25,3,2,0,2
3,1395,552,668,974,3.74,10,25,3,2,0,2
8,1541,638,744,1090,3.2,10,25,3,2,0,2
5,2057,420,907,1238,4.45,10,25,3,2,0,2
7,1514,596,725,1055,5.51,10,25,3,2,0,2
2,1160,478,560,819,3.98,10,25,3,2,0,2
0,1876,890,928,1383,3.29,10,25,3,2,0,2
4,2189,986,1073,1588,3.45,10,25,3,2,0,2
6,1599,485,737,1042,5.57,10,25,3,2,0,2
1,1372,583,665,978,4.26,10,25,3,2,0,2
9,1882,880,929,1381,3.09,10,25,3,2,0,2
3,1320,747,677,1034,4.5,10,25,3,2,0,2
8,2393,810,1119,1602,3.08,10,25,3,2,0,2
5,994,466,491,730,3.17,10,25,3,2,0,2
7,1929,455,863,1192,3.03,10,25,3,2,0,2
2,1980,729,938,1354,4.18,10,25,3,2,0,2
0,1276,921,695,1098,5.36,10,25,3,2,0,2
4,961,419,468,690,4.88,10,25,3,2,0,2
6,2370,731,1094,1550,4.55,10,25,3,2,0,2
1,1817,757,878,1287,4.24,10,25,3,2,0,2
9,1824,547,839,1186,3.68,10,25,3,2,0,2
3,869,845,517,857,5.2,10,25,3,2,0,2
8,1858,813,906,1336,5.52,10,25,3,2,0,2
5,1913,797,925,1355,3.81,10,25,3,2,0,2
7,935,866,547,900,3.89,10,25,3,2,0,2
2,1812,655,856,1234,5.42,10,25,3,2,0,2
0,1431,752,723,1092,5.25,10,25,3,2,0,2
4,2340,961,1128,1650,3.64,10,25,3,2,0,2
6,2437,789,1133,1613,3.93,10,25,3,2,0,2
1,840,875,511,858,4.79,10,25,3,2,0,2
9,1555,404,703,980,3.89,10,25,3,2,0,2
3,838,687,473,762,3.92,10,25,3,2,0,2
8,225,455,181,340,0.88,11,25,3,2,0,2
5,192,389,155,290,1.8,11,25,3,2,0,2
7,369,538,255,454,0.88,11,25,3,2,0,2
2,447,239,227,343,0.96,11,25,3,2,0,2
0,313,485,222,399,1.07,11,25,3,2,0,2
4,374,530,256,452,0.64,11,25,3,2,0,0
6,253,454,192,354,0.55,11,25,3,2,0,0
1,192,276,132,234,1.51,11,25,3,2,0,2
9,231,511,195,371,1.82,11,25,3,2,0,2
3,391,524,261,458,1.71,11,25,3,2,0,2
8,483,265,246,374,1.08,11,25,3,2,0,2
5,313,250,175,282,1.94,11,25,3,2,0,2
7,525,248,260,386,1.58,11,25,3,2,0,2
2,277,508,212,392,1.83,11,25,3,2,0,2
0,413,375,240,394,1.18,11,25,3,2,0,2
4,442,254,228,348,1.9,11,25,3,2,0,2
6,475,279,246,377,1.76,11,25,3,2,0,2
1,310,327,189,318,1.71,11,25,3,2,0,2
9,243,213,140,228,1.5,11,25,3,2,0,2
3,490,202,236,346,2.48,11,25,3,2,0,2
8,421,436,256,428,2.08,11,25,3,2,0,2
5,188,540,183,364,1.57,11,25,3,2,0,2
7,446,293,237,370,2.02,11,25,3,2,0,2
2,241,509,198,375,0.54,11,25,3,2,0,0
0,169,457,159,313,0.93,11,25,3,2,0,2
4,310,309,186,310,1.85,11,25,3,2,0,2
6,519,170,242,344,0.71,11,25,3,2,0,0
1,374,248,199,311,2.26,11,25,3,2,0,2
9,201,423,165,312,0.73,11,25,3,2,0,0
3,294,389,195,342,2.14,11,25,3,2,0,2
8,232,227,138,230,1.16,11,25,3,2,0,2
5,228,543,200,386,0.86,11,25,3,2,0,2
7,389,161,188,275,1.22,11,25,3,2,0,2
2,547,215,262,381,2.28,11,25,3,2,0,2
0,188,159,107,174,0.78,11,25,3,2,0,2
4,245,490,196,368,0.67,11,25,3,2,0,0
6,508,531,309,520,1.97,11,25,3,2,0,2
1,481,180,228,330,1.97,11,25,3,2,0,2
9,359,169,177,264,0.64,11,25,3,2,0,0
3,417,474,262,446,0.74,11,25,3,2,0,0
8,464,265,239,364,0.67,12,25,3,2,0,0
5,190,255,127,222,1.91,12,25,3,2,0,2
7,210,521,188,366,2.09,12,25,3,2,0,2
2,484,307,255,396,2.25,12,25,3,2,0,2
0,355,524,247,440,1.84,12,25,3,2,0,2
4,224,181,126,202,1.54,12,25,3,2,0,2
6,259,333,170,296,2.05,12,25,3,2,0,2
1,339,455,227,397,1.96,12,25,3,2,0,2
9,297,324,184,310,1.68,12,25,3,2,0,2
3,380,301,212,340,1.54,12,25,3,2,0,2
8,492,187,234,340,1.49,12,25,3,2,0,2
5,150,228,106,189,2.15,12,25,3,2,0,2
7,294,155,149,224,2.22,12,25,3,2,0,2
2,207,301,143,254,1.88,12,25,3,2,0,2
0,190,417,159,304,1.15,12,25,3,2,0,2
4,286,462,207,374,0.58,12,25,3,2,0,0
6,307,315,186,311,2.11,12,25,3,2,0,2
1,509,328,269,418,2.41,12,25,3,2,0,2
9,321,158,160,240,2.22,12,25,3,2,0,2
3,489,231,242,360,1.44,12,25,3,2,0,2
8,501,346,270,424,1.76,12,25,3,2,0,2
5,408,278,219,343,0.67,12,25,3,2,0,0
7,233,482,190,358,2.11,12,25,3,2,0,2
2,462,545,294,504,1.8,12,25,3,2,0,2
0,272,454,200,363,1.41,12,25,3,2,0,2
4,197,541,187,369,2.45,12,25,3,2,0,2
6,245,463,191,354,1.59,12,25,3,2,0,2
1,346,464,231,405,0.66,12,25,3,2,0,0
9,526,340,278,433,0.65,12,25,3,2,0,0
3,199,537,187,368,1.39,12,25,3,2,0,2
8,339,473,230,406,0.96,12,25,3,2,0,2
5,380,258,204,319,2.39,12,25,3,2,0,2
7,335,360,206,348,2.47,12,25,3,2,0,2
2,469,388,265,428,1.09,12,25,3,2,0,2
0,381,533,259,457,1.56,12,25,3,2,0,2
4,187,386,152,286,0.9,12,25,3,2,0,2
6,248,474,194,361,2.37,12,25,3,2,0,2
1,176,458,162,317,2.3,12,25,3,2,0,2
9,456,441,271,448,2.05,12,25,3,2,0,2
3,312,428,210,370,1.41,12,25,3,2,0,2
8,291,351,187,321,2.41,13,25,3,2,0,2
5,548,337,287,442,1.34,13,25,3,2,0,2
7,217,461,179,339,1.43,13,25,3,2,0,2
2,253,245,150,249,2.21,13,25,3,2,0,2
0,241,495,195,368,0.6,13,25,3,2,0,0
4,401,231,207,316,2.05,13,25,3,2,0,2
6,486,373,269,430,2.16,13,25,3,2,0,2
1,170,426,153,298,1.98,13,25,3,2,0,2
9,192,258,128,225,2.27,13,25,3,2,0,2
3,387,460,247,424,1.6,13,25,3,2,0,2
8,331,313,195,322,0.59,13,25,3,2,0,0
5,229,248,141,238,2.25,13,25,3,2,0,2
7,441,439,264,440,0.77,13,25,3,2,0,2
2,178,170,105,174,1.87,13,25,3,2,0,2
0,155,520,166,338,1.39,13,25,3,2,0,2
4,464,326,251,395,1.39,13,25,3,2,0,2
6,269,521,212,395,0.62,13,25,3,2,0,0
1,174,414,152,294,1.8,13,25,3,2,0,2
9,472,368,262,420,1.49,13,25,3,2,0,2
3,161,475,159,318,0.75,13,25,3,2,0,2
8,220,242,136,231,1.39,13,25,3,2,0,2
5,319,450,218,384,2.49,13,25,3,2,0,2
7,306,463,215,384,0.67,13,25,3,2,0,0
2,536,535,321,536,1.41,13,25,3,2,0,2
0,449,152,210,300,0.88,13,25,3,2,0,2
4,214,210,128,212,0.58,13,25,3,2,0,0
6,315,254,177,284,1.82,13,25,3,2,0,2
1,299,490,218,394,0.58,13,25,3,2,0,0
9,469,215,231,342,2.39,13,25,3,2,0,2
3,545,309,280,427,1.27,13,25,3,2,0,2
8,327,289,189,308,2.06,13,25,3,2,0,2
5,524,317,273,420,2.32,13,25,3,2,0,2
7,160,397,143,278,1.49,13,25,3,2,0,2
2,445,150,208,298,1.13,13,25,3,2,0,2
0,368,280,203,324,1.2,13,25,3,2,0,2
4,397,224,204,310,1.67,13,25,3,2,0,2
6,234,412,176,323,0.62,13,25,3,2,0,0
1,221,456,180,338,0.82,13,25,3,2,0,2
9,321,468,222,394,0.8,13,25,3,2,0,2
3,274,313,172,294,1.53,13,25,3,2,0,2
8,528,215,254,372,1.25,14,25,3,2,0,2
5,338,294,194,316,1.42,14,25,3,2,0,2
7,536,206,256,371,2.05,14,25,3,2,0,2
2,263,327,171,295,1.71,14,25,3,2,0,2
0,444,318,241,381,0.77,14,25,3,2,0,2
4,470,354,259,412,1.61,14,25,3,2,0,2
6,321,423,213,372,0.84,14,25,3,2,0,2
1,330,456,223,393,1.71,14,25,3,2,0,2
9,229,490,190,360,1.99,14,25,3,2,0,2
3,314,323,190,318,1.89,14,25,3,2,0,2
8,327,331,197,329,1.58,14,25,3,2,0,2
5,174,280,126,227,2.38,14,25,3,2,0,2
7,470,188,226,329,1.71,14,25,3,2,0,2
2,299,519,223,409,1.67,14,25,3,2,0,2
0,469,392,266,430,1.73,14,25,3,2,0,2
4,394,190,196,292,0.77,14,25,3,2,0,2
6,285,383,191,334,1.95,14,25,3,2,0,2
1,437,309,237,373,2.21,14,25,3,2,0,2
9,373,500,249,436,1.54,14,25,3,2,0,2
3,172,400,149,286,2.35,14,25,3,2,0,2
8,380,466,245,423,0.73,14,25,3,2,0,0
5,546,227,264,386,2.15,14,25,3,2,0,2
7,404,526,267,465,0.91,14,25,3,2,0,2
2,479,358,263,418,0.5,14,25,3,2,0,0
0,401,321,225,361,0.69,14,25,3,2,0,0
4,260,167,137,214,2.34,14,25,3,2,0,2
6,314,376,201,345,0.69,14,25,3,2,0,0
1,331,159,164,245,0.72,14,25,3,2,0,0
9,223,255,140,239,1.62,14,25,3,2,0,2
3,156,322,127,239,2.35,14,25,3,2,0,2
8,223,436,176,330,0.72,14,25,3,2,0,0
5,244,259,149,252,2.45,14,25,3,2,0,2
7,477,378,266,428,2.47,14,25,3,2,0,2
2,431,188,210,310,1.5,14,25,3,2,0,2
0,195,401,158,298,2.14,14,25,3,2,0,2
4,547,438,306,492,1.77,14,25,3,2,0,2
6,365,286,203,326,1.65,14,25,3,2,0,2
1,207,180,119,194,0.8,14,25,3,2,0,2
9,511,417,288,464,0.61,14,25,3,2,0,0
3,272,334,176,303,0.68,14,25,3,2,0,0
8,243,363,170,303,2.25,15,25,3,2,0,2
5,164,272,120,218,2.0,15,25,3,2,0,2
7,500,313,263,406,1.29,15,25,3,2,0,2
2,461,161,217,311,0.6,15,25,3,2,0,0
0,546,282,275,414,0.91,15,25,3,2,0,2
4,360,364,217,362,0.69,15,25,3,2,0,0
6,272,243,157,258,1.48,15,25,3,2,0,2
1,432,174,208,303,2.11,15,25,3,2,0,2
9,321,237,176,279,0.66,15,25,3,2,0,0
3,350,152,170,251,0.8,15,25,3,2,0,2
8,415,349,236,382,0.72,15,25,3,2,0,0
5,290,172,150,231,0.57,15,25,3,2,0,0
7,439,401,256,420,1.31,15,25,3,2,0,2
2,343,371,211,357,2.38,15,25,3,2,0,2
0,452,462,273,457,1.42,15,25,3,2,0,2
4,181,536,180,358,0.7,15,25,3,2,0,0
6,316,355,197,336,1.81,15,25,3,2,0,2
1,213,251,135,232,0.62,15,25,3,2,0,0
9,302,420,205,361,0.66,15,25,3,2,0,0
3,433,503,274,468,2.03,15,25,3,2,0,2
8,425,344,239,384,1.21,15,25,3,2,0,2
5,281,178,148,230,0.52,15,25,3,2,0,0
7,266,454,197,360,2.5,15,25,3,2,0,2
2,412,268,218,340,1.99,15,25,3,2,0,2
0,278,159,143,218,0.94,15,25,3,2,0,2
4,539,359,287,449,1.04,15,25,3,2,0,2
6,232,439,181,336,0.96,15,25,3,2,0,2
1,255,375,177,315,2.49,15,25,3,2,0,2
9,499,389,277,444,2.49,15,25,3,2,0,2
3,295,534,225,414,0.67,15,25,3,2,0,0
8,531,270,266,400,1.86,15,25,3,2,0,2
5,214,375,161,294,2.09,15,25,3,2,0,2
7,337,512,237,424,0.56,15,25,3,2,0,0
2,176,417,154,296,2.49,15,25,3,2,0,2
0,342,220,181,281,0.94,15,25,3,2,0,2
4,398,298,219,348,1.53,15,25,3,2,0,2
6,385,258,206,322,1.84,15,25,3,2,0,2
1,444,311,240,378,0.65,15,25,3,2,0,0
9,435,347,243,391,0.92,15,25,3,2,0,2
3,511,352,275,432,0.88,15,25,3,2,0,2
8,396,356,230,376,1.02,16,25,3,2,0,2
5,318,184,164,251,2.14,16,25,3,2,0,2
7,296,480,214,388,2.04,16,25,3,2,0,2
2,497,535,306,516,0.84,16,25,3,2,0,2
0,378,190,189,284,2.32,16,25,3,2,0,2
4,271,250,158,260,2.0,16,25,3,2,0,2
6,243,487,195,365,1.74,16,25,3,2,0,2
1,212,161,117,186,0.7,16,25,3,2,0,0
9,330,296,191,313,2.39,16,25,3,2,0,2
3,241,443,185,342,1.61,16,25,3,2,0,2
8,169,436,155,302,1.95,16,25,3,2,0,2
5,260,199,144,230,0.76,16,25,3,2,0,2
7,462,221,229,342,2.34,16,25,3,2,0,2
2,253,547,211,400,1.98,16,25,3,2,0,2
0,456,357,254,406,1.83,16,25,3,2,0,2
4,165,527,171,346,1.05,16,25,3,2,0,2
6,464,439,273,452,1.92,16,25,3,2,0,2
1,447,232,225,340,2.15,16,25,3,2,0,2
9,328,253,182,290,1.71,16,25,3,2,0,2
3,216,524,191,370,0.67,16,25,3,2,0,0
8,305,333,189,319,2.19,16,25,3,2,0,2
5,296,526,224,411,0.62,16,25,3,2,0,0
7,337,305,196,321,0.53,16,25,3,2,0,0
2,265,354,177,310,2.35,16,25,3,2,0,2
0,350,300,200,325,0.77,16,25,3,2,0,2
4,199,339,147,269,0.9,16,25,3,2,0,2
6,257,317,166,287,1.85,16,25,3,2,0,2
1,293,290,175,292,1.69,16,25,3,2,0,2
9,372,227,194,300,2.4,16,25,3,2,0,2
3,288,462,208,375,2.38,16,25,3,2,0,2
8,335,541,242,438,1.67,16,25,3,2,0,2
5,486,517,298,502,1.44,16,25,3,2,0,2
7,496,162,231,329,0.77,16,25,3,2,0,2
2,164,425,151,294,1.63,16,25,3,2,0,2
0,335,223,179,279,1.19,16,25,3,2,0,2
4,434,150,204,292,0.79,16,25,3,2,0,2
6,353,386,218,370,1.14,16,25,3,2,0,2
1,504,292,260,398,1.23,16,25,3,2,0,2
9,425,257,221,341,1.14,16,25,3,2,0,2
3,333,470,227,402,0.92,16,25,3,2,0,2
8,834,2040,742,1437,4.8,17,25,3,2,0,2
5,1018,1216,650,1117,4.15,17,25,3,2,0,2
7,658,2014,666,1336,5.34,17,25,3,2,0,2
2,697,1536,586,1116,4.85,17,25,3,2,0,2
0,651,1853,631,1252,4.3,17,25,3,2,0,2
4,856,1064,555,960,5.66,17,25,3,2,0,2
6,933,2480,869,1706,5.29,17,25,3,2,0,2
1,1036,1832,781,1434,3.97,17,25,3,2,0,2
9,608,1127,469,868,5.24,17,25,3,2,0,2
3,1048,1773,774,1410,3.86,17,25,3,2,0,2
8,759,1672,638,1216,5.09,17,25,3,2,0,2
5,632,1338,520,985,5.58,17,25,3,2,0,2
7,1149,2176,895,1662,5.03,17,25,3,2,0,2
2,774,2208,751,1491,4.73,17,25,3,2,0,2
0,785,1781,670,1283,3.32,17,25,3,2,0,2
4,896,1681,695,1288,5.75,17,25,3,2,0,2
6,1128,1190,689,1159,3.88,17,25,3,2,0,2
1,945,2228,824,1586,5.64,17,25,3,2,0,2
9,1138,1026,660,1082,3.15,17,25,3,2,0,2
3,746,2468,792,1607,3.9,17,25,3,2,0,2
8,901,2475,855,1688,5.31,17,25,3,2,0,2
5,937,2025,780,1481,3.47,17,25,3,2,0,2
7,784,2247,763,1516,4.05,17,25,3,2,0,2
2,997,2380,875,1688,5.12,17,25,3,2,0,2
0,702,1164,514,933,4.9,17,25,3,2,0,2
4,799,2659,851,1729,4.69,17,25,3,2,0,2
6,1186,1486,772,1336,4.72,17,25,3,2,0,2
1,762,2019,709,1390,4.77,17,25,3,2,0,2
9,665,1277,521,971,4.6,17,25,3,2,0,2
3,1007,2079,819,1543,3.6,17,25,3,2,0,2
8,1000,1380,676,1190,3.15,17,25,3,2,0,2
5,730,1835,659,1282,3.64,17,25,3,2,0,2
7,789,1348,585,1068,4.79,17,25,3,2,0,2
2,1148,2032,866,1590,5.09,17,25,3,2,0,2
0,1064,1201,666,1132,5.52,17,25,3,2,0,2
4,783,1909,695,1346,3.82,17,25,3,2,0,2
6,939,2030,782,1484,3.93,17,25,3,2,0,2
1,608,1683,580,1146,3.47,17,25,3,2,0,2
9,794,1887,695,1340,5.34,17,25,3,2,0,2
3,1174,2557,981,1866,3.75,17,25,3,2,0,2
8,1076,2716,974,1896,4.54,18,25,3,2,0,2
5,929,2771,926,1850,5.41,18,25,3,2,0,2
7,1070,2755,979,1912,3.74,18,25,3,2,0,2
2,1127,2584,968,1856,4.13,18,25,3,2,0,2
0,950,2719,924,1834,4.3,18,25,3,2,0,2
4,671,1603,589,1137,5.5,18,25,3,2,0,2
6,827,1479,627,1153,3.96,18,25,3,2,0,2
1,1098,1282,696,1190,4.04,18,25,3,2,0,2
9,713,1597,605,1155,4.89,18,25,3,2,0,2
3,618,1425,532,1022,5.03,18,25,3,2,0,2
8,1055,2738,970,1896,5.22,18,25,3,2,0,2
5,1023,1546,718,1284,4.13,18,25,3,2,0,2
7,1116,2002,847,1559,3.85,18,25,3,2,0,2
2,828,2722,876,1775,5.65,18,25,3,2,0,2
0,1127,1156,682,1142,4.55,18,25,3,2,0,2
4,628,1845,620,1236,3.1,18,25,3,2,0,2
6,1174,2760,1022,1967,5.58,18,25,3,2,0,2
1,963,1377,661,1170,4.9,18,25,3,2,0,2
9,1157,2129,889,1643,3.54,18,25,3,2,0,2
3,672,1266,522,969,3.7,18,25,3,2,0,2
8,701,2566,794,1634,3.7,18,25,3,2,0,2
5,1137,2133,881,1635,3.27,18,25,3,2,0,2
7,812,1203,565,1008,5.26,18,25,3,2,0,2
2,972,1483,685,1228,3.85,18,25,3,2,0,2
0,913,2245,814,1579,3.73,18,25,3,2,0,2
4,765,2018,710,1392,3.73,18,25,3,2,0,2
6,734,1153,524,944,4.57,18,25,3,2,0,2
1,1106,1923,827,1514,4.74,18,25,3,2,0,2
9,860,1209,586,1034,4.35,18,25,3,2,0,2
3,727,1515,594,1121,4.93,18,25,3,2,0,2
8,1072,2409,911,1740,3.5,18,25,3,2,0,2
5,1181,2047,882,1614,3.32,18,25,3,2,0,2
7,838,2714,878,1776,4.96,18,25,3,2,0,2
2,778,1356,582,1067,5.26,18,25,3,2,0,2
0,988,2430,881,1709,4.73,18,25,3,2,0,2
4,807,1620,647,1214,3.39,18,25,3,2,0,2
6,634,2176,689,1405,5.16,18,25,3,2,0,2
1,630,1706,593,1168,4.9,18,25,3,2,0,2
9,887,1234,602,1060,3.33,18,25,3,2,0,2
3,766,1629,632,1198,3.24,18,25,3,2,0,2
8,1115,2498,946,1806,5.59,19,25,3,2,0,2
5,851,2511,843,1681,5.38,19,25,3,2,0,2
7,1153,2554,972,1854,5.64,19,25,3,2,0,2
2,625,2679,786,1652,5.7,19,25,3,2,0,2
0,1079,2180,868,1630,5.43,19,25,3,2,0,2
4,1189,2044,884,1616,4.74,19,25,3,2,0,2
6,680,2797,831,1738,4.93,19,25,3,2,0,2
1,1088,1264,688,1176,4.75,19,25,3,2,0,2
9,1081,2596,952,1838,4.55,19,25,3,2,0,2
3,685,1515,577,1100,3.37,19,25,3,2,0,2
8,894,2747,907,1820,5.67,19,25,3,2,0,2
5,771,1273,563,1022,3.8,19,25,3,2,0,2
7,1137,2270,909,1704,5.13,19,25,3,2,0,2
2,961,1509,686,1235,5.03,19,25,3,2,0,2
0,717,2256,738,1486,3.14,19,25,3,2,0,2
4,838,1694,674,1266,3.46,19,25,3,2,0,2
6,998,1064,612,1031,5.73,19,25,3,2,0,2
1,681,2201,713,1441,5.3,19,25,3,2,0,2
9,1122,1425,734,1274,3.41,19,25,3,2,0,2
3,887,1119,579,1003,4.17,19,25,3,2,0,2
8,1027,1462,703,1244,4.73,19,25,3,2,0,2
5,1022,2431,895,1726,3.73,19,25,3,2,0,2
7,604,1619,565,1112,3.97,19,25,3,2,0,2
2,926,2441,859,1684,3.65,19,25,3,2,0,2
0,1066,1389,704,1228,5.09,19,25,3,2,0,2
4,1126,1196,690,1161,3.31,19,25,3,2,0,2
6,867,1791,705,1329,4.89,19,25,3,2,0,2
1,1182,1914,856,1548,3.25,19,25,3,2,0,2
9,987,1660,727,1324,3.15,19,25,3,2,0,2
3,745,1151,528,948,5.24,19,25,3,2,0,2
8,1073,2408,911,1740,4.01,19,25,3,2,0,2
5,1033,2335,880,1684,4.03,19,25,3,2,0,2
7,1143,1124,682,1134,4.13,19,25,3,2,0,2
2,707,1361,555,1034,3.63,19,25,3,2,0,2
0,1142,2484,954,1813,4.35,19,25,3,2,0,2
4,618,2324,712,1471,4.24,19,25,3,2,0,2
6,1001,2326,866,1664,3.6,19,25,3,2,0,2
1,1007,1165,636,1086,3.77,19,25,3,2,0,2
9,935,1150,604,1042,4.4,19,25,3,2,0,2
3,893,2622,882,1758,5.57,19,25,3,2,0,2
8,617,1617,570,1117,3.84,20,25,3,2,0,2
5,965,2026,791,1496,4.98,20,25,3,2,0,2
7,838,2161,767,1500,3.18,20,25,3,2,0,2
2,1065,1409,708,1237,5.38,20,25,3,2,0,2
0,974,2558,901,1766,4.97,20,25,3,2,0,2
4,680,2195,711,1438,5.73,20,25,3,2,0,2
6,882,2501,853,1692,4.37,20,25,3,2,0,2
1,815,2247,775,1531,5.59,20,25,3,2,0,2
9,834,1600,654,1217,4.84,20,25,3,2,0,2
3,1028,1543,720,1286,3.64,20,25,3,2,0,2
8,629,2542,760,1586,4.33,20,25,3,2,0,2
5,924,2461,862,1692,4.9,20,25,3,2,0,2
7,984,1733,740,1358,4.43,20,25,3,2,0,2
2,752,1548,610,1150,4.98,20,25,3,2,0,2
0,821,2326,794,1574,3.17,20,25,3,2,0,2
4,1120,1757,799,1438,4.85,20,25,3,2,0,2
6,604,1430,528,1017,4.49,20,25,3,2,0,2
1,680,2306,733,1493,5.07,20,25,3,2,0,2
9,619,2385,725,1502,3.18,20,25,3,2,0,2
3,800,1901,700,1350,4.06,20,25,3,2,0,2
8,707,1450,573,1078,4.51,20,25,3,2,0,2
5,1059,1897,803,1478,4.92,20,25,3,2,0,2
7,1185,2595,993,1890,5.43,20,25,3,2,0,2
2,722,2391,767,1556,5.63,20,25,3,2,0,2
0,719,1625,613,1172,3.75,20,25,3,2,0,2
4,1109,1905,825,1507,4.31,20,25,3,2,0,2
6,1104,2139,869,1622,5.42,20,25,3,2,0,2
1,1058,1638,751,1348,4.74,20,25,3,2,0,2
9,840,2623,861,1732,5.55,20,25,3,2,0,2
3,894,1295,617,1094,4.93,20,25,3,2,0,2
8,771,2272,763,1522,5.68,20,25,3,2,0,2
5,1094,1763,790,1428,4.41,20,25,3,2,0,2
7,1008,1768,757,1388,5.4,20,25,3,2,0,2
2,688,1102,496,895,3.87,20,25,3,2,0,2
0,1113,1055,656,1084,4.41,20,25,3,2,0,2
4,842,1539,645,1190,4.01,20,25,3,2,0,2
6,1096,1208,680,1152,5.25,20,25,3,2,0,2
1,694,2621,802,1658,4.55,20,25,3,2,0,2
9,786,2401,795,1594,4.35,20,25,3,2,0,2
3,1121,1711,791,1416,4.44,20,25,3,2,0,2
8,236,485,191,360,1.7,21,25,3,2,0,2
5,250,174,135,212,0.64,21,25,3,2,0,0
7,484,417,277,450,1.8,21,25,3,2,0,2
2,486,313,257,400,1.76,21,25,3,2,0,2
0,533,459,305,496,1.45,21,25,3,2,0,2
4,150,259,112,204,0.62,21,25,3,2,0,0
6,510,311,266,410,1.07,21,25,3,2,0,2
1,500,361,272,430,1.45,21,25,3,2,0,2
9,158,377,139,268,1.18,21,25,3,2,0,2
3,460,402,264,431,1.13,21,25,3,2,0,2
8,346,172,173,259,2.24,21,25,3,2,0,2
5,422,209,211,316,1.64,21,25,3,2,0,2
7,204,247,131,226,2.44,21,25,3,2,0,2
2,429,282,228,356,0.74,21,25,3,2,0,0
0,306,168,156,237,0.84,21,25,3,2,0,2
4,395,464,251,430,1.03,21,25,3,2,0,2
6,455,515,285,485,1.62,21,25,3,2,0,2
1,293,522,222,408,1.59,21,25,3,2,0,2
9,153,471,155,312,1.03,21,25,3,2,0,2
3,260,496,203,378,0.88,21,25,3,2,0,2
8,542,388,294,465,1.78,21,25,3,2,0,2
5,180,385,149,282,1.85,21,25,3,2,0,2
7,252,497,200,374,2.47,21,25,3,2,0,2
2,375,497,249,436,1.13,21,25,3,2,0,2
0,311,160,156,236,2.37,21,25,3,2,0,2
4,493,542,306,518,1.45,21,25,3,2,0,2
6,339,491,234,415,1.02,21,25,3,2,0,2
1,488,161,227,324,1.67,21,25,3,2,0,2
9,301,456,212,378,0.61,21,25,3,2,0,0
3,446,208,220,327,2.49,21,25,3,2,0,2
8,195,171,112,183,1.48,21,25,3,2,0,2
5,417,232,213,324,2.18,21,25,3,2,0,2
7,295,263,171,279,0.84,21,25,3,2,0,2
2,282,529,219,406,1.23,21,25,3,2,0,2
0,382,377,228,380,1.86,21,25,3,2,0,2
4,536,331,281,434,0.76,21,25,3,2,0,2
6,288,224,160,256,1.22,21,25,3,2,0,2
1,239,369,169,304,1.38,21,25,3,2,0,2
9,252,449,191,350,1.51,21,25,3,2,0,2
3,526,533,317,530,0.7,21,25,3,2,0,0
8,418,256,218,337,2.3,22,25,3,2,0,2
5,267,474,202,370,0.66,22,25,3,2,0,0
7,288,168,149,228,1.39,22,25,3,2,0,2
2,522,222,253,372,1.42,22,25,3,2,0,2
0,492,421,281,456,1.14,22,25,3,2,0,2
4,172,497,168,334,0.96,22,25,3,2,0,2
6,304,527,227,416,2.42,22,25,3,2,0,2
1,525,375,285,450,1.12,22,25,3,2,0,2
9,415,478,262,446,0.97,22,25,3,2,0,2
3,424,229,215,326,1.93,22,25,3,2,0,2
8,160,188,102,174,1.69,22,25,3,2,0,2
5,215,325,151,270,2.46,22,25,3,2,0,2
7,384,463,246,424,0.95,22,25,3,2,0,2
2,445,503,279,474,1.73,22,25,3,2,0,2
0,471,302,249,386,2.11,22,25,3,2,0,2
4,276,522,215,399,2.34,22,25,3,2,0,2
6,453,444,270,448,0.68,22,25,3,2,0,0
1,351,357,212,354,2.14,22,25,3,2,0,2
9,304,311,184,308,2.08,22,25,3,2,0,2
3,201,190,118,196,1.25,22,25,3,2,0,2
8,221,258,140,240,1.78,22,25,3,2,0,2
5,301,534,227,418,1.46,22,25,3,2,0,2
7,276,180,146,228,1.78,22,25,3,2,0,2
2,370,440,236,405,2.18,22,25,3,2,0,2
0,218,418,171,318,2.1,22,25,3,2,0,2
4,187,479,171,333,1.12,22,25,3,2,0,2
6,409,180,200,294,1.68,22,25,3,2,0,2
1,525,189,248,357,2.41,22,25,3,2,0,2
9,289,364,188,326,2.48,22,25,3,2,0,2
3,378,178,187,278,0.86,22,25,3,2,0,2
8,221,320,152,270,1.93,22,25,3,2,0,2
5,485,162,226,324,1.55,22,25,3,2,0,2
7,450,315,243,382,0.7,22,25,3,2,0,0
2,269,429,193,349,1.56,22,25,3,2,0,2
0,308,269,177,288,1.41,22,25,3,2,0,2
4,185,172,108,178,1.47,22,25,3,2,0,2
6,178,491,169,334,2.14,22,25,3,2,0,2
1,413,161,197,287,1.13,22,25,3,2,0,2
9,416,312,229,364,0.66,22,25,3,2,0,0
3,158,426,148,292,1.51,22,25,3,2,0,2
8,273,494,208,384,0.72,23,25,3,2,0,0
5,357,239,191,298,1.88,23,25,3,2,0,2
7,377,279,207,328,1.43,23,25,3,2,0,2
2,167,308,128,238,2.37,23,25,3,2,0,2
0,356,320,206,338,1.96,23,25,3,2,0,2
4,245,170,132,208,1.54,23,25,3,2,0,2
6,298,198,159,248,1.53,23,25,3,2,0,2
1,372,408,230,390,1.3,23,25,3,2,0,2
9,377,550,261,464,2.48,23,25,3,2,0,2
3,449,243,228,346,0.78,23,25,3,2,0,2
8,476,503,291,490,1.93,23,25,3,2,0,2
5,150,255,111,202,2.47,23,25,3,2,0,2
7,227,546,200,386,0.7,23,25,3,2,0,0
2,215,406,167,310,0.85,23,25,3,2,0,2
0,380,350,222,365,1.24,23,25,3,2,0,2
4,487,428,280,458,1.45,23,25,3,2,0,2
6,509,484,300,496,2.44,23,25,3,2,0,2
1,445,280,234,362,0.81,23,25,3,2,0,2
9,514,319,269,416,1.29,23,25,3,2,0,2
3,409,386,241,398,1.25,23,25,3,2,0,2
8,167,405,148,286,1.82,23,25,3,2,0,2
5,473,402,270,438,1.94,23,25,3,2,0,2
7,322,370,203,346,2.33,23,25,3,2,0,2
2,188,374,150,281,2.09,23,25,3,2,0,2
0,442,329,243,386,0.56,23,25,3,2,0,0
4,544,224,262,384,1.45,23,25,3,2,0,2
6,355,307,203,331,1.48,23,25,3,2,0,2
1,328,335,198,332,1.94,23,25,3,2,0,2
9,319,220,172,270,2.48,23,25,3,2,0,2
3,163,410,147,286,1.5,23,25,3,2,0,2
8,173,344,138,258,1.21,23,25,3,2,0,2
5,286,151,145,218,2.41,23,25,3,2,0,2
7,512,258,256,385,1.71,23,25,3,2,0,2
2,439,546,285,492,1.96,23,25,3,2,0,2
0,545,384,295,464,1.94,23,25,3,2,0,2
4,434,387,251,410,1.25,23,25,3,2,0,2
6,542,249,267,396,0.82,23,25,3,2,0,2
1,447,287,236,367,1.72,23,25,3,2,0,2
9,348,337,207,342,2.14,23,25,3,2,0,2
3,286,526,220,406,1.2,23,25,3,2,0,2
8,0,0,0,0,0.0,0,26,3,3,0,1
5,0,0,0,0,0.0,0,26,3,3,0,1
7,0,0,0,0,0.0,0,26,3,3,0,1
2,0,0,0,0,0.0,0,26,3,3,0,1
0,0,0,0,0,0.0,0,26,3,3,0,1
4,0,0,0,0,0.0,0,26,3,3,0,1
6,0,0,0,0,0.0,0,26,3,3,0,1
1,0,0,0,0,0.0,0,26,3,3,0,1
9,0,0,0,0,0.0,0,26,3,3,0,1
3,0,0,0,0,0.0,0,26,3,3,0,1
8,0,0,0,0,0.0,0,26,3,3,0,1
5,0,0,0,0,0.0,0,26,3,3,0,1
7,0,0,0,0,0.0,0,26,3,3,0,1
2,0,0,0,0,0.0,0,26,3,3,0,1
0,0,0,0,0,0.0,0,26,3,3,0,1
4,0,0,0,0,0.0,0,26,3,3,0,1
6,0,0,0,0,0.0,0,26,3,3,0,1
1,0,0,0,0,0.0,0,26,3,3,0,1
9,0,0,0,0,0.0,0,26,3,3,0,1
3,0,0,0,0,0.0,0,26,3,3,0,1
8,0,0,0,0,0.0,0,26,3,3,0,1
5,0,0,0,0,0.0,0,26,3,3,0,1
7,0,0,0,0,0.0,0,26,3,3,0,1
2,0,0,0,0,0.0,0,26,3,3,0,1
0,0,0,0,0,0.0,0,26,3,3,0,1
4,0,0,0,0,0.0,0,26,3,3,0,1
6,0,0,0,0,0.0,0,26,3,3,0,1
1,0,0,0,0,0.0,0,26,3,3,0,1
9,0,0,0,0,0.0,0,26,3,3,0,1
3,0,0,0,0,0.0,0,26,3,3,0,1
8,0,0,0,0,0.0,0,26,3,3,0,1
5,0,0,0,0,0.0,0,26,3,3,0,1
7,0,0,0,0,0.0,0,26,3,3,0,1
2,0,0,0,0,0.0,0,26,3,3,0,1
0,0,0,0,0,0.0,0,26,3,3,0,1
4,0,0,0,0,0.0,0,26,3,3,0,1
6,0,0,0,0,0.0,0,26,3,3,0,1
1,0,0,0,0,0.0,0,26,3,3,0,1
9,0,0,0,0,0.0,0,26,3,3,0,1
3,0,0,0,0,0.0,0,26,3,3,0,1
8,0,0,0,0,0.0,1,26,3,3,0,1
5,0,0,0,0,0.0,1,26,3,3,0,1
7,0,0,0,0,0.0,1,26,3,3,0,1
2,0,0,0,0,0.0,1,26,3,3,0,1
0,0,0,0,0,0.0,1,26,3,3,0,1
4,0,0,0,0,0.0,1,26,3,3,0,1
6,0,0,0,0,0.0,1,26,3,3,0,1
1,0,0,0,0,0.0,1,26,3,3,0,1
9,0,0,0,0,0.0,1,26,3,3,0,1
3,0,0,0,0,0.0,1,26,3,3,0,1
8,0,0,0,0,0.0,1,26,3,3,0,1
5,0,0,0,0,0.0,1,26,3,3,0,1
7,0,0,0,0,0.0,1,26,3,3,0,1
2,0,0,0,0,0.0,1,26,3,3,0,1
0,0,0,0,0,0.0,1,26,3,3,0,1
4,0,0,0,0,0.0,1,26,3,3,0,1
6,0,0,0,0,0.0,1,26,3,3,0,1
1,0,0,0,0,0.0,1,26,3,3,0,1
9,0,0,0,0,0.0,1,26,3,3,0,1
3,0,0,0,0,0.0,1,26,3,3,0,1
8,0,0,0,0,0.0,1,26,3,3,0,1
5,0,0,0,0,0.0,1,26,3,3,0,1
7,0,0,0,0,0.0,1,26,3,3,0,1
2,0,0,0,0,0.0,1,26,3,3,0,1
0,0,0,0,0,0.0,1,26,3,3,0,1
4,0,0,0,0,0.0,1,26,3,3,0,1
6,0,0,0,0,0.0,1,26,3,3,0,1
1,0,0,0,0,0.0,1,26,3,3,0,1
9,0,0,0,0,0.0,1,26,3,3,0,1
3,0,0,0,0,0.0,1,26,3,3,0,1
8,0,0,0,0,0.0,1,26,3,3,0,1
5,0,0,0,0,0.0,1,26,3,3,0,1
7,0,0,0,0,0.0,1,26,3,3,0,1
2,0,0,0,0,0.0,1,26,3,3,0,1
0,0,0,0,0,0.0,1,26,3,3,0,1
4,0,0,0,0,0.0,1,26,3,3,0,1
6,0,0,0,0,0.0,1,26,3,3,0,1
1,0,0,0,0,0.0,1,26,3,3,0,1
9,0,0,0,0,0.0,1,26,3,3,0,1
3,0,0,0,0,0.0,1,26,3,3,0,1
8,0,0,0,0,0.0,2,26,3,3,0,1
5,0,0,0,0,0.0,2,26,3,3,0,1
7,0,0,0,0,0.0,2,26,3,3,0,1
2,0,0,0,0,0.0,2,26,3,3,0,1
0,0,0,0,0,0.0,2,26,3,3,0,1
4,0,0,0,0,0.0,2,26,3,3,0,1
6,0,0,0,0,0.0,2,26,3,3,0,1
1,0,0,0,0,0.0,2,26,3,3,0,1
9,0,0,0,0,0.0,2,26,3,3,0,1
3,0,0,0,0,0.0,2,26,3,3,0,1
8,0,0,0,0,0.0,2,26,3,3,0,1
5,0,0,0,0,0.0,2,26,3,3,0,1
7,0,0,0,0,0.0,2,26,3,3,0,1
2,0,0,0,0,0.0,2,26,3,3,0,1
0,0,0,0,0,0.0,2,26,3,3,0,1
4,0,0,0,0,0.0,2,26,3,3,0,1
6,0,0,0,0,0.0,2,26,3,3,0,1
1,0,0,0,0,0.0,2,26,3,3,0,1
9,0,0,0,0,0.0,2,26,3,3,0,1
3,0,0,0,0,0.0,2,26,3,3,0,1
8,0,0,0,0,0.0,2,26,3,3,0,1
5,0,0,0,0,0.0,2,26,3,3,0,1
7,0,0,0,0,0.0,2,26,3,3,0,1
2,0,0,0,0,0.0,2,26,3,3,0,1
0,0,0,0,0,0.0,2,26,3,3,0,1
4,0,0,0,0,0.0,2,26,3,3,0,1
6,0,0,0,0,0.0,2,26,3,3,0,1
1,0,0,0,0,0.0,2,26,3,3,0,1
9,0,0,0,0,0.0,2,26,3,3,0,1
3,0,0,0,0,0.0,2,26,3,3,0,1
8,0,0,0,0,0.0,2,26,3,3,0,1
5,0,0,0,0,0.0,2,26,3,3,0,1
7,0,0,0,0,0.0,2,26,3,3,0,1
2,0,0,0,0,0.0,2,26,3,3,0,1
0,0,0,0,0,0.0,2,26,3,3,0,1
4,0,0,0,0,0.0,2,26,3,3,0,1
6,0,0,0,0,0.0,2,26,3,3,0,1
1,0,0,0,0,0.0,2,26,3,3,0,1
9,0,0,0,0,0.0,2,26,3,3,0,1
3,0,0,0,0,0.0,2,26,3,3,0,1
8,0,0,0,0,0.0,3,26,3,3,0,1
5,0,0,0,0,0.0,3,26,3,3,0,1
7,0,0,0,0,0.0,3,26,3,3,0,1
2,0,0,0,0,0.0,3,26,3,3,0,1
0,0,0,0,0,0.0,3,26,3,3,0,1
4,0,0,0,0,0.0,3,26,3,3,0,1
6,0,0,0,0,0.0,3,26,3,3,0,1
1,0,0,0,0,0.0,3,26,3,3,0,1
9,0,0,0,0,0.0,3,26,3,3,0,1
3,0,0,0,0,0.0,3,26,3,3,0,1
8,0,0,0,0,0.0,3,26,3,3,0,1
5,0,0,0,0,0.0,3,26,3,3,0,1
7,0,0,0,0,0.0,3,26,3,3,0,1
2,0,0,0,0,0.0,3,26,3,3,0,1
0,0,0,0,0,0.0,3,26,3,3,0,1
4,0,0,0,0,0.0,3,26,3,3,0,1
6,0,0,0,0,0.0,3,26,3,3,0,1
1,0,0,0,0,0.0,3,26,3,3,0,1
9,0,0,0,0,0.0,3,26,3,3,0,1
3,0,0,0,0,0.0,3,26,3,3,0,1
8,0,0,0,0,0.0,3,26,3,3,0,1
5,0,0,0,0,0.0,3,26,3,3,0,1
7,0,0,0,0,0.0,3,26,3,3,0,1
2,0,0,0,0,0.0,3,26,3,3,0,1
0,0,0,0,0,0.0,3,26,3,3,0,1
4,0,0,0,0,0.0,3,26,3,3,0,1
6,0,0,0,0,0.0,3,26,3,3,0,1
1,0,0,0,0,0.0,3,26,3,3,0,1
9,0,0,0,0,0.0,3,26,3,3,0,1
3,0,0,0,0,0.0,3,26,3,3,0,1
8,0,0,0,0,0.0,3,26,3,3,0,1
5,0,0,0,0,0.0,3,26,3,3,0,1
7,0,0,0,0,0.0,3,26,3,3,0,1
2,0,0,0,0,0.0,3,26,3,3,0,1
0,0,0,0,0,0.0,3,26,3,3,0,1
4,0,0,0,0,0.0,3,26,3,3,0,1
6,0,0,0,0,0.0,3,26,3,3,0,1
1,0,0,0,0,0.0,3,26,3,3,0,1
9,0,0,0,0,0.0,3,26,3,3,0,1
3,0,0,0,0,0.0,3,26,3,3,0,1
8,0,0,0,0,0.0,4,26,3,3,0,1
5,0,0,0,0,0.0,4,26,3,3,0,1
7,0,0,0,0,0.0,4,26,3,3,0,1
2,0,0,0,0,0.0,4,26,3,3,0,1
0,0,0,0,0,0.0,4,26,3,3,0,1
4,0,0,0,0,0.0,4,26,3,3,0,1
6,0,0,0,0,0.0,4,26,3,3,0,1
1,0,0,0,0,0.0,4,26,3,3,0,1
9,0,0,0,0,0.0,4,26,3,3,0,1
3,0,0,0,0,0.0,4,26,3,3,0,1
8,0,0,0,0,0.0,4,26,3,3,0,1
5,0,0,0,0,0.0,4,26,3,3,0,1
7,0,0,0,0,0.0,4,26,3,3,0,1
2,0,0,0,0,0.0,4,26,3,3,0,1
0,0,0,0,0,0.0,4,26,3,3,0,1
4,0,0,0,0,0.0,4,26,3,3,0,1
6,0,0,0,0,0.0,4,26,3,3,0,1
1,0,0,0,0,0.0,4,26,3,3,0,1
9,0,0,0,0,0.0,4,26,3,3,0,1
3,0,0,0,0,0.0,4,26,3,3,0,1
8,0,0,0,0,0.0,4,26,3,3,0,1
5,0,0,0,0,0.0,4,26,3,3,0,1
7,0,0,0,0,0.0,4,26,3,3,0,1
2,0,0,0,0,0.0,4,26,3,3,0,1
0,0,0,0,0,0.0,4,26,3,3,0,1
4,0,0,0,0,0.0,4,26,3,3,0,1
6,0,0,0,0,0.0,4,26,3,3,0,1
1,0,0,0,0,0.0,4,26,3,3,0,1
9,0,0,0,0,0.0,4,26,3,3,0,1
3,0,0,0,0,0.0,4,26,3,3,0,1
8,0,0,0,0,0.0,4,26,3,3,0,1
5,0,0,0,0,0.0,4,26,3,3,0,1
7,0,0,0,0,0.0,4,26,3,3,0,1
2,0,0,0,0,0.0,4,26,3,3,0,1
0,0,0,0,0,0.0,4,26,3,3,0,1
4,0,0,0,0,0.0,4,26,3,3,0,1
6,0,0,0,0,0.0,4,26,3,3,0,1
1,0,0,0,0,0.0,4,26,3,3,0,1
9,0,0,0,0,0.0,4,26,3,3,0,1
3,0,0,0,0,0.0,4,26,3,3,0,1
8,0,0,0,0,0.0,5,26,3,3,0,1
5,0,0,0,0,0.0,5,26,3,3,0,1
7,0,0,0,0,0.0,5,26,3,3,0,1
2,0,0,0,0,0.0,5,26,3,3,0,1
0,0,0,0,0,0.0,5,26,3,3,0,1
4,0,0,0,0,0.0,5,26,3,3,0,1
6,0,0,0,0,0.0,5,26,3,3,0,1
1,0,0,0,0,0.0,5,26,3,3,0,1
9,0,0,0,0,0.0,5,26,3,3,0,1
3,0,0,0,0,0.0,5,26,3,3,0,1
8,0,0,0,0,0.0,5,26,3,3,0,1
5,0,0,0,0,0.0,5,26,3,3,0,1
7,0,0,0,0,0.0,5,26,3,3,0,1
2,0,0,0,0,0.0,5,26,3,3,0,1
0,0,0,0,0,0.0,5,26,3,3,0,1
4,0,0,0,0,0.0,5,26,3,3,0,1
6,0,0,0,0,0.0,5,26,3,3,0,1
1,0,0,0,0,0.0,5,26,3,3,0,1
9,0,0,0,0,0.0,5,26,3,3,0,1
3,0,0,0,0,0.0,5,26,3,3,0,1
8,0,0,0,0,0.0,5,26,3,3,0,1
5,0,0,0,0,0.0,5,26,3,3,0,1
7,0,0,0,0,0.0,5,26,3,3,0,1
2,0,0,0,0,0.0,5,26,3,3,0,1
0,0,0,0,0,0.0,5,26,3,3,0,1
4,0,0,0,0,0.0,5,26,3,3,0,1
6,0,0,0,0,0.0,5,26,3,3,0,1
1,0,0,0,0,0.0,5,26,3,3,0,1
9,0,0,0,0,0.0,5,26,3,3,0,1
3,0,0,0,0,0.0,5,26,3,3,0,1
8,0,0,0,0,0.0,5,26,3,3,0,1
5,0,0,0,0,0.0,5,26,3,3,0,1
7,0,0,0,0,0.0,5,26,3,3,0,1
2,0,0,0,0,0.0,5,26,3,3,0,1
0,0,0,0,0,0.0,5,26,3,3,0,1
4,0,0,0,0,0.0,5,26,3,3,0,1
6,0,0,0,0,0.0,5,26,3,3,0,1
1,0,0,0,0,0.0,5,26,3,3,0,1
9,0,0,0,0,0.0,5,26,3,3,0,1
3,0,0,0,0,0.0,5,26,3,3,0,1
8,309,347,193,328,1.56,6,26,3,3,0,2
5,414,264,218,339,0.77,6,26,3,3,0,2
7,243,154,128,198,1.35,6,26,3,3,0,2
2,439,404,256,422,1.67,6,26,3,3,0,2
0,424,444,258,434,1.67,6,26,3,3,0,2
4,374,459,241,416,1.65,6,26,3,3,0,2
6,263,309,167,286,2.29,6,26,3,3,0,2
1,369,192,186,280,0.87,6,26,3,3,0,2
9,358,342,212,350,2.24,6,26,3,3,0,2
3,465,197,225,331,0.61,6,26,3,3,0,0
8,492,532,303,512,1.66,6,26,3,3,0,2
5,531,513,315,522,2.32,6,26,3,3,0,2
7,535,407,295,471,2.29,6,26,3,3,0,2
2,190,499,176,344,0.87,6,26,3,3,0,2
0,486,382,271,434,0.89,6,26,3,3,0,2
4,216,454,177,335,2.02,6,26,3,3,0,2
6,448,508,281,478,1.55,6,26,3,3,0,2
1,416,492,265,454,1.39,6,26,3,3,0,2
9,406,446,252,426,1.09,6,26,3,3,0,2
3,229,295,151,262,1.27,6,26,3,3,0,2
8,313,404,206,358,1.1,6,26,3,3,0,2
5,199,409,161,304,1.84,6,26,3,3,0,2
7,180,351,142,266,0.51,6,26,3,3,0,0
2,218,194,126,206,1.81,6,26,3,3,0,2
0,222,429,175,326,1.24,6,26,3,3,0,2
4,279,390,190,334,1.14,6,26,3,3,0,2
6,325,219,174,272,1.03,6,26,3,3,0,2
1,219,317,151,268,0.9,6,26,3,3,0,2
9,329,258,183,294,0.9,6,26,3,3,0,2
3,471,196,228,334,1.79,6,26,3,3,0,2
8,281,211,155,246,1.38,6,26,3,3,0,2
5,506,466,296,486,0.57,6,26,3,3,0,0
7,364,410,228,387,0.89,6,26,3,3,0,2
2,358,209,185,284,1.72,6,26,3,3,0,2
0,418,264,220,341,1.76,6,26,3,3,0,2
4,474,405,271,440,1.3,6,26,3,3,0,2
6,389,353,226,371,1.08,6,26,3,3,0,2
1,498,293,258,396,0.72,6,26,3,3,0,0
9,537,267,268,402,1.22,6,26,3,3,0,2
3,453,480,277,466,2.38,6,26,3,3,0,2
8,382,454,244,418,0.98,7,26,3,3,0,2
5,399,352,230,376,1.53,7,26,3,3,0,2
7,396,515,261,456,1.8,7,26,3,3,0,2
2,199,353,150,276,2.02,7,26,3,3,0,2
0,486,289,252,388,0.79,7,26,3,3,0,2
4,375,227,195,301,1.59,7,26,3,3,0,2
6,415,424,251,420,1.76,7,26,3,3,0,2
1,474,421,274,448,2.09,7,26,3,3,0,2
9,355,192,180,274,1.04,7,26,3,3,0,2
3,428,218,215,323,2.13,7,26,3,3,0,2
8,414,462,258,438,1.4,7,26,3,3,0,2
5,537,341,283,439,0.84,7,26,3,3,0,2
7,178,330,137,254,1.94,7,26,3,3,0,2
2,474,187,227,330,1.41,7,26,3,3,0,2
0,477,487,288,482,2.28,7,26,3,3,0,2
4,244,373,172,308,0.52,7,26,3,3,0,0
6,241,537,204,389,2.1,7,26,3,3,0,2
1,440,215,219,328,0.6,7,26,3,3,0,0
9,234,180,130,207,0.58,7,26,3,3,0,0
3,203,445,170,324,1.56,7,26,3,3,0,2
8,163,214,108,188,1.09,7,26,3,3,0,2
5,169,291,126,230,1.08,7,26,3,3,0,2
7,314,499,225,406,2.16,7,26,3,3,0,2
2,537,550,325,544,1.62,7,26,3,3,0,2
0,173,168,103,170,0.85,7,26,3,3,0,2
4,341,214,179,278,1.02,7,26,3,3,0,2
6,201,350,150,276,0.63,7,26,3,3,0,0
1,223,505,190,364,2.15,7,26,3,3,0,2
9,403,199,201,301,1.61,7,26,3,3,0,2
3,395,334,225,364,2.45,7,26,3,3,0,2
8,454,193,220,324,1.93,7,26,3,3,0,2
5,513,363,278,438,2.21,7,26,3,3,0,2
7,444,464,270,454,1.57,7,26,3,3,0,2
2,318,322,192,320,1.3,7,26,3,3,0,2
0,271,252,159,262,1.86,7,26,3,3,0,2
4,429,453,262,441,2.17,7,26,3,3,0,2
6,394,364,230,379,0.55,7,26,3,3,0,0
1,273,151,139,212,0.62,7,26,3,3,0,0
9,347,153,169,250,0.68,7,26,3,3,0,0
3,253,447,191,350,1.18,7,26,3,3,0,2
8,1163,539,573,851,3.58,8,26,3,3,0,2
5,1816,814,889,1315,5.17,8,26,3,3,0,2
7,1228,647,621,938,4.61,8,26,3,3,0,2
2,1826,677,866,1252,3.51,8,26,3,3,0,2
0,1564,428,711,996,4.9,8,26,3,3,0,2
4,1869,753,898,1311,4.88,8,26,3,3,0,2
6,1486,759,746,1122,4.98,8,26,3,3,0,2
1,1620,472,742,1046,5.19,8,26,3,3,0,2
9,1208,804,644,1006,5.71,8,26,3,3,0,2
3,1221,641,617,931,5.6,8,26,3,3,0,2
8,1632,499,753,1066,4.62,8,26,3,3,0,2
5,2161,526,970,1344,4.35,8,26,3,3,0,2
7,1065,634,553,850,3.62,8,26,3,3,0,2
2,2188,721,1019,1454,5.68,8,26,3,3,0,2
0,2399,715,1103,1557,5.42,8,26,3,3,0,2
4,2092,892,1015,1492,4.44,8,26,3,3,0,2
6,1418,958,759,1188,3.23,8,26,3,3,0,2
1,848,736,486,792,3.77,8,26,3,3,0,2
9,1735,848,864,1292,4.37,8,26,3,3,0,2
3,1694,751,828,1222,3.24,8,26,3,3,0,2
8,2027,919,995,1473,3.54,8,26,3,3,0,2
5,1890,666,889,1278,4.38,8,26,3,3,0,2
7,887,769,509,828,4.19,8,26,3,3,0,2
2,872,617,472,744,4.09,8,26,3,3,0,2
0,1598,853,810,1226,4.05,8,26,3,3,0,2
4,1792,570,831,1181,3.47,8,26,3,3,0,2
6,863,673,480,768,4.37,8,26,3,3,0,2
1,1224,613,612,918,5.76,8,26,3,3,0,2
9,1572,571,743,1072,4.34,8,26,3,3,0,2
3,2029,893,990,1461,3.74,8,26,3,3,0,2
8,2356,867,1116,1612,3.48,8,26,3,3,0,2
5,1246,738,646,992,4.13,8,26,3,3,0,2
7,1149,608,581,878,4.15,8,26,3,3,0,2
2,1011,950,594,980,3.19,8,26,3,3,0,2
0,2451,801,1141,1626,3.39,8,26,3,3,0,2
4,993,630,523,812,3.67,8,26,3,3,0,2
6,1782,949,903,1366,3.16,8,26,3,3,0,2
1,2382,884,1130,1633,3.44,8,26,3,3,0,2
9,1234,797,653,1016,5.4,8,26,3,3,0,2
3,1401,403,641,902,5.4,8,26,3,3,0,2
8,1753,744,850,1248,4.95,9,26,3,3,0,2
5,1104,766,595,935,3.36,9,26,3,3,0,2
7,1023,509,511,766,4.76,9,26,3,3,0,2
2,923,445,458,684,4.2,9,26,3,3,0,2
0,2157,679,999,1418,5.05,9,26,3,3,0,2
4,814,620,450,717,4.96,9,26,3,3,0,2
6,881,416,436,648,3.81,9,26,3,3,0,2
1,2399,473,1054,1436,3.09,9,26,3,3,0,2
9,2393,455,1048,1424,5.41,9,26,3,3,0,2
3,1048,462,512,755,4.03,9,26,3,3,0,2
8,1183,527,579,855,3.82,9,26,3,3,0,2
5,2054,753,972,1404,5.53,9,26,3,3,0,2
7,2271,574,1023,1422,4.8,9,26,3,3,0,2
2,2367,675,1082,1521,3.39,9,26,3,3,0,2
0,1105,524,547,814,5.0,9,26,3,3,0,2
4,1600,667,773,1134,3.43,9,26,3,3,0,2
6,1366,420,630,893,5.1,9,26,3,3,0,2
1,1834,876,909,1355,4.98,9,26,3,3,0,2
9,1798,981,915,1390,4.5,9,26,3,3,0,2
3,2013,416,888,1214,4.77,9,26,3,3,0,2
8,2387,561,1067,1474,5.44,9,26,3,3,0,2
5,1972,656,920,1314,5.12,9,26,3,3,0,2
7,1614,681,782,1148,3.17,9,26,3,3,0,2
2,1999,758,951,1378,3.88,9,26,3,3,0,2
0,1307,645,652,976,3.66,9,26,3,3,0,2
4,1997,933,985,1465,5.02,9,26,3,3,0,2
6,2083,541,941,1312,3.32,9,26,3,3,0,2
1,1738,850,865,1294,4.57,9,26,3,3,0,2
9,1918,685,904,1302,4.78,9,26,3,3,0,2
3,1414,501,666,958,4.62,9,26,3,3,0,2
8,963,671,519,817,4.83,9,26,3,3,0,2
5,892,674,492,783,3.01,9,26,3,3,0,2
7,1983,663,926,1323,3.34,9,26,3,3,0,2
2,1469,642,716,1056,5.07,9,26,3,3,0,2
0,1068,570,541,819,3.49,9,26,3,3,0,2
4,1627,600,771,1114,3.47,9,26,3,3,0,2
6,2267,619,1031,1443,3.37,9,26,3,3,0,2
1,1133,736,600,934,3.87,9,26,3,3,0,2
9,1365,960,738,1162,3.58,9,26,3,3,0,2
3,2397,748,1108,1572,4.95,9,26,3,3,0,2
8,1411,536,672,974,4.68,10,26,3,3,0,2
5,870,536,455,703,5.22,10,26,3,3,0,2
7,1969,697,927,1333,3.34,10,26,3,3,0,2
2,858,834,510,846,3.24,10,26,3,3,0,2
0,1132,512,555,822,3.94,10,26,3,3,0,2
4,2476,404,1071,1440,4.07,10,26,3,3,0,2
6,2112,714,988,1413,4.93,10,26,3,3,0,2
1,1679,486,769,1082,3.65,10,26,3,3,0,2
9,1453,804,742,1128,3.04,10,26,3,3,0,2
3,803,500,421,652,3.16,10,26,3,3,0,2
8,2015,753,957,1384,5.28,10,26,3,3,0,2
5,2052,671,955,1362,3.03,10,26,3,3,0,2
7,938,760,527,849,5.53,10,26,3,3,0,2
2,2341,403,1017,1372,5.06,10,26,3,3,0,2
0,1533,768,767,1150,4.5,10,26,3,3,0,2
4,1399,744,708,1072,3.77,10,26,3,3,0,2
6,1188,522,580,855,3.6,10,26,3,3,0,2
1,1109,468,537,788,4.93,10,26,3,3,0,2
9,1114,699,585,906,5.64,10,26,3,3,0,2
3,1087,585,552,836,3.15,10,26,3,3,0,2
8,936,633,501,784,3.22,10,26,3,3,0,2
5,2076,992,1029,1534,4.61,10,26,3,3,0,2
7,1540,596,735,1068,5.37,10,26,3,3,0,2
2,1953,759,933,1356,3.26,10,26,3,3,0,2
0,2020,915,991,1468,4.84,10,26,3,3,0,2
4,2315,882,1102,1598,4.25,10,26,3,3,0,2
6,2191,575,991,1383,4.57,10,26,3,3,0,2
1,1702,772,835,1237,5.55,10,26,3,3,0,2
9,1919,898,947,1408,3.77,10,26,3,3,0,2
3,1403,618,685,1010,4.95,10,26,3,3,0,2
8,2411,884,1141,1648,3.51,10,26,3,3,0,2
5,2475,441,1078,1458,3.72,10,26,3,3,0,2
7,1520,874,783,1197,4.04,10,26,3,3,0,2
2,1125,629,576,877,5.4,10,26,3,3,0,2
0,1247,847,668,1047,3.23,10,26,3,3,0,2
4,2113,593,964,1353,3.19,10,26,3,3,0,2
6,1119,640,576,880,5.63,10,26,3,3,0,2
1,822,642,457,732,3.06,10,26,3,3,0,2
9,2402,651,1091,1526,3.53,10,26,3,3,0,2
3,2454,407,1063,1430,4.78,10,26,3,3,0,2
8,522,171,243,346,1.25,11,26,3,3,0,2
5,489,386,273,438,2.22,11,26,3,3,0,2
7,505,499,302,502,1.15,11,26,3,3,0,2
2,299,526,225,412,1.47,11,26,3,3,0,2
0,270,205,149,238,2.31,11,26,3,3,0,2
4,381,186,190,284,1.13,11,26,3,3,0,2
6,386,514,257,450,2.2,11,26,3,3,0,2
1,193,493,176,343,1.4,11,26,3,3,0,2
9,539,288,273,414,2.03,11,26,3,3,0,2
3,301,281,177,291,0.66,11,26,3,3,0,0
8,158,384,140,271,1.47,11,26,3,3,0,2
5,182,477,168,330,0.67,11,26,3,3,0,0
7,264,380,182,322,1.41,11,26,3,3,0,2
2,304,490,220,397,2.35,11,26,3,3,0,2
0,436,438,262,437,2.26,11,26,3,3,0,2
4,395,235,205,315,0.79,11,26,3,3,0,2
6,293,480,213,386,1.83,11,26,3,3,0,2
1,364,372,220,368,0.86,11,26,3,3,0,2
9,253,235,148,244,1.24,11,26,3,3,0,2
3,210,164,117,187,2.05,11,26,3,3,0,2
8,518,316,270,417,1.89,11,26,3,3,0,2
5,207,466,176,336,1.82,11,26,3,3,0,2
7,348,333,206,340,2.47,11,26,3,3,0,2
2,388,428,241,408,0.71,11,26,3,3,0,0
0,219,478,183,348,1.61,11,26,3,3,0,2
4,339,341,204,340,0.77,11,26,3,3,0,2
6,248,496,198,372,0.69,11,26,3,3,0,0
1,203,197,121,200,1.49,11,26,3,3,0,2
9,524,347,279,436,1.69,11,26,3,3,0,2
3,475,312,252,394,2.39,11,26,3,3,0,2
8,418,246,216,332,1.14,11,26,3,3,0,2
5,441,503,277,472,1.09,11,26,3,3,0,2
7,429,159,203,294,0.51,11,26,3,3,0,0
2,312,483,221,398,0.73,11,26,3,3,0,0
0,152,443,149,298,0.8,11,26,3,3,0,2
4,372,313,211,342,1.08,11,26,3,3,0,2
6,422,274,224,348,0.57,11,26,3,3,0,0
1,468,217,231,342,1.58,11,26,3,3,0,2
9,233,330,159,282,1.64,11,26,3,3,0,2
3,371,236,196,304,2.19,11,26,3,3,0,2
8,215,526,191,370,1.5,12,26,3,3,0,2
5,436,463,267,450,1.85,12,26,3,3,0,2
7,409,337,231,373,1.67,12,26,3,3,0,2
2,414,472,260,443,1.87,12,26,3,3,0,2
0,335,421,218,378,1.12,12,26,3,3,0,2
4,282,180,149,231,1.53,12,26,3,3,0,2
6,170,328,134,249,2.29,12,26,3,3,0,2
1,162,357,136,260,1.97,12,26,3,3,0,2
9,169,541,176,355,0.7,12,26,3,3,0,0
3,159,477,159,318,1.85,12,26,3,3,0,2
8,210,418,168,314,1.72,12,26,3,3,0,2
5,200,235,127,218,1.32,12,26,3,3,0,2
7,165,504,167,334,1.84,12,26,3,3,0,2
2,168,424,152,296,2.44,12,26,3,3,0,2
0,467,385,264,426,1.57,12,26,3,3,0,2
4,180,285,129,232,0.55,12,26,3,3,0,0
6,364,280,202,322,1.85,12,26,3,3,0,2
1,413,499,265,456,2.42,12,26,3,3,0,2
9,231,409,174,320,1.31,12,26,3,3,0,2
3,254,429,187,342,1.75,12,26,3,3,0,2
8,178,174,106,176,0.81,12,26,3,3,0,2
5,491,158,228,324,2.04,12,26,3,3,0,2
7,420,276,223,348,1.2,12,26,3,3,0,2
2,396,173,193,284,1.79,12,26,3,3,0,2
0,288,283,172,286,1.86,12,26,3,3,0,2
4,524,161,242,342,2.26,12,26,3,3,0,2
6,305,177,157,241,2.14,12,26,3,3,0,2
1,408,421,247,414,2.32,12,26,3,3,0,2
9,224,279,145,252,2.15,12,26,3,3,0,2
3,419,205,209,312,1.09,12,26,3,3,0,2
8,336,243,183,290,2.26,12,26,3,3,0,2
5,435,301,234,368,1.92,12,26,3,3,0,2
7,184,216,117,200,1.82,12,26,3,3,0,2
2,508,374,278,441,1.05,12,26,3,3,0,2
0,173,177,105,175,1.63,12,26,3,3,0,2
4,525,497,309,511,1.32,12,26,3,3,0,2
6,435,421,258,428,1.81,12,26,3,3,0,2
1,154,550,172,352,0.7,12,26,3,3,0,0
9,260,259,156,260,0.64,12,26,3,3,0,0
3,271,491,207,381,0.64,12,26,3,3,0,0
8,364,379,221,372,0.82,13,26,3,3,0,2
5,176,509,172,342,1.91,13,26,3,3,0,2
7,309,526,229,418,0.86,13,26,3,3,0,2
2,376,210,192,293,1.32,13,26,3,3,0,2
0,533,409,295,471,0.96,13,26,3,3,0,2
4,252,354,172,303,0.76,13,26,3,3,0,2
6,347,285,196,316,1.62,13,26,3,3,0,2
1,461,473,279,467,1.12,13,26,3,3,0,2
9,320,375,203,348,2.15,13,26,3,3,0,2
3,200,465,173,332,2.49,13,26,3,3,0,2
8,150,321,124,236,0.7,13,26,3,3,0,0
5,372,247,198,310,2.06,13,26,3,3,0,2
7,250,438,188,344,1.41,13,26,3,3,0,2
2,239,489,193,364,1.72,13,26,3,3,0,2
0,392,276,212,334,1.61,13,26,3,3,0,2
4,449,222,224,336,1.88,13,26,3,3,0,2
6,443,216,220,330,1.04,13,26,3,3,0,2
1,243,174,132,208,1.87,13,26,3,3,0,2
9,282,321,177,302,1.8,13,26,3,3,0,2
3,549,256,271,402,0.55,13,26,3,3,0,0
8,280,184,149,232,2.19,13,26,3,3,0,2
5,343,158,169,250,0.84,13,26,3,3,0,2
7,447,181,215,314,2.27,13,26,3,3,0,2
2,403,203,202,303,1.15,13,26,3,3,0,2
0,237,308,156,272,0.95,13,26,3,3,0,2
4,239,417,179,328,0.77,13,26,3,3,0,2
6,325,393,209,359,0.85,13,26,3,3,0,2
1,317,359,199,338,1.65,13,26,3,3,0,2
9,484,286,251,385,1.45,13,26,3,3,0,2
3,529,253,262,391,1.97,13,26,3,3,0,2
8,219,307,149,263,0.73,13,26,3,3,0,0
5,388,391,233,390,1.74,13,26,3,3,0,2
7,473,225,234,349,0.59,13,26,3,3,0,0
2,350,394,219,372,0.54,13,26,3,3,0,0
0,215,239,134,227,2.1,13,26,3,3,0,2
4,158,532,170,345,2.3,13,26,3,3,0,2
6,548,210,261,379,1.98,13,26,3,3,0,2
1,190,269,130,230,0.63,13,26,3,3,0,0
9,187,224,120,206,1.36,13,26,3,3,0,2
3,194,291,136,242,1.78,13,26,3,3,0,2
8,296,278,174,287,2.43,14,26,3,3,0,2
5,304,402,202,353,1.53,14,26,3,3,0,2
7,276,280,166,278,1.0,14,26,3,3,0,2
2,367,283,203,325,2.02,14,26,3,3,0,2
0,530,264,265,397,1.62,14,26,3,3,0,2
4,535,493,313,514,2.01,14,26,3,3,0,2
6,241,330,162,286,0.65,14,26,3,3,0,0
1,449,531,286,490,0.79,14,26,3,3,0,2
9,278,511,213,394,2.45,14,26,3,3,0,2
3,197,414,162,306,0.78,14,26,3,3,0,2
8,365,299,206,332,0.88,14,26,3,3,0,2
5,514,228,251,371,1.76,14,26,3,3,0,2
7,509,544,312,526,2.37,14,26,3,3,0,2
2,405,519,266,462,1.84,14,26,3,3,0,2
0,389,290,214,340,1.64,14,26,3,3,0,2
4,508,218,247,363,1.09,14,26,3,3,0,2
6,406,491,261,448,1.27,14,26,3,3,0,2
1,323,525,234,424,0.58,14,26,3,3,0,0
9,529,207,253,368,1.53,14,26,3,3,0,2
3,519,440,296,480,0.61,14,26,3,3,0,0
8,549,300,280,424,1.69,14,26,3,3,0,2
5,153,268,115,210,1.37,14,26,3,3,0,2
7,502,164,234,333,2.19,14,26,3,3,0,2
2,220,302,148,261,2.4,14,26,3,3,0,2
0,482,343,261,412,1.69,14,26,3,3,0,2
4,432,310,235,371,1.95,14,26,3,3,0,2
6,264,330,172,297,2.2,14,26,3,3,0,2
1,282,470,207,376,2.31,14,26,3,3,0,2
9,265,151,136,208,0.88,14,26,3,3,0,2
3,221,182,125,202,1.21,14,26,3,3,0,2
8,513,308,267,410,0.56,14,26,3,3,0,0
5,262,344,174,303,2.26,14,26,3,3,0,2
7,388,471,249,430,1.22,14,26,3,3,0,2
2,448,528,285,488,1.65,14,26,3,3,0,2
0,237,333,161,285,1.19,14,26,3,3,0,2
4,513,244,254,378,2.37,14,26,3,3,0,2
6,170,169,102,170,1.89,14,26,3,3,0,2
1,258,397,183,328,0.55,14,26,3,3,0,0
9,372,237,196,304,1.19,14,26,3,3,0,2
3,249,395,179,322,1.11,14,26,3,3,0,2
8,203,451,171,327,2.44,15,26,3,3,0,2
5,226,300,150,263,1.52,15,26,3,3,0,2
7,170,467,161,318,1.73,15,26,3,3,0,2
2,372,267,202,320,0.6,15,26,3,3,0,0
0,363,544,254,454,0.96,15,26,3,3,0,2
4,243,221,141,232,1.35,15,26,3,3,0,2
6,335,338,202,336,2.37,15,26,3,3,0,2
1,491,214,239,352,1.33,15,26,3,3,0,2
9,255,171,136,213,2.16,15,26,3,3,0,2
3,326,355,201,340,1.22,15,26,3,3,0,2
8,471,214,231,342,2.27,15,26,3,3,0,2
5,418,498,267,458,1.44,15,26,3,3,0,2
7,433,474,268,454,1.62,15,26,3,3,0,2
2,180,405,153,292,2.37,15,26,3,3,0,2
0,483,334,260,408,0.66,15,26,3,3,0,0
4,319,174,162,246,1.56,15,26,3,3,0,2
6,426,403,251,414,1.06,15,26,3,3,0,2
1,154,201,102,178,2.49,15,26,3,3,0,2
9,161,385,141,273,1.18,15,26,3,3,0,2
3,514,478,301,496,1.6,15,26,3,3,0,2
8,543,484,314,514,2.11,15,26,3,3,0,2
5,398,216,202,307,0.87,15,26,3,3,0,2
7,527,270,265,398,2.25,15,26,3,3,0,2
2,530,162,244,346,1.03,15,26,3,3,0,2
0,225,167,123,196,1.79,15,26,3,3,0,2
4,329,488,229,408,2.04,15,26,3,3,0,2
6,297,220,163,258,0.61,15,26,3,3,0,0
1,480,377,267,428,1.43,15,26,3,3,0,2
9,255,372,176,314,0.81,15,26,3,3,0,2
3,439,352,246,396,2.09,15,26,3,3,0,2
8,376,441,239,408,1.62,15,26,3,3,0,2
5,162,331,131,246,1.98,15,26,3,3,0,2
7,359,278,199,318,0.83,15,26,3,3,0,2
2,461,520,288,490,2.47,15,26,3,3,0,2
0,202,523,185,362,1.34,15,26,3,3,0,2
4,226,489,188,358,1.99,15,26,3,3,0,2
6,542,246,266,394,1.28,15,26,3,3,0,2
1,186,151,105,168,0.92,15,26,3,3,0,2
9,292,297,176,294,2.34,15,26,3,3,0,2
3,311,459,216,385,2.43,15,26,3,3,0,2
8,462,306,246,384,1.51,16,26,3,3,0,2
5,328,395,210,362,1.11,16,26,3,3,0,2
7,433,356,244,394,2.16,16,26,3,3,0,2
2,418,491,265,454,2.46,16,26,3,3,0,2
0,532,277,268,404,1.43,16,26,3,3,0,2
4,432,156,204,294,1.15,16,26,3,3,0,2
6,479,533,298,506,1.55,16,26,3,3,0,2
1,388,235,202,312,0.79,16,26,3,3,0,2
9,160,395,143,278,2.2,16,26,3,3,0,2
3,180,238,120,209,2.31,16,26,3,3,0,2
8,151,517,164,334,2.28,16,26,3,3,0,2
5,219,178,123,198,1.66,16,26,3,3,0,2
7,202,504,182,353,1.16,16,26,3,3,0,2
2,458,202,224,330,2.17,16,26,3,3,0,2
0,187,398,154,292,1.38,16,26,3,3,0,2
4,499,547,309,523,1.23,16,26,3,3,0,2
6,181,420,156,300,0.81,16,26,3,3,0,2
1,466,377,262,422,1.61,16,26,3,3,0,2
9,355,539,250,447,0.69,16,26,3,3,0,0
3,311,285,181,298,2.44,16,26,3,3,0,2
8,468,362,260,415,0.98,16,26,3,3,0,2
5,280,208,154,244,0.83,16,26,3,3,0,2
7,216,460,178,338,2.26,16,26,3,3,0,2
2,220,173,123,196,0.88,16,26,3,3,0,2
0,196,456,170,326,1.24,16,26,3,3,0,2
4,520,257,259,388,1.45,16,26,3,3,0,2
6,221,308,150,264,0.55,16,26,3,3,0,0
1,174,332,136,253,1.28,16,26,3,3,0,2
9,527,169,245,348,2.46,16,26,3,3,0,2
3,202,185,118,194,0.85,16,26,3,3,0,2
8,412,383,241,398,1.08,16,26,3,3,0,2
5,284,268,167,276,1.21,16,26,3,3,0,2
7,373,237,197,305,1.02,16,26,3,3,0,2
2,441,156,208,298,1.72,16,26,3,3,0,2
0,322,420,213,371,1.95,16,26,3,3,0,2
4,486,431,281,458,2.31,16,26,3,3,0,2
6,516,474,301,495,1.9,16,26,3,3,0,2
1,490,305,257,398,1.42,16,26,3,3,0,2
9,387,319,219,353,1.39,16,26,3,3,0,2
3,438,426,260,432,1.06,16,26,3,3,0,2
8,619,1510,550,1064,4.79,17,26,3,3,0,2
5,652,1887,638,1270,5.31,17,26,3,3,0,2
7,1184,1126,699,1155,3.71,17,26,3,3,0,2
2,946,1466,672,1206,3.48,17,26,3,3,0,2
0,934,1212,616,1073,3.06,17,26,3,3,0,2
4,904,1392,640,1148,3.88,17,26,3,3,0,2
6,964,2753,936,1858,3.37,17,26,3,3,0,2
1,953,1659,713,1306,4.42,17,26,3,3,0,2
9,1011,2306,866,1658,3.84,17,26,3,3,0,2
3,1152,2535,968,1844,4.12,17,26,3,3,0,2
8,1113,1212,688,1162,5.15,17,26,3,3,0,2
5,1107,1803,803,1455,5.69,17,26,3,3,0,2
7,973,2556,900,1764,3.19,17,26,3,3,0,2
2,778,1245,560,1012,4.57,17,26,3,3,0,2
0,994,2000,798,1497,4.44,17,26,3,3,0,2
4,1039,1776,771,1408,4.98,17,26,3,3,0,2
6,876,1608,672,1242,4.2,17,26,3,3,0,2
1,990,2453,887,1722,5.21,17,26,3,3,0,2
9,735,1445,583,1090,4.51,17,26,3,3,0,2
3,794,2067,731,1430,4.35,17,26,3,3,0,2
8,739,1494,594,1116,3.49,17,26,3,3,0,2
5,1121,2573,963,1847,3.27,17,26,3,3,0,2
7,789,1875,691,1332,3.4,17,26,3,3,0,2
2,1153,1487,759,1320,5.61,17,26,3,3,0,2
0,736,1194,533,965,5.71,17,26,3,3,0,2
4,766,2393,785,1580,3.01,17,26,3,3,0,2
6,1123,2363,922,1743,4.95,17,26,3,3,0,2
1,809,2150,754,1480,5.39,17,26,3,3,0,2
9,963,2366,858,1664,3.91,17,26,3,3,0,2
3,735,1053,505,894,3.93,17,26,3,3,0,2
8,790,1295,575,1042,3.21,17,26,3,3,0,2
5,753,1061,513,907,3.19,17,26,3,3,0,2
7,652,1393,539,1022,4.8,17,26,3,3,0,2
2,811,1872,699,1342,5.38,17,26,3,3,0,2
0,857,1279,599,1068,3.7,17,26,3,3,0,2
4,1126,1720,794,1423,3.17,17,26,3,3,0,2
6,740,1365,569,1052,3.5,17,26,3,3,0,2
1,780,1941,700,1360,3.14,17,26,3,3,0,2
9,1020,2305,869,1662,4.26,17,26,3,3,0,2
3,1036,2135,841,1586,4.77,17,26,3,3,0,2
8,737,1715,638,1226,5.33,18,26,3,3,0,2
5,611,2220,688,1416,4.13,18,26,3,3,0,2
7,759,1364,576,1062,3.15,18,26,3,3,0,2
2,1028,2774,966,1901,4.12,18,26,3,3,0,2
0,1161,1002,665,1082,3.24,18,26,3,3,0,2
4,731,2425,777,1578,3.88,18,26,3,3,0,2
6,1184,1906,855,1545,3.98,18,26,3,3,0,2
1,653,1722,606,1188,3.01,18,26,3,3,0,2
9,1100,1484,737,1292,3.61,18,26,3,3,0,2
3,778,1456,602,1117,3.57,18,26,3,3,0,2
8,702,1067,494,884,3.76,18,26,3,3,0,2
5,1113,2270,899,1692,3.09,18,26,3,3,0,2
7,977,1343,659,1160,3.99,18,26,3,3,0,2
2,963,2106,806,1534,5.58,18,26,3,3,0,2
0,673,1391,547,1032,4.69,18,26,3,3,0,2
4,620,1325,513,972,4.96,18,26,3,3,0,2
6,871,2376,824,1624,5.25,18,26,3,3,0,2
1,602,2455,732,1528,3.69,18,26,3,3,0,2
9,810,1407,605,1108,4.36,18,26,3,3,0,2
3,1026,1364,683,1195,4.12,18,26,3,3,0,2
8,633,2113,676,1373,4.81,18,26,3,3,0,2
5,665,1117,489,891,3.83,18,26,3,3,0,2
7,925,1506,671,1216,4.34,18,26,3,3,0,2
2,980,1168,626,1074,4.73,18,26,3,3,0,2
0,891,1635,683,1263,4.5,18,26,3,3,0,2
4,1120,1473,743,1296,5.35,18,26,3,3,0,2
6,720,1084,505,902,5.35,18,26,3,3,0,2
1,761,1105,525,933,3.44,18,26,3,3,0,2
9,785,2191,752,1488,5.33,18,26,3,3,0,2
3,829,1054,542,942,4.64,18,26,3,3,0,2
8,630,1397,531,1014,3.33,18,26,3,3,0,2
5,1102,2526,946,1814,3.02,18,26,3,3,0,2
7,780,1094,531,937,4.04,18,26,3,3,0,2
2,1132,2159,885,1646,5.14,18,26,3,3,0,2
0,689,1136,503,912,3.38,18,26,3,3,0,2
4,720,1756,639,1238,3.82,18,26,3,3,0,2
6,610,1030,450,820,5.47,18,26,3,3,0,2
1,1079,1721,776,1400,4.34,18,26,3,3,0,2
9,1151,1708,802,1430,5.57,18,26,3,3,0,2
3,801,1342,589,1072,4.07,18,26,3,3,0,2
8,703,1155,512,929,3.18,19,26,3,3,0,2
5,995,2446,887,1720,3.63,19,26,3,3,0,2
7,1145,1848,828,1496,5.46,19,26,3,3,0,2
2,874,1067,563,970,3.86,19,26,3,3,0,2
0,718,2779,843,1748,3.84,19,26,3,3,0,2
4,951,1333,647,1142,4.81,19,26,3,3,0,2
6,1194,1096,697,1145,4.78,19,26,3,3,0,2
1,1104,1558,753,1331,5.58,19,26,3,3,0,2
9,1127,1454,742,1290,3.35,19,26,3,3,0,2
3,692,2513,779,1602,3.59,19,26,3,3,0,2
8,1039,2133,842,1586,3.45,19,26,3,3,0,2
5,666,2568,780,1617,4.2,19,26,3,3,0,2
7,1008,2760,955,1884,5.46,19,26,3,3,0,2
2,912,1858,736,1385,3.18,19,26,3,3,0,2
0,1167,2221,911,1694,5.59,19,26,3,3,0,2
4,736,1055,505,896,3.06,19,26,3,3,0,2
6,720,2359,760,1540,5.13,19,26,3,3,0,2
1,1001,1291,659,1146,4.02,19,26,3,3,0,2
9,693,2511,779,1602,4.23,19,26,3,3,0,2
3,818,2107,749,1462,3.49,19,26,3,3,0,2
8,1038,1061,627,1050,4.95,19,26,3,3,0,2
5,988,1002,596,995,3.31,19,26,3,3,0,2
7,651,1325,525,988,4.12,19,26,3,3,0,2
2,880,2546,861,1713,4.26,19,26,3,3,0,2
0,613,2385,722,1499,5.26,19,26,3,3,0,2
4,659,2632,790,1646,4.62,19,26,3,3,0,2
6,667,1113,489,890,4.53,19,26,3,3,0,2
1,1013,2421,889,1717,5.05,19,26,3,3,0,2
9,882,2114,776,1498,5.62,19,26,3,3,0,2
3,1140,2142,884,1641,4.13,19,26,3,3,0,2
8,1052,1176,656,1114,3.97,19,26,3,3,0,2
5,693,1891,655,1292,3.99,19,26,3,3,0,2
7,1075,1179,666,1127,4.59,19,26,3,3,0,2
2,1071,2720,972,1896,3.56,19,26,3,3,0,2
0,752,1430,587,1091,5.07,19,26,3,3,0,2
4,1098,2435,926,1766,3.74,19,26,3,3,0,2
6,711,1544,593,1128,4.45,19,26,3,3,0,2
1,1146,1631,785,1388,3.11,19,26,3,3,0,2
9,1178,2032,878,1605,5.14,19,26,3,3,0,2
3,1070,1948,818,1509,5.46,19,26,3,3,0,2
8,866,1227,592,1046,3.17,20,26,3,3,0,2
5,1165,2667,999,1916,3.28,20,26,3,3,0,2
7,716,1044,495,880,5.71,20,26,3,3,0,2
2,1151,1154,691,1152,5.34,20,26,3,3,0,2
0,645,1667,591,1156,3.63,20,26,3,3,0,2
4,615,1017,449,816,5.59,20,26,3,3,0,2
6,750,2445,789,1598,3.87,20,26,3,3,0,2
1,604,1875,617,1240,5.4,20,26,3,3,0,2
9,763,2659,837,1711,3.93,20,26,3,3,0,2
3,1153,2007,863,1580,5.6,20,26,3,3,0,2
8,1019,2525,913,1772,5.56,20,26,3,3,0,2
5,674,1851,640,1262,4.07,20,26,3,3,0,2
7,796,2707,860,1752,5.07,20,26,3,3,0,2
2,698,1767,633,1232,3.65,20,26,3,3,0,2
0,765,1904,687,1334,3.22,20,26,3,3,0,2
4,657,2173,697,1415,3.78,20,26,3,3,0,2
6,666,1851,637,1258,3.8,20,26,3,3,0,2
1,708,2013,686,1360,4.55,20,26,3,3,0,2
9,738,1947,685,1342,3.34,20,26,3,3,0,2
3,865,2073,761,1469,3.33,20,26,3,3,0,2
8,823,2366,802,1594,3.24,20,26,3,3,0,2
5,1153,1614,784,1384,3.93,20,26,3,3,0,2
7,1005,2169,836,1587,4.57,20,26,3,3,0,2
2,971,2013,791,1492,4.15,20,26,3,3,0,2
0,1168,2455,958,1812,3.62,20,26,3,3,0,2
4,1011,1636,732,1324,4.29,20,26,3,3,0,2
6,1163,2517,969,1840,4.63,20,26,3,3,0,2
1,1096,2508,940,1802,3.83,20,26,3,3,0,2
9,746,2410,780,1578,3.87,20,26,3,3,0,2
3,1090,1232,682,1161,5.4,20,26,3,3,0,2
8,778,2581,827,1680,3.32,20,26,3,3,0,2
5,804,2181,758,1492,3.79,20,26,3,3,0,2
7,898,1252,610,1075,4.49,20,26,3,3,0,2
2,760,1327,569,1044,3.23,20,26,3,3,0,2
0,933,1293,632,1113,4.24,20,26,3,3,0,2
4,1073,1663,762,1368,3.04,20,26,3,3,0,2
6,1084,1158,665,1121,4.98,20,26,3,3,0,2
1,851,1969,734,1410,3.45,20,26,3,3,0,2
9,652,1720,605,1186,3.51,20,26,3,3,0,2
3,794,1650,648,1222,5.74,20,26,3,3,0,2
8,454,363,254,408,1.72,21,26,3,3,0,2
5,239,246,145,242,1.25,21,26,3,3,0,2
7,471,444,277,458,1.93,21,26,3,3,0,2
2,312,167,158,240,2.38,21,26,3,3,0,2
0,494,161,230,328,0.96,21,26,3,3,0,2
4,227,352,161,290,1.71,21,26,3,3,0,2
6,521,513,311,517,1.62,21,26,3,3,0,2
1,356,460,234,408,1.76,21,26,3,3,0,2
9,168,361,139,264,2.46,21,26,3,3,0,2
3,227,443,179,335,1.01,21,26,3,3,0,2
8,488,480,291,484,0.53,21,26,3,3,0,0
5,271,542,217,406,1.59,21,26,3,3,0,2
7,174,212,112,193,2.17,21,26,3,3,0,2
2,251,453,191,352,1.37,21,26,3,3,0,2
0,465,211,228,338,2.04,21,26,3,3,0,2
4,166,466,160,316,2.25,21,26,3,3,0,2
6,476,388,268,432,1.35,21,26,3,3,0,2
1,439,206,217,322,1.81,21,26,3,3,0,2
9,285,488,212,386,1.14,21,26,3,3,0,2
3,519,279,263,399,0.77,21,26,3,3,0,2
8,225,183,127,204,2.18,21,26,3,3,0,2
5,433,199,213,316,1.41,21,26,3,3,0,2
7,395,232,204,314,2.49,21,26,3,3,0,2
2,536,525,319,530,1.91,21,26,3,3,0,2
0,372,266,202,319,2.47,21,26,3,3,0,2
4,256,261,155,258,0.5,21,26,3,3,0,0
6,479,434,278,456,1.21,21,26,3,3,0,2
1,276,495,209,386,2.17,21,26,3,3,0,2
9,276,494,209,385,1.6,21,26,3,3,0,2
3,400,361,232,380,2.1,21,26,3,3,0,2
8,318,204,168,261,1.54,21,26,3,3,0,2
5,532,537,320,534,2.32,21,26,3,3,0,2
7,398,465,252,432,1.65,21,26,3,3,0,2
2,452,150,211,301,0.57,21,26,3,3,0,0
0,356,153,173,254,1.64,21,26,3,3,0,2
4,542,284,274,413,1.55,21,26,3,3,0,2
6,342,526,242,434,1.79,21,26,3,3,0,2
1,420,292,226,356,1.91,21,26,3,3,0,2
9,544,518,321,531,1.13,21,26,3,3,0,2
3,305,436,209,370,1.48,21,26,3,3,0,2
8,484,362,266,423,1.91,22,26,3,3,0,2
5,235,389,172,312,1.92,22,26,3,3,0,2
7,422,463,261,442,0.58,22,26,3,3,0,0
2,175,480,166,328,1.89,22,26,3,3,0,2
0,480,340,260,410,0.98,22,26,3,3,0,2
4,392,533,263,462,2.05,22,26,3,3,0,2
6,484,341,262,412,1.57,22,26,3,3,0,2
1,483,348,263,416,1.34,22,26,3,3,0,2
9,340,339,204,340,0.57,22,26,3,3,0,0
3,373,153,180,263,1.33,22,26,3,3,0,2
8,535,225,259,380,0.53,22,26,3,3,0,0
5,310,505,225,408,1.94,22,26,3,3,0,2
7,353,475,236,414,1.75,22,26,3,3,0,2
2,242,497,196,370,2.45,22,26,3,3,0,2
0,323,298,189,310,1.91,22,26,3,3,0,2
4,424,483,266,454,2.26,22,26,3,3,0,2
6,221,206,130,214,0.59,22,26,3,3,0,0
1,426,234,217,330,1.8,22,26,3,3,0,2
9,222,242,137,232,1.18,22,26,3,3,0,2
3,312,505,226,408,0.96,22,26,3,3,0,2
8,301,451,211,376,1.77,22,26,3,3,0,2
5,450,180,216,315,0.62,22,26,3,3,0,0
7,281,420,196,350,1.25,22,26,3,3,0,2
2,468,209,229,338,1.6,22,26,3,3,0,2
0,231,495,191,363,2.25,22,26,3,3,0,2
4,512,477,300,494,0.76,22,26,3,3,0,2
6,324,472,224,398,1.51,22,26,3,3,0,2
1,295,340,186,318,1.54,22,26,3,3,0,2
9,386,227,200,306,1.59,22,26,3,3,0,2
3,456,452,273,454,2.03,22,26,3,3,0,2
8,201,386,158,294,1.29,22,26,3,3,0,2
5,210,248,134,229,2.37,22,26,3,3,0,2
7,443,340,245,392,0.96,22,26,3,3,0,2
2,176,519,174,348,2.31,22,26,3,3,0,2
0,182,469,167,326,1.54,22,26,3,3,0,2
4,225,377,165,301,1.26,22,26,3,3,0,2
6,288,450,205,369,0.69,22,26,3,3,0,0
1,539,174,250,356,2.48,22,26,3,3,0,2
9,258,303,164,280,1.49,22,26,3,3,0,2
3,509,453,294,481,2.06,22,26,3,3,0,2
8,434,546,283,490,2.17,23,26,3,3,0,2
5,176,456,162,316,0.67,23,26,3,3,0,0
7,512,507,306,510,1.93,23,26,3,3,0,2
2,239,268,149,254,1.99,23,26,3,3,0,2
0,276,468,204,372,2.28,23,26,3,3,0,2
4,539,190,254,364,1.56,23,26,3,3,0,2
6,287,534,222,410,1.08,23,26,3,3,0,2
1,366,218,190,292,2.13,23,26,3,3,0,2
9,523,379,285,451,2.28,23,26,3,3,0,2
3,305,411,204,358,2.46,23,26,3,3,0,2
8,402,521,265,462,1.47,23,26,3,3,0,2
5,508,302,264,405,2.2,23,26,3,3,0,2
7,204,471,176,338,2.26,23,26,3,3,0,2
2,373,222,194,298,1.02,23,26,3,3,0,2
0,223,459,181,341,0.83,23,26,3,3,0,2
4,255,533,209,394,1.56,23,26,3,3,0,2
6,325,516,233,420,0.92,23,26,3,3,0,2
1,509,296,263,402,1.63,23,26,3,3,0,2
9,358,360,215,359,2.39,23,26,3,3,0,2
3,184,447,163,316,0.55,23,26,3,3,0,0
8,535,534,321,534,1.12,23,26,3,3,0,2
5,191,377,152,284,2.24,23,26,3,3,0,2
7,183,248,123,216,1.51,23,26,3,3,0,2
2,438,425,260,432,1.34,23,26,3,3,0,2
0,463,386,262,424,0.83,23,26,3,3,0,2
4,361,319,208,340,2.29,23,26,3,3,0,2
6,468,488,285,478,2.14,23,26,3,3,0,2
1,425,277,225,351,1.95,23,26,3,3,0,2
9,425,375,245,400,2.5,23,26,3,3,0,2
3,215,512,188,364,1.98,23,26,3,3,0,2
8,315,191,164,253,1.96,23,26,3,3,0,2
5,414,221,210,318,1.35,23,26,3,3,0,2
7,443,538,285,490,1.39,23,26,3,3,0,2
2,380,458,244,419,0.68,23,26,3,3,0,0
0,459,252,234,356,2.0,23,26,3,3,0,2
4,366,184,183,275,2.2,23,26,3,3,0,2
6,187,377,150,282,1.72,23,26,3,3,0,2
1,393,217,201,305,0.97,23,26,3,3,0,2
9,403,464,254,434,1.15,23,26,3,3,0,2
3,507,438,290,472,0.99,23,26,3,3,0,2
8,0,0,0,0,0.0,0,27,3,4,0,1
5,0,0,0,0,0.0,0,27,3,4,0,1
7,0,0,0,0,0.0,0,27,3,4,0,1
2,0,0,0,0,0.0,0,27,3,4,0,1
0,0,0,0,0,0.0,0,27,3,4,0,1
4,0,0,0,0,0.0,0,27,3,4,0,1
6,0,0,0,0,0.0,0,27,3,4,0,1
1,0,0,0,0,0.0,0,27,3,4,0,1
9,0,0,0,0,0.0,0,27,3,4,0,1
3,0,0,0,0,0.0,0,27,3,4,0,1
8,0,0,0,0,0.0,0,27,3,4,0,1
5,0,0,0,0,0.0,0,27,3,4,0,1
7,0,0,0,0,0.0,0,27,3,4,0,1
2,0,0,0,0,0.0,0,27,3,4,0,1
0,0,0,0,0,0.0,0,27,3,4,0,1
4,0,0,0,0,0.0,0,27,3,4,0,1
6,0,0,0,0,0.0,0,27,3,4,0,1
1,0,0,0,0,0.0,0,27,3,4,0,1
9,0,0,0,0,0.0,0,27,3,4,0,1
3,0,0,0,0,0.0,0,27,3,4,0,1
8,0,0,0,0,0.0,0,27,3,4,0,1
5,0,0,0,0,0.0,0,27,3,4,0,1
7,0,0,0,0,0.0,0,27,3,4,0,1
2,0,0,0,0,0.0,0,27,3,4,0,1
0,0,0,0,0,0.0,0,27,3,4,0,1
4,0,0,0,0,0.0,0,27,3,4,0,1
6,0,0,0,0,0.0,0,27,3,4,0,1
1,0,0,0,0,0.0,0,27,3,4,0,1
9,0,0,0,0,0.0,0,27,3,4,0,1
3,0,0,0,0,0.0,0,27,3,4,0,1
8,0,0,0,0,0.0,0,27,3,4,0,1
5,0,0,0,0,0.0,0,27,3,4,0,1
7,0,0,0,0,0.0,0,27,3,4,0,1
2,0,0,0,0,0.0,0,27,3,4,0,1
0,0,0,0,0,0.0,0,27,3,4,0,1
4,0,0,0,0,0.0,0,27,3,4,0,1
6,0,0,0,0,0.0,0,27,3,4,0,1
1,0,0,0,0,0.0,0,27,3,4,0,1
9,0,0,0,0,0.0,0,27,3,4,0,1
3,0,0,0,0,0.0,0,27,3,4,0,1
8,0,0,0,0,0.0,1,27,3,4,0,1
5,0,0,0,0,0.0,1,27,3,4,0,1
7,0,0,0,0,0.0,1,27,3,4,0,1
2,0,0,0,0,0.0,1,27,3,4,0,1
0,0,0,0,0,0.0,1,27,3,4,0,1
4,0,0,0,0,0.0,1,27,3,4,0,1
6,0,0,0,0,0.0,1,27,3,4,0,1
1,0,0,0,0,0.0,1,27,3,4,0,1
9,0,0,0,0,0.0,1,27,3,4,0,1
3,0,0,0,0,0.0,1,27,3,4,0,1
8,0,0,0,0,0.0,1,27,3,4,0,1
5,0,0,0,0,0.0,1,27,3,4,0,1
7,0,0,0,0,0.0,1,27,3,4,0,1
2,0,0,0,0,0.0,1,27,3,4,0,1
0,0,0,0,0,0.0,1,27,3,4,0,1
4,0,0,0,0,0.0,1,27,3,4,0,1
6,0,0,0,0,0.0,1,27,3,4,0,1
1,0,0,0,0,0.0,1,27,3,4,0,1
9,0,0,0,0,0.0,1,27,3,4,0,1
3,0,0,0,0,0.0,1,27,3,4,0,1
8,0,0,0,0,0.0,1,27,3,4,0,1
5,0,0,0,0,0.0,1,27,3,4,0,1
7,0,0,0,0,0.0,1,27,3,4,0,1
2,0,0,0,0,0.0,1,27,3,4,0,1
0,0,0,0,0,0.0,1,27,3,4,0,1
4,0,0,0,0,0.0,1,27,3,4,0,1
6,0,0,0,0,0.0,1,27,3,4,0,1
1,0,0,0,0,0.0,1,27,3,4,0,1
9,0,0,0,0,0.0,1,27,3,4,0,1
3,0,0,0,0,0.0,1,27,3,4,0,1
8,0,0,0,0,0.0,1,27,3,4,0,1
5,0,0,0,0,0.0,1,27,3,4,0,1
7,0,0,0,0,0.0,1,27,3,4,0,1
2,0,0,0,0,0.0,1,27,3,4,0,1
0,0,0,0,0,0.0,1,27,3,4,0,1
4,0,0,0,0,0.0,1,27,3,4,0,1
6,0,0,0,0,0.0,1,27,3,4,0,1
1,0,0,0,0,0.0,1,27,3,4,0,1
9,0,0,0,0,0.0,1,27,3,4,0,1
3,0,0,0,0,0.0,1,27,3,4,0,1
8,0,0,0,0,0.0,2,27,3,4,0,1
5,0,0,0,0,0.0,2,27,3,4,0,1
7,0,0,0,0,0.0,2,27,3,4,0,1
2,0,0,0,0,0.0,2,27,3,4,0,1
0,0,0,0,0,0.0,2,27,3,4,0,1
4,0,0,0,0,0.0,2,27,3,4,0,1
6,0,0,0,0,0.0,2,27,3,4,0,1
1,0,0,0,0,0.0,2,27,3,4,0,1
9,0,0,0,0,0.0,2,27,3,4,0,1
3,0,0,0,0,0.0,2,27,3,4,0,1
8,0,0,0,0,0.0,2,27,3,4,0,1
5,0,0,0,0,0.0,2,27,3,4,0,1
7,0,0,0,0,0.0,2,27,3,4,0,1
2,0,0,0,0,0.0,2,27,3,4,0,1
0,0,0,0,0,0.0,2,27,3,4,0,1
4,0,0,0,0,0.0,2,27,3,4,0,1
6,0,0,0,0,0.0,2,27,3,4,0,1
1,0,0,0,0,0.0,2,27,3,4,0,1
9,0,0,0,0,0.0,2,27,3,4,0,1
3,0,0,0,0,0.0,2,27,3,4,0,1
8,0,0,0,0,0.0,2,27,3,4,0,1
5,0,0,0,0,0.0,2,27,3,4,0,1
7,0,0,0,0,0.0,2,27,3,4,0,1
2,0,0,0,0,0.0,2,27,3,4,0,1
0,0,0,0,0,0.0,2,27,3,4,0,1
4,0,0,0,0,0.0,2,27,3,4,0,1
6,0,0,0,0,0.0,2,27,3,4,0,1
1,0,0,0,0,0.0,2,27,3,4,0,1
9,0,0,0,0,0.0,2,27,3,4,0,1
3,0,0,0,0,0.0,2,27,3,4,0,1
8,0,0,0,0,0.0,2,27,3,4,0,1
5,0,0,0,0,0.0,2,27,3,4,0,1
7,0,0,0,0,0.0,2,27,3,4,0,1
2,0,0,0,0,0.0,2,27,3,4,0,1
0,0,0,0,0,0.0,2,27,3,4,0,1
4,0,0,0,0,0.0,2,27,3,4,0,1
6,0,0,0,0,0.0,2,27,3,4,0,1
1,0,0,0,0,0.0,2,27,3,4,0,1
9,0,0,0,0,0.0,2,27,3,4,0,1
3,0,0,0,0,0.0,2,27,3,4,0,1
8,0,0,0,0,0.0,3,27,3,4,0,1
5,0,0,0,0,0.0,3,27,3,4,0,1
7,0,0,0,0,0.0,3,27,3,4,0,1
2,0,0,0,0,0.0,3,27,3,4,0,1
0,0,0,0,0,0.0,3,27,3,4,0,1
4,0,0,0,0,0.0,3,27,3,4,0,1
6,0,0,0,0,0.0,3,27,3,4,0,1
1,0,0,0,0,0.0,3,27,3,4,0,1
9,0,0,0,0,0.0,3,27,3,4,0,1
3,0,0,0,0,0.0,3,27,3,4,0,1
8,0,0,0,0,0.0,3,27,3,4,0,1
5,0,0,0,0,0.0,3,27,3,4,0,1
7,0,0,0,0,0.0,3,27,3,4,0,1
2,0,0,0,0,0.0,3,27,3,4,0,1
0,0,0,0,0,0.0,3,27,3,4,0,1
4,0,0,0,0,0.0,3,27,3,4,0,1
6,0,0,0,0,0.0,3,27,3,4,0,1
1,0,0,0,0,0.0,3,27,3,4,0,1
9,0,0,0,0,0.0,3,27,3,4,0,1
3,0,0,0,0,0.0,3,27,3,4,0,1
8,0,0,0,0,0.0,3,27,3,4,0,1
5,0,0,0,0,0.0,3,27,3,4,0,1
7,0,0,0,0,0.0,3,27,3,4,0,1
2,0,0,0,0,0.0,3,27,3,4,0,1
0,0,0,0,0,0.0,3,27,3,4,0,1
4,0,0,0,0,0.0,3,27,3,4,0,1
6,0,0,0,0,0.0,3,27,3,4,0,1
1,0,0,0,0,0.0,3,27,3,4,0,1
9,0,0,0,0,0.0,3,27,3,4,0,1
3,0,0,0,0,0.0,3,27,3,4,0,1
8,0,0,0,0,0.0,3,27,3,4,0,1
5,0,0,0,0,0.0,3,27,3,4,0,1
7,0,0,0,0,0.0,3,27,3,4,0,1
2,0,0,0,0,0.0,3,27,3,4,0,1
0,0,0,0,0,0.0,3,27,3,4,0,1
4,0,0,0,0,0.0,3,27,3,4,0,1
6,0,0,0,0,0.0,3,27,3,4,0,1
1,0,0,0,0,0.0,3,27,3,4,0,1
9,0,0,0,0,0.0,3,27,3,4,0,1
3,0,0,0,0,0.0,3,27,3,4,0,1
8,0,0,0,0,0.0,4,27,3,4,0,1
5,0,0,0,0,0.0,4,27,3,4,0,1
7,0,0,0,0,0.0,4,27,3,4,0,1
2,0,0,0,0,0.0,4,27,3,4,0,1
0,0,0,0,0,0.0,4,27,3,4,0,1
4,0,0,0,0,0.0,4,27,3,4,0,1
6,0,0,0,0,0.0,4,27,3,4,0,1
1,0,0,0,0,0.0,4,27,3,4,0,1
9,0,0,0,0,0.0,4,27,3,4,0,1
3,0,0,0,0,0.0,4,27,3,4,0,1
8,0,0,0,0,0.0,4,27,3,4,0,1
5,0,0,0,0,0.0,4,27,3,4,0,1
7,0,0,0,0,0.0,4,27,3,4,0,1
2,0,0,0,0,0.0,4,27,3,4,0,1
0,0,0,0,0,0.0,4,27,3,4,0,1
4,0,0,0,0,0.0,4,27,3,4,0,1
6,0,0,0,0,0.0,4,27,3,4,0,1
1,0,0,0,0,0.0,4,27,3,4,0,1
9,0,0,0,0,0.0,4,27,3,4,0,1
3,0,0,0,0,0.0,4,27,3,4,0,1
8,0,0,0,0,0.0,4,27,3,4,0,1
5,0,0,0,0,0.0,4,27,3,4,0,1
7,0,0,0,0,0.0,4,27,3,4,0,1
2,0,0,0,0,0.0,4,27,3,4,0,1
0,0,0,0,0,0.0,4,27,3,4,0,1
4,0,0,0,0,0.0,4,27,3,4,0,1
6,0,0,0,0,0.0,4,27,3,4,0,1
1,0,0,0,0,0.0,4,27,3,4,0,1
9,0,0,0,0,0.0,4,27,3,4,0,1
3,0,0,0,0,0.0,4,27,3,4,0,1
8,0,0,0,0,0.0,4,27,3,4,0,1
5,0,0,0,0,0.0,4,27,3,4,0,1
7,0,0,0,0,0.0,4,27,3,4,0,1
2,0,0,0,0,0.0,4,27,3,4,0,1
0,0,0,0,0,0.0,4,27,3,4,0,1
4,0,0,0,0,0.0,4,27,3,4,0,1
6,0,0,0,0,0.0,4,27,3,4,0,1
1,0,0,0,0,0.0,4,27,3,4,0,1
9,0,0,0,0,0.0,4,27,3,4,0,1
3,0,0,0,0,0.0,4,27,3,4,0,1
8,0,0,0,0,0.0,5,27,3,4,0,1
5,0,0,0,0,0.0,5,27,3,4,0,1
7,0,0,0,0,0.0,5,27,3,4,0,1
2,0,0,0,0,0.0,5,27,3,4,0,1
0,0,0,0,0,0.0,5,27,3,4,0,1
4,0,0,0,0,0.0,5,27,3,4,0,1
6,0,0,0,0,0.0,5,27,3,4,0,1
1,0,0,0,0,0.0,5,27,3,4,0,1
9,0,0,0,0,0.0,5,27,3,4,0,1
3,0,0,0,0,0.0,5,27,3,4,0,1
8,0,0,0,0,0.0,5,27,3,4,0,1
5,0,0,0,0,0.0,5,27,3,4,0,1
7,0,0,0,0,0.0,5,27,3,4,0,1
2,0,0,0,0,0.0,5,27,3,4,0,1
0,0,0,0,0,0.0,5,27,3,4,0,1
4,0,0,0,0,0.0,5,27,3,4,0,1
6,0,0,0,0,0.0,5,27,3,4,0,1
1,0,0,0,0,0.0,5,27,3,4,0,1
9,0,0,0,0,0.0,5,27,3,4,0,1
3,0,0,0,0,0.0,5,27,3,4,0,1
8,0,0,0,0,0.0,5,27,3,4,0,1
5,0,0,0,0,0.0,5,27,3,4,0,1
7,0,0,0,0,0.0,5,27,3,4,0,1
2,0,0,0,0,0.0,5,27,3,4,0,1
0,0,0,0,0,0.0,5,27,3,4,0,1
4,0,0,0,0,0.0,5,27,3,4,0,1
6,0,0,0,0,0.0,5,27,3,4,0,1
1,0,0,0,0,0.0,5,27,3,4,0,1
9,0,0,0,0,0.0,5,27,3,4,0,1
3,0,0,0,0,0.0,5,27,3,4,0,1
8,0,0,0,0,0.0,5,27,3,4,0,1
5,0,0,0,0,0.0,5,27,3,4,0,1
7,0,0,0,0,0.0,5,27,3,4,0,1
2,0,0,0,0,0.0,5,27,3,4,0,1
0,0,0,0,0,0.0,5,27,3,4,0,1
4,0,0,0,0,0.0,5,27,3,4,0,1
6,0,0,0,0,0.0,5,27,3,4,0,1
1,0,0,0,0,0.0,5,27,3,4,0,1
9,0,0,0,0,0.0,5,27,3,4,0,1
3,0,0,0,0,0.0,5,27,3,4,0,1
8,252,514,204,383,2.19,6,27,3,4,0,2
5,495,266,251,380,2.33,6,27,3,4,0,2
7,224,288,147,256,2.36,6,27,3,4,0,2
2,432,487,270,460,1.84,6,27,3,4,0,2
0,547,334,286,440,1.07,6,27,3,4,0,2
4,327,302,191,314,1.75,6,27,3,4,0,2
6,424,314,232,369,1.1,6,27,3,4,0,2
1,398,322,224,360,2.09,6,27,3,4,0,2
9,466,423,271,444,1.63,6,27,3,4,0,2
3,151,428,146,290,1.16,6,27,3,4,0,2
8,544,373,292,458,1.98,6,27,3,4,0,2
5,520,401,288,460,0.55,6,27,3,4,0,0
7,285,396,193,340,0.99,6,27,3,4,0,2
2,509,447,293,478,1.14,6,27,3,4,0,2
0,243,313,160,278,0.7,6,27,3,4,0,0
4,200,377,155,288,2.22,6,27,3,4,0,2
6,424,367,243,396,0.67,6,27,3,4,0,0
1,230,257,143,244,1.47,6,27,3,4,0,2
9,295,314,181,304,1.39,6,27,3,4,0,2
3,430,190,210,310,1.79,6,27,3,4,0,2
8,190,483,173,336,1.61,6,27,3,4,0,2
5,286,363,187,324,1.74,6,27,3,4,0,2
7,175,317,133,246,1.09,6,27,3,4,0,2
2,504,476,297,490,2.39,6,27,3,4,0,2
0,297,461,211,379,1.26,6,27,3,4,0,2
4,170,297,127,234,1.29,6,27,3,4,0,2
6,390,329,222,360,2.09,6,27,3,4,0,2
1,428,510,273,469,0.76,6,27,3,4,0,2
9,266,495,205,380,1.55,6,27,3,4,0,2
3,171,507,170,339,1.25,6,27,3,4,0,2
8,366,420,230,393,2.05,6,27,3,4,0,2
5,179,339,139,259,1.73,6,27,3,4,0,2
7,194,418,161,306,1.29,6,27,3,4,0,2
2,254,352,172,303,2.02,6,27,3,4,0,2
0,240,465,189,352,1.82,6,27,3,4,0,2
4,549,400,300,474,2.02,6,27,3,4,0,2
6,319,160,160,240,1.08,6,27,3,4,0,2
1,351,351,211,351,2.1,6,27,3,4,0,2
9,371,261,201,316,1.43,6,27,3,4,0,2
3,496,419,282,458,1.84,6,27,3,4,0,2
8,516,174,241,345,1.21,7,27,3,4,0,2
5,235,542,202,388,0.73,7,27,3,4,0,0
7,345,516,241,430,2.32,7,27,3,4,0,2
2,513,251,255,382,0.86,7,27,3,4,0,2
0,513,201,245,357,1.68,7,27,3,4,0,2
4,388,546,264,467,2.14,7,27,3,4,0,2
6,250,398,180,324,1.04,7,27,3,4,0,2
1,518,393,286,456,1.22,7,27,3,4,0,2
9,385,459,246,422,1.72,7,27,3,4,0,2
3,541,220,260,380,2.47,7,27,3,4,0,2
8,443,156,208,300,1.19,7,27,3,4,0,2
5,159,196,103,178,2.4,7,27,3,4,0,2
7,450,258,232,354,1.44,7,27,3,4,0,2
2,272,224,154,248,0.79,7,27,3,4,0,2
0,260,178,140,219,0.66,7,27,3,4,0,0
4,178,549,181,364,0.6,7,27,3,4,0,0
6,436,151,205,294,0.98,7,27,3,4,0,2
1,438,402,256,420,1.56,7,27,3,4,0,2
9,293,180,153,236,1.31,7,27,3,4,0,2
3,191,344,145,268,1.81,7,27,3,4,0,2
8,189,462,168,326,2.44,7,27,3,4,0,2
5,300,181,156,240,1.62,7,27,3,4,0,2
7,293,272,172,282,1.34,7,27,3,4,0,2
2,296,156,150,226,1.11,7,27,3,4,0,2
0,496,179,234,338,1.02,7,27,3,4,0,2
4,484,201,234,342,2.06,7,27,3,4,0,2
6,239,316,159,278,1.76,7,27,3,4,0,2
1,549,501,320,525,2.24,7,27,3,4,0,2
9,532,529,319,530,2.03,7,27,3,4,0,2
3,517,240,255,378,2.11,7,27,3,4,0,2
8,376,232,197,304,1.45,7,27,3,4,0,2
5,433,343,242,388,2.14,7,27,3,4,0,2
7,360,357,215,358,1.14,7,27,3,4,0,2
2,414,396,245,405,1.24,7,27,3,4,0,2
0,444,527,283,486,2.37,7,27,3,4,0,2
4,272,303,169,288,0.69,7,27,3,4,0,0
6,178,238,119,208,1.04,7,27,3,4,0,2
1,183,538,181,360,0.6,7,27,3,4,0,0
9,206,266,136,236,2.05,7,27,3,4,0,2
3,448,303,240,376,0.83,7,27,3,4,0,2
8,1582,977,828,1280,4.51,8,27,3,4,0,2
5,2443,460,1069,1452,4.83,8,27,3,4,0,2
7,1670,949,858,1310,5.29,8,27,3,4,0,2
2,1996,772,953,1384,3.71,8,27,3,4,0,2
0,2198,658,1011,1428,4.53,8,27,3,4,0,2
4,1400,650,690,1025,4.88,8,27,3,4,0,2
6,1269,560,620,914,3.87,8,27,3,4,0,2
1,1740,913,879,1326,5.28,8,27,3,4,0,2
9,2068,411,909,1240,3.43,8,27,3,4,0,2
3,818,494,426,656,4.13,8,27,3,4,0,2
8,1891,661,889,1276,5.44,8,27,3,4,0,2
5,1240,914,679,1077,4.29,8,27,3,4,0,2
7,1242,868,670,1055,3.41,8,27,3,4,0,2
2,890,756,507,823,4.34,8,27,3,4,0,2
0,2064,649,955,1356,3.64,8,27,3,4,0,2
4,1651,519,764,1085,3.23,8,27,3,4,0,2
6,1433,717,717,1075,3.24,8,27,3,4,0,2
1,1903,469,855,1186,4.9,8,27,3,4,0,2
9,2473,839,1157,1656,5.46,8,27,3,4,0,2
3,2037,583,931,1310,4.3,8,27,3,4,0,2
8,2018,955,998,1486,4.48,8,27,3,4,0,2
5,2051,840,988,1446,4.71,8,27,3,4,0,2
7,872,532,455,702,5.02,8,27,3,4,0,2
2,2098,610,961,1354,5.28,8,27,3,4,0,2
0,2474,802,1150,1638,5.57,8,27,3,4,0,2
4,932,882,549,907,3.0,8,27,3,4,0,2
6,1772,912,891,1342,4.16,8,27,3,4,0,2
1,1280,951,702,1116,4.96,8,27,3,4,0,2
9,937,490,473,714,5.6,8,27,3,4,0,2
3,2000,906,981,1453,3.42,8,27,3,4,0,2
8,1848,875,914,1362,5.3,8,27,3,4,0,2
5,2444,685,1115,1564,5.31,8,27,3,4,0,2
7,1200,962,672,1081,5.1,8,27,3,4,0,2
2,1845,511,840,1178,4.36,8,27,3,4,0,2
0,2081,524,937,1302,3.22,8,27,3,4,0,2
4,2156,923,1047,1540,3.77,8,27,3,4,0,2
6,1081,688,570,884,4.23,8,27,3,4,0,2
1,803,805,482,804,4.3,8,27,3,4,0,2
9,1033,472,508,752,3.71,8,27,3,4,0,2
3,2476,577,1106,1526,4.26,8,27,3,4,0,2
8,1972,566,902,1269,3.12,9,27,3,4,0,2
5,875,946,539,910,5.76,9,27,3,4,0,2
7,1119,940,636,1030,3.39,9,27,3,4,0,2
2,1045,888,596,966,3.49,9,27,3,4,0,2
0,1778,868,885,1323,5.24,9,27,3,4,0,2
4,1691,598,796,1144,5.72,9,27,3,4,0,2
6,1226,593,609,910,5.52,9,27,3,4,0,2
1,1318,913,710,1116,5.22,9,27,3,4,0,2
9,847,691,477,769,5.65,9,27,3,4,0,2
3,1786,707,856,1246,3.55,9,27,3,4,0,2
8,2188,813,1038,1500,3.3,9,27,3,4,0,2
5,1132,536,560,834,3.14,9,27,3,4,0,2
7,2292,906,1098,1599,3.14,9,27,3,4,0,2
2,1976,783,947,1380,3.33,9,27,3,4,0,2
0,1320,588,646,954,5.4,9,27,3,4,0,2
4,850,818,504,834,4.2,9,27,3,4,0,2
6,2048,687,957,1368,4.11,9,27,3,4,0,2
1,1737,749,845,1243,4.2,9,27,3,4,0,2
9,1653,570,775,1112,4.5,9,27,3,4,0,2
3,2083,624,958,1354,4.37,9,27,3,4,0,2
8,2346,960,1130,1653,5.13,9,27,3,4,0,2
5,1359,657,675,1008,3.94,9,27,3,4,0,2
7,2270,851,1078,1560,3.03,9,27,3,4,0,2
2,1778,610,833,1194,4.12,9,27,3,4,0,2
0,1901,828,926,1364,5.06,9,27,3,4,0,2
4,2079,823,996,1451,3.28,9,27,3,4,0,2
6,1957,700,923,1328,3.01,9,27,3,4,0,2
1,1190,954,667,1072,3.15,9,27,3,4,0,2
9,2273,960,1101,1616,4.18,9,27,3,4,0,2
3,883,459,445,671,4.22,9,27,3,4,0,2
8,1711,666,818,1188,4.46,9,27,3,4,0,2
5,1087,957,626,1022,3.23,9,27,3,4,0,2
7,1022,943,597,982,4.62,9,27,3,4,0,2
2,1762,939,893,1350,5.78,9,27,3,4,0,2
0,1420,680,704,1050,5.36,9,27,3,4,0,2
4,1833,907,915,1370,4.32,9,27,3,4,0,2
6,2357,646,1072,1502,4.03,9,27,3,4,0,2
1,2227,718,1034,1472,4.23,9,27,3,4,0,2
9,1408,630,689,1019,4.51,9,27,3,4,0,2
3,1871,976,944,1424,4.42,9,27,3,4,0,2
8,1716,656,818,1186,4.68,10,27,3,4,0,2
5,1221,739,636,980,5.78,10,27,3,4,0,2
7,1518,947,797,1232,3.87,10,27,3,4,0,2
2,1162,656,596,909,4.4,10,27,3,4,0,2
0,1087,440,523,764,4.15,10,27,3,4,0,2
4,1844,956,929,1400,3.31,10,27,3,4,0,2
6,978,747,541,862,3.41,10,27,3,4,0,2
1,889,530,462,710,5.56,10,27,3,4,0,2
9,1429,637,699,1033,4.52,10,27,3,4,0,2
3,2438,590,1093,1514,5.24,10,27,3,4,0,2
8,1906,972,957,1439,5.71,10,27,3,4,0,2
5,1118,514,550,816,4.92,10,27,3,4,0,2
7,1627,844,820,1236,4.48,10,27,3,4,0,2
2,2492,792,1155,1642,5.29,10,27,3,4,0,2
0,2110,938,1032,1524,5.31,10,27,3,4,0,2
4,2210,672,1018,1441,4.19,10,27,3,4,0,2
6,1573,423,714,998,4.95,10,27,3,4,0,2
1,1272,416,592,844,3.84,10,27,3,4,0,2
9,1358,639,671,998,5.73,10,27,3,4,0,2
3,2351,677,1076,1514,3.34,10,27,3,4,0,2
8,2249,806,1061,1528,4.08,10,27,3,4,0,2
5,1380,838,720,1109,5.8,10,27,3,4,0,2
7,1925,732,916,1328,4.91,10,27,3,4,0,2
2,1622,505,750,1064,3.86,10,27,3,4,0,2
0,1675,871,844,1273,4.84,10,27,3,4,0,2
4,875,802,510,838,3.35,10,27,3,4,0,2
6,2219,426,973,1322,4.02,10,27,3,4,0,2
1,1605,680,778,1142,5.42,10,27,3,4,0,2
9,2101,714,983,1408,4.91,10,27,3,4,0,2
3,1909,419,847,1164,4.41,10,27,3,4,0,2
8,1616,959,838,1288,3.84,10,27,3,4,0,2
5,968,826,552,897,3.42,10,27,3,4,0,2
7,1786,693,853,1240,3.07,10,27,3,4,0,2
2,1468,465,680,966,3.18,10,27,3,4,0,2
0,2271,904,1089,1588,3.82,10,27,3,4,0,2
4,2493,568,1111,1530,4.2,10,27,3,4,0,2
6,1865,648,876,1256,3.75,10,27,3,4,0,2
1,2343,480,1033,1412,4.91,10,27,3,4,0,2
9,2145,608,980,1376,3.34,10,27,3,4,0,2
3,1556,548,732,1052,5.73,10,27,3,4,0,2
8,268,213,150,240,2.3,11,27,3,4,0,2
5,423,424,254,424,1.34,11,27,3,4,0,2
7,313,224,170,268,1.66,11,27,3,4,0,2
2,496,158,230,327,1.9,11,27,3,4,0,2
0,405,190,200,298,1.89,11,27,3,4,0,2
4,463,402,266,432,0.57,11,27,3,4,0,0
6,159,184,100,172,0.76,11,27,3,4,0,2
1,203,278,137,240,1.83,11,27,3,4,0,2
9,381,364,225,372,1.69,11,27,3,4,0,2
3,153,213,104,183,2.14,11,27,3,4,0,2
8,512,359,277,436,1.51,11,27,3,4,0,2
5,271,334,175,302,2.2,11,27,3,4,0,2
7,363,236,192,300,1.0,11,27,3,4,0,2
2,431,311,235,371,0.68,11,27,3,4,0,0
0,515,547,315,531,2.02,11,27,3,4,0,2
4,440,390,254,415,2.36,11,27,3,4,0,2
6,464,233,232,348,2.07,11,27,3,4,0,2
1,512,296,264,404,0.56,11,27,3,4,0,0
9,301,199,160,250,2.1,11,27,3,4,0,2
3,321,442,217,382,0.62,11,27,3,4,0,0
8,423,293,228,358,1.33,11,27,3,4,0,2
5,469,388,265,428,1.52,11,27,3,4,0,2
7,542,465,310,504,2.38,11,27,3,4,0,2
2,491,197,236,344,1.38,11,27,3,4,0,2
0,331,373,207,352,1.43,11,27,3,4,0,2
4,515,174,241,344,0.91,11,27,3,4,0,2
6,468,472,282,470,2.1,11,27,3,4,0,2
1,243,215,140,229,1.86,11,27,3,4,0,2
9,544,454,308,499,0.94,11,27,3,4,0,2
3,469,301,248,385,1.36,11,27,3,4,0,2
8,451,229,226,340,2.0,11,27,3,4,0,2
5,398,331,225,364,0.54,11,27,3,4,0,0
7,475,208,232,342,0.9,11,27,3,4,0,2
2,502,275,256,388,1.43,11,27,3,4,0,2
0,165,434,153,300,1.75,11,27,3,4,0,2
4,311,549,234,430,0.54,11,27,3,4,0,0
6,443,449,267,446,0.52,11,27,3,4,0,0
1,182,299,133,240,0.62,11,27,3,4,0,0
9,427,346,240,386,1.38,11,27,3,4,0,2
3,180,399,152,290,0.82,11,27,3,4,0,2
8,243,463,190,353,1.72,12,27,3,4,0,2
5,241,400,176,320,1.22,12,27,3,4,0,2
7,236,334,161,285,1.77,12,27,3,4,0,2
2,445,385,255,415,1.38,12,27,3,4,0,2
0,238,265,148,252,0.64,12,27,3,4,0,0
4,200,521,184,360,2.01,12,27,3,4,0,2
6,227,377,166,302,2.42,12,27,3,4,0,2
1,399,528,265,464,1.04,12,27,3,4,0,2
9,289,326,181,308,1.22,12,27,3,4,0,2
3,350,365,213,358,0.54,12,27,3,4,0,0
8,544,229,263,386,1.36,12,27,3,4,0,2
5,262,324,170,293,2.14,12,27,3,4,0,2
7,157,240,111,198,1.8,12,27,3,4,0,2
2,378,414,234,396,0.92,12,27,3,4,0,2
0,334,197,173,266,0.67,12,27,3,4,0,0
4,234,421,178,328,2.37,12,27,3,4,0,2
6,223,269,143,246,1.19,12,27,3,4,0,2
1,309,349,193,329,2.37,12,27,3,4,0,2
9,414,454,256,434,1.53,12,27,3,4,0,2
3,481,161,225,321,2.31,12,27,3,4,0,2
8,211,532,191,372,2.44,12,27,3,4,0,2
5,319,444,216,382,0.59,12,27,3,4,0,0
7,542,354,288,448,0.69,12,27,3,4,0,0
2,449,432,266,440,1.22,12,27,3,4,0,2
0,328,206,172,267,0.69,12,27,3,4,0,0
4,439,411,258,425,0.98,12,27,3,4,0,2
6,228,214,134,221,1.59,12,27,3,4,0,2
1,431,522,277,476,1.67,12,27,3,4,0,2
9,293,481,213,387,1.5,12,27,3,4,0,2
3,545,290,276,418,1.49,12,27,3,4,0,2
8,440,495,275,468,1.22,12,27,3,4,0,2
5,494,473,292,484,1.67,12,27,3,4,0,2
7,319,396,207,358,1.55,12,27,3,4,0,2
2,491,397,276,444,2.34,12,27,3,4,0,2
0,255,506,203,380,1.98,12,27,3,4,0,2
4,387,512,257,450,1.8,12,27,3,4,0,2
6,512,392,283,452,0.6,12,27,3,4,0,0
1,440,389,254,414,2.17,12,27,3,4,0,2
9,311,380,200,346,1.9,12,27,3,4,0,2
3,386,380,230,383,1.85,12,27,3,4,0,2
8,448,311,241,380,1.74,13,27,3,4,0,2
5,191,407,158,299,1.93,13,27,3,4,0,2
7,307,381,199,344,0.72,13,27,3,4,0,0
2,336,304,195,320,1.09,13,27,3,4,0,2
0,332,184,170,258,2.37,13,27,3,4,0,2
4,178,194,110,186,2.31,13,27,3,4,0,2
6,446,151,209,298,1.46,13,27,3,4,0,2
1,501,500,300,500,1.47,13,27,3,4,0,2
9,260,418,188,339,2.04,13,27,3,4,0,2
3,377,295,210,336,2.4,13,27,3,4,0,2
8,155,394,141,274,0.89,13,27,3,4,0,2
5,394,500,258,447,0.83,13,27,3,4,0,2
7,345,171,172,258,1.57,13,27,3,4,0,2
2,467,457,278,462,1.46,13,27,3,4,0,2
0,330,463,225,396,2.21,13,27,3,4,0,2
4,229,150,122,190,0.9,13,27,3,4,0,2
6,396,437,246,416,1.85,13,27,3,4,0,2
1,443,360,249,402,0.76,13,27,3,4,0,2
9,400,180,196,290,0.79,13,27,3,4,0,2
3,408,403,244,406,1.61,13,27,3,4,0,2
8,449,263,232,356,2.04,13,27,3,4,0,2
5,318,375,202,346,0.5,13,27,3,4,0,0
7,379,276,207,328,1.07,13,27,3,4,0,2
2,153,256,112,204,0.75,13,27,3,4,0,2
0,351,250,190,300,2.22,13,27,3,4,0,2
4,516,500,306,508,1.22,13,27,3,4,0,2
6,251,162,133,206,1.78,13,27,3,4,0,2
1,497,336,266,416,1.72,13,27,3,4,0,2
9,166,507,168,336,1.17,13,27,3,4,0,2
3,303,224,166,264,2.19,13,27,3,4,0,2
8,439,322,240,380,1.38,13,27,3,4,0,2
5,447,548,288,498,0.63,13,27,3,4,0,0
7,496,174,233,335,1.84,13,27,3,4,0,2
2,267,183,143,225,0.85,13,27,3,4,0,2
0,462,377,260,420,0.74,13,27,3,4,0,0
4,255,227,147,241,0.78,13,27,3,4,0,2
6,196,476,174,336,1.94,13,27,3,4,0,2
1,506,406,284,456,0.75,13,27,3,4,0,2
9,165,503,167,334,1.28,13,27,3,4,0,2
3,355,459,234,407,2.41,13,27,3,4,0,2
8,455,199,222,327,1.7,14,27,3,4,0,2
5,447,280,235,364,0.88,14,27,3,4,0,2
7,369,386,225,378,1.44,14,27,3,4,0,2
2,453,311,243,382,2.18,14,27,3,4,0,2
0,350,343,209,346,2.44,14,27,3,4,0,2
4,482,539,301,510,0.84,14,27,3,4,0,2
6,315,198,166,256,1.28,14,27,3,4,0,2
1,545,166,251,356,1.21,14,27,3,4,0,2
9,431,348,242,390,0.98,14,27,3,4,0,2
3,396,159,190,278,2.38,14,27,3,4,0,2
8,313,167,159,240,0.96,14,27,3,4,0,2
5,433,170,207,302,0.76,14,27,3,4,0,2
7,283,472,208,378,0.66,14,27,3,4,0,0
2,217,228,132,222,0.78,14,27,3,4,0,2
0,410,220,208,315,1.37,14,27,3,4,0,2
4,306,342,191,324,1.21,14,27,3,4,0,2
6,517,260,259,388,1.18,14,27,3,4,0,2
1,311,257,176,284,1.45,14,27,3,4,0,2
9,230,548,202,389,1.14,14,27,3,4,0,2
3,202,364,154,283,1.72,14,27,3,4,0,2
8,298,463,212,380,1.85,14,27,3,4,0,2
5,388,191,193,290,2.24,14,27,3,4,0,2
7,433,355,244,394,0.75,14,27,3,4,0,2
2,474,367,263,420,1.86,14,27,3,4,0,2
0,396,462,251,429,2.4,14,27,3,4,0,2
4,253,174,136,214,1.28,14,27,3,4,0,2
6,412,321,229,366,2.01,14,27,3,4,0,2
1,389,365,229,377,1.17,14,27,3,4,0,2
9,541,358,288,450,2.48,14,27,3,4,0,2
3,437,335,242,386,2.27,14,27,3,4,0,2
8,466,380,262,423,1.2,14,27,3,4,0,2
5,401,496,260,448,1.17,14,27,3,4,0,2
7,536,510,316,523,1.8,14,27,3,4,0,2
2,223,412,172,318,2.37,14,27,3,4,0,2
0,346,537,246,442,0.51,14,27,3,4,0,0
4,303,212,164,258,1.19,14,27,3,4,0,2
6,431,292,231,362,0.76,14,27,3,4,0,2
1,189,206,117,198,2.29,14,27,3,4,0,2
9,432,305,234,368,1.38,14,27,3,4,0,2
3,534,488,311,511,1.35,14,27,3,4,0,2
8,449,205,221,327,1.84,15,27,3,4,0,2
5,479,305,253,392,2.27,15,27,3,4,0,2
7,365,444,235,404,1.17,15,27,3,4,0,2
2,299,357,191,328,1.52,15,27,3,4,0,2
0,372,536,256,454,2.46,15,27,3,4,0,2
4,466,215,229,340,1.68,15,27,3,4,0,2
6,492,216,240,354,0.79,15,27,3,4,0,2
1,396,357,230,376,1.75,15,27,3,4,0,2
9,475,212,232,344,2.2,15,27,3,4,0,2
3,393,509,259,451,1.59,15,27,3,4,0,2
8,221,156,120,188,0.62,15,27,3,4,0,0
5,340,471,230,406,1.29,15,27,3,4,0,2
7,415,489,264,452,2.14,15,27,3,4,0,2
2,210,401,164,306,2.49,15,27,3,4,0,2
0,209,350,154,280,2.41,15,27,3,4,0,2
4,447,526,284,486,1.42,15,27,3,4,0,2
6,474,549,299,512,0.82,15,27,3,4,0,2
1,479,502,292,490,1.94,15,27,3,4,0,2
9,367,373,221,370,0.58,15,27,3,4,0,0
3,507,467,296,487,2.08,15,27,3,4,0,2
8,325,547,239,436,0.69,15,27,3,4,0,0
5,351,335,207,343,1.74,15,27,3,4,0,2
7,312,437,212,374,2.26,15,27,3,4,0,2
2,494,405,279,450,1.15,15,27,3,4,0,2
0,374,184,186,279,1.02,15,27,3,4,0,2
4,473,280,245,376,1.66,15,27,3,4,0,2
6,339,388,213,364,2.04,15,27,3,4,0,2
1,451,405,261,428,2.31,15,27,3,4,0,2
9,280,321,176,300,1.58,15,27,3,4,0,2
3,527,303,271,415,0.56,15,27,3,4,0,0
8,394,539,265,466,2.41,15,27,3,4,0,2
5,445,212,220,328,0.82,15,27,3,4,0,2
7,446,519,282,482,1.06,15,27,3,4,0,2
2,364,449,235,406,0.88,15,27,3,4,0,2
0,284,522,218,403,2.24,15,27,3,4,0,2
4,305,398,202,352,1.92,15,27,3,4,0,2
6,278,437,199,358,0.82,15,27,3,4,0,2
1,343,274,192,308,1.65,15,27,3,4,0,2
9,242,485,194,364,2.38,15,27,3,4,0,2
3,513,248,255,380,1.43,15,27,3,4,0,2
8,377,455,242,416,0.83,16,27,3,4,0,2
5,388,242,204,315,2.17,16,27,3,4,0,2
7,237,217,138,227,2.22,16,27,3,4,0,2
2,398,266,212,332,1.11,16,27,3,4,0,2
0,201,244,129,222,1.86,16,27,3,4,0,2
4,370,351,218,360,1.0,16,27,3,4,0,2
6,440,206,217,323,1.68,16,27,3,4,0,2
1,425,165,203,295,2.37,16,27,3,4,0,2
9,314,534,232,424,1.02,16,27,3,4,0,2
3,549,196,259,372,2.23,16,27,3,4,0,2
8,416,486,264,451,0.58,16,27,3,4,0,0
5,401,248,210,324,1.28,16,27,3,4,0,2
7,354,243,190,298,1.06,16,27,3,4,0,2
2,510,515,307,512,1.14,16,27,3,4,0,2
0,270,198,148,234,2.27,16,27,3,4,0,2
4,482,317,256,400,1.24,16,27,3,4,0,2
6,344,403,218,374,0.96,16,27,3,4,0,2
1,307,516,226,412,1.56,16,27,3,4,0,2
9,509,177,239,343,1.51,16,27,3,4,0,2
3,195,546,187,370,0.59,16,27,3,4,0,0
8,389,459,247,424,1.64,16,27,3,4,0,2
5,232,496,192,364,2.48,16,27,3,4,0,2
7,495,544,307,520,1.89,16,27,3,4,0,2
2,288,447,205,368,2.07,16,27,3,4,0,2
0,242,495,196,368,2.13,16,27,3,4,0,2
4,185,410,156,298,2.15,16,27,3,4,0,2
6,173,455,160,314,2.45,16,27,3,4,0,2
1,227,237,138,232,2.29,16,27,3,4,0,2
9,526,492,309,509,0.61,16,27,3,4,0,0
3,415,381,242,398,2.21,16,27,3,4,0,2
8,418,531,273,474,0.83,16,27,3,4,0,2
5,331,183,169,257,0.77,16,27,3,4,0,2
7,392,362,229,377,2.24,16,27,3,4,0,2
2,203,328,147,266,1.79,16,27,3,4,0,2
0,515,197,245,356,1.11,16,27,3,4,0,2
4,516,408,288,462,0.89,16,27,3,4,0,2
6,229,372,166,300,1.01,16,27,3,4,0,2
1,163,419,149,291,0.92,16,27,3,4,0,2
9,484,400,274,442,1.74,16,27,3,4,0,2
3,421,374,243,398,2.44,16,27,3,4,0,2
8,840,1292,594,1066,4.71,17,27,3,4,0,2
5,1140,1621,780,1380,5.6,17,27,3,4,0,2
7,645,2135,685,1390,3.87,17,27,3,4,0,2
2,818,1549,637,1184,5.41,17,27,3,4,0,2
0,603,1071,455,837,5.35,17,27,3,4,0,2
4,1176,2560,982,1868,3.98,17,27,3,4,0,2
6,1067,1322,691,1194,5.76,17,27,3,4,0,2
1,1131,2403,933,1767,4.23,17,27,3,4,0,2
9,1159,2022,868,1590,5.56,17,27,3,4,0,2
3,672,1811,631,1242,4.55,17,27,3,4,0,2
8,1085,2735,981,1910,4.41,17,27,3,4,0,2
5,748,2782,856,1765,5.42,17,27,3,4,0,2
7,622,1747,598,1184,3.34,17,27,3,4,0,2
2,812,1822,689,1317,3.62,17,27,3,4,0,2
0,920,1662,700,1291,5.03,17,27,3,4,0,2
4,789,2363,788,1576,5.47,17,27,3,4,0,2
6,741,2735,843,1738,5.55,17,27,3,4,0,2
1,831,2456,824,1644,4.6,17,27,3,4,0,2
9,672,1782,625,1227,4.5,17,27,3,4,0,2
3,816,1236,574,1026,3.66,17,27,3,4,0,2
8,854,2674,876,1764,3.95,17,27,3,4,0,2
5,1034,1932,800,1483,4.74,17,27,3,4,0,2
7,944,1377,653,1160,4.67,17,27,3,4,0,2
2,721,2362,761,1542,4.6,17,27,3,4,0,2
0,733,1671,627,1202,4.79,17,27,3,4,0,2
4,623,2407,731,1515,3.88,17,27,3,4,0,2
6,769,1472,602,1120,3.09,17,27,3,4,0,2
1,735,2357,765,1546,3.16,17,27,3,4,0,2
9,972,1053,599,1012,4.53,17,27,3,4,0,2
3,795,2106,739,1450,3.43,17,27,3,4,0,2
8,1023,1536,716,1280,5.25,17,27,3,4,0,2
5,969,2293,846,1631,5.05,17,27,3,4,0,2
7,1102,1518,744,1310,5.59,17,27,3,4,0,2
2,790,1509,618,1150,4.43,17,27,3,4,0,2
0,825,2307,791,1566,4.84,17,27,3,4,0,2
4,1021,2601,929,1811,3.46,17,27,3,4,0,2
6,946,2580,894,1763,3.96,17,27,3,4,0,2
1,826,2221,775,1524,3.78,17,27,3,4,0,2
9,1087,2614,958,1850,3.23,17,27,3,4,0,2
3,1159,1314,726,1236,5.59,17,27,3,4,0,2
8,693,2753,828,1723,3.11,18,27,3,4,0,2
5,860,1359,616,1110,5.46,18,27,3,4,0,2
7,986,1117,618,1052,4.85,18,27,3,4,0,2
2,831,1120,556,976,5.65,18,27,3,4,0,2
0,654,2128,687,1391,4.94,18,27,3,4,0,2
4,897,2362,831,1630,3.05,18,27,3,4,0,2
6,738,2262,748,1500,4.21,18,27,3,4,0,2
1,934,2556,885,1745,4.23,18,27,3,4,0,2
9,1146,2284,915,1715,3.31,18,27,3,4,0,2
3,817,1010,529,914,5.64,18,27,3,4,0,2
8,1147,2731,1005,1939,5.8,18,27,3,4,0,2
5,765,1985,703,1375,4.44,18,27,3,4,0,2
7,959,2503,884,1731,3.9,18,27,3,4,0,2
2,600,1314,503,957,5.2,18,27,3,4,0,2
0,1098,2164,872,1631,4.82,18,27,3,4,0,2
4,1178,1253,722,1216,5.35,18,27,3,4,0,2
6,932,2374,848,1653,5.73,18,27,3,4,0,2
1,1080,2642,960,1861,5.28,18,27,3,4,0,2
9,888,2107,777,1498,5.78,18,27,3,4,0,2
3,644,2237,705,1440,3.54,18,27,3,4,0,2
8,1000,1990,798,1495,3.02,18,27,3,4,0,2
5,1110,2645,973,1878,4.59,18,27,3,4,0,2
7,920,2335,835,1628,5.47,18,27,3,4,0,2
2,656,1748,612,1202,5.15,18,27,3,4,0,2
0,875,1748,700,1312,3.74,18,27,3,4,0,2
4,612,2661,777,1636,3.37,18,27,3,4,0,2
6,889,1361,628,1125,4.61,18,27,3,4,0,2
1,1100,2365,913,1732,4.76,18,27,3,4,0,2
9,875,1116,573,996,5.76,18,27,3,4,0,2
3,650,2777,815,1714,5.37,18,27,3,4,0,2
8,913,1970,759,1442,4.14,18,27,3,4,0,2
5,1102,1517,744,1310,3.6,18,27,3,4,0,2
7,1034,2074,828,1554,3.99,18,27,3,4,0,2
2,757,1931,689,1344,3.63,18,27,3,4,0,2
0,824,1802,690,1313,4.84,18,27,3,4,0,2
4,672,2681,805,1676,4.74,18,27,3,4,0,2
6,889,2436,843,1662,4.14,18,27,3,4,0,2
1,668,1855,638,1262,4.06,18,27,3,4,0,2
9,1169,2345,937,1757,5.72,18,27,3,4,0,2
3,843,1053,548,948,4.18,18,27,3,4,0,2
8,1035,1888,792,1462,4.76,19,27,3,4,0,2
5,831,2106,754,1468,3.03,19,27,3,4,0,2
7,1125,2254,901,1690,5.75,19,27,3,4,0,2
2,872,1117,572,994,4.71,19,27,3,4,0,2
0,1139,1756,807,1448,5.33,19,27,3,4,0,2
4,1033,2093,832,1563,5.14,19,27,3,4,0,2
6,1190,2753,1027,1972,3.26,19,27,3,4,0,2
1,1088,2196,874,1642,4.13,19,27,3,4,0,2
9,912,1933,751,1422,4.4,19,27,3,4,0,2
3,931,1334,639,1132,3.16,19,27,3,4,0,2
8,1007,1410,685,1208,5.54,19,27,3,4,0,2
5,617,2333,713,1475,3.56,19,27,3,4,0,2
7,706,2318,746,1512,4.9,19,27,3,4,0,2
2,985,1477,689,1231,3.94,19,27,3,4,0,2
0,1177,2480,967,1828,5.45,19,27,3,4,0,2
4,1163,2787,1023,1975,5.13,19,27,3,4,0,2
6,806,1552,633,1179,5.16,19,27,3,4,0,2
1,1183,1656,804,1420,4.49,19,27,3,4,0,2
9,624,1604,570,1114,4.75,19,27,3,4,0,2
3,1078,2434,918,1756,4.46,19,27,3,4,0,2
8,1039,2013,818,1526,3.01,19,27,3,4,0,2
5,1155,1204,703,1180,5.27,19,27,3,4,0,2
7,1105,1612,764,1358,5.66,19,27,3,4,0,2
2,769,1099,527,934,5.41,19,27,3,4,0,2
0,638,1082,472,860,4.24,19,27,3,4,0,2
4,1057,1052,633,1054,4.06,19,27,3,4,0,2
6,1068,2175,862,1622,5.49,19,27,3,4,0,2
1,942,2489,875,1716,4.89,19,27,3,4,0,2
9,814,2468,819,1641,3.81,19,27,3,4,0,2
3,700,2371,754,1536,3.4,19,27,3,4,0,2
8,1077,2109,853,1593,5.66,19,27,3,4,0,2
5,1023,1106,630,1064,5.51,19,27,3,4,0,2
7,792,2440,805,1616,4.9,19,27,3,4,0,2
2,1152,1059,673,1106,4.8,19,27,3,4,0,2
0,758,1478,599,1118,3.57,19,27,3,4,0,2
4,1196,2243,927,1720,5.7,19,27,3,4,0,2
6,1051,2633,947,1842,5.31,19,27,3,4,0,2
1,947,1615,702,1281,4.68,19,27,3,4,0,2
9,1019,1249,657,1134,4.25,19,27,3,4,0,2
3,776,1256,562,1016,3.49,19,27,3,4,0,2
8,1001,2019,804,1510,4.3,20,27,3,4,0,2
5,960,1084,601,1022,4.97,20,27,3,4,0,2
7,1000,2416,883,1708,3.41,20,27,3,4,0,2
2,789,1829,681,1309,5.18,20,27,3,4,0,2
0,842,2193,775,1518,3.67,20,27,3,4,0,2
4,932,2297,832,1614,3.11,20,27,3,4,0,2
6,1161,1854,835,1508,5.4,20,27,3,4,0,2
1,927,1601,691,1264,5.55,20,27,3,4,0,2
9,882,1390,631,1136,5.69,20,27,3,4,0,2
3,996,1039,606,1018,3.54,20,27,3,4,0,2
8,1011,1917,788,1464,5.21,20,27,3,4,0,2
5,891,1693,695,1292,4.56,20,27,3,4,0,2
7,989,2767,949,1878,4.37,20,27,3,4,0,2
2,799,1941,708,1370,5.24,20,27,3,4,0,2
0,845,1810,700,1328,4.03,20,27,3,4,0,2
4,871,2609,870,1740,3.89,20,27,3,4,0,2
6,1050,1357,691,1204,3.09,20,27,3,4,0,2
1,730,2623,817,1676,3.71,20,27,3,4,0,2
9,865,2720,890,1792,3.41,20,27,3,4,0,2
3,606,2485,739,1546,3.83,20,27,3,4,0,2
8,1016,2010,808,1513,5.03,20,27,3,4,0,2
5,921,2785,925,1853,4.27,20,27,3,4,0,2
7,1143,1456,748,1300,4.78,20,27,3,4,0,2
2,978,2024,796,1501,3.34,20,27,3,4,0,2
0,1133,1131,679,1132,4.57,20,27,3,4,0,2
4,912,1401,645,1156,4.96,20,27,3,4,0,2
6,1115,2401,926,1758,3.55,20,27,3,4,0,2
1,830,1034,539,932,4.54,20,27,3,4,0,2
9,910,1236,611,1073,4.02,20,27,3,4,0,2
3,774,1129,535,952,3.1,20,27,3,4,0,2
8,700,1782,636,1241,3.78,20,27,3,4,0,2
5,633,1370,527,1002,3.69,20,27,3,4,0,2
7,722,1363,561,1042,4.79,20,27,3,4,0,2
2,1195,2460,970,1828,3.42,20,27,3,4,0,2
0,729,1271,546,1000,4.03,20,27,3,4,0,2
4,672,1237,516,954,5.79,20,27,3,4,0,2
6,771,1206,550,988,3.27,20,27,3,4,0,2
1,722,2305,750,1514,4.41,20,27,3,4,0,2
9,860,2673,879,1766,3.88,20,27,3,4,0,2
3,1168,2136,894,1652,5.24,20,27,3,4,0,2
8,422,181,205,302,0.78,21,27,3,4,0,2
5,422,178,204,300,2.48,21,27,3,4,0,2
7,368,246,196,307,0.83,21,27,3,4,0,2
2,252,236,148,244,0.84,21,27,3,4,0,2
0,472,315,252,394,1.0,21,27,3,4,0,2
4,204,213,124,208,0.61,21,27,3,4,0,0
6,479,195,231,337,1.47,21,27,3,4,0,2
1,501,191,239,346,1.95,21,27,3,4,0,2
9,256,165,135,210,0.64,21,27,3,4,0,0
3,243,206,138,224,1.26,21,27,3,4,0,2
8,259,419,187,339,0.57,21,27,3,4,0,0
5,350,263,193,306,2.02,21,27,3,4,0,2
7,425,251,220,338,0.94,21,27,3,4,0,2
2,324,206,171,265,2.39,21,27,3,4,0,2
0,527,181,247,354,1.78,21,27,3,4,0,2
4,156,286,120,221,2.21,21,27,3,4,0,2
6,195,304,139,250,0.62,21,27,3,4,0,0
1,398,539,267,468,2.25,21,27,3,4,0,2
9,468,259,239,364,1.93,21,27,3,4,0,2
3,213,361,157,287,2.42,21,27,3,4,0,2
8,479,295,251,387,1.97,21,27,3,4,0,2
5,231,179,128,205,0.92,21,27,3,4,0,2
7,372,400,229,386,1.16,21,27,3,4,0,2
2,498,445,288,472,1.8,21,27,3,4,0,2
0,342,362,209,352,1.21,21,27,3,4,0,2
4,247,152,129,200,1.8,21,27,3,4,0,2
6,378,259,203,318,1.2,21,27,3,4,0,2
1,360,414,227,387,0.79,21,27,3,4,0,2
9,328,491,229,410,1.37,21,27,3,4,0,2
3,366,511,249,438,1.75,21,27,3,4,0,2
8,402,299,221,350,1.24,21,27,3,4,0,2
5,433,252,224,342,1.53,21,27,3,4,0,2
7,369,159,179,264,1.05,21,27,3,4,0,2
2,395,231,204,313,0.79,21,27,3,4,0,2
0,370,326,213,348,2.31,21,27,3,4,0,2
4,291,227,162,259,0.72,21,27,3,4,0,0
6,383,390,231,386,1.66,21,27,3,4,0,2
1,404,329,227,366,0.86,21,27,3,4,0,2
9,530,377,287,454,2.4,21,27,3,4,0,2
3,471,234,235,352,0.67,21,27,3,4,0,0
8,195,253,129,224,2.33,22,27,3,4,0,2
5,234,445,183,340,1.68,22,27,3,4,0,2
7,229,214,134,222,1.1,22,27,3,4,0,2
2,305,390,200,348,1.02,22,27,3,4,0,2
0,414,232,212,323,1.3,22,27,3,4,0,2
4,223,511,191,367,1.25,22,27,3,4,0,2
6,348,245,188,296,1.01,22,27,3,4,0,2
1,303,473,216,388,1.59,22,27,3,4,0,2
9,289,346,185,318,0.92,22,27,3,4,0,2
3,187,496,174,342,1.39,22,27,3,4,0,2
8,539,154,246,346,2.3,22,27,3,4,0,2
5,191,245,125,218,2.19,22,27,3,4,0,2
7,353,385,218,369,1.13,22,27,3,4,0,2
2,370,268,202,319,0.54,22,27,3,4,0,0
0,418,271,221,344,1.08,22,27,3,4,0,2
4,272,300,169,286,0.61,22,27,3,4,0,0
6,368,284,204,326,2.29,22,27,3,4,0,2
1,222,317,152,270,1.03,22,27,3,4,0,2
9,192,181,113,186,0.7,22,27,3,4,0,0
3,404,189,199,296,1.94,22,27,3,4,0,2
8,208,425,168,316,1.68,22,27,3,4,0,2
5,296,415,201,356,0.74,22,27,3,4,0,0
7,299,364,192,332,1.82,22,27,3,4,0,2
2,282,357,184,320,1.98,22,27,3,4,0,2
0,490,342,264,416,0.92,22,27,3,4,0,2
4,165,490,164,328,1.39,22,27,3,4,0,2
6,448,393,258,420,0.68,22,27,3,4,0,0
1,472,363,261,418,1.66,22,27,3,4,0,2
9,355,161,174,258,0.82,22,27,3,4,0,2
3,174,362,142,268,2.35,22,27,3,4,0,2
8,205,288,140,246,2.08,22,27,3,4,0,2
5,526,193,249,360,0.7,22,27,3,4,0,0
7,293,285,174,289,1.09,22,27,3,4,0,2
2,184,254,124,219,2.32,22,27,3,4,0,2
0,154,234,108,194,1.3,22,27,3,4,0,2
4,324,165,163,244,1.5,22,27,3,4,0,2
6,548,178,255,363,1.24,22,27,3,4,0,2
1,488,417,279,452,1.44,22,27,3,4,0,2
9,385,282,210,334,1.8,22,27,3,4,0,2
3,394,547,267,470,0.7,22,27,3,4,0,0
8,487,173,229,330,1.24,23,27,3,4,0,2
5,497,320,263,408,2.13,23,27,3,4,0,2
7,239,301,156,270,1.29,23,27,3,4,0,2
2,243,216,140,230,1.8,23,27,3,4,0,2
0,423,234,216,328,1.96,23,27,3,4,0,2
4,209,340,152,274,1.36,23,27,3,4,0,2
6,185,364,147,274,1.64,23,27,3,4,0,2
1,311,165,157,238,0.74,23,27,3,4,0,0
9,306,363,195,334,1.52,23,27,3,4,0,2
3,169,471,162,320,1.29,23,27,3,4,0,2
8,437,286,232,362,2.17,23,27,3,4,0,2
5,219,329,153,274,1.47,23,27,3,4,0,2
7,534,536,321,535,1.05,23,27,3,4,0,2
2,408,369,237,388,1.69,23,27,3,4,0,2
0,234,331,160,282,1.05,23,27,3,4,0,2
4,189,380,152,284,1.0,23,27,3,4,0,2
6,524,492,308,508,2.03,23,27,3,4,0,2
1,252,235,148,244,1.48,23,27,3,4,0,2
9,238,331,161,284,0.65,23,27,3,4,0,0
3,498,468,293,483,0.61,23,27,3,4,0,0
8,392,540,265,466,2.07,23,27,3,4,0,2
5,184,378,149,281,2.28,23,27,3,4,0,2
7,550,510,322,530,1.23,23,27,3,4,0,2
2,311,227,170,269,0.55,23,27,3,4,0,0
0,464,159,217,312,0.69,23,27,3,4,0,0
4,359,549,253,454,1.03,23,27,3,4,0,2
6,400,247,209,324,2.26,23,27,3,4,0,2
1,438,151,205,294,2.08,23,27,3,4,0,2
9,409,448,253,428,1.71,23,27,3,4,0,2
3,208,251,133,230,1.91,23,27,3,4,0,2
8,378,322,216,350,2.0,23,27,3,4,0,2
5,520,204,249,362,2.33,23,27,3,4,0,2
7,375,437,237,406,1.7,23,27,3,4,0,2
2,446,369,252,408,2.07,23,27,3,4,0,2
0,207,271,137,239,2.1,23,27,3,4,0,2
4,271,401,189,336,1.96,23,27,3,4,0,2
6,345,245,187,295,0.59,23,27,3,4,0,0
1,519,344,276,432,2.27,23,27,3,4,0,2
9,330,354,203,342,1.42,23,27,3,4,0,2
3,379,186,189,282,2.31,23,27,3,4,0,2
8,0,0,0,0,0.0,0,28,3,5,1,1
5,0,0,0,0,0.0,0,28,3,5,1,1
7,0,0,0,0,0.0,0,28,3,5,1,1
2,0,0,0,0,0.0,0,28,3,5,1,1
0,0,0,0,0,0.0,0,28,3,5,1,1
4,0,0,0,0,0.0,0,28,3,5,1,1
6,0,0,0,0,0.0,0,28,3,5,1,1
1,0,0,0,0,0.0,0,28,3,5,1,1
9,0,0,0,0,0.0,0,28,3,5,1,1
3,0,0,0,0,0.0,0,28,3,5,1,1
8,0,0,0,0,0.0,0,28,3,5,1,1
5,0,0,0,0,0.0,0,28,3,5,1,1
7,0,0,0,0,0.0,0,28,3,5,1,1
2,0,0,0,0,0.0,0,28,3,5,1,1
0,0,0,0,0,0.0,0,28,3,5,1,1
4,0,0,0,0,0.0,0,28,3,5,1,1
6,0,0,0,0,0.0,0,28,3,5,1,1
1,0,0,0,0,0.0,0,28,3,5,1,1
9,0,0,0,0,0.0,0,28,3,5,1,1
3,0,0,0,0,0.0,0,28,3,5,1,1
8,0,0,0,0,0.0,0,28,3,5,1,1
5,0,0,0,0,0.0,0,28,3,5,1,1
7,0,0,0,0,0.0,0,28,3,5,1,1
2,0,0,0,0,0.0,0,28,3,5,1,1
0,0,0,0,0,0.0,0,28,3,5,1,1
4,0,0,0,0,0.0,0,28,3,5,1,1
6,0,0,0,0,0.0,0,28,3,5,1,1
1,0,0,0,0,0.0,0,28,3,5,1,1
9,0,0,0,0,0.0,0,28,3,5,1,1
3,0,0,0,0,0.0,0,28,3,5,1,1
8,0,0,0,0,0.0,0,28,3,5,1,1
5,0,0,0,0,0.0,0,28,3,5,1,1
7,0,0,0,0,0.0,0,28,3,5,1,1
2,0,0,0,0,0.0,0,28,3,5,1,1
0,0,0,0,0,0.0,0,28,3,5,1,1
4,0,0,0,0,0.0,0,28,3,5,1,1
6,0,0,0,0,0.0,0,28,3,5,1,1
1,0,0,0,0,0.0,0,28,3,5,1,1
9,0,0,0,0,0.0,0,28,3,5,1,1
3,0,0,0,0,0.0,0,28,3,5,1,1
8,0,0,0,0,0.0,1,28,3,5,1,1
5,0,0,0,0,0.0,1,28,3,5,1,1
7,0,0,0,0,0.0,1,28,3,5,1,1
2,0,0,0,0,0.0,1,28,3,5,1,1
0,0,0,0,0,0.0,1,28,3,5,1,1
4,0,0,0,0,0.0,1,28,3,5,1,1
6,0,0,0,0,0.0,1,28,3,5,1,1
1,0,0,0,0,0.0,1,28,3,5,1,1
9,0,0,0,0,0.0,1,28,3,5,1,1
3,0,0,0,0,0.0,1,28,3,5,1,1
8,0,0,0,0,0.0,1,28,3,5,1,1
5,0,0,0,0,0.0,1,28,3,5,1,1
7,0,0,0,0,0.0,1,28,3,5,1,1
2,0,0,0,0,0.0,1,28,3,5,1,1
0,0,0,0,0,0.0,1,28,3,5,1,1
4,0,0,0,0,0.0,1,28,3,5,1,1
6,0,0,0,0,0.0,1,28,3,5,1,1
1,0,0,0,0,0.0,1,28,3,5,1,1
9,0,0,0,0,0.0,1,28,3,5,1,1
3,0,0,0,0,0.0,1,28,3,5,1,1
8,0,0,0,0,0.0,1,28,3,5,1,1
5,0,0,0,0,0.0,1,28,3,5,1,1
7,0,0,0,0,0.0,1,28,3,5,1,1
2,0,0,0,0,0.0,1,28,3,5,1,1
0,0,0,0,0,0.0,1,28,3,5,1,1
4,0,0,0,0,0.0,1,28,3,5,1,1
6,0,0,0,0,0.0,1,28,3,5,1,1
1,0,0,0,0,0.0,1,28,3,5,1,1
9,0,0,0,0,0.0,1,28,3,5,1,1
3,0,0,0,0,0.0,1,28,3,5,1,1
8,0,0,0,0,0.0,1,28,3,5,1,1
5,0,0,0,0,0.0,1,28,3,5,1,1
7,0,0,0,0,0.0,1,28,3,5,1,1
2,0,0,0,0,0.0,1,28,3,5,1,1
0,0,0,0,0,0.0,1,28,3,5,1,1
4,0,0,0,0,0.0,1,28,3,5,1,1
6,0,0,0,0,0.0,1,28,3,5,1,1
1,0,0,0,0,0.0,1,28,3,5,1,1
9,0,0,0,0,0.0,1,28,3,5,1,1
3,0,0,0,0,0.0,1,28,3,5,1,1
8,0,0,0,0,0.0,2,28,3,5,1,1
5,0,0,0,0,0.0,2,28,3,5,1,1
7,0,0,0,0,0.0,2,28,3,5,1,1
2,0,0,0,0,0.0,2,28,3,5,1,1
0,0,0,0,0,0.0,2,28,3,5,1,1
4,0,0,0,0,0.0,2,28,3,5,1,1
6,0,0,0,0,0.0,2,28,3,5,1,1
1,0,0,0,0,0.0,2,28,3,5,1,1
9,0,0,0,0,0.0,2,28,3,5,1,1
3,0,0,0,0,0.0,2,28,3,5,1,1
8,0,0,0,0,0.0,2,28,3,5,1,1
5,0,0,0,0,0.0,2,28,3,5,1,1
7,0,0,0,0,0.0,2,28,3,5,1,1
2,0,0,0,0,0.0,2,28,3,5,1,1
0,0,0,0,0,0.0,2,28,3,5,1,1
4,0,0,0,0,0.0,2,28,3,5,1,1
6,0,0,0,0,0.0,2,28,3,5,1,1
1,0,0,0,0,0.0,2,28,3,5,1,1
9,0,0,0,0,0.0,2,28,3,5,1,1
3,0,0,0,0,0.0,2,28,3,5,1,1
8,0,0,0,0,0.0,2,28,3,5,1,1
5,0,0,0,0,0.0,2,28,3,5,1,1
7,0,0,0,0,0.0,2,28,3,5,1,1
2,0,0,0,0,0.0,2,28,3,5,1,1
0,0,0,0,0,0.0,2,28,3,5,1,1
4,0,0,0,0,0.0,2,28,3,5,1,1
6,0,0,0,0,0.0,2,28,3,5,1,1
1,0,0,0,0,0.0,2,28,3,5,1,1
9,0,0,0,0,0.0,2,28,3,5,1,1
3,0,0,0,0,0.0,2,28,3,5,1,1
8,0,0,0,0,0.0,2,28,3,5,1,1
5,0,0,0,0,0.0,2,28,3,5,1,1
7,0,0,0,0,0.0,2,28,3,5,1,1
2,0,0,0,0,0.0,2,28,3,5,1,1
0,0,0,0,0,0.0,2,28,3,5,1,1
4,0,0,0,0,0.0,2,28,3,5,1,1
6,0,0,0,0,0.0,2,28,3,5,1,1
1,0,0,0,0,0.0,2,28,3,5,1,1
9,0,0,0,0,0.0,2,28,3,5,1,1
3,0,0,0,0,0.0,2,28,3,5,1,1
8,0,0,0,0,0.0,3,28,3,5,1,1
5,0,0,0,0,0.0,3,28,3,5,1,1
7,0,0,0,0,0.0,3,28,3,5,1,1
2,0,0,0,0,0.0,3,28,3,5,1,1
0,0,0,0,0,0.0,3,28,3,5,1,1
4,0,0,0,0,0.0,3,28,3,5,1,1
6,0,0,0,0,0.0,3,28,3,5,1,1
1,0,0,0,0,0.0,3,28,3,5,1,1
9,0,0,0,0,0.0,3,28,3,5,1,1
3,0,0,0,0,0.0,3,28,3,5,1,1
8,0,0,0,0,0.0,3,28,3,5,1,1
5,0,0,0,0,0.0,3,28,3,5,1,1
7,0,0,0,0,0.0,3,28,3,5,1,1
2,0,0,0,0,0.0,3,28,3,5,1,1
0,0,0,0,0,0.0,3,28,3,5,1,1
4,0,0,0,0,0.0,3,28,3,5,1,1
6,0,0,0,0,0.0,3,28,3,5,1,1
1,0,0,0,0,0.0,3,28,3,5,1,1
9,0,0,0,0,0.0,3,28,3,5,1,1
3,0,0,0,0,0.0,3,28,3,5,1,1
8,0,0,0,0,0.0,3,28,3,5,1,1
5,0,0,0,0,0.0,3,28,3,5,1,1
7,0,0,0,0,0.0,3,28,3,5,1,1
2,0,0,0,0,0.0,3,28,3,5,1,1
0,0,0,0,0,0.0,3,28,3,5,1,1
4,0,0,0,0,0.0,3,28,3,5,1,1
6,0,0,0,0,0.0,3,28,3,5,1,1
1,0,0,0,0,0.0,3,28,3,5,1,1
9,0,0,0,0,0.0,3,28,3,5,1,1
3,0,0,0,0,0.0,3,28,3,5,1,1
8,0,0,0,0,0.0,3,28,3,5,1,1
5,0,0,0,0,0.0,3,28,3,5,1,1
7,0,0,0,0,0.0,3,28,3,5,1,1
2,0,0,0,0,0.0,3,28,3,5,1,1
0,0,0,0,0,0.0,3,28,3,5,1,1
4,0,0,0,0,0.0,3,28,3,5,1,1
6,0,0,0,0,0.0,3,28,3,5,1,1
1,0,0,0,0,0.0,3,28,3,5,1,1
9,0,0,0,0,0.0,3,28,3,5,1,1
3,0,0,0,0,0.0,3,28,3,5,1,1
8,0,0,0,0,0.0,4,28,3,5,1,1
5,0,0,0,0,0.0,4,28,3,5,1,1
7,0,0,0,0,0.0,4,28,3,5,1,1
2,0,0,0,0,0.0,4,28,3,5,1,1
0,0,0,0,0,0.0,4,28,3,5,1,1
4,0,0,0,0,0.0,4,28,3,5,1,1
6,0,0,0,0,0.0,4,28,3,5,1,1
1,0,0,0,0,0.0,4,28,3,5,1,1
9,0,0,0,0,0.0,4,28,3,5,1,1
3,0,0,0,0,0.0,4,28,3,5,1,1
8,0,0,0,0,0.0,4,28,3,5,1,1
5,0,0,0,0,0.0,4,28,3,5,1,1
7,0,0,0,0,0.0,4,28,3,5,1,1
2,0,0,0,0,0.0,4,28,3,5,1,1
0,0,0,0,0,0.0,4,28,3,5,1,1
4,0,0,0,0,0.0,4,28,3,5,1,1
6,0,0,0,0,0.0,4,28,3,5,1,1
1,0,0,0,0,0.0,4,28,3,5,1,1
9,0,0,0,0,0.0,4,28,3,5,1,1
3,0,0,0,0,0.0,4,28,3,5,1,1
8,0,0,0,0,0.0,4,28,3,5,1,1
5,0,0,0,0,0.0,4,28,3,5,1,1
7,0,0,0,0,0.0,4,28,3,5,1,1
2,0,0,0,0,0.0,4,28,3,5,1,1
0,0,0,0,0,0.0,4,28,3,5,1,1
4,0,0,0,0,0.0,4,28,3,5,1,1
6,0,0,0,0,0.0,4,28,3,5,1,1
1,0,0,0,0,0.0,4,28,3,5,1,1
9,0,0,0,0,0.0,4,28,3,5,1,1
3,0,0,0,0,0.0,4,28,3,5,1,1
8,0,0,0,0,0.0,4,28,3,5,1,1
5,0,0,0,0,0.0,4,28,3,5,1,1
7,0,0,0,0,0.0,4,28,3,5,1,1
2,0,0,0,0,0.0,4,28,3,5,1,1
0,0,0,0,0,0.0,4,28,3,5,1,1
4,0,0,0,0,0.0,4,28,3,5,1,1
6,0,0,0,0,0.0,4,28,3,5,1,1
1,0,0,0,0,0.0,4,28,3,5,1,1
9,0,0,0,0,0.0,4,28,3,5,1,1
3,0,0,0,0,0.0,4,28,3,5,1,1
8,0,0,0,0,0.0,5,28,3,5,1,1
5,0,0,0,0,0.0,5,28,3,5,1,1
7,0,0,0,0,0.0,5,28,3,5,1,1
2,0,0,0,0,0.0,5,28,3,5,1,1
0,0,0,0,0,0.0,5,28,3,5,1,1
4,0,0,0,0,0.0,5,28,3,5,1,1
6,0,0,0,0,0.0,5,28,3,5,1,1
1,0,0,0,0,0.0,5,28,3,5,1,1
9,0,0,0,0,0.0,5,28,3,5,1,1
3,0,0,0,0,0.0,5,28,3,5,1,1
8,0,0,0,0,0.0,5,28,3,5,1,1
5,0,0,0,0,0.0,5,28,3,5,1,1
7,0,0,0,0,0.0,5,28,3,5,1,1
2,0,0,0,0,0.0,5,28,3,5,1,1
0,0,0,0,0,0.0,5,28,3,5,1,1
4,0,0,0,0,0.0,5,28,3,5,1,1
6,0,0,0,0,0.0,5,28,3,5,1,1
1,0,0,0,0,0.0,5,28,3,5,1,1
9,0,0,0,0,0.0,5,28,3,5,1,1
3,0,0,0,0,0.0,5,28,3,5,1,1
8,0,0,0,0,0.0,5,28,3,5,1,1
5,0,0,0,0,0.0,5,28,3,5,1,1
7,0,0,0,0,0.0,5,28,3,5,1,1
2,0,0,0,0,0.0,5,28,3,5,1,1
0,0,0,0,0,0.0,5,28,3,5,1,1
4,0,0,0,0,0.0,5,28,3,5,1,1
6,0,0,0,0,0.0,5,28,3,5,1,1
1,0,0,0,0,0.0,5,28,3,5,1,1
9,0,0,0,0,0.0,5,28,3,5,1,1
3,0,0,0,0,0.0,5,28,3,5,1,1
8,0,0,0,0,0.0,5,28,3,5,1,1
5,0,0,0,0,0.0,5,28,3,5,1,1
7,0,0,0,0,0.0,5,28,3,5,1,1
2,0,0,0,0,0.0,5,28,3,5,1,1
0,0,0,0,0,0.0,5,28,3,5,1,1
4,0,0,0,0,0.0,5,28,3,5,1,1
6,0,0,0,0,0.0,5,28,3,5,1,1
1,0,0,0,0,0.0,5,28,3,5,1,1
9,0,0,0,0,0.0,5,28,3,5,1,1
3,0,0,0,0,0.0,5,28,3,5,1,1
8,368,475,242,422,1.27,6,28,3,5,1,2
5,241,506,198,374,2.12,6,28,3,5,1,2
7,442,363,249,402,1.78,6,28,3,5,1,2
2,424,486,267,455,2.17,6,28,3,5,1,2
0,357,332,209,344,1.99,6,28,3,5,1,2
4,417,474,262,446,0.84,6,28,3,5,1,2
6,217,211,129,214,1.84,6,28,3,5,1,2
1,263,292,164,278,1.69,6,28,3,5,1,2
9,181,356,144,268,2.18,6,28,3,5,1,2
3,458,302,244,380,0.86,6,28,3,5,1,2
8,270,440,196,355,2.41,6,28,3,5,1,2
5,294,361,190,328,0.83,6,28,3,5,1,2
7,361,378,220,370,2.32,6,28,3,5,1,2
2,448,210,221,329,0.69,6,28,3,5,1,0
0,374,451,240,412,0.7,6,28,3,5,1,0
4,550,451,310,500,1.62,6,28,3,5,1,2
6,228,197,131,212,2.3,6,28,3,5,1,2
1,464,418,269,441,1.66,6,28,3,5,1,2
9,316,388,204,352,1.11,6,28,3,5,1,2
3,377,533,257,455,0.7,6,28,3,5,1,0
8,425,215,213,320,0.7,6,28,3,5,1,0
5,322,481,225,402,1.17,6,28,3,5,1,2
7,220,220,132,220,0.96,6,28,3,5,1,2
2,338,488,233,413,1.87,6,28,3,5,1,2
0,190,242,124,216,1.79,6,28,3,5,1,2
4,271,548,218,410,1.6,6,28,3,5,1,2
6,527,191,249,359,1.34,6,28,3,5,1,2
1,408,201,203,304,1.95,6,28,3,5,1,2
9,391,317,220,354,1.94,6,28,3,5,1,2
3,378,328,217,353,1.51,6,28,3,5,1,2
8,306,371,197,338,1.24,6,28,3,5,1,2
5,543,526,322,534,0.86,6,28,3,5,1,2
7,388,166,188,277,1.21,6,28,3,5,1,2
2,535,154,245,344,2.24,6,28,3,5,1,2
0,217,301,147,259,0.71,6,28,3,5,1,0
4,544,240,266,392,0.53,6,28,3,5,1,0
6,178,506,172,342,1.37,6,28,3,5,1,2
1,452,298,240,375,2.46,6,28,3,5,1,2
9,441,225,221,333,0.79,6,28,3,5,1,2
3,232,363,165,298,0.55,6,28,3,5,1,0
8,172,162,101,167,1.29,7,28,3,5,1,2
5,359,157,175,258,1.74,7,28,3,5,1,2
7,534,266,267,400,1.38,7,28,3,5,1,2
2,423,340,237,382,1.81,7,28,3,5,1,2
0,342,157,168,250,1.06,7,28,3,5,1,2
4,202,245,130,224,1.77,7,28,3,5,1,2
6,451,465,273,458,1.53,7,28,3,5,1,2
1,232,161,125,196,1.12,7,28,3,5,1,2
9,429,470,266,450,1.57,7,28,3,5,1,2
3,499,236,247,368,1.6,7,28,3,5,1,2
8,193,204,118,198,1.08,7,28,3,5,1,2
5,348,449,229,398,0.95,7,28,3,5,1,2
7,298,491,217,394,2.08,7,28,3,5,1,2
2,416,454,257,435,2.24,7,28,3,5,1,2
0,170,363,141,266,1.75,7,28,3,5,1,2
4,290,325,181,308,2.22,7,28,3,5,1,2
6,375,446,239,410,1.04,7,28,3,5,1,2
1,319,479,223,399,0.57,7,28,3,5,1,0
9,317,322,191,320,0.7,7,28,3,5,1,0
3,545,264,271,404,1.0,7,28,3,5,1,2
8,261,202,145,232,0.72,7,28,3,5,1,0
5,347,216,182,282,1.72,7,28,3,5,1,2
7,303,521,225,412,1.11,7,28,3,5,1,2
2,324,296,189,310,1.49,7,28,3,5,1,2
0,414,381,242,398,1.88,7,28,3,5,1,2
4,341,159,168,250,1.44,7,28,3,5,1,2
6,267,509,209,388,1.95,7,28,3,5,1,2
1,454,200,222,327,1.51,7,28,3,5,1,2
9,263,314,168,288,0.62,7,28,3,5,1,0
3,209,530,190,370,2.04,7,28,3,5,1,2
8,417,255,218,336,2.4,7,28,3,5,1,2
5,386,521,259,454,1.64,7,28,3,5,1,2
7,478,487,289,482,0.83,7,28,3,5,1,2
2,542,210,259,376,2.01,7,28,3,5,1,2
0,325,190,168,258,1.85,7,28,3,5,1,2
4,373,277,205,325,1.47,7,28,3,5,1,2
6,519,549,317,534,1.64,7,28,3,5,1,2
1,439,163,208,301,1.09,7,28,3,5,1,2
9,278,241,159,260,0.78,7,28,3,5,1,2
3,231,329,158,280,2.5,7,28,3,5,1,2
8,869,921,532,895,3.36,8,28,3,5,1,2
5,1951,762,933,1356,5.36,8,28,3,5,1,2
7,2388,410,1037,1399,4.78,8,28,3,5,1,2
2,1363,578,661,970,4.73,8,28,3,5,1,2
0,1715,570,800,1142,5.42,8,28,3,5,1,2
4,2312,538,1032,1425,3.18,8,28,3,5,1,2
6,1298,900,699,1099,4.06,8,28,3,5,1,2
1,2084,538,941,1311,4.62,8,28,3,5,1,2
9,1380,976,747,1178,5.77,8,28,3,5,1,2
3,1504,848,771,1176,5.26,8,28,3,5,1,2
8,1572,607,750,1090,4.41,8,28,3,5,1,2
5,812,606,446,709,4.35,8,28,3,5,1,2
7,1889,500,856,1194,4.0,8,28,3,5,1,2
2,1124,487,547,806,4.01,8,28,3,5,1,2
0,1732,668,826,1200,3.04,8,28,3,5,1,2
4,1159,771,618,965,3.35,8,28,3,5,1,2
6,1286,691,653,988,4.73,8,28,3,5,1,2
1,1490,829,762,1160,4.74,8,28,3,5,1,2
9,1400,556,671,978,5.44,8,28,3,5,1,2
3,893,687,495,790,4.92,8,28,3,5,1,2
8,2071,538,936,1304,3.05,8,28,3,5,1,2
5,1242,661,629,952,5.68,8,28,3,5,1,2
7,1958,968,977,1463,5.43,8,28,3,5,1,2
2,1477,510,693,994,3.38,8,28,3,5,1,2
0,950,748,530,849,5.73,8,28,3,5,1,2
4,1345,519,642,932,4.26,8,28,3,5,1,2
6,1723,569,803,1146,3.21,8,28,3,5,1,2
1,1102,603,561,852,5.35,8,28,3,5,1,2
9,2117,505,948,1311,3.01,8,28,3,5,1,2
3,2229,928,1077,1578,3.55,8,28,3,5,1,2
8,1790,998,916,1394,3.63,8,28,3,5,1,2
5,1824,746,879,1285,5.56,8,28,3,5,1,2
7,1307,716,666,1012,3.96,8,28,3,5,1,2
2,1554,953,812,1254,4.22,8,28,3,5,1,2
0,823,900,509,862,5.18,8,28,3,5,1,2
4,1494,473,692,984,3.06,8,28,3,5,1,2
6,2344,849,1107,1596,5.18,8,28,3,5,1,2
1,2350,759,1092,1554,4.35,8,28,3,5,1,2
9,1529,773,766,1151,3.12,8,28,3,5,1,2
3,1873,465,842,1169,3.79,8,28,3,5,1,2
8,2309,481,1020,1395,5.24,9,28,3,5,1,2
5,1031,539,520,785,4.3,9,28,3,5,1,2
7,2173,865,1042,1519,4.67,9,28,3,5,1,2
2,1129,519,555,824,5.44,9,28,3,5,1,2
0,2485,715,1137,1600,4.8,9,28,3,5,1,2
4,1394,658,689,1026,3.68,9,28,3,5,1,2
6,1112,780,601,946,4.8,9,28,3,5,1,2
1,1488,617,719,1052,3.35,9,28,3,5,1,2
9,2188,450,965,1319,3.07,9,28,3,5,1,2
3,1016,515,509,766,3.08,9,28,3,5,1,2
8,2475,409,1072,1442,5.03,9,28,3,5,1,2
5,1829,452,822,1140,4.46,9,28,3,5,1,2
7,1100,824,605,962,4.88,9,28,3,5,1,2
2,2428,691,1109,1560,5.73,9,28,3,5,1,2
0,1717,922,871,1320,3.3,9,28,3,5,1,2
4,1160,789,622,974,5.33,9,28,3,5,1,2
6,1835,634,861,1234,3.75,9,28,3,5,1,2
1,1951,433,867,1192,4.1,9,28,3,5,1,2
9,1201,796,640,998,3.59,9,28,3,5,1,2
3,2312,516,1028,1414,5.63,9,28,3,5,1,2
8,1760,480,800,1120,5.7,9,28,3,5,1,2
5,1199,692,618,946,4.16,9,28,3,5,1,2
7,2308,694,1062,1501,3.88,9,28,3,5,1,2
2,1378,923,736,1150,3.72,9,28,3,5,1,2
0,2079,634,958,1356,5.49,9,28,3,5,1,2
4,1448,504,680,976,3.32,9,28,3,5,1,2
6,2401,841,1129,1621,5.6,9,28,3,5,1,2
1,1804,443,810,1124,5.02,9,28,3,5,1,2
9,1524,413,692,968,3.71,9,28,3,5,1,2
3,1057,834,590,946,3.43,9,28,3,5,1,2
8,1743,460,789,1102,4.44,9,28,3,5,1,2
5,996,630,524,813,4.23,9,28,3,5,1,2
7,2350,818,1104,1584,3.43,9,28,3,5,1,2
2,2189,507,977,1348,5.23,9,28,3,5,1,2
0,1618,853,818,1236,3.07,9,28,3,5,1,2
4,2065,722,970,1394,4.48,9,28,3,5,1,2
6,2306,878,1098,1592,4.37,9,28,3,5,1,2
1,1658,912,846,1285,4.29,9,28,3,5,1,2
9,994,972,592,983,3.97,9,28,3,5,1,2
3,904,856,533,880,4.39,9,28,3,5,1,2
8,1209,710,626,960,5.78,10,28,3,5,1,2
5,1194,827,643,1010,5.2,10,28,3,5,1,2
7,1191,547,586,869,4.59,10,28,3,5,1,2
2,1707,976,878,1342,4.82,10,28,3,5,1,2
0,1556,640,750,1098,5.19,10,28,3,5,1,2
4,1360,908,726,1134,3.82,10,28,3,5,1,2
6,1476,516,694,996,4.79,10,28,3,5,1,2
1,1693,878,853,1286,4.24,10,28,3,5,1,2
9,834,780,490,807,4.19,10,28,3,5,1,2
3,1610,962,836,1286,5.48,10,28,3,5,1,2
8,1790,898,896,1344,3.02,10,28,3,5,1,2
5,1522,534,716,1028,3.9,10,28,3,5,1,2
7,1180,765,625,972,4.57,10,28,3,5,1,2
2,1226,467,584,846,5.59,10,28,3,5,1,2
0,1431,645,701,1038,3.06,10,28,3,5,1,2
4,1547,615,742,1081,3.68,10,28,3,5,1,2
6,1469,612,710,1040,3.17,10,28,3,5,1,2
1,1758,473,798,1116,4.09,10,28,3,5,1,2
9,1749,893,878,1321,4.1,10,28,3,5,1,2
3,1812,856,896,1334,4.87,10,28,3,5,1,2
8,1231,898,672,1064,3.9,10,28,3,5,1,2
5,1371,408,630,890,4.32,10,28,3,5,1,2
7,1928,820,935,1374,4.48,10,28,3,5,1,2
2,1029,774,566,902,4.84,10,28,3,5,1,2
0,1337,566,648,952,4.63,10,28,3,5,1,2
4,1325,758,682,1042,3.18,10,28,3,5,1,2
6,1200,827,645,1014,5.0,10,28,3,5,1,2
1,976,947,580,962,5.27,10,28,3,5,1,2
9,2107,627,968,1367,3.28,10,28,3,5,1,2
3,1149,510,562,830,5.73,10,28,3,5,1,2
8,2147,407,940,1277,3.47,10,28,3,5,1,2
5,1475,887,767,1181,3.65,10,28,3,5,1,2
7,2075,617,953,1346,4.92,10,28,3,5,1,2
2,1148,966,652,1057,4.51,10,28,3,5,1,2
0,1472,969,783,1220,5.75,10,28,3,5,1,2
4,1529,404,692,966,4.14,10,28,3,5,1,2
6,2177,770,1025,1474,3.94,10,28,3,5,1,2
1,1863,413,828,1138,3.31,10,28,3,5,1,2
9,2365,415,1029,1390,4.26,10,28,3,5,1,2
3,1010,423,489,716,4.58,10,28,3,5,1,2
8,262,346,174,304,1.31,11,28,3,5,1,2
5,535,163,247,349,1.03,11,28,3,5,1,2
7,498,314,262,406,1.98,11,28,3,5,1,2
2,244,456,189,350,1.76,11,28,3,5,1,2
0,501,389,278,445,0.93,11,28,3,5,1,2
4,150,190,98,170,0.72,11,28,3,5,1,0
6,486,505,295,496,1.86,11,28,3,5,1,2
1,225,451,180,338,2.36,11,28,3,5,1,2
9,308,190,161,249,2.07,11,28,3,5,1,2
3,280,281,168,280,0.91,11,28,3,5,1,2
8,433,475,268,454,1.09,11,28,3,5,1,2
5,367,433,233,400,1.37,11,28,3,5,1,2
7,205,326,147,266,0.66,11,28,3,5,1,0
2,338,207,177,272,1.9,11,28,3,5,1,2
0,260,158,136,209,1.24,11,28,3,5,1,2
4,339,511,238,425,1.2,11,28,3,5,1,2
6,270,294,167,282,0.67,11,28,3,5,1,0
1,153,279,117,216,0.74,11,28,3,5,1,0
9,461,550,294,506,1.86,11,28,3,5,1,2
3,502,179,237,340,2.44,11,28,3,5,1,2
8,398,257,211,328,2.43,11,28,3,5,1,2
5,459,366,257,412,2.37,11,28,3,5,1,2
7,416,298,226,357,1.23,11,28,3,5,1,2
2,496,189,236,342,1.81,11,28,3,5,1,2
0,266,250,156,258,2.44,11,28,3,5,1,2
4,191,384,153,288,1.91,11,28,3,5,1,2
6,297,511,221,404,0.83,11,28,3,5,1,2
1,384,322,218,353,1.48,11,28,3,5,1,2
9,208,420,167,314,1.09,11,28,3,5,1,2
3,200,453,171,326,1.46,11,28,3,5,1,2
8,524,518,313,521,1.88,11,28,3,5,1,2
5,174,507,171,340,1.42,11,28,3,5,1,2
7,546,467,312,506,1.41,11,28,3,5,1,2
2,510,427,289,468,2.36,11,28,3,5,1,2
0,209,211,126,210,1.72,11,28,3,5,1,2
4,340,265,189,302,2.41,11,28,3,5,1,2
6,427,483,267,455,1.79,11,28,3,5,1,2
1,458,256,234,357,2.35,11,28,3,5,1,2
9,360,246,193,303,1.57,11,28,3,5,1,2
3,451,507,282,479,1.37,11,28,3,5,1,2
8,465,549,296,507,2.37,12,28,3,5,1,2
5,273,225,154,249,1.08,12,28,3,5,1,2
7,323,390,207,356,1.28,12,28,3,5,1,2
2,524,539,317,532,0.77,12,28,3,5,1,2
0,152,409,143,280,1.74,12,28,3,5,1,2
4,338,191,173,264,2.14,12,28,3,5,1,2
6,338,209,177,274,1.58,12,28,3,5,1,2
1,498,478,295,488,1.67,12,28,3,5,1,2
9,272,440,197,356,1.88,12,28,3,5,1,2
3,395,508,260,452,0.65,12,28,3,5,1,0
8,491,192,235,342,0.52,12,28,3,5,1,0
5,169,447,157,308,2.02,12,28,3,5,1,2
7,543,315,280,429,1.45,12,28,3,5,1,2
2,346,257,190,302,0.79,12,28,3,5,1,2
0,306,341,191,324,2.11,12,28,3,5,1,2
4,214,431,172,322,2.4,12,28,3,5,1,2
6,326,227,176,276,0.62,12,28,3,5,1,0
1,392,528,262,460,1.93,12,28,3,5,1,2
9,251,475,195,363,1.0,12,28,3,5,1,2
3,491,272,251,382,1.11,12,28,3,5,1,2
8,420,407,249,414,2.02,12,28,3,5,1,2
5,222,172,123,197,0.54,12,28,3,5,1,0
7,300,511,222,406,1.18,12,28,3,5,1,2
2,514,512,308,513,1.54,12,28,3,5,1,2
0,399,529,265,464,0.95,12,28,3,5,1,2
4,229,542,200,386,1.16,12,28,3,5,1,2
6,287,173,149,230,0.83,12,28,3,5,1,2
1,498,548,309,523,1.61,12,28,3,5,1,2
9,296,401,199,348,2.24,12,28,3,5,1,2
3,527,359,283,443,0.95,12,28,3,5,1,2
8,335,349,204,342,2.23,12,28,3,5,1,2
5,539,415,299,477,2.18,12,28,3,5,1,2
7,229,208,133,218,0.82,12,28,3,5,1,2
2,400,466,253,433,1.53,12,28,3,5,1,2
0,460,269,238,364,1.2,12,28,3,5,1,2
4,361,155,175,258,2.4,12,28,3,5,1,2
6,196,519,182,358,0.76,12,28,3,5,1,2
1,482,304,254,393,0.94,12,28,3,5,1,2
9,186,257,126,222,2.18,12,28,3,5,1,2
3,483,371,267,427,2.3,12,28,3,5,1,2
8,430,189,210,310,0.92,13,28,3,5,1,2
5,347,344,208,346,1.32,13,28,3,5,1,2
7,315,160,158,238,1.38,13,28,3,5,1,2
2,231,257,144,244,2.41,13,28,3,5,1,2
0,224,373,164,298,2.12,13,28,3,5,1,2
4,277,268,164,272,1.84,13,28,3,5,1,2
6,482,223,237,352,2.49,13,28,3,5,1,2
1,359,307,205,333,1.81,13,28,3,5,1,2
9,298,454,210,376,2.34,13,28,3,5,1,2
3,171,449,158,310,1.76,13,28,3,5,1,2
8,477,335,258,406,0.62,13,28,3,5,1,0
5,403,348,231,376,1.07,13,28,3,5,1,2
7,245,442,186,344,2.48,13,28,3,5,1,2
2,223,446,178,334,0.82,13,28,3,5,1,2
0,256,262,155,259,2.08,13,28,3,5,1,2
4,461,501,285,481,1.61,13,28,3,5,1,2
6,532,308,274,420,0.73,13,28,3,5,1,0
1,533,544,322,538,1.4,13,28,3,5,1,2
9,515,480,302,498,2.18,13,28,3,5,1,2
3,497,323,263,410,1.78,13,28,3,5,1,2
8,304,415,205,360,1.56,13,28,3,5,1,2
5,548,202,260,375,1.12,13,28,3,5,1,2
7,430,352,242,391,0.88,13,28,3,5,1,2
2,412,289,223,350,2.29,13,28,3,5,1,2
0,247,355,170,301,1.97,13,28,3,5,1,2
4,355,243,191,299,1.09,13,28,3,5,1,2
6,504,494,300,499,1.59,13,28,3,5,1,2
1,327,185,168,256,0.8,13,28,3,5,1,2
9,484,401,274,442,2.28,13,28,3,5,1,2
3,155,267,115,211,0.86,13,28,3,5,1,2
8,496,335,265,416,1.71,13,28,3,5,1,2
5,396,456,250,426,0.73,13,28,3,5,1,0
7,459,297,243,378,0.98,13,28,3,5,1,2
2,354,424,226,389,2.38,13,28,3,5,1,2
0,508,400,283,454,2.01,13,28,3,5,1,2
4,187,290,133,238,0.7,13,28,3,5,1,0
6,442,409,259,426,1.78,13,28,3,5,1,2
1,545,531,324,538,2.5,13,28,3,5,1,2
9,382,213,195,298,1.32,13,28,3,5,1,2
3,387,190,193,288,2.24,13,28,3,5,1,2
8,363,172,180,268,2.33,14,28,3,5,1,2
5,470,468,282,469,0.69,14,28,3,5,1,0
7,292,363,189,328,1.3,14,28,3,5,1,2
2,477,357,262,417,0.73,14,28,3,5,1,0
0,182,527,178,354,0.5,14,28,3,5,1,0
4,278,256,162,267,2.22,14,28,3,5,1,2
6,534,270,268,402,1.47,14,28,3,5,1,2
1,186,215,117,200,1.42,14,28,3,5,1,2
9,213,317,149,265,1.24,14,28,3,5,1,2
3,291,419,200,355,0.72,14,28,3,5,1,0
8,233,248,143,240,0.77,14,28,3,5,1,2
5,363,470,239,416,0.78,14,28,3,5,1,2
7,312,260,177,286,2.5,14,28,3,5,1,2
2,446,491,277,468,2.12,14,28,3,5,1,2
0,327,152,161,240,2.41,14,28,3,5,1,2
4,399,539,267,469,1.98,14,28,3,5,1,2
6,449,527,285,488,2.43,14,28,3,5,1,2
1,203,479,177,341,1.15,14,28,3,5,1,2
9,271,216,152,244,1.92,14,28,3,5,1,2
3,540,342,284,441,2.4,14,28,3,5,1,2
8,255,497,201,376,0.88,14,28,3,5,1,2
5,404,488,259,446,1.84,14,28,3,5,1,2
7,426,311,233,368,0.86,14,28,3,5,1,2
2,419,300,228,360,0.62,14,28,3,5,1,0
0,208,181,119,194,0.86,14,28,3,5,1,2
4,349,380,216,364,1.09,14,28,3,5,1,2
6,153,332,128,242,1.02,14,28,3,5,1,2
1,326,331,197,328,1.39,14,28,3,5,1,2
9,401,408,242,404,1.11,14,28,3,5,1,2
3,302,383,197,342,0.54,14,28,3,5,1,0
8,488,296,254,392,1.27,14,28,3,5,1,2
5,514,257,257,386,0.74,14,28,3,5,1,0
7,516,390,284,453,1.85,14,28,3,5,1,2
2,515,464,299,490,0.74,14,28,3,5,1,0
0,263,447,195,355,2.15,14,28,3,5,1,2
4,192,316,140,254,2.09,14,28,3,5,1,2
6,282,376,188,329,2.0,14,28,3,5,1,2
1,154,281,118,218,0.67,14,28,3,5,1,0
9,492,187,234,340,1.79,14,28,3,5,1,2
3,203,353,152,278,1.1,14,28,3,5,1,2
8,437,512,277,474,0.57,15,28,3,5,1,0
5,268,227,153,248,0.91,15,28,3,5,1,2
7,476,272,245,374,1.91,15,28,3,5,1,2
2,381,222,197,302,1.88,15,28,3,5,1,2
0,306,187,160,246,2.46,15,28,3,5,1,2
4,250,277,155,264,1.4,15,28,3,5,1,2
6,477,291,249,384,2.42,15,28,3,5,1,2
1,254,434,188,344,2.05,15,28,3,5,1,2
9,491,364,269,428,1.4,15,28,3,5,1,2
3,256,418,186,337,2.12,15,28,3,5,1,2
8,326,253,181,290,2.17,15,28,3,5,1,2
5,359,156,175,258,0.81,15,28,3,5,1,2
7,371,168,182,270,2.45,15,28,3,5,1,2
2,382,516,256,449,1.94,15,28,3,5,1,2
0,312,312,187,312,1.01,15,28,3,5,1,2
4,455,212,224,334,0.93,15,28,3,5,1,2
6,466,180,222,323,1.74,15,28,3,5,1,2
1,315,378,202,346,2.3,15,28,3,5,1,2
9,411,399,244,405,2.19,15,28,3,5,1,2
3,156,177,98,166,1.75,15,28,3,5,1,2
8,376,198,190,287,1.31,15,28,3,5,1,2
5,202,422,165,312,2.38,15,28,3,5,1,2
7,353,302,202,328,2.08,15,28,3,5,1,2
2,260,244,153,252,2.29,15,28,3,5,1,2
0,466,183,223,324,2.25,15,28,3,5,1,2
4,512,283,261,398,1.02,15,28,3,5,1,2
6,283,229,159,256,1.93,15,28,3,5,1,2
1,154,427,147,290,1.92,15,28,3,5,1,2
9,360,413,227,386,1.38,15,28,3,5,1,2
3,192,493,175,342,1.48,15,28,3,5,1,2
8,529,508,313,518,0.68,15,28,3,5,1,0
5,243,549,207,396,0.61,15,28,3,5,1,0
7,521,399,288,460,1.62,15,28,3,5,1,2
2,482,359,265,420,1.45,15,28,3,5,1,2
0,212,273,139,242,2.35,15,28,3,5,1,2
4,532,271,267,402,2.32,15,28,3,5,1,2
6,348,438,227,393,1.98,15,28,3,5,1,2
1,222,284,146,253,2.45,15,28,3,5,1,2
9,212,517,188,364,0.76,15,28,3,5,1,2
3,535,313,277,424,0.96,15,28,3,5,1,2
8,514,167,239,340,2.0,16,28,3,5,1,2
5,540,267,269,404,1.02,16,28,3,5,1,2
7,477,155,222,316,2.37,16,28,3,5,1,2
2,282,397,192,340,1.19,16,28,3,5,1,2
0,301,248,170,274,2.23,16,28,3,5,1,2
4,446,457,270,452,0.56,16,28,3,5,1,0
6,236,230,140,233,0.79,16,28,3,5,1,2
1,156,281,119,218,0.63,16,28,3,5,1,0
9,378,390,229,384,1.5,16,28,3,5,1,2
3,385,356,225,370,1.61,16,28,3,5,1,2
8,513,497,305,505,1.57,16,28,3,5,1,2
5,163,458,157,310,1.65,16,28,3,5,1,2
7,272,384,186,328,0.79,16,28,3,5,1,2
2,402,358,232,380,1.56,16,28,3,5,1,2
0,539,377,291,458,1.83,16,28,3,5,1,2
4,542,341,285,442,1.15,16,28,3,5,1,2
6,188,361,147,274,2.02,16,28,3,5,1,2
1,437,231,221,334,1.0,16,28,3,5,1,2
9,193,396,156,294,2.21,16,28,3,5,1,2
3,216,288,144,252,1.37,16,28,3,5,1,2
8,212,320,149,266,2.49,16,28,3,5,1,2
5,407,198,202,302,1.48,16,28,3,5,1,2
7,336,337,202,336,1.78,16,28,3,5,1,2
2,214,321,150,268,2.21,16,28,3,5,1,2
0,177,268,124,222,2.27,16,28,3,5,1,2
4,244,550,208,397,2.24,16,28,3,5,1,2
6,245,514,201,380,2.37,16,28,3,5,1,2
1,330,543,241,436,2.37,16,28,3,5,1,2
9,150,280,116,215,2.14,16,28,3,5,1,2
3,470,278,244,374,2.04,16,28,3,5,1,2
8,387,189,193,288,0.54,16,28,3,5,1,0
5,195,349,148,272,1.24,16,28,3,5,1,2
7,263,286,162,274,2.0,16,28,3,5,1,2
2,480,254,243,367,2.3,16,28,3,5,1,2
0,407,447,252,427,2.12,16,28,3,5,1,2
4,369,485,245,427,1.19,16,28,3,5,1,2
6,435,329,240,382,2.47,16,28,3,5,1,2
1,309,536,231,422,2.38,16,28,3,5,1,2
9,403,313,224,358,1.73,16,28,3,5,1,2
3,188,154,106,171,2.05,16,28,3,5,1,2
8,637,1293,513,965,3.25,17,28,3,5,1,2
5,652,1540,569,1096,4.94,17,28,3,5,1,2
7,604,2650,772,1627,4.09,17,28,3,5,1,2
2,756,2206,744,1481,3.52,17,28,3,5,1,2
0,868,2452,838,1660,4.23,17,28,3,5,1,2
4,996,2710,940,1853,3.54,17,28,3,5,1,2
6,654,2018,665,1336,3.27,17,28,3,5,1,2
1,1165,2447,955,1806,4.89,17,28,3,5,1,2
9,842,2049,747,1446,4.84,17,28,3,5,1,2
3,942,1532,683,1237,5.06,17,28,3,5,1,2
8,945,2334,845,1640,5.39,17,28,3,5,1,2
5,818,1825,692,1322,5.39,17,28,3,5,1,2
7,1069,2542,936,1806,3.51,17,28,3,5,1,2
2,1188,1246,724,1217,5.4,17,28,3,5,1,2
0,627,2265,704,1446,5.6,17,28,3,5,1,2
4,988,1577,711,1282,5.0,17,28,3,5,1,2
6,632,2501,753,1566,3.97,17,28,3,5,1,2
1,967,2404,868,1686,4.72,17,28,3,5,1,2
9,1027,2301,871,1664,4.35,17,28,3,5,1,2
3,1166,1325,731,1246,4.25,17,28,3,5,1,2
8,796,2139,746,1468,4.26,17,28,3,5,1,2
5,711,1680,620,1196,5.53,17,28,3,5,1,2
7,739,1354,566,1046,3.56,17,28,3,5,1,2
2,701,1302,541,1002,4.86,17,28,3,5,1,2
0,628,2633,778,1630,3.07,17,28,3,5,1,2
4,755,1029,508,892,4.31,17,28,3,5,1,2
6,781,2146,742,1464,3.11,17,28,3,5,1,2
1,1124,2432,936,1778,4.86,17,28,3,5,1,2
9,929,1873,746,1401,5.02,17,28,3,5,1,2
3,1050,2774,975,1912,5.71,17,28,3,5,1,2
8,1089,2609,957,1849,5.68,17,28,3,5,1,2
5,1198,1290,737,1244,3.04,17,28,3,5,1,2
7,1009,2257,855,1633,5.05,17,28,3,5,1,2
2,891,2605,877,1748,4.91,17,28,3,5,1,2
0,869,2609,869,1739,4.52,17,28,3,5,1,2
4,733,1401,573,1067,4.27,17,28,3,5,1,2
6,1173,1479,765,1326,4.89,17,28,3,5,1,2
1,871,1787,706,1329,5.57,17,28,3,5,1,2
9,932,2720,917,1826,4.06,17,28,3,5,1,2
3,1163,1094,684,1128,5.52,17,28,3,5,1,2
8,689,2622,800,1656,4.36,18,28,3,5,1,2
5,901,1891,739,1396,3.12,18,28,3,5,1,2
7,789,2173,750,1481,3.33,18,28,3,5,1,2
2,637,1355,526,996,3.41,18,28,3,5,1,2
0,1118,2109,869,1614,3.38,18,28,3,5,1,2
4,1123,1016,652,1070,3.4,18,28,3,5,1,2
6,956,2455,873,1706,4.8,18,28,3,5,1,2
1,1003,2778,957,1890,3.17,18,28,3,5,1,2
9,898,2064,772,1481,4.46,18,28,3,5,1,2
3,1097,1030,645,1064,5.75,18,28,3,5,1,2
8,662,1476,560,1069,5.31,18,28,3,5,1,2
5,1066,1584,743,1325,5.64,18,28,3,5,1,2
7,932,2301,833,1616,5.07,18,28,3,5,1,2
2,1042,2024,822,1533,3.98,18,28,3,5,1,2
0,854,1294,600,1074,5.55,18,28,3,5,1,2
4,738,2616,818,1677,3.0,18,28,3,5,1,2
6,1082,1088,650,1085,3.65,18,28,3,5,1,2
1,1054,1357,693,1206,3.14,18,28,3,5,1,2
9,680,2581,788,1630,3.52,18,28,3,5,1,2
3,779,2000,712,1390,5.06,18,28,3,5,1,2
8,1139,1322,720,1230,4.5,18,28,3,5,1,2
5,604,1176,477,890,5.52,18,28,3,5,1,2
7,881,1697,692,1289,5.39,18,28,3,5,1,2
2,709,2283,740,1496,3.53,18,28,3,5,1,2
0,705,1650,612,1178,4.73,18,28,3,5,1,2
4,1001,1030,606,1016,3.08,18,28,3,5,1,2
6,670,2233,715,1452,3.37,18,28,3,5,1,2
1,1179,2043,880,1611,5.07,18,28,3,5,1,2
9,627,1050,461,838,3.49,18,28,3,5,1,2
3,768,2182,744,1475,4.12,18,28,3,5,1,2
8,850,1275,595,1062,4.56,18,28,3,5,1,2
5,655,1569,576,1112,5.23,18,28,3,5,1,2
7,653,2353,732,1503,3.4,18,28,3,5,1,2
2,633,1892,632,1262,3.31,18,28,3,5,1,2
0,617,2001,647,1309,5.38,18,28,3,5,1,2
4,793,1697,657,1245,4.87,18,28,3,5,1,2
6,724,1244,538,984,3.52,18,28,3,5,1,2
1,1005,1093,621,1049,3.12,18,28,3,5,1,2
9,790,2794,875,1792,4.13,18,28,3,5,1,2
3,879,2031,758,1455,3.96,18,28,3,5,1,2
8,729,1377,567,1053,5.22,19,28,3,5,1,2
5,829,2382,808,1606,4.71,19,28,3,5,1,2
7,1051,2670,954,1860,5.34,19,28,3,5,1,2
2,686,2557,786,1622,4.64,19,28,3,5,1,2
0,1048,1588,737,1318,3.79,19,28,3,5,1,2
4,655,2164,695,1410,4.8,19,28,3,5,1,2
6,859,2178,779,1518,3.36,19,28,3,5,1,2
1,997,1532,705,1264,4.53,19,28,3,5,1,2
9,1090,1880,812,1485,4.5,19,28,3,5,1,2
3,687,2657,806,1672,3.92,19,28,3,5,1,2
8,1029,1172,646,1100,3.9,19,28,3,5,1,2
5,1020,2533,915,1776,4.7,19,28,3,5,1,2
7,835,1070,548,952,5.08,19,28,3,5,1,2
2,1071,1790,786,1430,3.8,19,28,3,5,1,2
0,654,2049,671,1352,3.12,19,28,3,5,1,2
4,1151,1276,716,1214,3.49,19,28,3,5,1,2
6,854,1465,635,1160,3.66,19,28,3,5,1,2
1,677,1894,650,1286,4.09,19,28,3,5,1,2
9,902,2732,907,1817,5.61,19,28,3,5,1,2
3,647,1894,638,1270,4.74,19,28,3,5,1,2
8,876,1886,728,1381,5.72,19,28,3,5,1,2
5,613,2761,797,1687,5.03,19,28,3,5,1,2
7,840,2554,847,1697,3.44,19,28,3,5,1,2
2,1062,2748,974,1905,3.65,19,28,3,5,1,2
0,982,1744,742,1363,3.13,19,28,3,5,1,2
4,1062,1064,638,1063,3.08,19,28,3,5,1,2
6,814,2587,843,1700,4.54,19,28,3,5,1,2
1,981,1601,713,1291,5.07,19,28,3,5,1,2
9,893,1896,736,1394,5.52,19,28,3,5,1,2
3,631,1889,630,1260,5.7,19,28,3,5,1,2
8,890,1937,743,1414,3.5,19,28,3,5,1,2
5,650,2490,758,1570,5.42,19,28,3,5,1,2
7,1136,2052,865,1594,5.68,19,28,3,5,1,2
2,789,2288,773,1538,3.2,19,28,3,5,1,2
0,1072,1584,746,1328,3.34,19,28,3,5,1,2
4,766,1360,578,1063,4.59,19,28,3,5,1,2
6,1045,2570,932,1808,4.08,19,28,3,5,1,2
1,986,2223,839,1604,3.06,19,28,3,5,1,2
9,1067,1525,732,1296,3.44,19,28,3,5,1,2
3,1083,2064,846,1574,3.17,19,28,3,5,1,2
8,1133,2663,986,1898,3.06,20,28,3,5,1,2
5,1033,1963,806,1498,4.19,20,28,3,5,1,2
7,1128,1946,840,1537,3.96,20,28,3,5,1,2
2,970,2773,943,1872,3.76,20,28,3,5,1,2
0,956,2447,872,1702,5.32,20,28,3,5,1,2
4,747,1902,679,1324,3.76,20,28,3,5,1,2
6,789,1145,545,967,5.64,20,28,3,5,1,2
1,848,2081,755,1464,4.36,20,28,3,5,1,2
9,864,1631,672,1248,4.78,20,28,3,5,1,2
3,862,1733,691,1298,4.96,20,28,3,5,1,2
8,1159,1017,667,1088,4.12,20,28,3,5,1,2
5,814,1548,635,1181,4.1,20,28,3,5,1,2
7,1107,2783,999,1945,5.63,20,28,3,5,1,2
2,1075,1627,755,1351,5.13,20,28,3,5,1,2
0,998,1325,664,1162,5.19,20,28,3,5,1,2
4,737,2688,832,1712,5.09,20,28,3,5,1,2
6,846,2558,850,1702,4.11,20,28,3,5,1,2
1,667,1990,665,1328,3.32,20,28,3,5,1,2
9,638,1352,526,995,4.51,20,28,3,5,1,2
3,647,1478,554,1062,4.74,20,28,3,5,1,2
8,605,1626,567,1116,4.66,20,28,3,5,1,2
5,783,2646,842,1714,3.61,20,28,3,5,1,2
7,1051,2775,975,1913,5.5,20,28,3,5,1,2
2,908,1873,738,1390,4.26,20,28,3,5,1,2
0,734,2599,813,1666,4.43,20,28,3,5,1,2
4,921,2244,817,1582,3.22,20,28,3,5,1,2
6,640,1737,603,1188,4.32,20,28,3,5,1,2
1,635,1700,594,1168,4.41,20,28,3,5,1,2
9,1157,2712,1005,1934,5.64,20,28,3,5,1,2
3,1079,1635,759,1357,5.75,20,28,3,5,1,2
8,754,1601,622,1178,4.33,20,28,3,5,1,2
5,964,1678,721,1321,4.37,20,28,3,5,1,2
7,605,1271,496,938,4.33,20,28,3,5,1,2
2,1149,1078,675,1114,5.35,20,28,3,5,1,2
0,650,1335,527,992,3.47,20,28,3,5,1,2
4,842,1941,725,1392,4.24,20,28,3,5,1,2
6,863,2577,861,1720,4.87,20,28,3,5,1,2
1,1071,1164,661,1118,3.72,20,28,3,5,1,2
9,631,1501,553,1066,5.01,20,28,3,5,1,2
3,647,1386,536,1016,3.31,20,28,3,5,1,2
8,426,456,262,441,1.34,21,28,3,5,1,2
5,531,322,277,426,1.71,21,28,3,5,1,2
7,242,533,203,388,0.63,21,28,3,5,1,0
2,203,265,134,234,0.83,21,28,3,5,1,2
0,171,252,119,212,2.41,21,28,3,5,1,2
4,186,162,107,174,1.88,21,28,3,5,1,2
6,234,162,126,198,1.34,21,28,3,5,1,2
1,343,238,185,290,1.58,21,28,3,5,1,2
9,367,448,236,408,1.6,21,28,3,5,1,2
3,200,302,140,251,1.1,21,28,3,5,1,2
8,405,221,206,313,2.01,21,28,3,5,1,2
5,327,231,177,279,1.03,21,28,3,5,1,2
7,465,420,270,442,1.01,21,28,3,5,1,2
2,375,330,216,352,2.37,21,28,3,5,1,2
0,473,322,254,398,2.22,21,28,3,5,1,2
4,387,528,260,458,0.83,21,28,3,5,1,2
6,417,248,216,332,2.12,21,28,3,5,1,2
1,392,530,263,461,0.51,21,28,3,5,1,0
9,231,532,199,382,1.09,21,28,3,5,1,2
3,463,359,257,411,0.53,21,28,3,5,1,0
8,456,340,250,398,1.04,21,28,3,5,1,2
5,391,297,216,344,0.97,21,28,3,5,1,2
7,193,374,152,284,0.7,21,28,3,5,1,0
2,183,533,180,358,1.19,21,28,3,5,1,2
0,503,355,272,429,1.79,21,28,3,5,1,2
4,334,399,213,366,2.45,21,28,3,5,1,2
6,445,200,218,322,0.73,21,28,3,5,1,0
1,469,342,256,406,2.15,21,28,3,5,1,2
9,231,284,149,258,0.58,21,28,3,5,1,0
3,512,279,261,396,2.32,21,28,3,5,1,2
8,515,160,238,338,1.37,21,28,3,5,1,2
5,241,174,131,208,0.89,21,28,3,5,1,2
7,154,194,100,174,2.05,21,28,3,5,1,2
2,323,281,185,302,1.3,21,28,3,5,1,2
0,264,379,181,322,0.65,21,28,3,5,1,0
4,219,442,176,330,1.03,21,28,3,5,1,2
6,161,487,162,324,2.32,21,28,3,5,1,2
1,233,373,168,303,2.04,21,28,3,5,1,2
9,329,200,172,264,1.59,21,28,3,5,1,2
3,357,348,212,352,0.69,21,28,3,5,1,0
8,225,345,159,285,0.69,22,28,3,5,1,0
5,364,488,243,426,1.91,22,28,3,5,1,2
7,214,375,161,294,1.79,22,28,3,5,1,2
2,456,303,243,380,2.19,22,28,3,5,1,2
0,473,403,270,438,2.2,22,28,3,5,1,2
4,406,260,214,333,2.44,22,28,3,5,1,2
6,177,353,141,265,1.73,22,28,3,5,1,2
1,395,352,228,374,1.94,22,28,3,5,1,2
9,331,190,170,260,1.83,22,28,3,5,1,2
3,527,382,287,454,2.31,22,28,3,5,1,2
8,414,215,209,314,1.57,22,28,3,5,1,2
5,369,467,241,418,2.47,22,28,3,5,1,2
7,286,404,195,345,0.7,22,28,3,5,1,0
2,273,170,143,222,1.64,22,28,3,5,1,2
0,374,540,258,457,1.13,22,28,3,5,1,2
4,386,526,260,456,1.33,22,28,3,5,1,2
6,484,486,291,485,1.75,22,28,3,5,1,2
1,233,198,133,216,2.09,22,28,3,5,1,2
9,274,337,177,306,2.15,22,28,3,5,1,2
3,416,481,263,448,1.4,22,28,3,5,1,2
8,150,424,145,287,1.63,22,28,3,5,1,2
5,235,200,134,218,2.03,22,28,3,5,1,2
7,161,252,115,206,0.73,22,28,3,5,1,0
2,493,468,291,480,1.98,22,28,3,5,1,2
0,239,228,141,234,0.96,22,28,3,5,1,2
4,492,285,254,388,0.9,22,28,3,5,1,2
6,308,353,194,330,1.06,22,28,3,5,1,2
1,503,238,249,370,1.08,22,28,3,5,1,2
9,163,176,100,170,1.73,22,28,3,5,1,2
3,262,308,166,285,1.4,22,28,3,5,1,2
8,304,288,179,296,0.71,22,28,3,5,1,0
5,155,544,171,350,0.61,22,28,3,5,1,0
7,252,325,166,288,1.47,22,28,3,5,1,2
2,352,371,215,362,1.19,22,28,3,5,1,2
0,150,418,144,284,0.95,22,28,3,5,1,2
4,299,316,183,308,0.76,22,28,3,5,1,2
6,241,472,191,356,1.11,22,28,3,5,1,2
1,405,388,240,396,2.16,22,28,3,5,1,2
9,390,532,262,461,1.16,22,28,3,5,1,2
3,472,419,273,446,2.31,22,28,3,5,1,2
8,411,487,262,449,2.43,23,28,3,5,1,2
5,536,517,318,526,1.53,23,28,3,5,1,2
7,308,468,217,388,1.83,23,28,3,5,1,2
2,239,150,126,194,2.42,23,28,3,5,1,2
0,503,234,248,368,0.53,23,28,3,5,1,0
4,255,239,150,247,1.44,23,28,3,5,1,2
6,330,197,171,264,1.57,23,28,3,5,1,2
1,201,304,141,252,0.86,23,28,3,5,1,2
9,382,450,243,416,1.39,23,28,3,5,1,2
3,240,226,141,233,1.26,23,28,3,5,1,2
8,285,415,197,350,0.66,23,28,3,5,1,0
5,279,475,207,377,0.77,23,28,3,5,1,2
7,385,404,235,394,1.81,23,28,3,5,1,2
2,347,496,238,422,1.18,23,28,3,5,1,2
0,535,487,311,511,2.2,23,28,3,5,1,2
4,201,231,127,216,2.11,23,28,3,5,1,2
6,189,523,180,356,0.75,23,28,3,5,1,2
1,320,383,205,352,0.64,23,28,3,5,1,0
9,253,460,193,356,1.22,23,28,3,5,1,2
3,460,332,250,396,1.15,23,28,3,5,1,2
8,178,443,160,310,1.25,23,28,3,5,1,2
5,399,247,209,323,2.34,23,28,3,5,1,2
7,179,407,153,293,1.69,23,28,3,5,1,2
2,314,330,192,322,2.15,23,28,3,5,1,2
0,194,487,175,340,1.65,23,28,3,5,1,2
4,265,492,204,378,1.21,23,28,3,5,1,2
6,244,501,198,372,0.82,23,28,3,5,1,2
1,500,207,241,354,1.7,23,28,3,5,1,2
9,312,425,210,368,1.47,23,28,3,5,1,2
3,202,405,162,304,1.18,23,28,3,5,1,2
8,448,380,255,414,1.09,23,28,3,5,1,2
5,473,508,291,490,2.36,23,28,3,5,1,2
7,498,201,239,350,2.5,23,28,3,5,1,2
2,383,512,256,448,0.55,23,28,3,5,1,0
0,446,183,215,314,0.9,23,28,3,5,1,2
4,341,180,172,260,1.01,23,28,3,5,1,2
6,275,517,213,396,1.4,23,28,3,5,1,2
1,168,333,134,250,0.97,23,28,3,5,1,2
9,545,497,317,521,1.61,23,28,3,5,1,2
3,173,425,154,299,0.85,23,28,3,5,1,2
8,0,0,0,0,0.0,0,29,3,6,1,1
5,0,0,0,0,0.0,0,29,3,6,1,1
7,0,0,0,0,0.0,0,29,3,6,1,1
2,0,0,0,0,0.0,0,29,3,6,1,1
0,0,0,0,0,0.0,0,29,3,6,1,1
4,0,0,0,0,0.0,0,29,3,6,1,1
6,0,0,0,0,0.0,0,29,3,6,1,1
1,0,0,0,0,0.0,0,29,3,6,1,1
9,0,0,0,0,0.0,0,29,3,6,1,1
3,0,0,0,0,0.0,0,29,3,6,1,1
8,0,0,0,0,0.0,0,29,3,6,1,1
5,0,0,0,0,0.0,0,29,3,6,1,1
7,0,0,0,0,0.0,0,29,3,6,1,1
2,0,0,0,0,0.0,0,29,3,6,1,1
0,0,0,0,0,0.0,0,29,3,6,1,1
4,0,0,0,0,0.0,0,29,3,6,1,1
6,0,0,0,0,0.0,0,29,3,6,1,1
1,0,0,0,0,0.0,0,29,3,6,1,1
9,0,0,0,0,0.0,0,29,3,6,1,1
3,0,0,0,0,0.0,0,29,3,6,1,1
8,0,0,0,0,0.0,0,29,3,6,1,1
5,0,0,0,0,0.0,0,29,3,6,1,1
7,0,0,0,0,0.0,0,29,3,6,1,1
2,0,0,0,0,0.0,0,29,3,6,1,1
0,0,0,0,0,0.0,0,29,3,6,1,1
4,0,0,0,0,0.0,0,29,3,6,1,1
6,0,0,0,0,0.0,0,29,3,6,1,1
1,0,0,0,0,0.0,0,29,3,6,1,1
9,0,0,0,0,0.0,0,29,3,6,1,1
3,0,0,0,0,0.0,0,29,3,6,1,1
8,0,0,0,0,0.0,0,29,3,6,1,1
5,0,0,0,0,0.0,0,29,3,6,1,1
7,0,0,0,0,0.0,0,29,3,6,1,1
2,0,0,0,0,0.0,0,29,3,6,1,1
0,0,0,0,0,0.0,0,29,3,6,1,1
4,0,0,0,0,0.0,0,29,3,6,1,1
6,0,0,0,0,0.0,0,29,3,6,1,1
1,0,0,0,0,0.0,0,29,3,6,1,1
9,0,0,0,0,0.0,0,29,3,6,1,1
3,0,0,0,0,0.0,0,29,3,6,1,1
8,0,0,0,0,0.0,1,29,3,6,1,1
5,0,0,0,0,0.0,1,29,3,6,1,1
7,0,0,0,0,0.0,1,29,3,6,1,1
2,0,0,0,0,0.0,1,29,3,6,1,1
0,0,0,0,0,0.0,1,29,3,6,1,1
4,0,0,0,0,0.0,1,29,3,6,1,1
6,0,0,0,0,0.0,1,29,3,6,1,1
1,0,0,0,0,0.0,1,29,3,6,1,1
9,0,0,0,0,0.0,1,29,3,6,1,1
3,0,0,0,0,0.0,1,29,3,6,1,1
8,0,0,0,0,0.0,1,29,3,6,1,1
5,0,0,0,0,0.0,1,29,3,6,1,1
7,0,0,0,0,0.0,1,29,3,6,1,1
2,0,0,0,0,0.0,1,29,3,6,1,1
0,0,0,0,0,0.0,1,29,3,6,1,1
4,0,0,0,0,0.0,1,29,3,6,1,1
6,0,0,0,0,0.0,1,29,3,6,1,1
1,0,0,0,0,0.0,1,29,3,6,1,1
9,0,0,0,0,0.0,1,29,3,6,1,1
3,0,0,0,0,0.0,1,29,3,6,1,1
8,0,0,0,0,0.0,1,29,3,6,1,1
5,0,0,0,0,0.0,1,29,3,6,1,1
7,0,0,0,0,0.0,1,29,3,6,1,1
2,0,0,0,0,0.0,1,29,3,6,1,1
0,0,0,0,0,0.0,1,29,3,6,1,1
4,0,0,0,0,0.0,1,29,3,6,1,1
6,0,0,0,0,0.0,1,29,3,6,1,1
1,0,0,0,0,0.0,1,29,3,6,1,1
9,0,0,0,0,0.0,1,29,3,6,1,1
3,0,0,0,0,0.0,1,29,3,6,1,1
8,0,0,0,0,0.0,1,29,3,6,1,1
5,0,0,0,0,0.0,1,29,3,6,1,1
7,0,0,0,0,0.0,1,29,3,6,1,1
2,0,0,0,0,0.0,1,29,3,6,1,1
0,0,0,0,0,0.0,1,29,3,6,1,1
4,0,0,0,0,0.0,1,29,3,6,1,1
6,0,0,0,0,0.0,1,29,3,6,1,1
1,0,0,0,0,0.0,1,29,3,6,1,1
9,0,0,0,0,0.0,1,29,3,6,1,1
3,0,0,0,0,0.0,1,29,3,6,1,1
8,0,0,0,0,0.0,2,29,3,6,1,1
5,0,0,0,0,0.0,2,29,3,6,1,1
7,0,0,0,0,0.0,2,29,3,6,1,1
2,0,0,0,0,0.0,2,29,3,6,1,1
0,0,0,0,0,0.0,2,29,3,6,1,1
4,0,0,0,0,0.0,2,29,3,6,1,1
6,0,0,0,0,0.0,2,29,3,6,1,1
1,0,0,0,0,0.0,2,29,3,6,1,1
9,0,0,0,0,0.0,2,29,3,6,1,1
3,0,0,0,0,0.0,2,29,3,6,1,1
8,0,0,0,0,0.0,2,29,3,6,1,1
5,0,0,0,0,0.0,2,29,3,6,1,1
7,0,0,0,0,0.0,2,29,3,6,1,1
2,0,0,0,0,0.0,2,29,3,6,1,1
0,0,0,0,0,0.0,2,29,3,6,1,1
4,0,0,0,0,0.0,2,29,3,6,1,1
6,0,0,0,0,0.0,2,29,3,6,1,1
1,0,0,0,0,0.0,2,29,3,6,1,1
9,0,0,0,0,0.0,2,29,3,6,1,1
3,0,0,0,0,0.0,2,29,3,6,1,1
8,0,0,0,0,0.0,2,29,3,6,1,1
5,0,0,0,0,0.0,2,29,3,6,1,1
7,0,0,0,0,0.0,2,29,3,6,1,1
2,0,0,0,0,0.0,2,29,3,6,1,1
0,0,0,0,0,0.0,2,29,3,6,1,1
4,0,0,0,0,0.0,2,29,3,6,1,1
6,0,0,0,0,0.0,2,29,3,6,1,1
1,0,0,0,0,0.0,2,29,3,6,1,1
9,0,0,0,0,0.0,2,29,3,6,1,1
3,0,0,0,0,0.0,2,29,3,6,1,1
8,0,0,0,0,0.0,2,29,3,6,1,1
5,0,0,0,0,0.0,2,29,3,6,1,1
7,0,0,0,0,0.0,2,29,3,6,1,1
2,0,0,0,0,0.0,2,29,3,6,1,1
0,0,0,0,0,0.0,2,29,3,6,1,1
4,0,0,0,0,0.0,2,29,3,6,1,1
6,0,0,0,0,0.0,2,29,3,6,1,1
1,0,0,0,0,0.0,2,29,3,6,1,1
9,0,0,0,0,0.0,2,29,3,6,1,1
3,0,0,0,0,0.0,2,29,3,6,1,1
8,0,0,0,0,0.0,3,29,3,6,1,1
5,0,0,0,0,0.0,3,29,3,6,1,1
7,0,0,0,0,0.0,3,29,3,6,1,1
2,0,0,0,0,0.0,3,29,3,6,1,1
0,0,0,0,0,0.0,3,29,3,6,1,1
4,0,0,0,0,0.0,3,29,3,6,1,1
6,0,0,0,0,0.0,3,29,3,6,1,1
1,0,0,0,0,0.0,3,29,3,6,1,1
9,0,0,0,0,0.0,3,29,3,6,1,1
3,0,0,0,0,0.0,3,29,3,6,1,1
8,0,0,0,0,0.0,3,29,3,6,1,1
5,0,0,0,0,0.0,3,29,3,6,1,1
7,0,0,0,0,0.0,3,29,3,6,1,1
2,0,0,0,0,0.0,3,29,3,6,1,1
0,0,0,0,0,0.0,3,29,3,6,1,1
4,0,0,0,0,0.0,3,29,3,6,1,1
6,0,0,0,0,0.0,3,29,3,6,1,1
1,0,0,0,0,0.0,3,29,3,6,1,1
9,0,0,0,0,0.0,3,29,3,6,1,1
3,0,0,0,0,0.0,3,29,3,6,1,1
8,0,0,0,0,0.0,3,29,3,6,1,1
5,0,0,0,0,0.0,3,29,3,6,1,1
7,0,0,0,0,0.0,3,29,3,6,1,1
2,0,0,0,0,0.0,3,29,3,6,1,1
0,0,0,0,0,0.0,3,29,3,6,1,1
4,0,0,0,0,0.0,3,29,3,6,1,1
6,0,0,0,0,0.0,3,29,3,6,1,1
1,0,0,0,0,0.0,3,29,3,6,1,1
9,0,0,0,0,0.0,3,29,3,6,1,1
3,0,0,0,0,0.0,3,29,3,6,1,1
8,0,0,0,0,0.0,3,29,3,6,1,1
5,0,0,0,0,0.0,3,29,3,6,1,1
7,0,0,0,0,0.0,3,29,3,6,1,1
2,0,0,0,0,0.0,3,29,3,6,1,1
0,0,0,0,0,0.0,3,29,3,6,1,1
4,0,0,0,0,0.0,3,29,3,6,1,1
6,0,0,0,0,0.0,3,29,3,6,1,1
1,0,0,0,0,0.0,3,29,3,6,1,1
9,0,0,0,0,0.0,3,29,3,6,1,1
3,0,0,0,0,0.0,3,29,3,6,1,1
8,0,0,0,0,0.0,4,29,3,6,1,1
5,0,0,0,0,0.0,4,29,3,6,1,1
7,0,0,0,0,0.0,4,29,3,6,1,1
2,0,0,0,0,0.0,4,29,3,6,1,1
0,0,0,0,0,0.0,4,29,3,6,1,1
4,0,0,0,0,0.0,4,29,3,6,1,1
6,0,0,0,0,0.0,4,29,3,6,1,1
1,0,0,0,0,0.0,4,29,3,6,1,1
9,0,0,0,0,0.0,4,29,3,6,1,1
3,0,0,0,0,0.0,4,29,3,6,1,1
8,0,0,0,0,0.0,4,29,3,6,1,1
5,0,0,0,0,0.0,4,29,3,6,1,1
7,0,0,0,0,0.0,4,29,3,6,1,1
2,0,0,0,0,0.0,4,29,3,6,1,1
0,0,0,0,0,0.0,4,29,3,6,1,1
4,0,0,0,0,0.0,4,29,3,6,1,1
6,0,0,0,0,0.0,4,29,3,6,1,1
1,0,0,0,0,0.0,4,29,3,6,1,1
9,0,0,0,0,0.0,4,29,3,6,1,1
3,0,0,0,0,0.0,4,29,3,6,1,1
8,0,0,0,0,0.0,4,29,3,6,1,1
5,0,0,0,0,0.0,4,29,3,6,1,1
7,0,0,0,0,0.0,4,29,3,6,1,1
2,0,0,0,0,0.0,4,29,3,6,1,1
0,0,0,0,0,0.0,4,29,3,6,1,1
4,0,0,0,0,0.0,4,29,3,6,1,1
6,0,0,0,0,0.0,4,29,3,6,1,1
1,0,0,0,0,0.0,4,29,3,6,1,1
9,0,0,0,0,0.0,4,29,3,6,1,1
3,0,0,0,0,0.0,4,29,3,6,1,1
8,0,0,0,0,0.0,4,29,3,6,1,1
5,0,0,0,0,0.0,4,29,3,6,1,1
7,0,0,0,0,0.0,4,29,3,6,1,1
2,0,0,0,0,0.0,4,29,3,6,1,1
0,0,0,0,0,0.0,4,29,3,6,1,1
4,0,0,0,0,0.0,4,29,3,6,1,1
6,0,0,0,0,0.0,4,29,3,6,1,1
1,0,0,0,0,0.0,4,29,3,6,1,1
9,0,0,0,0,0.0,4,29,3,6,1,1
3,0,0,0,0,0.0,4,29,3,6,1,1
8,0,0,0,0,0.0,5,29,3,6,1,1
5,0,0,0,0,0.0,5,29,3,6,1,1
7,0,0,0,0,0.0,5,29,3,6,1,1
2,0,0,0,0,0.0,5,29,3,6,1,1
0,0,0,0,0,0.0,5,29,3,6,1,1
4,0,0,0,0,0.0,5,29,3,6,1,1
6,0,0,0,0,0.0,5,29,3,6,1,1
1,0,0,0,0,0.0,5,29,3,6,1,1
9,0,0,0,0,0.0,5,29,3,6,1,1
3,0,0,0,0,0.0,5,29,3,6,1,1
8,0,0,0,0,0.0,5,29,3,6,1,1
5,0,0,0,0,0.0,5,29,3,6,1,1
7,0,0,0,0,0.0,5,29,3,6,1,1
2,0,0,0,0,0.0,5,29,3,6,1,1
0,0,0,0,0,0.0,5,29,3,6,1,1
4,0,0,0,0,0.0,5,29,3,6,1,1
6,0,0,0,0,0.0,5,29,3,6,1,1
1,0,0,0,0,0.0,5,29,3,6,1,1
9,0,0,0,0,0.0,5,29,3,6,1,1
3,0,0,0,0,0.0,5,29,3,6,1,1
8,0,0,0,0,0.0,5,29,3,6,1,1
5,0,0,0,0,0.0,5,29,3,6,1,1
7,0,0,0,0,0.0,5,29,3,6,1,1
2,0,0,0,0,0.0,5,29,3,6,1,1
0,0,0,0,0,0.0,5,29,3,6,1,1
4,0,0,0,0,0.0,5,29,3,6,1,1
6,0,0,0,0,0.0,5,29,3,6,1,1
1,0,0,0,0,0.0,5,29,3,6,1,1
9,0,0,0,0,0.0,5,29,3,6,1,1
3,0,0,0,0,0.0,5,29,3,6,1,1
8,0,0,0,0,0.0,5,29,3,6,1,1
5,0,0,0,0,0.0,5,29,3,6,1,1
7,0,0,0,0,0.0,5,29,3,6,1,1
2,0,0,0,0,0.0,5,29,3,6,1,1
0,0,0,0,0,0.0,5,29,3,6,1,1
4,0,0,0,0,0.0,5,29,3,6,1,1
6,0,0,0,0,0.0,5,29,3,6,1,1
1,0,0,0,0,0.0,5,29,3,6,1,1
9,0,0,0,0,0.0,5,29,3,6,1,1
3,0,0,0,0,0.0,5,29,3,6,1,1
8,439,516,279,478,1.44,6,29,3,6,1,2
5,288,229,161,258,1.68,6,29,3,6,1,2
7,314,180,162,247,2.29,6,29,3,6,1,2
2,442,320,241,381,1.14,6,29,3,6,1,2
0,420,487,265,454,0.76,6,29,3,6,1,2
4,278,193,150,236,2.0,6,29,3,6,1,2
6,527,151,241,339,1.59,6,29,3,6,1,2
1,485,247,243,366,0.53,6,29,3,6,1,0
9,497,504,300,500,1.43,6,29,3,6,1,2
3,203,506,182,354,1.82,6,29,3,6,1,2
8,501,263,253,382,2.16,6,29,3,6,1,2
5,519,365,281,442,2.41,6,29,3,6,1,2
7,399,227,205,313,0.65,6,29,3,6,1,0
2,161,454,155,308,2.33,6,29,3,6,1,2
0,155,154,93,154,1.15,6,29,3,6,1,2
4,535,243,263,389,1.24,6,29,3,6,1,2
6,299,197,159,248,2.1,6,29,3,6,1,2
1,450,249,230,350,1.16,6,29,3,6,1,2
9,521,328,274,424,2.25,6,29,3,6,1,2
3,508,397,283,452,2.43,6,29,3,6,1,2
8,282,508,214,395,1.7,6,29,3,6,1,2
5,268,345,176,306,2.44,6,29,3,6,1,2
7,447,298,238,372,1.46,6,29,3,6,1,2
2,281,496,212,388,2.22,6,29,3,6,1,2
0,156,529,168,342,1.67,6,29,3,6,1,2
4,413,350,235,382,0.72,6,29,3,6,1,0
6,451,508,282,480,1.22,6,29,3,6,1,2
1,419,235,215,327,0.65,6,29,3,6,1,0
9,331,150,162,240,1.43,6,29,3,6,1,2
3,210,159,116,184,0.55,6,29,3,6,1,0
8,203,245,130,224,2.23,6,29,3,6,1,2
5,289,320,180,304,2.05,6,29,3,6,1,2
7,453,167,215,310,2.17,6,29,3,6,1,2
2,388,312,218,350,2.04,6,29,3,6,1,2
0,232,398,172,315,0.71,6,29,3,6,1,0
4,312,189,163,250,1.14,6,29,3,6,1,2
6,278,443,200,360,2.43,6,29,3,6,1,2
1,501,307,262,404,1.74,6,29,3,6,1,2
9,511,298,264,404,1.08,6,29,3,6,1,2
3,160,482,160,321,1.79,6,29,3,6,1,2
8,205,321,146,263,2.12,7,29,3,6,1,2
5,388,351,225,370,0.72,7,29,3,6,1,0
7,493,276,252,384,2.15,7,29,3,6,1,2
2,178,308,133,243,1.88,7,29,3,6,1,2
0,273,351,179,312,1.89,7,29,3,6,1,2
4,328,436,218,382,1.68,7,29,3,6,1,2
6,378,312,214,345,1.35,7,29,3,6,1,2
1,186,357,146,272,1.97,7,29,3,6,1,2
9,298,550,229,424,1.03,7,29,3,6,1,2
3,334,523,238,428,0.71,7,29,3,6,1,0
8,494,197,237,346,1.54,7,29,3,6,1,2
5,321,539,236,430,2.14,7,29,3,6,1,2
7,177,412,153,294,1.28,7,29,3,6,1,2
2,379,248,201,314,0.66,7,29,3,6,1,0
0,502,272,255,387,2.49,7,29,3,6,1,2
4,345,339,206,342,1.5,7,29,3,6,1,2
6,223,166,122,194,2.38,7,29,3,6,1,2
1,173,326,134,250,1.66,7,29,3,6,1,2
9,199,533,186,366,0.76,7,29,3,6,1,2
3,371,207,190,289,1.55,7,29,3,6,1,2
8,202,449,171,326,0.6,7,29,3,6,1,0
5,216,282,143,249,1.97,7,29,3,6,1,2
7,323,376,204,350,2.23,7,29,3,6,1,2
2,516,185,243,350,2.05,7,29,3,6,1,2
0,386,511,257,448,1.61,7,29,3,6,1,2
4,539,405,297,472,1.93,7,29,3,6,1,2
6,327,508,232,418,1.81,7,29,3,6,1,2
1,498,443,288,470,1.77,7,29,3,6,1,2
9,522,297,268,410,1.34,7,29,3,6,1,2
3,543,330,283,436,1.38,7,29,3,6,1,2
8,321,395,207,358,1.41,7,29,3,6,1,2
5,262,412,187,337,1.37,7,29,3,6,1,2
7,293,480,213,386,0.76,7,29,3,6,1,2
2,197,500,179,348,2.32,7,29,3,6,1,2
0,258,513,206,386,2.1,7,29,3,6,1,2
4,330,379,208,354,2.03,7,29,3,6,1,2
6,217,250,137,234,1.23,7,29,3,6,1,2
1,430,320,236,375,1.74,7,29,3,6,1,2
9,334,403,214,368,0.6,7,29,3,6,1,0
3,481,493,291,487,2.22,7,29,3,6,1,2
8,1918,830,933,1374,3.72,8,29,3,6,1,2
5,1368,704,688,1036,4.35,8,29,3,6,1,2
7,2025,495,909,1260,5.47,8,29,3,6,1,2
2,917,763,519,840,5.43,8,29,3,6,1,2
0,2110,540,952,1325,3.79,8,29,3,6,1,2
4,1902,882,937,1392,5.02,8,29,3,6,1,2
6,1668,826,832,1247,3.33,8,29,3,6,1,2
1,1129,804,612,966,3.77,8,29,3,6,1,2
9,2027,804,972,1416,4.14,8,29,3,6,1,2
3,1247,974,694,1110,3.56,8,29,3,6,1,2
8,1123,965,642,1044,4.1,8,29,3,6,1,2
5,1189,588,593,888,3.26,8,29,3,6,1,2
7,998,486,496,742,4.41,8,29,3,6,1,2
2,2253,497,1001,1375,4.05,8,29,3,6,1,2
0,1495,429,684,962,4.42,8,29,3,6,1,2
4,1111,846,614,978,3.39,8,29,3,6,1,2
6,1371,714,691,1042,4.63,8,29,3,6,1,2
1,1984,773,948,1378,5.14,8,29,3,6,1,2
9,1593,712,780,1152,3.89,8,29,3,6,1,2
3,1449,687,717,1068,4.87,8,29,3,6,1,2
8,1228,545,600,886,4.88,8,29,3,6,1,2
5,1060,408,506,734,5.62,8,29,3,6,1,2
7,1444,543,686,994,4.59,8,29,3,6,1,2
2,1795,953,909,1374,5.12,8,29,3,6,1,2
0,1408,483,660,946,5.72,8,29,3,6,1,2
4,1701,736,828,1218,3.33,8,29,3,6,1,2
6,1904,597,881,1250,4.6,8,29,3,6,1,2
1,2024,883,986,1454,4.43,8,29,3,6,1,2
9,1115,415,529,765,4.46,8,29,3,6,1,2
3,2158,702,1004,1430,4.18,8,29,3,6,1,2
8,1674,913,852,1294,4.82,8,29,3,6,1,2
5,1513,407,687,960,4.18,8,29,3,6,1,2
7,1811,696,864,1254,4.87,8,29,3,6,1,2
2,1455,767,735,1111,3.43,8,29,3,6,1,2
0,1975,691,928,1333,3.54,8,29,3,6,1,2
4,866,440,434,653,5.66,8,29,3,6,1,2
6,1960,517,887,1238,3.44,8,29,3,6,1,2
1,1260,850,674,1055,3.28,8,29,3,6,1,2
9,2447,553,1089,1500,3.89,8,29,3,6,1,2
3,2296,547,1028,1422,4.62,8,29,3,6,1,2
8,1959,803,944,1381,3.64,9,29,3,6,1,2
5,2318,493,1026,1406,5.78,9,29,3,6,1,2
7,1875,728,896,1302,4.49,9,29,3,6,1,2
2,2406,508,1064,1457,4.56,9,29,3,6,1,2
0,1885,637,881,1261,4.27,9,29,3,6,1,2
4,1895,885,935,1390,4.1,9,29,3,6,1,2
6,2431,871,1147,1651,3.76,9,29,3,6,1,2
1,2121,708,990,1414,3.27,9,29,3,6,1,2
9,2332,607,1054,1470,3.71,9,29,3,6,1,2
3,1080,411,514,746,5.76,9,29,3,6,1,2
8,1533,908,795,1220,4.6,9,29,3,6,1,2
5,1786,870,888,1328,4.44,9,29,3,6,1,2
7,2012,941,993,1476,4.56,9,29,3,6,1,2
2,2210,693,1023,1452,4.85,9,29,3,6,1,2
0,1587,668,768,1128,4.18,9,29,3,6,1,2
4,1841,427,822,1134,5.29,9,29,3,6,1,2
6,1729,824,856,1276,5.29,9,29,3,6,1,2
1,2257,733,1049,1495,5.2,9,29,3,6,1,2
9,898,780,515,839,4.27,9,29,3,6,1,2
3,1322,786,686,1054,3.82,9,29,3,6,1,2
8,1473,780,745,1126,3.91,9,29,3,6,1,2
5,1982,637,920,1310,4.86,9,29,3,6,1,2
7,2417,421,1051,1419,5.01,9,29,3,6,1,2
2,1766,619,830,1192,4.46,9,29,3,6,1,2
0,1797,729,865,1263,4.29,9,29,3,6,1,2
4,1106,421,527,764,4.81,9,29,3,6,1,2
6,1658,578,779,1118,3.87,9,29,3,6,1,2
1,1370,680,684,1025,5.39,9,29,3,6,1,2
9,1738,812,858,1275,3.24,9,29,3,6,1,2
3,1387,763,707,1075,5.46,9,29,3,6,1,2
8,1648,461,751,1054,4.14,9,29,3,6,1,2
5,960,717,527,838,4.23,9,29,3,6,1,2
7,1013,967,599,990,5.44,9,29,3,6,1,2
2,2215,866,1059,1540,3.74,9,29,3,6,1,2
0,1489,462,688,976,5.43,9,29,3,6,1,2
4,1941,887,954,1414,4.89,9,29,3,6,1,2
6,803,871,495,837,5.61,9,29,3,6,1,2
1,857,438,430,648,4.85,9,29,3,6,1,2
9,2227,938,1078,1582,4.23,9,29,3,6,1,2
3,1626,566,764,1096,3.21,9,29,3,6,1,2
8,1538,566,728,1052,3.1,10,29,3,6,1,2
5,2175,674,1005,1424,5.14,10,29,3,6,1,2
7,1820,485,825,1152,3.96,10,29,3,6,1,2
2,2302,689,1059,1496,3.79,10,29,3,6,1,2
0,1486,902,775,1194,4.85,10,29,3,6,1,2
4,853,481,437,667,3.02,10,29,3,6,1,2
6,2350,757,1091,1554,4.45,10,29,3,6,1,2
1,1417,955,758,1186,4.03,10,29,3,6,1,2
9,2318,435,1014,1376,3.36,10,29,3,6,1,2
3,879,526,457,702,4.8,10,29,3,6,1,2
8,2390,530,1062,1460,4.99,10,29,3,6,1,2
5,1208,408,565,808,3.69,10,29,3,6,1,2
7,858,472,438,665,3.23,10,29,3,6,1,2
2,2359,716,1087,1538,4.88,10,29,3,6,1,2
0,1267,525,612,896,4.9,10,29,3,6,1,2
4,1781,907,894,1344,5.14,10,29,3,6,1,2
6,977,812,553,894,3.65,10,29,3,6,1,2
1,969,472,482,720,3.88,10,29,3,6,1,2
9,1277,596,630,936,4.85,10,29,3,6,1,2
3,964,442,474,703,4.47,10,29,3,6,1,2
8,1216,778,642,997,3.27,10,29,3,6,1,2
5,1968,912,970,1440,3.6,10,29,3,6,1,2
7,1108,817,607,962,4.57,10,29,3,6,1,2
2,2410,408,1046,1409,5.25,10,29,3,6,1,2
0,925,742,518,834,4.62,10,29,3,6,1,2
4,1914,415,849,1164,5.4,10,29,3,6,1,2
6,1737,856,866,1296,4.44,10,29,3,6,1,2
1,1961,874,959,1418,4.35,10,29,3,6,1,2
9,1215,500,586,858,3.38,10,29,3,6,1,2
3,1978,736,938,1357,5.42,10,29,3,6,1,2
8,1375,555,661,965,4.13,10,29,3,6,1,2
5,962,434,472,698,3.41,10,29,3,6,1,2
7,2105,896,1021,1500,3.24,10,29,3,6,1,2
2,1543,545,726,1044,5.18,10,29,3,6,1,2
0,2267,698,1046,1482,3.81,10,29,3,6,1,2
4,1541,718,760,1130,5.53,10,29,3,6,1,2
6,2074,485,927,1280,3.67,10,29,3,6,1,2
1,957,493,481,725,5.31,10,29,3,6,1,2
9,2232,790,1051,1511,5.31,10,29,3,6,1,2
3,2481,800,1152,1640,4.63,10,29,3,6,1,2
8,357,292,201,324,1.27,11,29,3,6,1,2
5,462,422,269,442,2.45,11,29,3,6,1,2
7,374,156,181,265,1.69,11,29,3,6,1,2
2,415,194,205,304,2.06,11,29,3,6,1,2
0,369,455,239,412,0.58,11,29,3,6,1,0
4,450,368,254,409,1.82,11,29,3,6,1,2
6,456,382,259,419,0.51,11,29,3,6,1,0
1,348,392,218,370,0.73,11,29,3,6,1,0
9,207,231,129,219,2.45,11,29,3,6,1,2
3,235,316,157,276,1.73,11,29,3,6,1,2
8,374,275,205,324,0.51,11,29,3,6,1,0
5,389,338,223,364,2.1,11,29,3,6,1,2
7,166,158,98,162,1.9,11,29,3,6,1,2
2,383,240,201,312,2.24,11,29,3,6,1,2
0,482,467,286,474,2.06,11,29,3,6,1,2
4,151,229,106,190,1.2,11,29,3,6,1,2
6,511,515,307,513,1.27,11,29,3,6,1,2
1,436,399,254,418,1.46,11,29,3,6,1,2
9,295,226,163,260,0.77,11,29,3,6,1,2
3,515,505,307,510,1.55,11,29,3,6,1,2
8,427,491,269,459,2.33,11,29,3,6,1,2
5,515,391,284,453,2.03,11,29,3,6,1,2
7,224,156,121,190,1.47,11,29,3,6,1,2
2,425,411,252,418,2.03,11,29,3,6,1,2
0,284,417,197,350,2.19,11,29,3,6,1,2
4,413,165,198,289,2.26,11,29,3,6,1,2
6,319,535,235,427,1.15,11,29,3,6,1,2
1,502,330,267,416,2.17,11,29,3,6,1,2
9,548,235,266,392,0.97,11,29,3,6,1,2
3,476,200,230,338,2.09,11,29,3,6,1,2
8,462,465,278,464,2.02,11,29,3,6,1,2
5,250,378,176,314,2.05,11,29,3,6,1,2
7,364,280,202,322,1.68,11,29,3,6,1,2
2,511,167,238,339,1.95,11,29,3,6,1,2
0,548,336,286,442,1.4,11,29,3,6,1,2
4,236,519,198,378,1.86,11,29,3,6,1,2
6,468,510,289,489,1.94,11,29,3,6,1,2
1,256,267,156,262,1.56,11,29,3,6,1,2
9,173,372,144,272,1.72,11,29,3,6,1,2
3,237,223,139,230,0.76,11,29,3,6,1,2
8,363,400,225,382,0.79,12,29,3,6,1,2
5,315,548,236,432,2.21,12,29,3,6,1,2
7,470,518,292,494,1.08,12,29,3,6,1,2
2,497,150,229,324,2.4,12,29,3,6,1,2
0,171,424,153,298,1.8,12,29,3,6,1,2
4,179,490,170,334,1.76,12,29,3,6,1,2
6,247,400,179,324,2.46,12,29,3,6,1,2
1,496,338,266,417,1.2,12,29,3,6,1,2
9,434,520,278,477,0.74,12,29,3,6,1,0
3,151,396,140,274,1.38,12,29,3,6,1,2
8,379,307,213,343,1.51,12,29,3,6,1,2
5,393,151,187,272,0.62,12,29,3,6,1,0
7,150,268,114,209,2.22,12,29,3,6,1,2
2,427,473,265,450,0.67,12,29,3,6,1,0
0,486,216,238,351,1.31,12,29,3,6,1,2
4,309,404,204,356,0.76,12,29,3,6,1,2
6,283,441,201,362,1.94,12,29,3,6,1,2
1,486,545,303,516,2.01,12,29,3,6,1,2
9,474,444,278,459,0.77,12,29,3,6,1,2
3,480,418,276,449,2.32,12,29,3,6,1,2
8,418,511,269,464,1.61,12,29,3,6,1,2
5,477,166,224,322,1.7,12,29,3,6,1,2
7,480,515,295,498,1.24,12,29,3,6,1,2
2,462,512,287,487,2.17,12,29,3,6,1,2
0,401,454,251,428,1.57,12,29,3,6,1,2
4,483,429,279,456,0.61,12,29,3,6,1,0
6,268,249,157,258,1.98,12,29,3,6,1,2
1,280,161,144,220,0.76,12,29,3,6,1,2
9,159,325,129,242,1.63,12,29,3,6,1,2
3,518,364,280,441,0.91,12,29,3,6,1,2
8,389,433,242,411,1.49,12,29,3,6,1,2
5,214,540,194,377,0.71,12,29,3,6,1,0
7,328,454,222,391,0.79,12,29,3,6,1,2
2,477,233,237,355,1.5,12,29,3,6,1,2
0,273,269,163,271,0.67,12,29,3,6,1,0
4,248,464,192,356,0.55,12,29,3,6,1,0
6,296,275,173,286,1.21,12,29,3,6,1,2
1,410,410,246,410,0.59,12,29,3,6,1,0
9,522,394,288,458,1.19,12,29,3,6,1,2
3,252,527,206,390,1.26,12,29,3,6,1,2
8,441,368,250,404,2.46,13,29,3,6,1,2
5,273,188,147,230,1.82,13,29,3,6,1,2
7,215,187,123,201,2.38,13,29,3,6,1,2
2,387,323,219,355,1.49,13,29,3,6,1,2
0,273,174,144,224,0.77,13,29,3,6,1,2
4,442,547,286,494,2.44,13,29,3,6,1,2
6,279,520,216,400,2.46,13,29,3,6,1,2
1,223,239,137,231,0.84,13,29,3,6,1,2
9,489,389,273,439,1.96,13,29,3,6,1,2
3,342,431,223,386,1.31,13,29,3,6,1,2
8,328,331,197,330,0.65,13,29,3,6,1,0
5,505,277,257,391,1.25,13,29,3,6,1,2
7,437,488,272,462,0.87,13,29,3,6,1,2
2,175,542,178,358,2.33,13,29,3,6,1,2
0,314,193,164,254,1.0,13,29,3,6,1,2
4,309,252,174,280,1.94,13,29,3,6,1,2
6,373,225,194,299,0.63,13,29,3,6,1,0
1,535,209,256,372,2.15,13,29,3,6,1,2
9,275,342,178,308,1.88,13,29,3,6,1,2
3,271,312,171,292,2.35,13,29,3,6,1,2
8,321,284,185,302,2.09,13,29,3,6,1,2
5,294,386,195,340,1.23,13,29,3,6,1,2
7,300,440,208,370,2.35,13,29,3,6,1,2
2,282,445,202,364,1.67,13,29,3,6,1,2
0,177,210,113,194,1.98,13,29,3,6,1,2
4,343,302,198,322,2.33,13,29,3,6,1,2
6,445,402,258,424,2.05,13,29,3,6,1,2
1,158,388,141,273,0.81,13,29,3,6,1,2
9,415,507,267,461,1.14,13,29,3,6,1,2
3,191,426,162,308,1.37,13,29,3,6,1,2
8,438,243,224,340,1.53,13,29,3,6,1,2
5,379,541,260,460,1.82,13,29,3,6,1,2
7,232,278,148,255,0.97,13,29,3,6,1,2
2,151,349,130,250,0.6,13,29,3,6,1,0
0,346,437,226,392,0.84,13,29,3,6,1,2
4,413,511,267,462,1.26,13,29,3,6,1,2
6,549,362,292,456,0.52,13,29,3,6,1,0
1,378,527,257,452,1.92,13,29,3,6,1,2
9,469,214,230,342,2.33,13,29,3,6,1,2
3,231,420,176,326,1.08,13,29,3,6,1,2
8,421,268,222,344,1.26,14,29,3,6,1,2
5,230,299,152,264,1.13,14,29,3,6,1,2
7,449,525,285,487,0.88,14,29,3,6,1,2
2,499,299,259,399,1.68,14,29,3,6,1,2
0,414,395,245,404,0.54,14,29,3,6,1,0
4,189,166,109,178,0.69,14,29,3,6,1,0
6,428,308,233,368,1.44,14,29,3,6,1,2
1,348,265,192,306,1.76,14,29,3,6,1,2
9,482,397,272,440,1.73,14,29,3,6,1,2
3,204,423,166,314,1.6,14,29,3,6,1,2
8,320,466,221,393,2.24,14,29,3,6,1,2
5,206,294,141,250,1.56,14,29,3,6,1,2
7,310,514,227,412,1.94,14,29,3,6,1,2
2,312,322,189,317,2.33,14,29,3,6,1,2
0,443,425,262,434,1.46,14,29,3,6,1,2
4,293,151,147,222,0.78,14,29,3,6,1,2
6,171,428,154,300,0.86,14,29,3,6,1,2
1,391,212,199,302,1.94,14,29,3,6,1,2
9,419,487,265,453,1.78,14,29,3,6,1,2
3,515,400,286,458,1.16,14,29,3,6,1,2
8,362,246,194,304,2.09,14,29,3,6,1,2
5,189,264,128,226,1.98,14,29,3,6,1,2
7,300,315,183,308,0.64,14,29,3,6,1,0
2,198,354,150,276,1.74,14,29,3,6,1,2
0,472,513,291,492,2.46,14,29,3,6,1,2
4,346,354,209,350,2.13,14,29,3,6,1,2
6,503,281,257,392,0.88,14,29,3,6,1,2
1,296,203,159,250,2.35,14,29,3,6,1,2
9,437,340,243,388,1.7,14,29,3,6,1,2
3,523,531,315,527,2.38,14,29,3,6,1,2
8,461,490,282,476,1.25,14,29,3,6,1,2
5,528,478,307,503,1.63,14,29,3,6,1,2
7,466,532,293,499,0.98,14,29,3,6,1,2
2,175,197,109,186,1.65,14,29,3,6,1,2
0,448,364,252,406,0.71,14,29,3,6,1,0
4,535,303,275,419,0.51,14,29,3,6,1,0
6,174,227,115,200,2.06,14,29,3,6,1,2
1,184,268,127,226,2.09,14,29,3,6,1,2
9,281,188,150,234,1.75,14,29,3,6,1,2
3,257,262,155,260,1.08,14,29,3,6,1,2
8,301,202,161,252,2.07,15,29,3,6,1,2
5,448,448,269,448,1.73,15,29,3,6,1,2
7,195,446,167,320,1.24,15,29,3,6,1,2
2,528,201,251,364,0.61,15,29,3,6,1,0
0,437,290,233,364,1.92,15,29,3,6,1,2
4,402,496,260,449,1.91,15,29,3,6,1,2
6,548,434,306,491,2.14,15,29,3,6,1,2
1,270,477,203,374,1.95,15,29,3,6,1,2
9,438,217,219,328,2.21,15,29,3,6,1,2
3,319,282,184,300,0.53,15,29,3,6,1,0
8,293,182,154,238,1.27,15,29,3,6,1,2
5,345,493,237,419,2.5,15,29,3,6,1,2
7,457,198,222,328,1.29,15,29,3,6,1,2
2,477,375,266,426,0.85,15,29,3,6,1,2
0,509,366,277,438,1.32,15,29,3,6,1,2
4,511,270,258,390,0.91,15,29,3,6,1,2
6,388,457,247,422,2.03,15,29,3,6,1,2
1,414,367,239,390,2.33,15,29,3,6,1,2
9,388,387,233,388,1.6,15,29,3,6,1,2
3,286,444,203,365,2.37,15,29,3,6,1,2
8,485,368,268,426,1.39,15,29,3,6,1,2
5,213,399,165,306,0.94,15,29,3,6,1,2
7,202,385,158,294,0.69,15,29,3,6,1,0
2,445,341,246,393,1.28,15,29,3,6,1,2
0,207,378,158,292,0.86,15,29,3,6,1,2
4,410,237,211,324,2.42,15,29,3,6,1,2
6,492,430,283,461,1.74,15,29,3,6,1,2
1,172,259,121,216,1.73,15,29,3,6,1,2
9,311,244,173,278,2.39,15,29,3,6,1,2
3,441,261,229,351,1.99,15,29,3,6,1,2
8,196,544,187,370,2.22,15,29,3,6,1,2
5,179,310,134,244,0.51,15,29,3,6,1,0
7,470,276,243,373,2.3,15,29,3,6,1,2
2,228,200,131,214,1.65,15,29,3,6,1,2
0,244,328,163,286,0.71,15,29,3,6,1,0
4,492,200,237,346,1.97,15,29,3,6,1,2
6,376,247,200,312,0.66,15,29,3,6,1,0
1,197,320,143,258,1.01,15,29,3,6,1,2
9,368,198,187,283,1.62,15,29,3,6,1,2
3,534,233,260,384,2.35,15,29,3,6,1,2
8,228,388,169,308,2.41,16,29,3,6,1,2
5,327,198,170,262,0.65,16,29,3,6,1,0
7,495,210,240,352,2.43,16,29,3,6,1,2
2,478,491,289,484,1.14,16,29,3,6,1,2
0,270,445,197,358,0.97,16,29,3,6,1,2
4,457,436,270,446,1.88,16,29,3,6,1,2
6,224,186,127,205,2.32,16,29,3,6,1,2
1,524,403,290,464,1.3,16,29,3,6,1,2
9,272,317,172,294,1.13,16,29,3,6,1,2
3,345,522,242,434,1.38,16,29,3,6,1,2
8,303,367,195,335,1.58,16,29,3,6,1,2
5,249,278,155,264,2.38,16,29,3,6,1,2
7,491,509,298,500,2.49,16,29,3,6,1,2
2,212,512,187,362,2.41,16,29,3,6,1,2
0,155,410,144,282,2.27,16,29,3,6,1,2
4,514,377,281,446,2.43,16,29,3,6,1,2
6,514,197,245,356,0.94,16,29,3,6,1,2
1,255,418,186,336,2.36,16,29,3,6,1,2
9,371,219,192,295,2.03,16,29,3,6,1,2
3,534,396,293,465,1.48,16,29,3,6,1,2
8,220,217,131,218,2.21,16,29,3,6,1,2
5,506,442,291,474,0.61,16,29,3,6,1,0
7,215,530,192,372,0.9,16,29,3,6,1,2
2,235,282,150,258,1.6,16,29,3,6,1,2
0,486,524,299,505,1.24,16,29,3,6,1,2
4,538,349,285,444,0.9,16,29,3,6,1,2
6,497,259,251,378,0.65,16,29,3,6,1,0
1,453,258,233,356,1.2,16,29,3,6,1,2
9,210,377,159,294,1.15,16,29,3,6,1,2
3,172,378,144,275,1.2,16,29,3,6,1,2
8,343,434,224,388,1.96,16,29,3,6,1,2
5,247,527,204,387,1.12,16,29,3,6,1,2
7,177,508,172,342,1.64,16,29,3,6,1,2
2,409,324,228,366,1.1,16,29,3,6,1,2
0,383,263,206,323,1.44,16,29,3,6,1,2
4,426,187,208,306,1.24,16,29,3,6,1,2
6,550,212,262,381,1.85,16,29,3,6,1,2
1,201,436,168,318,1.11,16,29,3,6,1,2
9,268,271,161,270,2.41,16,29,3,6,1,2
3,266,382,183,324,2.43,16,29,3,6,1,2
8,1191,1418,760,1304,4.0,17,29,3,6,1,2
5,1075,2385,907,1730,5.02,17,29,3,6,1,2
7,912,1005,566,958,3.12,17,29,3,6,1,2
2,943,1789,735,1366,3.29,17,29,3,6,1,2
0,670,1986,665,1328,5.6,17,29,3,6,1,2
4,765,2433,793,1599,4.8,17,29,3,6,1,2
6,949,2205,821,1577,4.88,17,29,3,6,1,2
1,1147,2732,1005,1940,5.17,17,29,3,6,1,2
9,907,1531,669,1219,5.58,17,29,3,6,1,2
3,681,1082,489,882,3.02,17,29,3,6,1,2
8,1075,2115,853,1595,4.9,17,29,3,6,1,2
5,1009,1428,689,1218,3.97,17,29,3,6,1,2
7,729,1723,636,1226,3.09,17,29,3,6,1,2
2,858,1951,733,1404,3.66,17,29,3,6,1,2
0,814,1612,648,1213,4.29,17,29,3,6,1,2
4,884,1128,579,1006,3.82,17,29,3,6,1,2
6,748,1919,683,1334,5.18,17,29,3,6,1,2
1,961,1626,710,1294,5.55,17,29,3,6,1,2
9,1121,1572,763,1346,3.75,17,29,3,6,1,2
3,635,1981,650,1308,3.52,17,29,3,6,1,2
8,1034,2281,870,1658,5.53,17,29,3,6,1,2
5,1110,1241,692,1176,5.17,17,29,3,6,1,2
7,902,1901,741,1402,4.69,17,29,3,6,1,2
2,1032,2419,897,1726,4.13,17,29,3,6,1,2
0,627,1092,469,860,4.74,17,29,3,6,1,2
4,743,1161,529,952,3.97,17,29,3,6,1,2
6,953,1277,637,1115,4.69,17,29,3,6,1,2
1,1132,1634,780,1383,3.66,17,29,3,6,1,2
9,816,1791,685,1304,3.23,17,29,3,6,1,2
3,1068,2020,831,1544,4.52,17,29,3,6,1,2
8,696,1418,562,1057,5.22,17,29,3,6,1,2
5,1065,1059,638,1062,5.5,17,29,3,6,1,2
7,1119,1513,750,1316,5.56,17,29,3,6,1,2
2,890,1920,740,1405,4.45,17,29,3,6,1,2
0,894,1930,744,1412,5.06,17,29,3,6,1,2
4,894,1400,638,1147,3.8,17,29,3,6,1,2
6,990,1494,695,1242,3.16,17,29,3,6,1,2
1,699,1597,599,1148,4.28,17,29,3,6,1,2
9,887,2389,833,1638,4.33,17,29,3,6,1,2
3,724,1463,582,1094,5.27,17,29,3,6,1,2
8,1081,2213,875,1647,4.45,18,29,3,6,1,2
5,896,1790,716,1343,3.56,18,29,3,6,1,2
7,702,2023,685,1362,5.33,18,29,3,6,1,2
2,606,1844,611,1225,3.41,18,29,3,6,1,2
0,1038,1573,730,1306,3.1,18,29,3,6,1,2
4,711,1261,537,986,5.77,18,29,3,6,1,2
6,1129,2495,951,1812,5.02,18,29,3,6,1,2
1,840,1313,599,1076,4.58,18,29,3,6,1,2
9,651,2661,793,1656,3.39,18,29,3,6,1,2
3,783,1698,653,1240,4.06,18,29,3,6,1,2
8,922,2779,925,1850,5.05,18,29,3,6,1,2
5,977,1627,716,1302,3.03,18,29,3,6,1,2
7,936,2366,848,1651,5.7,18,29,3,6,1,2
2,1081,1419,716,1250,4.67,18,29,3,6,1,2
0,861,1157,576,1009,4.04,18,29,3,6,1,2
4,731,1851,663,1291,3.4,18,29,3,6,1,2
6,765,2728,852,1746,4.74,18,29,3,6,1,2
1,797,2590,837,1694,4.08,18,29,3,6,1,2
9,928,2238,819,1583,4.2,18,29,3,6,1,2
3,1183,1748,823,1466,5.05,18,29,3,6,1,2
8,855,1890,720,1372,5.48,18,29,3,6,1,2
5,693,2040,685,1366,4.54,18,29,3,6,1,2
7,1156,2487,960,1822,5.3,18,29,3,6,1,2
2,894,1329,623,1112,3.49,18,29,3,6,1,2
0,1051,2366,894,1708,5.1,18,29,3,6,1,2
4,638,1325,520,982,5.46,18,29,3,6,1,2
6,1108,2226,888,1667,4.19,18,29,3,6,1,2
1,768,1046,516,907,3.0,18,29,3,6,1,2
9,798,2535,826,1666,4.26,18,29,3,6,1,2
3,1041,2232,863,1636,5.52,18,29,3,6,1,2
8,992,2057,808,1524,4.06,18,29,3,6,1,2
5,694,2524,782,1609,5.05,18,29,3,6,1,2
7,754,1242,550,998,4.0,18,29,3,6,1,2
2,972,1247,638,1110,5.54,18,29,3,6,1,2
0,903,1106,582,1004,4.09,18,29,3,6,1,2
4,1113,1142,674,1128,3.47,18,29,3,6,1,2
6,724,1748,639,1236,3.79,18,29,3,6,1,2
1,1183,1299,733,1241,5.67,18,29,3,6,1,2
9,1076,1269,684,1172,3.66,18,29,3,6,1,2
3,714,2265,739,1490,3.42,18,29,3,6,1,2
8,804,2710,864,1757,4.24,19,29,3,6,1,2
5,619,2702,788,1660,3.72,19,29,3,6,1,2
7,863,2368,819,1616,4.11,19,29,3,6,1,2
2,993,1685,734,1339,5.14,19,29,3,6,1,2
0,693,2032,684,1362,5.61,19,29,3,6,1,2
4,997,1196,638,1096,5.51,19,29,3,6,1,2
6,713,1276,540,994,4.83,19,29,3,6,1,2
1,994,1583,714,1288,3.45,19,29,3,6,1,2
9,829,2058,743,1444,4.44,19,29,3,6,1,2
3,1089,2432,922,1760,5.53,19,29,3,6,1,2
8,804,2327,787,1566,4.36,19,29,3,6,1,2
5,882,2353,823,1618,5.04,19,29,3,6,1,2
7,951,2503,881,1727,5.13,19,29,3,6,1,2
2,641,2234,703,1438,4.27,19,29,3,6,1,2
0,1056,2225,867,1640,3.36,19,29,3,6,1,2
4,803,2205,762,1504,3.35,19,29,3,6,1,2
6,804,1620,646,1212,5.28,19,29,3,6,1,2
1,1119,1134,674,1126,4.6,19,29,3,6,1,2
9,994,1106,619,1050,3.51,19,29,3,6,1,2
3,1081,1195,671,1138,5.18,19,29,3,6,1,2
8,886,1148,584,1017,4.42,19,29,3,6,1,2
5,681,2442,761,1562,4.17,19,29,3,6,1,2
7,827,2588,848,1708,4.13,19,29,3,6,1,2
2,693,1492,576,1092,5.28,19,29,3,6,1,2
0,900,1105,581,1002,4.59,19,29,3,6,1,2
4,1068,2751,977,1910,4.8,19,29,3,6,1,2
6,1071,1184,665,1128,3.49,19,29,3,6,1,2
1,1054,1630,748,1342,3.3,19,29,3,6,1,2
9,856,1367,616,1112,5.68,19,29,3,6,1,2
3,1190,2650,1006,1920,4.39,19,29,3,6,1,2
8,1066,1146,656,1106,3.5,19,29,3,6,1,2
5,638,2034,662,1336,3.08,19,29,3,6,1,2
7,903,1758,713,1330,4.42,19,29,3,6,1,2
2,881,1695,691,1288,5.8,19,29,3,6,1,2
0,1003,2208,843,1606,3.81,19,29,3,6,1,2
4,1145,2284,915,1714,4.16,19,29,3,6,1,2
6,658,2371,737,1514,5.34,19,29,3,6,1,2
1,782,2258,764,1520,3.76,19,29,3,6,1,2
9,783,2314,776,1548,5.74,19,29,3,6,1,2
3,611,1697,584,1154,3.42,19,29,3,6,1,2
8,1099,2443,928,1771,4.26,20,29,3,6,1,2
5,1165,2631,992,1898,4.08,20,29,3,6,1,2
7,820,2035,735,1428,4.32,20,29,3,6,1,2
2,617,2455,738,1536,5.27,20,29,3,6,1,2
0,842,1749,687,1296,4.1,20,29,3,6,1,2
4,1109,2084,860,1596,3.51,20,29,3,6,1,2
6,646,1745,607,1196,5.19,20,29,3,6,1,2
1,962,1855,756,1408,3.61,20,29,3,6,1,2
9,902,2054,772,1478,3.48,20,29,3,6,1,2
3,1046,2077,834,1562,4.2,20,29,3,6,1,2
8,902,1511,663,1206,4.83,20,29,3,6,1,2
5,829,2684,868,1756,4.23,20,29,3,6,1,2
7,1155,1353,733,1254,5.71,20,29,3,6,1,2
2,1036,2618,938,1827,4.99,20,29,3,6,1,2
0,1169,1863,840,1516,3.27,20,29,3,6,1,2
4,790,2784,873,1787,5.8,20,29,3,6,1,2
6,1146,1913,841,1530,4.33,20,29,3,6,1,2
1,952,1083,597,1018,4.74,20,29,3,6,1,2
9,1114,2246,895,1680,5.73,20,29,3,6,1,2
3,707,2063,695,1385,3.91,20,29,3,6,1,2
8,966,1997,786,1482,3.82,20,29,3,6,1,2
5,932,2672,907,1802,3.98,20,29,3,6,1,2
7,697,1385,556,1041,5.11,20,29,3,6,1,2
2,669,1829,633,1249,4.97,20,29,3,6,1,2
0,890,1924,741,1407,3.29,20,29,3,6,1,2
4,705,2450,772,1578,4.78,20,29,3,6,1,2
6,1057,2356,894,1706,3.58,20,29,3,6,1,2
1,1149,1647,789,1398,4.4,20,29,3,6,1,2
9,1010,1974,799,1492,4.13,20,29,3,6,1,2
3,827,1653,661,1240,3.41,20,29,3,6,1,2
8,640,1166,489,903,5.05,20,29,3,6,1,2
5,756,1051,513,904,5.55,20,29,3,6,1,2
7,943,1165,610,1054,4.69,20,29,3,6,1,2
2,805,1817,685,1311,3.58,20,29,3,6,1,2
0,814,1311,588,1062,4.55,20,29,3,6,1,2
4,1143,2066,870,1604,4.7,20,29,3,6,1,2
6,701,2236,728,1468,3.41,20,29,3,6,1,2
1,661,1968,658,1314,5.15,20,29,3,6,1,2
9,838,1050,545,944,5.73,20,29,3,6,1,2
3,720,1440,576,1080,5.23,20,29,3,6,1,2
8,337,511,237,424,2.35,21,29,3,6,1,2
5,190,164,109,177,1.18,21,29,3,6,1,2
7,199,253,130,226,2.06,21,29,3,6,1,2
2,185,185,111,185,1.06,21,29,3,6,1,2
0,173,234,116,204,0.93,21,29,3,6,1,2
4,383,402,234,392,0.63,21,29,3,6,1,0
6,317,160,159,238,0.97,21,29,3,6,1,2
1,237,355,166,296,1.25,21,29,3,6,1,2
9,364,181,182,272,2.08,21,29,3,6,1,2
3,473,471,283,472,1.07,21,29,3,6,1,2
8,235,424,179,330,1.33,21,29,3,6,1,2
5,276,401,191,338,2.26,21,29,3,6,1,2
7,261,179,140,220,1.14,21,29,3,6,1,2
2,228,338,159,283,1.13,21,29,3,6,1,2
0,472,170,223,321,1.77,21,29,3,6,1,2
4,519,316,271,418,1.1,21,29,3,6,1,2
6,292,391,195,342,1.27,21,29,3,6,1,2
1,416,402,247,409,1.23,21,29,3,6,1,2
9,197,457,170,327,2.02,21,29,3,6,1,2
3,336,225,179,280,1.57,21,29,3,6,1,2
8,500,444,289,472,0.65,21,29,3,6,1,0
5,150,478,156,314,1.3,21,29,3,6,1,2
7,448,152,210,300,1.71,21,29,3,6,1,2
2,286,511,217,398,0.92,21,29,3,6,1,2
0,212,506,186,359,1.36,21,29,3,6,1,2
4,265,319,170,292,2.48,21,29,3,6,1,2
6,328,152,162,240,1.1,21,29,3,6,1,2
1,193,250,127,222,1.98,21,29,3,6,1,2
9,355,499,242,427,1.3,21,29,3,6,1,2
3,295,255,169,275,0.5,21,29,3,6,1,0
8,233,309,155,271,1.38,21,29,3,6,1,2
5,525,249,260,387,2.22,21,29,3,6,1,2
7,376,228,196,302,1.27,21,29,3,6,1,2
2,266,526,212,396,1.4,21,29,3,6,1,2
0,398,406,240,402,1.34,21,29,3,6,1,2
4,406,347,232,376,2.0,21,29,3,6,1,2
6,361,322,209,342,2.34,21,29,3,6,1,2
1,256,202,143,229,0.9,21,29,3,6,1,2
9,304,196,161,250,1.23,21,29,3,6,1,2
3,167,391,145,279,1.06,21,29,3,6,1,2
8,381,303,213,342,1.41,22,29,3,6,1,2
5,518,472,302,495,2.48,22,29,3,6,1,2
7,348,409,221,378,1.07,22,29,3,6,1,2
2,225,274,145,250,2.06,22,29,3,6,1,2
0,241,217,140,229,0.63,22,29,3,6,1,0
4,496,265,251,380,2.26,22,29,3,6,1,2
6,549,314,282,432,1.52,22,29,3,6,1,2
1,534,192,252,363,0.66,22,29,3,6,1,0
9,316,520,230,418,0.84,22,29,3,6,1,2
3,516,460,298,488,1.21,22,29,3,6,1,2
8,390,179,192,284,1.99,22,29,3,6,1,2
5,459,423,268,441,1.48,22,29,3,6,1,2
7,244,166,131,205,0.8,22,29,3,6,1,2
2,395,486,255,440,1.16,22,29,3,6,1,2
0,198,219,123,208,1.01,22,29,3,6,1,2
4,464,342,254,403,1.58,22,29,3,6,1,2
6,173,475,164,324,2.45,22,29,3,6,1,2
1,372,509,251,440,1.46,22,29,3,6,1,2
9,497,241,247,369,1.1,22,29,3,6,1,2
3,490,189,234,340,0.71,22,29,3,6,1,0
8,446,262,231,354,1.07,22,29,3,6,1,2
5,196,265,131,230,2.09,22,29,3,6,1,2
7,175,489,168,332,2.26,22,29,3,6,1,2
2,548,362,292,455,2.45,22,29,3,6,1,2
0,281,443,201,362,1.25,22,29,3,6,1,2
4,313,447,215,380,1.04,22,29,3,6,1,2
6,235,311,156,273,0.64,22,29,3,6,1,0
1,152,262,113,207,1.56,22,29,3,6,1,2
9,344,362,210,353,2.48,22,29,3,6,1,2
3,324,172,164,248,2.28,22,29,3,6,1,2
8,325,231,176,278,1.28,22,29,3,6,1,2
5,407,186,200,296,1.21,22,29,3,6,1,2
7,293,319,181,306,1.22,22,29,3,6,1,2
2,203,169,115,186,1.39,22,29,3,6,1,2
0,355,283,199,319,0.93,22,29,3,6,1,2
4,251,387,178,319,2.05,22,29,3,6,1,2
6,195,239,126,217,1.32,22,29,3,6,1,2
1,167,453,157,310,1.75,22,29,3,6,1,2
9,435,339,242,387,2.31,22,29,3,6,1,2
3,481,234,239,358,2.27,22,29,3,6,1,2
8,221,392,167,306,1.07,23,29,3,6,1,2
5,215,318,150,266,1.74,23,29,3,6,1,2
7,378,159,183,268,1.15,23,29,3,6,1,2
2,174,549,179,362,2.43,23,29,3,6,1,2
0,168,304,128,236,1.04,23,29,3,6,1,2
4,459,546,293,502,1.89,23,29,3,6,1,2
6,399,492,258,446,2.02,23,29,3,6,1,2
1,296,335,185,316,1.82,23,29,3,6,1,2
9,297,195,158,246,1.34,23,29,3,6,1,2
3,399,302,220,350,1.1,23,29,3,6,1,2
8,164,236,113,200,2.45,23,29,3,6,1,2
5,385,344,223,364,1.42,23,29,3,6,1,2
7,244,318,161,281,2.0,23,29,3,6,1,2
2,540,359,288,450,1.84,23,29,3,6,1,2
0,217,438,174,328,1.36,23,29,3,6,1,2
4,482,231,239,356,0.92,23,29,3,6,1,2
6,478,329,257,404,2.35,23,29,3,6,1,2
1,509,294,262,402,1.01,23,29,3,6,1,2
9,238,181,131,210,1.36,23,29,3,6,1,2
3,217,161,119,189,1.7,23,29,3,6,1,2
8,245,479,194,362,1.87,23,29,3,6,1,2
5,173,248,119,210,2.5,23,29,3,6,1,2
7,543,450,307,496,0.71,23,29,3,6,1,0
2,274,265,163,270,1.4,23,29,3,6,1,2
0,450,212,222,331,1.93,23,29,3,6,1,2
4,477,396,270,436,2.47,23,29,3,6,1,2
6,543,403,298,473,1.03,23,29,3,6,1,2
1,277,299,171,288,1.89,23,29,3,6,1,2
9,151,532,167,342,1.78,23,29,3,6,1,2
3,373,492,248,432,1.68,23,29,3,6,1,2
8,279,307,173,293,1.84,23,29,3,6,1,2
5,319,351,198,335,2.08,23,29,3,6,1,2
7,227,447,180,337,0.6,23,29,3,6,1,0
2,306,382,199,344,1.62,23,29,3,6,1,2
0,266,550,216,408,1.16,23,29,3,6,1,2
4,474,498,289,486,0.53,23,29,3,6,1,0
6,369,170,182,270,2.31,23,29,3,6,1,2
1,332,534,240,433,1.76,23,29,3,6,1,2
9,439,293,234,366,1.34,23,29,3,6,1,2
3,421,251,219,336,1.01,23,29,3,6,1,2
8,0,0,0,0,0.0,0,30,3,0,0,1
5,0,0,0,0,0.0,0,30,3,0,0,1
7,0,0,0,0,0.0,0,30,3,0,0,1
2,0,0,0,0,0.0,0,30,3,0,0,1
0,0,0,0,0,0.0,0,30,3,0,0,1
4,0,0,0,0,0.0,0,30,3,0,0,1
6,0,0,0,0,0.0,0,30,3,0,0,1
1,0,0,0,0,0.0,0,30,3,0,0,1
9,0,0,0,0,0.0,0,30,3,0,0,1
3,0,0,0,0,0.0,0,30,3,0,0,1
8,0,0,0,0,0.0,0,30,3,0,0,1
5,0,0,0,0,0.0,0,30,3,0,0,1
7,0,0,0,0,0.0,0,30,3,0,0,1
2,0,0,0,0,0.0,0,30,3,0,0,1
0,0,0,0,0,0.0,0,30,3,0,0,1
4,0,0,0,0,0.0,0,30,3,0,0,1
6,0,0,0,0,0.0,0,30,3,0,0,1
1,0,0,0,0,0.0,0,30,3,0,0,1
9,0,0,0,0,0.0,0,30,3,0,0,1
3,0,0,0,0,0.0,0,30,3,0,0,1
8,0,0,0,0,0.0,0,30,3,0,0,1
5,0,0,0,0,0.0,0,30,3,0,0,1
7,0,0,0,0,0.0,0,30,3,0,0,1
2,0,0,0,0,0.0,0,30,3,0,0,1
0,0,0,0,0,0.0,0,30,3,0,0,1
4,0,0,0,0,0.0,0,30,3,0,0,1
6,0,0,0,0,0.0,0,30,3,0,0,1
1,0,0,0,0,0.0,0,30,3,0,0,1
9,0,0,0,0,0.0,0,30,3,0,0,1
3,0,0,0,0,0.0,0,30,3,0,0,1
8,0,0,0,0,0.0,0,30,3,0,0,1
5,0,0,0,0,0.0,0,30,3,0,0,1
7,0,0,0,0,0.0,0,30,3,0,0,1
2,0,0,0,0,0.0,0,30,3,0,0,1
0,0,0,0,0,0.0,0,30,3,0,0,1
4,0,0,0,0,0.0,0,30,3,0,0,1
6,0,0,0,0,0.0,0,30,3,0,0,1
1,0,0,0,0,0.0,0,30,3,0,0,1
9,0,0,0,0,0.0,0,30,3,0,0,1
3,0,0,0,0,0.0,0,30,3,0,0,1
8,0,0,0,0,0.0,1,30,3,0,0,1
5,0,0,0,0,0.0,1,30,3,0,0,1
7,0,0,0,0,0.0,1,30,3,0,0,1
2,0,0,0,0,0.0,1,30,3,0,0,1
0,0,0,0,0,0.0,1,30,3,0,0,1
4,0,0,0,0,0.0,1,30,3,0,0,1
6,0,0,0,0,0.0,1,30,3,0,0,1
1,0,0,0,0,0.0,1,30,3,0,0,1
9,0,0,0,0,0.0,1,30,3,0,0,1
3,0,0,0,0,0.0,1,30,3,0,0,1
8,0,0,0,0,0.0,1,30,3,0,0,1
5,0,0,0,0,0.0,1,30,3,0,0,1
7,0,0,0,0,0.0,1,30,3,0,0,1
2,0,0,0,0,0.0,1,30,3,0,0,1
0,0,0,0,0,0.0,1,30,3,0,0,1
4,0,0,0,0,0.0,1,30,3,0,0,1
6,0,0,0,0,0.0,1,30,3,0,0,1
1,0,0,0,0,0.0,1,30,3,0,0,1
9,0,0,0,0,0.0,1,30,3,0,0,1
3,0,0,0,0,0.0,1,30,3,0,0,1
8,0,0,0,0,0.0,1,30,3,0,0,1
5,0,0,0,0,0.0,1,30,3,0,0,1
7,0,0,0,0,0.0,1,30,3,0,0,1
2,0,0,0,0,0.0,1,30,3,0,0,1
0,0,0,0,0,0.0,1,30,3,0,0,1
4,0,0,0,0,0.0,1,30,3,0,0,1
6,0,0,0,0,0.0,1,30,3,0,0,1
1,0,0,0,0,0.0,1,30,3,0,0,1
9,0,0,0,0,0.0,1,30,3,0,0,1
3,0,0,0,0,0.0,1,30,3,0,0,1
8,0,0,0,0,0.0,1,30,3,0,0,1
5,0,0,0,0,0.0,1,30,3,0,0,1
7,0,0,0,0,0.0,1,30,3,0,0,1
2,0,0,0,0,0.0,1,30,3,0,0,1
0,0,0,0,0,0.0,1,30,3,0,0,1
4,0,0,0,0,0.0,1,30,3,0,0,1
6,0,0,0,0,0.0,1,30,3,0,0,1
1,0,0,0,0,0.0,1,30,3,0,0,1
9,0,0,0,0,0.0,1,30,3,0,0,1
3,0,0,0,0,0.0,1,30,3,0,0,1
8,0,0,0,0,0.0,2,30,3,0,0,1
5,0,0,0,0,0.0,2,30,3,0,0,1
7,0,0,0,0,0.0,2,30,3,0,0,1
2,0,0,0,0,0.0,2,30,3,0,0,1
0,0,0,0,0,0.0,2,30,3,0,0,1
4,0,0,0,0,0.0,2,30,3,0,0,1
6,0,0,0,0,0.0,2,30,3,0,0,1
1,0,0,0,0,0.0,2,30,3,0,0,1
9,0,0,0,0,0.0,2,30,3,0,0,1
3,0,0,0,0,0.0,2,30,3,0,0,1
8,0,0,0,0,0.0,2,30,3,0,0,1
5,0,0,0,0,0.0,2,30,3,0,0,1
7,0,0,0,0,0.0,2,30,3,0,0,1
2,0,0,0,0,0.0,2,30,3,0,0,1
0,0,0,0,0,0.0,2,30,3,0,0,1
4,0,0,0,0,0.0,2,30,3,0,0,1
6,0,0,0,0,0.0,2,30,3,0,0,1
1,0,0,0,0,0.0,2,30,3,0,0,1
9,0,0,0,0,0.0,2,30,3,0,0,1
3,0,0,0,0,0.0,2,30,3,0,0,1
8,0,0,0,0,0.0,2,30,3,0,0,1
5,0,0,0,0,0.0,2,30,3,0,0,1
7,0,0,0,0,0.0,2,30,3,0,0,1
2,0,0,0,0,0.0,2,30,3,0,0,1
0,0,0,0,0,0.0,2,30,3,0,0,1
4,0,0,0,0,0.0,2,30,3,0,0,1
6,0,0,0,0,0.0,2,30,3,0,0,1
1,0,0,0,0,0.0,2,30,3,0,0,1
9,0,0,0,0,0.0,2,30,3,0,0,1
3,0,0,0,0,0.0,2,30,3,0,0,1
8,0,0,0,0,0.0,2,30,3,0,0,1
5,0,0,0,0,0.0,2,30,3,0,0,1
7,0,0,0,0,0.0,2,30,3,0,0,1
2,0,0,0,0,0.0,2,30,3,0,0,1
0,0,0,0,0,0.0,2,30,3,0,0,1
4,0,0,0,0,0.0,2,30,3,0,0,1
6,0,0,0,0,0.0,2,30,3,0,0,1
1,0,0,0,0,0.0,2,30,3,0,0,1
9,0,0,0,0,0.0,2,30,3,0,0,1
3,0,0,0,0,0.0,2,30,3,0,0,1
8,0,0,0,0,0.0,3,30,3,0,0,1
5,0,0,0,0,0.0,3,30,3,0,0,1
7,0,0,0,0,0.0,3,30,3,0,0,1
2,0,0,0,0,0.0,3,30,3,0,0,1
0,0,0,0,0,0.0,3,30,3,0,0,1
4,0,0,0,0,0.0,3,30,3,0,0,1
6,0,0,0,0,0.0,3,30,3,0,0,1
1,0,0,0,0,0.0,3,30,3,0,0,1
9,0,0,0,0,0.0,3,30,3,0,0,1
3,0,0,0,0,0.0,3,30,3,0,0,1
8,0,0,0,0,0.0,3,30,3,0,0,1
5,0,0,0,0,0.0,3,30,3,0,0,1
7,0,0,0,0,0.0,3,30,3,0,0,1
2,0,0,0,0,0.0,3,30,3,0,0,1
0,0,0,0,0,0.0,3,30,3,0,0,1
4,0,0,0,0,0.0,3,30,3,0,0,1
6,0,0,0,0,0.0,3,30,3,0,0,1
1,0,0,0,0,0.0,3,30,3,0,0,1
9,0,0,0,0,0.0,3,30,3,0,0,1
3,0,0,0,0,0.0,3,30,3,0,0,1
8,0,0,0,0,0.0,3,30,3,0,0,1
5,0,0,0,0,0.0,3,30,3,0,0,1
7,0,0,0,0,0.0,3,30,3,0,0,1
2,0,0,0,0,0.0,3,30,3,0,0,1
0,0,0,0,0,0.0,3,30,3,0,0,1
4,0,0,0,0,0.0,3,30,3,0,0,1
6,0,0,0,0,0.0,3,30,3,0,0,1
1,0,0,0,0,0.0,3,30,3,0,0,1
9,0,0,0,0,0.0,3,30,3,0,0,1
3,0,0,0,0,0.0,3,30,3,0,0,1
8,0,0,0,0,0.0,3,30,3,0,0,1
5,0,0,0,0,0.0,3,30,3,0,0,1
7,0,0,0,0,0.0,3,30,3,0,0,1
2,0,0,0,0,0.0,3,30,3,0,0,1
0,0,0,0,0,0.0,3,30,3,0,0,1
4,0,0,0,0,0.0,3,30,3,0,0,1
6,0,0,0,0,0.0,3,30,3,0,0,1
1,0,0,0,0,0.0,3,30,3,0,0,1
9,0,0,0,0,0.0,3,30,3,0,0,1
3,0,0,0,0,0.0,3,30,3,0,0,1
8,0,0,0,0,0.0,4,30,3,0,0,1
5,0,0,0,0,0.0,4,30,3,0,0,1
7,0,0,0,0,0.0,4,30,3,0,0,1
2,0,0,0,0,0.0,4,30,3,0,0,1
0,0,0,0,0,0.0,4,30,3,0,0,1
4,0,0,0,0,0.0,4,30,3,0,0,1
6,0,0,0,0,0.0,4,30,3,0,0,1
1,0,0,0,0,0.0,4,30,3,0,0,1
9,0,0,0,0,0.0,4,30,3,0,0,1
3,0,0,0,0,0.0,4,30,3,0,0,1
8,0,0,0,0,0.0,4,30,3,0,0,1
5,0,0,0,0,0.0,4,30,3,0,0,1
7,0,0,0,0,0.0,4,30,3,0,0,1
2,0,0,0,0,0.0,4,30,3,0,0,1
0,0,0,0,0,0.0,4,30,3,0,0,1
4,0,0,0,0,0.0,4,30,3,0,0,1
6,0,0,0,0,0.0,4,30,3,0,0,1
1,0,0,0,0,0.0,4,30,3,0,0,1
9,0,0,0,0,0.0,4,30,3,0,0,1
3,0,0,0,0,0.0,4,30,3,0,0,1
8,0,0,0,0,0.0,4,30,3,0,0,1
5,0,0,0,0,0.0,4,30,3,0,0,1
7,0,0,0,0,0.0,4,30,3,0,0,1
2,0,0,0,0,0.0,4,30,3,0,0,1
0,0,0,0,0,0.0,4,30,3,0,0,1
4,0,0,0,0,0.0,4,30,3,0,0,1
6,0,0,0,0,0.0,4,30,3,0,0,1
1,0,0,0,0,0.0,4,30,3,0,0,1
9,0,0,0,0,0.0,4,30,3,0,0,1
3,0,0,0,0,0.0,4,30,3,0,0,1
8,0,0,0,0,0.0,4,30,3,0,0,1
5,0,0,0,0,0.0,4,30,3,0,0,1
7,0,0,0,0,0.0,4,30,3,0,0,1
2,0,0,0,0,0.0,4,30,3,0,0,1
0,0,0,0,0,0.0,4,30,3,0,0,1
4,0,0,0,0,0.0,4,30,3,0,0,1
6,0,0,0,0,0.0,4,30,3,0,0,1
1,0,0,0,0,0.0,4,30,3,0,0,1
9,0,0,0,0,0.0,4,30,3,0,0,1
3,0,0,0,0,0.0,4,30,3,0,0,1
8,0,0,0,0,0.0,5,30,3,0,0,1
5,0,0,0,0,0.0,5,30,3,0,0,1
7,0,0,0,0,0.0,5,30,3,0,0,1
2,0,0,0,0,0.0,5,30,3,0,0,1
0,0,0,0,0,0.0,5,30,3,0,0,1
4,0,0,0,0,0.0,5,30,3,0,0,1
6,0,0,0,0,0.0,5,30,3,0,0,1
1,0,0,0,0,0.0,5,30,3,0,0,1
9,0,0,0,0,0.0,5,30,3,0,0,1
3,0,0,0,0,0.0,5,30,3,0,0,1
8,0,0,0,0,0.0,5,30,3,0,0,1
5,0,0,0,0,0.0,5,30,3,0,0,1
7,0,0,0,0,0.0,5,30,3,0,0,1
2,0,0,0,0,0.0,5,30,3,0,0,1
0,0,0,0,0,0.0,5,30,3,0,0,1
4,0,0,0,0,0.0,5,30,3,0,0,1
6,0,0,0,0,0.0,5,30,3,0,0,1
1,0,0,0,0,0.0,5,30,3,0,0,1
9,0,0,0,0,0.0,5,30,3,0,0,1
3,0,0,0,0,0.0,5,30,3,0,0,1
8,0,0,0,0,0.0,5,30,3,0,0,1
5,0,0,0,0,0.0,5,30,3,0,0,1
7,0,0,0,0,0.0,5,30,3,0,0,1
2,0,0,0,0,0.0,5,30,3,0,0,1
0,0,0,0,0,0.0,5,30,3,0,0,1
4,0,0,0,0,0.0,5,30,3,0,0,1
6,0,0,0,0,0.0,5,30,3,0,0,1
1,0,0,0,0,0.0,5,30,3,0,0,1
9,0,0,0,0,0.0,5,30,3,0,0,1
3,0,0,0,0,0.0,5,30,3,0,0,1
8,0,0,0,0,0.0,5,30,3,0,0,1
5,0,0,0,0,0.0,5,30,3,0,0,1
7,0,0,0,0,0.0,5,30,3,0,0,1
2,0,0,0,0,0.0,5,30,3,0,0,1
0,0,0,0,0,0.0,5,30,3,0,0,1
4,0,0,0,0,0.0,5,30,3,0,0,1
6,0,0,0,0,0.0,5,30,3,0,0,1
1,0,0,0,0,0.0,5,30,3,0,0,1
9,0,0,0,0,0.0,5,30,3,0,0,1
3,0,0,0,0,0.0,5,30,3,0,0,1
8,346,467,232,406,2.06,6,30,3,0,0,2
5,502,524,306,513,2.04,6,30,3,0,0,2
7,152,216,104,184,1.88,6,30,3,0,0,2
2,529,307,273,418,1.06,6,30,3,0,0,2
0,220,483,185,352,0.5,6,30,3,0,0,0
4,365,339,214,352,0.73,6,30,3,0,0,0
6,380,454,243,417,1.11,6,30,3,0,0,2
1,510,434,291,472,2.28,6,30,3,0,0,2
9,464,442,274,453,1.86,6,30,3,0,0,2
3,518,490,305,504,1.21,6,30,3,0,0,2
8,372,362,221,367,1.55,6,30,3,0,0,2
5,163,246,114,204,2.31,6,30,3,0,0,2
7,512,445,294,478,2.22,6,30,3,0,0,2
2,338,176,170,257,0.78,6,30,3,0,0,2
0,271,334,175,302,1.46,6,30,3,0,0,2
4,170,379,144,274,1.79,6,30,3,0,0,2
6,162,507,166,334,1.08,6,30,3,0,0,2
1,213,264,138,238,2.32,6,30,3,0,0,2
9,241,412,179,326,1.48,6,30,3,0,0,2
3,305,315,185,310,0.99,6,30,3,0,0,2
8,533,384,290,458,1.38,6,30,3,0,0,2
5,533,480,309,506,0.8,6,30,3,0,0,2
7,172,314,132,243,2.12,6,30,3,0,0,2
2,428,302,232,365,1.12,6,30,3,0,0,2
0,173,521,173,347,1.3,6,30,3,0,0,2
4,490,198,236,344,2.07,6,30,3,0,0,2
6,214,510,188,362,1.91,6,30,3,0,0,2
1,194,548,187,371,0.57,6,30,3,0,0,0
9,437,392,253,414,1.73,6,30,3,0,0,2
3,420,498,268,459,0.78,6,30,3,0,0,2
8,547,151,249,349,1.51,6,30,3,0,0,2
5,463,476,280,470,2.24,6,30,3,0,0,2
7,254,531,208,392,1.81,6,30,3,0,0,2
2,505,324,267,414,0.7,6,30,3,0,0,0
0,169,295,127,232,1.62,6,30,3,0,0,2
4,382,237,200,310,1.77,6,30,3,0,0,2
6,524,453,300,488,1.07,6,30,3,0,0,2
1,507,317,266,412,1.6,6,30,3,0,0,2
9,405,449,252,427,1.51,6,30,3,0,0,2
3,379,319,215,349,1.32,6,30,3,0,0,2
8,352,322,205,337,1.16,7,30,3,0,0,2
5,519,327,273,423,1.65,7,30,3,0,0,2
7,475,150,220,312,1.4,7,30,3,0,0,2
2,339,168,169,254,2.39,7,30,3,0,0,2
0,548,383,296,466,2.05,7,30,3,0,0,2
4,355,494,241,424,2.38,7,30,3,0,0,2
6,450,369,254,410,2.07,7,30,3,0,0,2
1,316,419,210,368,2.44,7,30,3,0,0,2
9,306,481,219,394,1.94,7,30,3,0,0,2
3,167,479,163,323,1.49,7,30,3,0,0,2
8,345,332,204,338,1.72,7,30,3,0,0,2
5,438,431,261,434,0.67,7,30,3,0,0,0
7,365,488,244,426,1.77,7,30,3,0,0,2
2,167,290,125,228,0.63,7,30,3,0,0,0
0,174,447,159,310,1.53,7,30,3,0,0,2
4,336,538,242,437,1.69,7,30,3,0,0,2
6,212,454,176,333,2.12,7,30,3,0,0,2
1,538,540,323,539,0.93,7,30,3,0,0,2
9,364,159,177,262,1.46,7,30,3,0,0,2
3,260,361,176,310,0.92,7,30,3,0,0,2
8,278,474,206,376,0.85,7,30,3,0,0,2
5,245,182,134,214,1.88,7,30,3,0,0,2
7,209,263,136,236,0.78,7,30,3,0,0,2
2,502,206,242,354,1.96,7,30,3,0,0,2
0,516,413,289,464,0.95,7,30,3,0,0,2
4,201,284,137,242,0.58,7,30,3,0,0,0
6,204,301,142,252,2.2,7,30,3,0,0,2
1,297,482,215,390,0.66,7,30,3,0,0,0
9,212,351,155,282,2.35,7,30,3,0,0,2
3,210,371,158,290,2.14,7,30,3,0,0,2
8,203,395,160,299,0.9,7,30,3,0,0,2
5,440,238,224,339,1.26,7,30,3,0,0,2
7,240,263,149,252,2.24,7,30,3,0,0,2
2,510,296,263,403,1.72,7,30,3,0,0,2
0,350,532,246,441,1.17,7,30,3,0,0,2
4,530,539,320,534,1.85,7,30,3,0,0,2
6,494,171,232,332,2.04,7,30,3,0,0,2
1,509,155,235,332,2.16,7,30,3,0,0,2
9,435,356,245,396,1.71,7,30,3,0,0,2
3,505,405,283,455,1.81,7,30,3,0,0,2
8,1671,485,765,1078,5.66,8,30,3,0,0,2
5,826,506,432,666,5.62,8,30,3,0,0,2
7,1925,674,905,1300,5.79,8,30,3,0,0,2
2,2240,586,1013,1413,3.97,8,30,3,0,0,2
0,1582,882,809,1232,5.4,8,30,3,0,0,2
4,1588,780,791,1184,5.57,8,30,3,0,0,2
6,1195,633,605,914,3.07,8,30,3,0,0,2
1,1030,796,571,913,3.61,8,30,3,0,0,2
9,2457,562,1095,1510,3.89,8,30,3,0,0,2
3,809,434,410,622,4.09,8,30,3,0,0,2
8,1580,513,735,1046,4.14,8,30,3,0,0,2
5,1583,598,753,1090,5.47,8,30,3,0,0,2
7,2278,574,1026,1426,5.57,8,30,3,0,0,2
2,2473,927,1175,1700,3.98,8,30,3,0,0,2
0,1553,796,780,1174,5.14,8,30,3,0,0,2
4,1202,669,615,936,4.74,8,30,3,0,0,2
6,1827,713,873,1270,3.4,8,30,3,0,0,2
1,2339,633,1062,1486,4.43,8,30,3,0,0,2
9,1872,426,834,1149,5.53,8,30,3,0,0,2
3,1202,845,650,1024,3.86,8,30,3,0,0,2
8,1669,487,765,1078,5.6,8,30,3,0,0,2
5,887,918,538,902,5.33,8,30,3,0,0,2
7,945,558,490,752,3.12,8,30,3,0,0,2
2,1252,776,656,1014,3.24,8,30,3,0,0,2
0,1356,809,704,1082,3.31,8,30,3,0,0,2
4,1853,647,871,1250,4.83,8,30,3,0,0,2
6,2116,539,954,1328,5.75,8,30,3,0,0,2
1,1389,656,687,1022,5.12,8,30,3,0,0,2
9,1078,433,518,756,4.66,8,30,3,0,0,2
3,1424,469,663,946,3.18,8,30,3,0,0,2
8,2152,585,978,1368,3.67,8,30,3,0,0,2
5,1107,427,528,767,3.14,8,30,3,0,0,2
7,1681,958,864,1320,3.29,8,30,3,0,0,2
2,970,913,571,942,5.62,8,30,3,0,0,2
0,1603,694,780,1148,3.19,8,30,3,0,0,2
4,2118,621,971,1370,3.0,8,30,3,0,0,2
6,1500,996,799,1248,3.54,8,30,3,0,0,2
1,2047,753,969,1400,5.0,8,30,3,0,0,2
9,1590,634,763,1112,3.92,8,30,3,0,0,2
3,1932,688,910,1310,4.57,8,30,3,0,0,2
8,1126,844,619,985,3.54,9,30,3,0,0,2
5,2159,547,973,1353,4.91,9,30,3,0,0,2
7,2260,955,1095,1608,4.38,9,30,3,0,0,2
2,1162,736,612,949,4.75,9,30,3,0,0,2
0,2099,863,1012,1481,3.21,9,30,3,0,0,2
4,1948,787,937,1368,4.22,9,30,3,0,0,2
6,1704,601,802,1152,4.97,9,30,3,0,0,2
1,2401,738,1108,1570,5.42,9,30,3,0,0,2
9,1773,767,863,1270,3.85,9,30,3,0,0,2
3,2150,743,1009,1446,3.84,9,30,3,0,0,2
8,2166,537,974,1352,3.43,9,30,3,0,0,2
5,1857,604,864,1230,4.53,9,30,3,0,0,2
7,2203,457,973,1330,3.79,9,30,3,0,0,2
2,828,957,523,892,4.99,9,30,3,0,0,2
0,1699,890,858,1294,3.08,9,30,3,0,0,2
4,1096,854,609,975,3.79,9,30,3,0,0,2
6,2297,493,1017,1395,5.47,9,30,3,0,0,2
1,2066,428,912,1247,4.44,9,30,3,0,0,2
9,1075,918,614,996,5.76,9,30,3,0,0,2
3,1058,967,617,1012,4.44,9,30,3,0,0,2
8,892,985,554,938,4.78,9,30,3,0,0,2
5,2312,556,1036,1434,3.64,9,30,3,0,0,2
7,2255,605,1023,1430,4.32,9,30,3,0,0,2
2,981,621,517,801,5.5,9,30,3,0,0,2
0,1591,614,759,1102,5.56,9,30,3,0,0,2
4,2076,877,1006,1476,3.08,9,30,3,0,0,2
6,980,589,510,784,3.98,9,30,3,0,0,2
1,1119,773,602,946,3.36,9,30,3,0,0,2
9,2484,629,1119,1556,3.88,9,30,3,0,0,2
3,959,662,516,810,3.26,9,30,3,0,0,2
8,1694,813,840,1254,4.75,9,30,3,0,0,2
5,1510,581,720,1046,4.88,9,30,3,0,0,2
7,1775,571,824,1173,3.63,9,30,3,0,0,2
2,967,947,576,957,4.68,9,30,3,0,0,2
0,950,756,531,853,4.36,9,30,3,0,0,2
4,1713,624,810,1168,5.39,9,30,3,0,0,2
6,2050,563,933,1306,3.12,9,30,3,0,0,2
1,1510,698,744,1104,5.59,9,30,3,0,0,2
9,1363,444,634,904,4.2,9,30,3,0,0,2
3,2000,987,997,1494,4.56,9,30,3,0,0,2
8,1204,421,566,812,5.78,10,30,3,0,0,2
5,2253,725,1046,1489,5.77,10,30,3,0,0,2
7,2321,545,1037,1433,5.05,10,30,3,0,0,2
2,1154,478,557,816,5.14,10,30,3,0,0,2
0,2212,564,998,1388,4.21,10,30,3,0,0,2
4,1315,1000,726,1158,4.91,10,30,3,0,0,2
6,1897,767,912,1332,4.6,10,30,3,0,0,2
1,1046,644,547,845,4.91,10,30,3,0,0,2
9,2359,842,1112,1600,4.08,10,30,3,0,0,2
3,2163,849,1035,1506,4.7,10,30,3,0,0,2
8,2279,527,1017,1403,5.75,10,30,3,0,0,2
5,2310,476,1019,1393,4.88,10,30,3,0,0,2
7,1847,777,894,1312,3.14,10,30,3,0,0,2
2,1722,517,792,1120,3.31,10,30,3,0,0,2
0,2451,787,1138,1619,4.53,10,30,3,0,0,2
4,1344,917,721,1130,3.76,10,30,3,0,0,2
6,1489,955,787,1222,5.56,10,30,3,0,0,2
1,834,903,514,868,3.6,10,30,3,0,0,2
9,1559,691,762,1125,5.17,10,30,3,0,0,2
3,1893,565,870,1229,5.3,10,30,3,0,0,2
8,2349,582,1056,1466,4.45,10,30,3,0,0,2
5,1583,860,805,1222,3.81,10,30,3,0,0,2
7,2318,888,1105,1603,4.53,10,30,3,0,0,2
2,1882,613,875,1248,3.77,10,30,3,0,0,2
0,1166,586,584,876,4.7,10,30,3,0,0,2
4,2384,801,1114,1592,3.07,10,30,3,0,0,2
6,1704,791,840,1248,3.2,10,30,3,0,0,2
1,1531,506,714,1018,5.73,10,30,3,0,0,2
9,2051,962,1013,1506,4.17,10,30,3,0,0,2
3,1954,702,922,1328,3.83,10,30,3,0,0,2
8,1718,431,773,1074,5.26,10,30,3,0,0,2
5,1186,806,636,996,4.86,10,30,3,0,0,2
7,1372,542,657,957,3.95,10,30,3,0,0,2
2,1834,963,926,1398,3.48,10,30,3,0,0,2
0,1826,621,855,1224,4.25,10,30,3,0,0,2
4,1075,926,615,1000,5.05,10,30,3,0,0,2
6,1803,422,806,1112,3.23,10,30,3,0,0,2
1,1263,422,590,842,4.45,10,30,3,0,0,2
9,1216,591,605,904,5.21,10,30,3,0,0,2
3,1278,661,643,970,5.5,10,30,3,0,0,2
8,414,510,268,462,0.63,11,30,3,0,0,0
5,506,523,307,514,2.17,11,30,3,0,0,2
7,216,196,126,206,0.6,11,30,3,0,0,0
2,175,500,170,338,2.26,11,30,3,0,0,2
0,549,178,255,364,2.45,11,30,3,0,0,2
4,460,326,249,393,1.21,11,30,3,0,0,2
6,427,511,273,469,2.42,11,30,3,0,0,2
1,240,473,191,356,2.04,11,30,3,0,0,2
9,171,535,175,353,1.2,11,30,3,0,0,2
3,203,262,134,232,1.42,11,30,3,0,0,2
8,523,236,256,380,0.95,11,30,3,0,0,2
5,385,153,185,269,1.01,11,30,3,0,0,2
7,395,469,252,432,1.15,11,30,3,0,0,2
2,397,190,197,294,2.41,11,30,3,0,0,2
0,270,293,167,282,1.72,11,30,3,0,0,2
4,218,317,151,268,1.46,11,30,3,0,0,2
6,368,253,198,310,1.15,11,30,3,0,0,2
1,295,255,169,275,0.86,11,30,3,0,0,2
9,419,239,215,329,0.92,11,30,3,0,0,2
3,156,304,123,230,2.31,11,30,3,0,0,2
8,178,483,168,330,0.69,11,30,3,0,0,0
5,245,227,143,236,2.11,11,30,3,0,0,2
7,395,316,221,356,0.71,11,30,3,0,0,0
2,510,325,269,418,2.13,11,30,3,0,0,2
0,480,264,245,372,1.8,11,30,3,0,0,2
4,219,361,160,290,0.69,11,30,3,0,0,0
6,448,515,282,482,1.16,11,30,3,0,0,2
1,190,246,125,218,0.71,11,30,3,0,0,0
9,412,434,252,423,1.68,11,30,3,0,0,2
3,428,188,209,308,1.28,11,30,3,0,0,2
8,278,512,214,395,0.5,11,30,3,0,0,0
5,196,502,179,349,1.57,11,30,3,0,0,2
7,418,200,207,309,1.43,11,30,3,0,0,2
2,318,338,195,328,1.24,11,30,3,0,0,2
0,246,299,158,272,0.86,11,30,3,0,0,2
4,158,470,157,314,0.84,11,30,3,0,0,2
6,281,430,198,356,2.19,11,30,3,0,0,2
1,245,403,179,324,2.27,11,30,3,0,0,2
9,231,546,202,388,1.05,11,30,3,0,0,2
3,265,445,195,355,1.77,11,30,3,0,0,2
8,511,434,291,472,2.13,12,30,3,0,0,2
5,501,298,260,400,1.38,12,30,3,0,0,2
7,515,483,303,499,2.46,12,30,3,0,0,2
2,449,298,239,374,0.65,12,30,3,0,0,0
0,190,327,141,258,1.51,12,30,3,0,0,2
4,166,407,148,286,1.07,12,30,3,0,0,2
6,455,231,228,343,2.28,12,30,3,0,0,2
1,291,259,168,275,2.15,12,30,3,0,0,2
9,321,352,199,336,1.58,12,30,3,0,0,2
3,202,396,160,299,0.71,12,30,3,0,0,0
8,305,456,213,380,0.61,12,30,3,0,0,0
5,313,276,180,294,0.79,12,30,3,0,0,2
7,303,546,230,424,0.55,12,30,3,0,0,0
2,252,400,181,326,1.42,12,30,3,0,0,2
0,212,201,125,206,2.03,12,30,3,0,0,2
4,437,387,252,412,1.83,12,30,3,0,0,2
6,251,310,162,280,0.5,12,30,3,0,0,0
1,331,196,172,264,1.03,12,30,3,0,0,2
9,166,277,122,222,2.12,12,30,3,0,0,2
3,241,226,142,234,0.53,12,30,3,0,0,0
8,210,310,146,260,0.95,12,30,3,0,0,2
5,501,405,281,453,2.0,12,30,3,0,0,2
7,528,271,265,400,1.34,12,30,3,0,0,2
2,359,483,240,421,2.36,12,30,3,0,0,2
0,535,495,313,515,0.92,12,30,3,0,0,2
4,440,468,270,454,1.63,12,30,3,0,0,2
6,393,293,216,343,1.26,12,30,3,0,0,2
1,387,222,199,304,1.38,12,30,3,0,0,2
9,188,200,115,194,1.7,12,30,3,0,0,2
3,243,447,187,345,1.85,12,30,3,0,0,2
8,511,154,235,332,1.86,12,30,3,0,0,2
5,310,482,220,396,0.65,12,30,3,0,0,0
7,275,348,180,312,1.13,12,30,3,0,0,2
2,522,472,303,497,1.96,12,30,3,0,0,2
0,233,441,181,337,0.69,12,30,3,0,0,0
4,197,222,123,210,1.34,12,30,3,0,0,2
6,362,531,251,446,0.84,12,30,3,0,0,2
1,305,451,212,378,0.53,12,30,3,0,0,0
9,226,156,122,191,1.05,12,30,3,0,0,2
3,279,194,150,236,2.45,12,30,3,0,0,2
8,203,150,111,176,1.6,13,30,3,0,0,2
5,459,192,222,326,0.73,13,30,3,0,0,0
7,159,535,171,347,1.93,13,30,3,0,0,2
2,479,353,262,416,0.86,13,30,3,0,0,2
0,429,240,220,334,2.18,13,30,3,0,0,2
4,396,252,209,324,2.06,13,30,3,0,0,2
6,333,448,223,390,1.21,13,30,3,0,0,2
1,516,158,238,337,1.45,13,30,3,0,0,2
9,314,393,204,354,2.44,13,30,3,0,0,2
3,308,327,189,318,0.68,13,30,3,0,0,0
8,249,262,152,256,0.85,13,30,3,0,0,2
5,219,408,169,314,1.54,13,30,3,0,0,2
7,260,546,213,403,2.33,13,30,3,0,0,2
2,512,386,282,449,0.99,13,30,3,0,0,2
0,284,426,199,355,2.31,13,30,3,0,0,2
4,343,167,171,255,2.12,13,30,3,0,0,2
6,531,511,315,521,1.45,13,30,3,0,0,2
1,342,246,186,294,0.98,13,30,3,0,0,2
9,252,302,161,277,0.75,13,30,3,0,0,2
3,475,184,227,330,2.39,13,30,3,0,0,2
8,322,273,183,298,2.06,13,30,3,0,0,2
5,535,186,251,360,1.41,13,30,3,0,0,2
7,186,405,155,296,1.59,13,30,3,0,0,2
2,276,510,212,393,0.85,13,30,3,0,0,2
0,511,533,311,522,0.62,13,30,3,0,0,0
4,440,510,278,475,2.13,13,30,3,0,0,2
6,362,471,239,416,1.22,13,30,3,0,0,2
1,283,182,150,232,1.73,13,30,3,0,0,2
9,306,304,183,305,1.59,13,30,3,0,0,2
3,345,542,246,444,1.59,13,30,3,0,0,2
8,252,312,163,282,0.5,13,30,3,0,0,0
5,266,403,187,334,1.53,13,30,3,0,0,2
7,433,183,210,308,2.01,13,30,3,0,0,2
2,320,432,214,376,1.11,13,30,3,0,0,2
0,531,511,315,521,2.26,13,30,3,0,0,2
4,433,347,243,390,1.67,13,30,3,0,0,2
6,167,159,99,163,2.34,13,30,3,0,0,2
1,238,306,156,272,1.26,13,30,3,0,0,2
9,416,322,231,369,0.57,13,30,3,0,0,0
3,270,268,162,269,2.1,13,30,3,0,0,2
8,349,253,190,301,1.27,14,30,3,0,0,2
5,201,505,181,353,1.91,14,30,3,0,0,2
7,529,274,266,402,0.63,14,30,3,0,0,0
2,174,276,125,225,1.31,14,30,3,0,0,2
0,166,337,134,252,0.61,14,30,3,0,0,0
4,452,399,261,426,2.38,14,30,3,0,0,2
6,161,286,122,224,0.96,14,30,3,0,0,2
1,348,234,186,291,1.56,14,30,3,0,0,2
9,520,352,278,436,0.68,14,30,3,0,0,0
3,350,198,180,274,2.06,14,30,3,0,0,2
8,165,259,118,212,0.82,14,30,3,0,0,2
5,240,282,152,261,2.13,14,30,3,0,0,2
7,546,187,256,366,1.64,14,30,3,0,0,2
2,480,522,296,501,0.55,14,30,3,0,0,0
0,252,239,149,246,2.05,14,30,3,0,0,2
4,537,193,253,365,1.0,14,30,3,0,0,2
6,178,404,152,291,1.91,14,30,3,0,0,2
1,178,433,158,306,1.04,14,30,3,0,0,2
9,397,455,250,426,0.96,14,30,3,0,0,2
3,489,398,275,444,1.05,14,30,3,0,0,2
8,445,507,279,476,0.64,14,30,3,0,0,0
5,462,392,263,427,1.25,14,30,3,0,0,2
7,158,416,146,287,0.7,14,30,3,0,0,0
2,376,243,199,310,1.02,14,30,3,0,0,2
0,399,441,248,420,2.29,14,30,3,0,0,2
4,215,198,126,206,2.04,14,30,3,0,0,2
6,151,464,153,308,1.26,14,30,3,0,0,2
1,366,299,206,332,0.8,14,30,3,0,0,2
9,285,151,144,218,2.15,14,30,3,0,0,2
3,232,400,173,316,2.31,14,30,3,0,0,2
8,523,200,249,362,2.23,14,30,3,0,0,2
5,324,389,207,356,0.71,14,30,3,0,0,0
7,243,294,156,268,0.94,14,30,3,0,0,2
2,443,189,215,316,0.98,14,30,3,0,0,2
0,291,475,211,383,1.36,14,30,3,0,0,2
4,547,420,303,484,1.9,14,30,3,0,0,2
6,408,535,270,472,1.78,14,30,3,0,0,2
1,258,268,157,263,0.61,14,30,3,0,0,0
9,341,372,211,356,2.12,14,30,3,0,0,2
3,540,368,290,454,1.5,14,30,3,0,0,2
8,331,444,221,388,1.93,15,30,3,0,0,2
5,234,363,166,298,0.73,15,30,3,0,0,0
7,445,318,242,382,1.29,15,30,3,0,0,2
2,337,189,173,263,0.74,15,30,3,0,0,0
0,376,527,256,452,2.18,15,30,3,0,0,2
4,202,539,189,370,2.13,15,30,3,0,0,2
6,547,304,280,426,1.26,15,30,3,0,0,2
1,546,516,322,531,0.7,15,30,3,0,0,0
9,478,477,287,478,1.61,15,30,3,0,0,2
3,434,506,275,470,2.0,15,30,3,0,0,2
8,326,448,220,387,1.7,15,30,3,0,0,2
5,381,512,255,446,1.55,15,30,3,0,0,2
7,239,521,200,380,1.21,15,30,3,0,0,2
2,279,470,206,374,1.35,15,30,3,0,0,2
0,206,459,174,332,1.5,15,30,3,0,0,2
4,490,418,280,454,0.71,15,30,3,0,0,0
6,482,200,233,341,0.8,15,30,3,0,0,2
1,172,539,177,356,1.84,15,30,3,0,0,2
9,529,470,306,500,2.39,15,30,3,0,0,2
3,214,199,125,206,1.09,15,30,3,0,0,2
8,382,509,255,446,1.56,15,30,3,0,0,2
5,523,336,276,430,1.64,15,30,3,0,0,2
7,532,484,310,508,1.19,15,30,3,0,0,2
2,357,424,228,390,2.38,15,30,3,0,0,2
0,233,491,191,362,2.39,15,30,3,0,0,2
4,512,338,272,425,1.14,15,30,3,0,0,2
6,352,323,205,338,2.27,15,30,3,0,0,2
1,307,402,203,354,1.81,15,30,3,0,0,2
9,452,361,253,406,1.78,15,30,3,0,0,2
3,514,173,240,344,1.48,15,30,3,0,0,2
8,313,224,170,268,1.84,15,30,3,0,0,2
5,537,357,286,447,1.84,15,30,3,0,0,2
7,472,239,237,356,1.38,15,30,3,0,0,2
2,368,350,217,359,2.11,15,30,3,0,0,2
0,293,224,162,258,2.17,15,30,3,0,0,2
4,270,438,196,354,1.78,15,30,3,0,0,2
6,249,153,130,201,2.49,15,30,3,0,0,2
1,376,335,217,356,2.13,15,30,3,0,0,2
9,449,511,282,480,2.34,15,30,3,0,0,2
3,157,529,169,343,0.82,15,30,3,0,0,2
8,534,239,261,386,0.92,16,30,3,0,0,2
5,529,302,272,416,1.88,16,30,3,0,0,2
7,246,165,131,206,1.36,16,30,3,0,0,2
2,188,393,154,290,1.17,16,30,3,0,0,2
0,465,489,284,477,0.88,16,30,3,0,0,2
4,299,264,172,282,0.77,16,30,3,0,0,2
6,427,492,269,460,2.46,16,30,3,0,0,2
1,407,243,211,325,1.7,16,30,3,0,0,2
9,443,156,208,300,2.11,16,30,3,0,0,2
3,544,169,251,356,1.58,16,30,3,0,0,2
8,387,489,253,438,1.88,16,30,3,0,0,2
5,494,198,237,346,1.73,16,30,3,0,0,2
7,271,445,197,358,0.51,16,30,3,0,0,0
2,466,291,245,378,2.47,16,30,3,0,0,2
0,417,473,261,445,1.41,16,30,3,0,0,2
4,203,189,119,196,1.1,16,30,3,0,0,2
6,183,483,170,333,1.6,16,30,3,0,0,2
1,523,400,289,462,2.21,16,30,3,0,0,2
9,421,533,275,477,2.03,16,30,3,0,0,2
3,485,294,253,390,0.84,16,30,3,0,0,2
8,496,461,291,478,0.86,16,30,3,0,0,2
5,511,308,266,410,0.7,16,30,3,0,0,0
7,489,257,247,373,1.13,16,30,3,0,0,2
2,490,373,271,432,2.05,16,30,3,0,0,2
0,360,167,177,264,0.72,16,30,3,0,0,0
4,188,546,184,367,0.94,16,30,3,0,0,2
6,505,371,276,438,2.25,16,30,3,0,0,2
1,469,175,223,322,0.67,16,30,3,0,0,0
9,171,294,127,232,1.75,16,30,3,0,0,2
3,302,156,152,229,1.96,16,30,3,0,0,2
8,168,517,171,342,1.91,16,30,3,0,0,2
5,465,273,241,369,1.92,16,30,3,0,0,2
7,384,194,192,289,1.81,16,30,3,0,0,2
2,242,505,198,374,1.63,16,30,3,0,0,2
0,171,357,140,264,1.41,16,30,3,0,0,2
4,359,386,221,372,1.78,16,30,3,0,0,2
6,267,498,206,382,1.29,16,30,3,0,0,2
1,545,233,265,389,1.98,16,30,3,0,0,2
9,158,181,99,170,0.98,16,30,3,0,0,2
3,367,392,225,380,2.24,16,30,3,0,0,2
8,756,2216,746,1486,4.82,17,30,3,0,0,2
5,1194,1095,697,1144,3.25,17,30,3,0,0,2
7,996,2429,884,1712,3.3,17,30,3,0,0,2
2,1029,2432,898,1730,3.94,17,30,3,0,0,2
0,805,2358,794,1582,5.49,17,30,3,0,0,2
4,1110,2198,884,1654,4.28,17,30,3,0,0,2
6,780,2083,729,1432,5.2,17,30,3,0,0,2
1,702,1531,587,1116,4.17,17,30,3,0,0,2
9,1084,1044,642,1064,3.42,17,30,3,0,0,2
3,653,1925,646,1289,5.44,17,30,3,0,0,2
8,728,2098,711,1413,5.59,17,30,3,0,0,2
5,911,1980,760,1446,4.67,17,30,3,0,0,2
7,820,2329,794,1574,5.21,17,30,3,0,0,2
2,1142,1774,812,1458,4.28,17,30,3,0,0,2
0,1056,1424,707,1240,5.78,17,30,3,0,0,2
4,1178,1336,738,1257,4.74,17,30,3,0,0,2
6,1175,1004,671,1090,5.01,17,30,3,0,0,2
1,1121,1793,807,1457,5.8,17,30,3,0,0,2
9,635,1482,550,1058,4.32,17,30,3,0,0,2
3,1125,1457,741,1291,4.54,17,30,3,0,0,2
8,912,1863,737,1388,4.39,17,30,3,0,0,2
5,1163,1175,700,1169,4.31,17,30,3,0,0,2
7,1072,1747,778,1410,3.5,17,30,3,0,0,2
2,808,2537,831,1672,5.42,17,30,3,0,0,2
0,953,1896,760,1424,4.89,17,30,3,0,0,2
4,928,1094,590,1011,5.57,17,30,3,0,0,2
6,794,2391,796,1592,5.39,17,30,3,0,0,2
1,754,1230,548,992,3.32,17,30,3,0,0,2
9,871,2618,872,1744,4.37,17,30,3,0,0,2
3,628,1177,487,902,4.35,17,30,3,0,0,2
8,854,1787,699,1320,5.36,17,30,3,0,0,2
5,744,1805,659,1274,3.23,17,30,3,0,0,2
7,813,2579,841,1696,4.89,17,30,3,0,0,2
2,1085,1823,799,1454,5.22,17,30,3,0,0,2
0,1133,2696,992,1914,4.14,17,30,3,0,0,2
4,1120,2036,855,1578,4.27,17,30,3,0,0,2
6,1068,2398,907,1733,4.88,17,30,3,0,0,2
1,858,1909,725,1384,3.34,17,30,3,0,0,2
9,1027,1349,681,1188,4.85,17,30,3,0,0,2
3,1009,1362,676,1186,5.22,17,30,3,0,0,2
8,766,1067,520,916,5.61,18,30,3,0,0,2
5,626,1698,590,1162,3.04,18,30,3,0,0,2
7,964,1523,690,1244,3.19,18,30,3,0,0,2
2,892,2632,883,1762,3.91,18,30,3,0,0,2
0,649,1297,519,973,3.23,18,30,3,0,0,2
4,612,2348,714,1480,3.77,18,30,3,0,0,2
6,782,2558,824,1670,3.97,18,30,3,0,0,2
1,1089,2212,878,1650,3.55,18,30,3,0,0,2
9,677,1105,492,891,4.66,18,30,3,0,0,2
3,1123,1060,661,1092,3.69,18,30,3,0,0,2
8,749,1763,652,1256,5.49,18,30,3,0,0,2
5,968,1238,635,1103,4.23,18,30,3,0,0,2
7,872,1857,720,1364,4.91,18,30,3,0,0,2
2,970,2607,909,1788,5.32,18,30,3,0,0,2
0,990,2573,911,1782,3.66,18,30,3,0,0,2
4,932,2621,897,1776,3.75,18,30,3,0,0,2
6,1077,2195,870,1636,4.69,18,30,3,0,0,2
1,938,1184,612,1061,5.08,18,30,3,0,0,2
9,723,2749,839,1736,4.79,18,30,3,0,0,2
3,668,2422,752,1545,5.2,18,30,3,0,0,2
8,808,1345,592,1076,5.37,18,30,3,0,0,2
5,1178,1165,704,1172,3.39,18,30,3,0,0,2
7,899,2636,887,1768,5.3,18,30,3,0,0,2
2,917,2744,916,1830,3.96,18,30,3,0,0,2
0,1021,2381,885,1701,5.26,18,30,3,0,0,2
4,1038,2528,921,1783,5.0,18,30,3,0,0,2
6,1018,2632,934,1825,4.5,18,30,3,0,0,2
1,929,1365,645,1147,5.11,18,30,3,0,0,2
9,1158,2296,922,1727,5.66,18,30,3,0,0,2
3,627,2455,742,1541,5.32,18,30,3,0,0,2
8,885,1178,590,1032,4.72,18,30,3,0,0,2
5,749,2323,764,1536,4.58,18,30,3,0,0,2
7,819,1161,560,990,4.78,18,30,3,0,0,2
2,667,2241,715,1454,5.19,18,30,3,0,0,2
0,1061,2012,827,1536,5.66,18,30,3,0,0,2
4,1106,2612,965,1859,4.93,18,30,3,0,0,2
6,713,1256,536,984,4.03,18,30,3,0,0,2
1,1100,2583,957,1842,4.9,18,30,3,0,0,2
9,1136,2054,865,1595,4.94,18,30,3,0,0,2
3,768,2637,835,1702,3.7,18,30,3,0,0,2
8,734,1875,669,1304,5.21,19,30,3,0,0,2
5,671,2781,825,1726,4.77,19,30,3,0,0,2
7,1009,1976,799,1492,3.9,19,30,3,0,0,2
2,946,2430,864,1688,5.49,19,30,3,0,0,2
0,1060,1157,655,1108,4.78,19,30,3,0,0,2
4,848,2521,843,1684,4.24,19,30,3,0,0,2
6,1162,2125,890,1644,4.32,19,30,3,0,0,2
1,625,2095,669,1360,4.39,19,30,3,0,0,2
9,932,1413,655,1172,4.48,19,30,3,0,0,2
3,1047,2716,962,1882,4.54,19,30,3,0,0,2
8,1014,1450,696,1232,5.26,19,30,3,0,0,2
5,717,2156,718,1436,3.85,19,30,3,0,0,2
7,748,1912,682,1330,3.86,19,30,3,0,0,2
2,1008,2475,898,1742,5.71,19,30,3,0,0,2
0,1144,2710,1000,1927,3.61,19,30,3,0,0,2
4,860,1890,722,1375,5.28,19,30,3,0,0,2
6,775,1051,520,913,3.87,19,30,3,0,0,2
1,1088,2544,944,1816,5.61,19,30,3,0,0,2
9,893,1665,690,1279,5.74,19,30,3,0,0,2
3,1142,1405,738,1274,4.83,19,30,3,0,0,2
8,702,2262,733,1482,3.52,19,30,3,0,0,2
5,659,2371,738,1515,4.08,19,30,3,0,0,2
7,1115,1305,707,1210,4.7,19,30,3,0,0,2
2,1031,1449,702,1240,3.4,19,30,3,0,0,2
0,719,2779,843,1749,4.64,19,30,3,0,0,2
4,1116,1479,742,1298,5.17,19,30,3,0,0,2
6,1082,2249,883,1666,5.5,19,30,3,0,0,2
1,1160,1204,705,1182,5.47,19,30,3,0,0,2
9,877,2036,758,1456,4.82,19,30,3,0,0,2
3,655,1288,520,972,4.11,19,30,3,0,0,2
8,656,2568,776,1612,5.06,19,30,3,0,0,2
5,1130,1089,670,1110,4.38,19,30,3,0,0,2
7,655,1630,588,1142,5.23,19,30,3,0,0,2
2,1100,2794,999,1947,5.45,19,30,3,0,0,2
0,949,2195,819,1572,3.64,19,30,3,0,0,2
4,1142,2652,987,1897,3.01,19,30,3,0,0,2
6,679,2587,789,1633,3.5,19,30,3,0,0,2
1,914,2402,846,1658,5.42,19,30,3,0,0,2
9,612,1921,629,1266,5.2,19,30,3,0,0,2
3,807,2343,791,1575,4.09,19,30,3,0,0,2
8,1155,2688,1000,1922,4.8,20,30,3,0,0,2
5,1032,1854,784,1443,4.85,20,30,3,0,0,2
7,1024,2029,815,1526,3.83,20,30,3,0,0,2
2,995,2094,817,1544,3.84,20,30,3,0,0,2
0,1105,1351,712,1228,5.07,20,30,3,0,0,2
4,748,1003,500,876,3.72,20,30,3,0,0,2
6,845,2680,874,1762,4.36,20,30,3,0,0,2
1,1086,1797,794,1442,5.23,20,30,3,0,0,2
9,915,1136,593,1026,5.68,20,30,3,0,0,2
3,643,2662,790,1652,3.7,20,30,3,0,0,2
8,1186,1982,871,1584,3.96,20,30,3,0,0,2
5,893,1786,714,1340,4.84,20,30,3,0,0,2
7,838,1495,634,1166,5.31,20,30,3,0,0,2
2,1106,1672,777,1389,3.87,20,30,3,0,0,2
0,1145,2768,1012,1956,3.65,20,30,3,0,0,2
4,749,1331,566,1040,5.74,20,30,3,0,0,2
6,1153,1969,855,1561,4.66,20,30,3,0,0,2
1,1058,1816,786,1437,4.87,20,30,3,0,0,2
9,1084,1812,796,1448,5.62,20,30,3,0,0,2
3,954,1369,655,1162,5.38,20,30,3,0,0,2
8,940,2229,822,1584,3.98,20,30,3,0,0,2
5,1069,1632,754,1350,4.9,20,30,3,0,0,2
7,802,2450,811,1626,4.25,20,30,3,0,0,2
2,1061,1961,817,1511,4.74,20,30,3,0,0,2
0,986,2684,931,1835,5.26,20,30,3,0,0,2
4,1176,2577,986,1876,4.29,20,30,3,0,0,2
6,1028,2658,943,1843,4.82,20,30,3,0,0,2
1,668,1679,603,1174,5.71,20,30,3,0,0,2
9,721,2143,717,1432,4.15,20,30,3,0,0,2
3,958,2751,933,1854,5.09,20,30,3,0,0,2
8,910,2328,830,1619,5.67,20,30,3,0,0,2
5,804,1631,648,1218,4.4,20,30,3,0,0,2
7,613,1898,625,1256,4.37,20,30,3,0,0,2
2,1009,2640,932,1824,4.43,20,30,3,0,0,2
0,763,1870,679,1316,3.72,20,30,3,0,0,2
4,1063,2325,890,1694,5.31,20,30,3,0,0,2
6,745,1818,662,1282,5.18,20,30,3,0,0,2
1,783,1361,585,1072,4.93,20,30,3,0,0,2
9,638,1446,544,1042,3.14,20,30,3,0,0,2
3,970,1978,784,1474,4.75,20,30,3,0,0,2
8,478,156,222,317,1.34,21,30,3,0,0,2
5,408,282,220,345,1.71,21,30,3,0,0,2
7,535,484,311,510,0.76,21,30,3,0,0,2
2,249,316,163,282,1.37,21,30,3,0,0,2
0,341,523,241,432,1.66,21,30,3,0,0,2
4,260,419,188,340,2.01,21,30,3,0,0,2
6,214,233,132,224,1.02,21,30,3,0,0,2
1,453,432,268,442,1.14,21,30,3,0,0,2
9,393,194,196,294,2.04,21,30,3,0,0,2
3,290,177,151,234,0.59,21,30,3,0,0,0
8,252,155,132,204,0.53,21,30,3,0,0,0
5,336,417,218,376,1.52,21,30,3,0,0,2
7,306,463,215,384,1.68,21,30,3,0,0,2
2,243,334,164,288,1.46,21,30,3,0,0,2
0,345,418,222,382,1.47,21,30,3,0,0,2
4,204,509,183,356,1.39,21,30,3,0,0,2
6,452,281,237,366,1.17,21,30,3,0,0,2
1,357,409,225,383,1.2,21,30,3,0,0,2
9,447,473,273,460,2.42,21,30,3,0,0,2
3,504,175,237,340,1.59,21,30,3,0,0,2
8,482,426,278,454,2.45,21,30,3,0,0,2
5,273,458,201,366,0.93,21,30,3,0,0,2
7,231,542,201,386,0.95,21,30,3,0,0,2
2,495,460,290,478,1.9,21,30,3,0,0,2
0,277,360,183,318,1.39,21,30,3,0,0,2
4,367,361,219,364,0.78,21,30,3,0,0,2
6,253,303,162,278,1.29,21,30,3,0,0,2
1,537,202,255,370,0.99,21,30,3,0,0,2
9,278,363,184,320,2.43,21,30,3,0,0,2
3,156,318,126,237,1.36,21,30,3,0,0,2
8,336,390,212,363,0.8,21,30,3,0,0,2
5,473,356,260,414,2.27,21,30,3,0,0,2
7,324,482,226,403,1.53,21,30,3,0,0,2
2,177,191,109,184,2.49,21,30,3,0,0,2
0,211,541,193,376,1.31,21,30,3,0,0,2
4,332,178,168,255,2.39,21,30,3,0,0,2
6,359,184,180,272,1.13,21,30,3,0,0,2
1,491,338,264,414,1.37,21,30,3,0,0,2
9,309,288,181,298,2.49,21,30,3,0,0,2
3,497,314,262,406,1.21,21,30,3,0,0,2
8,369,515,251,442,0.89,22,30,3,0,0,2
5,412,383,241,398,2.42,22,30,3,0,0,2
7,331,507,234,419,1.55,22,30,3,0,0,2
2,265,535,213,400,1.51,22,30,3,0,0,2
0,360,268,198,314,0.92,22,30,3,0,0,2
4,280,543,221,412,0.86,22,30,3,0,0,2
6,208,238,131,223,0.58,22,30,3,0,0,0
1,312,365,198,338,1.23,22,30,3,0,0,2
9,490,312,258,401,2.28,22,30,3,0,0,2
3,342,391,215,366,0.52,22,30,3,0,0,0
8,493,510,299,502,2.38,22,30,3,0,0,2
5,509,414,286,462,1.99,22,30,3,0,0,2
7,489,329,261,409,2.47,22,30,3,0,0,2
2,301,417,204,359,2.16,22,30,3,0,0,2
0,240,167,129,204,1.27,22,30,3,0,0,2
4,465,390,264,428,1.27,22,30,3,0,0,2
6,175,459,162,317,1.37,22,30,3,0,0,2
1,207,365,156,286,2.17,22,30,3,0,0,2
9,495,210,240,352,1.34,22,30,3,0,0,2
3,367,496,246,432,0.56,22,30,3,0,0,0
8,500,414,283,457,0.83,22,30,3,0,0,2
5,184,160,106,172,2.18,22,30,3,0,0,2
7,499,492,298,496,2.47,22,30,3,0,0,2
2,423,349,239,386,0.62,22,30,3,0,0,0
0,533,500,313,516,1.78,22,30,3,0,0,2
4,381,463,245,422,1.93,22,30,3,0,0,2
6,214,477,181,346,0.92,22,30,3,0,0,2
1,211,464,177,338,1.45,22,30,3,0,0,2
9,162,278,120,220,2.19,22,30,3,0,0,2
3,270,296,167,283,2.17,22,30,3,0,0,2
8,278,455,202,366,0.88,22,30,3,0,0,2
5,182,290,131,236,1.9,22,30,3,0,0,2
7,180,435,159,308,1.09,22,30,3,0,0,2
2,358,316,206,337,1.63,22,30,3,0,0,2
0,434,152,204,293,1.27,22,30,3,0,0,2
4,451,434,267,442,0.57,22,30,3,0,0,0
6,406,229,208,318,1.45,22,30,3,0,0,2
1,396,372,233,384,0.92,22,30,3,0,0,2
9,521,337,276,429,1.83,22,30,3,0,0,2
3,445,403,259,424,0.72,22,30,3,0,0,0
8,247,167,132,207,2.04,23,30,3,0,0,2
5,390,537,263,464,1.77,23,30,3,0,0,2
7,371,535,255,453,1.34,23,30,3,0,0,2
2,206,523,187,364,2.2,23,30,3,0,0,2
0,289,347,185,318,1.96,23,30,3,0,0,2
4,321,405,209,363,1.17,23,30,3,0,0,2
6,238,151,125,194,1.82,23,30,3,0,0,2
1,239,169,129,204,0.51,23,30,3,0,0,0
9,374,426,235,400,1.61,23,30,3,0,0,2
3,453,296,240,374,0.89,23,30,3,0,0,2
8,510,373,279,442,2.28,23,30,3,0,0,2
5,457,319,247,388,1.37,23,30,3,0,0,2
7,163,217,109,190,2.09,23,30,3,0,0,2
2,406,506,264,456,0.9,23,30,3,0,0,2
0,313,158,157,236,2.32,23,30,3,0,0,2
4,377,472,245,424,1.08,23,30,3,0,0,2
6,169,494,166,332,0.57,23,30,3,0,0,0
1,251,302,161,276,0.8,23,30,3,0,0,2
9,427,357,242,392,1.84,23,30,3,0,0,2
3,364,524,250,444,2.33,23,30,3,0,0,2
8,213,512,188,362,2.21,23,30,3,0,0,2
5,206,338,150,272,2.42,23,30,3,0,0,2
7,223,296,148,260,1.31,23,30,3,0,0,2
2,169,514,170,342,2.34,23,30,3,0,0,2
0,279,218,155,248,2.42,23,30,3,0,0,2
4,352,366,214,359,1.85,23,30,3,0,0,2
6,311,374,199,342,2.03,23,30,3,0,0,2
1,549,423,304,486,0.72,23,30,3,0,0,0
9,436,530,280,483,1.94,23,30,3,0,0,2
3,337,452,225,394,2.18,23,30,3,0,0,2
8,219,286,145,252,2.23,23,30,3,0,0,2
5,281,204,153,242,0.76,23,30,3,0,0,2
7,340,167,169,254,1.33,23,30,3,0,0,2
2,510,203,245,356,2.38,23,30,3,0,0,2
0,412,333,231,372,0.56,23,30,3,0,0,0
4,387,375,230,381,1.34,23,30,3,0,0,2
6,230,436,179,333,1.26,23,30,3,0,0,2
1,481,270,246,376,1.81,23,30,3,0,0,2
9,433,220,217,326,1.95,23,30,3,0,0,2
3,430,491,270,460,2.47,23,30,3,0,0,2
