id,station_name,timestamp,temperature,humidity,co2_ppm,pm25,platform_crowd,escalator_status,lift_status,camera_status
SNS_000001,Rajiv Chowk,2026-03-01 00:00:00,21.7,45.1,541,60,9,Active,Active,Active
SNS_000002,Kashmere Gate,2026-03-01 00:00:00,23.7,63.8,571,102,2,Active,Active,Active
SNS_000003,New Delhi,2026-03-01 00:00:00,21.9,48.6,808,92,0,Active,Active,Active
SNS_000004,Hauz Khas,2026-03-01 00:00:00,21.1,51.6,673,130,4,Active,Active,Active
SNS_000005,Botanical Garden,2026-03-01 00:00:00,21.5,47.1,628,134,10,Active,Active,Active
SNS_000006,Janakpuri West,2026-03-01 00:00:00,21.6,59.2,522,85,5,Active,Active,Active
SNS_000007,Lajpat Nagar,2026-03-01 00:00:00,22.5,50.3,690,61,3,Active,Active,Active
SNS_000008,Central Secretariat,2026-03-01 00:00:00,22.1,57.0,726,55,9,Active,Active,Active
SNS_000009,Yamuna Bank,2026-03-01 00:00:00,22.3,48.7,800,119,9,Active,Active,Active
SNS_000010,Inderlok,2026-03-01 00:00:00,24.3,47.5,766,145,9,Active,Active,Active
SNS_000011,Rajiv Chowk,2026-03-01 01:00:00,22.3,50.9,600,108,1,Active,Active,Active
SNS_000012,Kashmere Gate,2026-03-01 01:00:00,23.1,53.7,547,125,6,Active,Active,Active
SNS_000013,New Delhi,2026-03-01 01:00:00,22.1,47.8,710,53,2,Active,Active,Active
SNS_000014,Hauz Khas,2026-03-01 01:00:00,21.9,47.4,642,78,2,Active,Active,Active
SNS_000015,Botanical Garden,2026-03-01 01:00:00,24.0,60.0,641,44,6,Active,Active,Active
SNS_000016,Janakpuri West,2026-03-01 01:00:00,23.3,57.6,725,59,1,Active,Active,Inactive
SNS_000017,Lajpat Nagar,2026-03-01 01:00:00,22.6,61.1,659,44,1,Active,Active,Active
SNS_000018,Central Secretariat,2026-03-01 01:00:00,22.1,52.2,588,141,10,Active,Active,Active
SNS_000019,Yamuna Bank,2026-03-01 01:00:00,24.3,64.7,849,91,3,Active,Active,Active
SNS_000020,Inderlok,2026-03-01 01:00:00,23.0,46.6,517,40,3,Active,Active,Active
SNS_000021,Rajiv Chowk,2026-03-01 02:00:00,24.2,45.3,798,136,9,Active,Active,Active
SNS_000022,Kashmere Gate,2026-03-01 02:00:00,22.0,59.4,639,51,10,Active,Active,Active
SNS_000023,New Delhi,2026-03-01 02:00:00,22.2,62.0,628,124,6,Active,Active,Active
SNS_000024,Hauz Khas,2026-03-01 02:00:00,21.9,60.1,540,70,7,Active,Active,Active
SNS_000025,Botanical Garden,2026-03-01 02:00:00,24.1,55.4,601,144,0,Active,Active,Active
SNS_000026,Janakpuri West,2026-03-01 02:00:00,21.7,62.4,744,85,4,Active,Active,Active
SNS_000027,Lajpat Nagar,2026-03-01 02:00:00,22.3,56.4,639,70,0,Active,Active,Active
SNS_000028,Central Secretariat,2026-03-01 02:00:00,21.2,55.1,569,49,1,Active,Inactive,Active
SNS_000029,Yamuna Bank,2026-03-01 02:00:00,22.9,62.0,537,130,1,Active,Active,Active
SNS_000030,Inderlok,2026-03-01 02:00:00,23.0,63.4,453,89,10,Active,Active,Active
SNS_000031,Rajiv Chowk,2026-03-01 03:00:00,21.3,64.6,782,140,3,Active,Active,Active
SNS_000032,Kashmere Gate,2026-03-01 03:00:00,23.8,52.1,829,126,7,Active,Active,Active
SNS_000033,New Delhi,2026-03-01 03:00:00,23.8,45.3,645,99,8,Active,Active,Active
SNS_000034,Hauz Khas,2026-03-01 03:00:00,24.1,59.2,788,51,4,Active,Active,Active
SNS_000035,Botanical Garden,2026-03-01 03:00:00,22.4,48.5,720,100,9,Active,Active,Active
SNS_000036,Janakpuri West,2026-03-01 03:00:00,23.8,59.5,631,133,7,Active,Active,Active
SNS_000037,Lajpat Nagar,2026-03-01 03:00:00,24.5,61.9,750,108,5,Under Maintenance,Active,Active
SNS_000038,Central Secretariat,2026-03-01 03:00:00,22.7,51.1,507,58,1,Active,Active,Active
SNS_000039,Yamuna Bank,2026-03-01 03:00:00,24.1,54.9,651,118,1,Active,Active,Active
SNS_000040,Inderlok,2026-03-01 03:00:00,22.2,51.2,491,78,3,Active,Active,Active
SNS_000041,Rajiv Chowk,2026-03-01 04:00:00,23.7,57.3,637,50,6,Active,Active,Active
SNS_000042,Kashmere Gate,2026-03-01 04:00:00,24.2,56.3,653,125,6,Active,Active,Active
SNS_000043,New Delhi,2026-03-01 04:00:00,22.7,64.7,505,65,4,Active,Active,Active
SNS_000044,Hauz Khas,2026-03-01 04:00:00,21.5,55.1,629,110,2,Active,Active,Active
SNS_000045,Botanical Garden,2026-03-01 04:00:00,23.8,63.7,768,48,10,Active,Active,Active
SNS_000046,Janakpuri West,2026-03-01 04:00:00,21.3,57.5,578,55,0,Active,Active,Active
SNS_000047,Lajpat Nagar,2026-03-01 04:00:00,23.8,54.4,738,138,5,Active,Active,Active
SNS_000048,Central Secretariat,2026-03-01 04:00:00,21.2,51.2,545,97,7,Active,Active,Active
SNS_000049,Yamuna Bank,2026-03-01 04:00:00,21.5,45.6,812,46,6,Active,Active,Active
SNS_000050,Inderlok,2026-03-01 04:00:00,21.7,61.4,822,100,9,Active,Active,Active
SNS_000051,Rajiv Chowk,2026-03-01 05:00:00,22.9,61.1,685,83,6,Active,Active,Active
SNS_000052,Kashmere Gate,2026-03-01 05:00:00,23.8,64.6,463,106,8,Active,Active,Active
SNS_000053,New Delhi,2026-03-01 05:00:00,22.0,56.5,681,83,3,Active,Active,Active
SNS_000054,Hauz Khas,2026-03-01 05:00:00,23.8,52.1,562,54,8,Active,Active,Active
SNS_000055,Botanical Garden,2026-03-01 05:00:00,22.7,55.6,777,47,1,Active,Active,Active
SNS_000056,Janakpuri West,2026-03-01 05:00:00,24.4,64.3,558,134,7,Active,Active,Active
SNS_000057,Lajpat Nagar,2026-03-01 05:00:00,22.1,54.3,520,111,0,Active,Active,Active
SNS_000058,Central Secretariat,2026-03-01 05:00:00,22.2,64.1,802,145,6,Active,Active,Active
SNS_000059,Yamuna Bank,2026-03-01 05:00:00,22.9,51.0,602,48,1,Active,Active,Active
SNS_000060,Inderlok,2026-03-01 05:00:00,21.4,62.1,688,97,1,Active,Active,Active
SNS_000061,Rajiv Chowk,2026-03-01 06:00:00,22.5,49.7,592,92,192,Active,Active,Active
SNS_000062,Kashmere Gate,2026-03-01 06:00:00,23.5,50.4,619,146,219,Active,Active,Active
SNS_000063,New Delhi,2026-03-01 06:00:00,21.5,49.7,597,75,282,Active,Active,Active
SNS_000064,Hauz Khas,2026-03-01 06:00:00,21.3,52.1,606,42,299,Active,Active,Active
SNS_000065,Botanical Garden,2026-03-01 06:00:00,23.2,56.9,619,75,214,Active,Active,Active
SNS_000066,Janakpuri West,2026-03-01 06:00:00,23.2,60.2,669,134,132,Active,Active,Active
SNS_000067,Lajpat Nagar,2026-03-01 06:00:00,21.5,47.1,640,116,369,Active,Active,Active
SNS_000068,Central Secretariat,2026-03-01 06:00:00,22.2,52.0,821,53,297,Active,Under Maintenance,Active
SNS_000069,Yamuna Bank,2026-03-01 06:00:00,21.9,58.2,696,98,172,Active,Active,Active
SNS_000070,Inderlok,2026-03-01 06:00:00,21.1,51.2,848,150,176,Active,Active,Active
SNS_000071,Rajiv Chowk,2026-03-01 07:00:00,21.2,50.5,620,150,374,Active,Active,Active
SNS_000072,Kashmere Gate,2026-03-01 07:00:00,22.7,50.4,713,59,161,Active,Active,Active
SNS_000073,New Delhi,2026-03-01 07:00:00,24.4,63.0,642,53,368,Active,Active,Active
SNS_000074,Hauz Khas,2026-03-01 07:00:00,23.3,54.2,783,84,381,Active,Active,Active
SNS_000075,Botanical Garden,2026-03-01 07:00:00,22.1,56.9,818,139,286,Active,Active,Active
SNS_000076,Janakpuri West,2026-03-01 07:00:00,21.6,56.3,781,70,184,Active,Active,Active
SNS_000077,Lajpat Nagar,2026-03-01 07:00:00,22.2,63.3,561,110,237,Active,Active,Active
SNS_000078,Central Secretariat,2026-03-01 07:00:00,23.6,47.1,694,150,252,Active,Active,Active
SNS_000079,Yamuna Bank,2026-03-01 07:00:00,23.0,48.0,756,127,314,Under Maintenance,Active,Active
SNS_000080,Inderlok,2026-03-01 07:00:00,21.7,50.9,698,135,321,Active,Active,Active
SNS_000081,Rajiv Chowk,2026-03-01 08:00:00,23.5,51.2,596,101,875,Active,Active,Active
SNS_000082,Kashmere Gate,2026-03-01 08:00:00,24.4,63.8,581,109,1135,Active,Inactive,Active
SNS_000083,New Delhi,2026-03-01 08:00:00,21.7,56.8,608,66,1388,Active,Active,Active
SNS_000084,Hauz Khas,2026-03-01 08:00:00,21.9,47.7,768,124,1481,Active,Active,Active
SNS_000085,Botanical Garden,2026-03-01 08:00:00,21.6,60.9,540,44,539,Active,Active,Active
SNS_000086,Janakpuri West,2026-03-01 08:00:00,24.1,54.9,477,57,701,Active,Active,Active
SNS_000087,Lajpat Nagar,2026-03-01 08:00:00,24.4,46.9,600,47,798,Active,Active,Active
SNS_000088,Central Secretariat,2026-03-01 08:00:00,23.8,52.7,510,99,1472,Active,Active,Active
SNS_000089,Yamuna Bank,2026-03-01 08:00:00,23.1,57.3,717,145,530,Inactive,Active,Active
SNS_000090,Inderlok,2026-03-01 08:00:00,21.1,49.8,495,93,595,Active,Active,Active
SNS_000091,Rajiv Chowk,2026-03-01 09:00:00,22.8,52.9,848,68,628,Active,Active,Active
SNS_000092,Kashmere Gate,2026-03-01 09:00:00,23.0,54.1,658,95,1180,Active,Active,Active
SNS_000093,New Delhi,2026-03-01 09:00:00,22.3,51.7,695,132,994,Active,Under Maintenance,Active
SNS_000094,Hauz Khas,2026-03-01 09:00:00,24.0,52.8,730,83,862,Active,Active,Active
SNS_000095,Botanical Garden,2026-03-01 09:00:00,23.6,46.8,608,139,1440,Active,Active,Active
SNS_000096,Janakpuri West,2026-03-01 09:00:00,22.8,48.4,605,132,1026,Active,Active,Active
SNS_000097,Lajpat Nagar,2026-03-01 09:00:00,21.2,45.2,569,63,614,Active,Active,Active
SNS_000098,Central Secretariat,2026-03-01 09:00:00,24.0,60.0,701,94,510,Active,Active,Active
SNS_000099,Yamuna Bank,2026-03-01 09:00:00,23.5,64.7,752,111,1163,Active,Active,Active
SNS_000100,Inderlok,2026-03-01 09:00:00,22.5,48.8,702,90,1156,Active,Active,Active
SNS_000101,Rajiv Chowk,2026-03-01 10:00:00,21.2,56.9,504,99,512,Active,Active,Active
SNS_000102,Kashmere Gate,2026-03-01 10:00:00,22.0,53.6,662,126,1319,Active,Active,Active
SNS_000103,New Delhi,2026-03-01 10:00:00,21.7,64.2,690,109,1173,Active,Active,Active
SNS_000104,Hauz Khas,2026-03-01 10:00:00,22.6,62.7,534,45,838,Active,Active,Active
SNS_000105,Botanical Garden,2026-03-01 10:00:00,23.3,64.1,810,140,539,Active,Active,Active
SNS_000106,Janakpuri West,2026-03-01 10:00:00,23.2,65.0,472,106,551,Active,Active,Active
SNS_000107,Lajpat Nagar,2026-03-01 10:00:00,23.1,54.3,819,80,887,Active,Active,Active
SNS_000108,Central Secretariat,2026-03-01 10:00:00,22.6,46.7,722,44,954,Active,Active,Active
SNS_000109,Yamuna Bank,2026-03-01 10:00:00,23.0,51.2,492,146,996,Active,Active,Active
SNS_000110,Inderlok,2026-03-01 10:00:00,22.0,56.5,728,90,1396,Active,Active,Active
SNS_000111,Rajiv Chowk,2026-03-01 11:00:00,21.8,64.2,491,138,311,Active,Active,Active
SNS_000112,Kashmere Gate,2026-03-01 11:00:00,24.3,59.2,843,52,144,Active,Active,Active
SNS_000113,New Delhi,2026-03-01 11:00:00,24.3,63.0,459,66,205,Active,Active,Active
SNS_000114,Hauz Khas,2026-03-01 11:00:00,22.5,53.1,715,114,113,Active,Active,Active
SNS_000115,Botanical Garden,2026-03-01 11:00:00,23.3,61.3,709,125,326,Active,Active,Active
SNS_000116,Janakpuri West,2026-03-01 11:00:00,23.7,59.4,512,92,384,Active,Active,Active
SNS_000117,Lajpat Nagar,2026-03-01 11:00:00,21.3,51.8,553,67,348,Under Maintenance,Active,Active
SNS_000118,Central Secretariat,2026-03-01 11:00:00,23.7,54.4,752,87,114,Under Maintenance,Active,Active
SNS_000119,Yamuna Bank,2026-03-01 11:00:00,22.7,64.9,590,148,109,Active,Active,Active
SNS_000120,Inderlok,2026-03-01 11:00:00,24.2,51.1,751,41,268,Active,Active,Active
SNS_000121,Rajiv Chowk,2026-03-01 12:00:00,21.9,60.4,472,131,109,Active,Active,Active
SNS_000122,Kashmere Gate,2026-03-01 12:00:00,23.9,56.4,841,123,213,Active,Active,Active
SNS_000123,New Delhi,2026-03-01 12:00:00,21.5,63.3,818,41,364,Active,Active,Active
SNS_000124,Hauz Khas,2026-03-01 12:00:00,22.3,49.2,627,106,119,Active,Active,Active
SNS_000125,Botanical Garden,2026-03-01 12:00:00,22.4,47.6,564,123,153,Active,Active,Active
SNS_000126,Janakpuri West,2026-03-01 12:00:00,22.5,50.8,608,126,398,Active,Active,Active
SNS_000127,Lajpat Nagar,2026-03-01 12:00:00,24.0,48.5,555,68,123,Active,Active,Inactive
SNS_000128,Central Secretariat,2026-03-01 12:00:00,23.5,52.6,471,107,296,Active,Active,Active
SNS_000129,Yamuna Bank,2026-03-01 12:00:00,23.0,63.6,790,67,170,Active,Active,Active
SNS_000130,Inderlok,2026-03-01 12:00:00,21.8,57.3,680,44,284,Active,Active,Active
SNS_000131,Rajiv Chowk,2026-03-01 13:00:00,21.1,48.2,489,42,130,Active,Active,Active
SNS_000132,Kashmere Gate,2026-03-01 13:00:00,21.3,63.9,698,62,247,Active,Active,Active
SNS_000133,New Delhi,2026-03-01 13:00:00,22.9,57.3,526,142,181,Active,Under Maintenance,Active
SNS_000134,Hauz Khas,2026-03-01 13:00:00,21.2,47.6,755,117,156,Active,Active,Active
SNS_000135,Botanical Garden,2026-03-01 13:00:00,22.9,57.8,451,66,284,Active,Active,Active
SNS_000136,Janakpuri West,2026-03-01 13:00:00,22.2,63.4,741,106,325,Active,Active,Active
SNS_000137,Lajpat Nagar,2026-03-01 13:00:00,22.6,54.7,516,114,334,Active,Active,Active
SNS_000138,Central Secretariat,2026-03-01 13:00:00,24.4,45.5,603,109,311,Active,Active,Active
SNS_000139,Yamuna Bank,2026-03-01 13:00:00,21.3,62.4,466,50,286,Active,Active,Active
SNS_000140,Inderlok,2026-03-01 13:00:00,24.0,55.7,603,123,294,Active,Active,Active
SNS_000141,Rajiv Chowk,2026-03-01 14:00:00,22.4,46.9,796,67,100,Active,Active,Active
SNS_000142,Kashmere Gate,2026-03-01 14:00:00,24.4,54.8,571,88,221,Active,Active,Active
SNS_000143,New Delhi,2026-03-01 14:00:00,21.3,47.8,602,107,213,Active,Active,Active
SNS_000144,Hauz Khas,2026-03-01 14:00:00,23.2,46.2,800,62,287,Active,Active,Active
SNS_000145,Botanical Garden,2026-03-01 14:00:00,23.6,46.0,497,40,191,Active,Active,Active
SNS_000146,Janakpuri West,2026-03-01 14:00:00,23.9,55.0,707,45,314,Active,Active,Active
SNS_000147,Lajpat Nagar,2026-03-01 14:00:00,24.2,63.8,568,69,178,Active,Active,Active
SNS_000148,Central Secretariat,2026-03-01 14:00:00,23.5,53.9,568,126,295,Active,Active,Active
SNS_000149,Yamuna Bank,2026-03-01 14:00:00,24.3,57.8,746,85,363,Active,Active,Active
SNS_000150,Inderlok,2026-03-01 14:00:00,21.5,45.9,488,128,179,Active,Active,Active
SNS_000151,Rajiv Chowk,2026-03-01 15:00:00,22.6,63.3,572,83,152,Active,Active,Active
SNS_000152,Kashmere Gate,2026-03-01 15:00:00,21.6,54.9,593,81,175,Active,Active,Active
SNS_000153,New Delhi,2026-03-01 15:00:00,24.5,51.3,738,42,362,Active,Active,Active
SNS_000154,Hauz Khas,2026-03-01 15:00:00,21.6,46.3,579,56,384,Active,Active,Active
SNS_000155,Botanical Garden,2026-03-01 15:00:00,21.9,55.5,518,111,304,Active,Active,Active
SNS_000156,Janakpuri West,2026-03-01 15:00:00,23.1,47.1,808,45,309,Active,Active,Active
SNS_000157,Lajpat Nagar,2026-03-01 15:00:00,21.9,64.5,832,112,166,Inactive,Active,Active
SNS_000158,Central Secretariat,2026-03-01 15:00:00,21.4,51.3,846,54,158,Active,Active,Active
SNS_000159,Yamuna Bank,2026-03-01 15:00:00,24.0,63.8,770,134,199,Active,Active,Active
SNS_000160,Inderlok,2026-03-01 15:00:00,21.4,59.0,603,65,190,Active,Active,Active
SNS_000161,Rajiv Chowk,2026-03-01 16:00:00,21.4,52.4,734,121,175,Active,Active,Active
SNS_000162,Kashmere Gate,2026-03-01 16:00:00,22.2,55.8,465,75,241,Active,Active,Active
SNS_000163,New Delhi,2026-03-01 16:00:00,21.4,53.4,586,87,256,Active,Active,Active
SNS_000164,Hauz Khas,2026-03-01 16:00:00,21.2,62.9,559,84,109,Active,Active,Active
SNS_000165,Botanical Garden,2026-03-01 16:00:00,22.6,51.1,545,99,356,Active,Active,Active
SNS_000166,Janakpuri West,2026-03-01 16:00:00,22.8,56.3,669,119,164,Active,Active,Active
SNS_000167,Lajpat Nagar,2026-03-01 16:00:00,23.2,59.1,585,120,358,Active,Active,Active
SNS_000168,Central Secretariat,2026-03-01 16:00:00,22.8,49.6,616,97,392,Active,Active,Active
SNS_000169,Yamuna Bank,2026-03-01 16:00:00,22.7,63.4,760,74,145,Active,Active,Active
SNS_000170,Inderlok,2026-03-01 16:00:00,24.2,60.7,773,41,308,Active,Active,Active
SNS_000171,Rajiv Chowk,2026-03-01 17:00:00,22.5,57.3,814,46,1057,Active,Active,Active
SNS_000172,Kashmere Gate,2026-03-01 17:00:00,22.2,48.7,483,135,649,Active,Active,Active
SNS_000173,New Delhi,2026-03-01 17:00:00,21.7,59.7,555,59,792,Active,Active,Active
SNS_000174,Hauz Khas,2026-03-01 17:00:00,24.4,49.2,651,59,998,Active,Active,Active
SNS_000175,Botanical Garden,2026-03-01 17:00:00,23.8,60.5,820,59,1392,Active,Active,Active
SNS_000176,Janakpuri West,2026-03-01 17:00:00,21.4,64.3,522,66,551,Active,Active,Active
SNS_000177,Lajpat Nagar,2026-03-01 17:00:00,22.9,56.9,709,64,735,Active,Active,Active
SNS_000178,Central Secretariat,2026-03-01 17:00:00,22.7,62.4,503,50,1481,Active,Active,Active
SNS_000179,Yamuna Bank,2026-03-01 17:00:00,21.2,49.4,606,145,1207,Active,Active,Active
SNS_000180,Inderlok,2026-03-01 17:00:00,22.3,57.6,776,100,1435,Active,Active,Active
SNS_000181,Rajiv Chowk,2026-03-01 18:00:00,21.8,63.2,631,59,904,Active,Active,Active
SNS_000182,Kashmere Gate,2026-03-01 18:00:00,24.0,46.8,512,87,634,Active,Active,Active
SNS_000183,New Delhi,2026-03-01 18:00:00,23.3,45.6,817,119,976,Active,Active,Active
SNS_000184,Hauz Khas,2026-03-01 18:00:00,21.4,49.9,667,122,1037,Active,Active,Active
SNS_000185,Botanical Garden,2026-03-01 18:00:00,24.4,57.1,784,49,1031,Active,Active,Active
SNS_000186,Janakpuri West,2026-03-01 18:00:00,24.2,50.3,544,50,526,Active,Active,Active
SNS_000187,Lajpat Nagar,2026-03-01 18:00:00,23.8,52.2,504,126,617,Active,Active,Active
SNS_000188,Central Secretariat,2026-03-01 18:00:00,21.3,49.8,621,86,601,Active,Active,Active
SNS_000189,Yamuna Bank,2026-03-01 18:00:00,22.9,47.6,615,68,1196,Active,Active,Active
SNS_000190,Inderlok,2026-03-01 18:00:00,21.1,50.6,505,137,527,Active,Active,Active
SNS_000191,Rajiv Chowk,2026-03-01 19:00:00,24.3,60.2,709,53,863,Active,Active,Active
SNS_000192,Kashmere Gate,2026-03-01 19:00:00,21.6,53.1,579,131,1056,Active,Active,Active
SNS_000193,New Delhi,2026-03-01 19:00:00,23.1,45.1,485,105,896,Active,Active,Active
SNS_000194,Hauz Khas,2026-03-01 19:00:00,23.9,58.3,675,50,618,Active,Active,Active
SNS_000195,Botanical Garden,2026-03-01 19:00:00,22.4,54.6,758,127,629,Active,Active,Active
SNS_000196,Janakpuri West,2026-03-01 19:00:00,23.1,56.7,722,83,1264,Active,Active,Active
SNS_000197,Lajpat Nagar,2026-03-01 19:00:00,21.2,55.0,566,78,1042,Active,Active,Active
SNS_000198,Central Secretariat,2026-03-01 19:00:00,23.3,53.2,573,140,691,Active,Active,Active
SNS_000199,Yamuna Bank,2026-03-01 19:00:00,24.3,45.8,577,64,1106,Inactive,Active,Active
SNS_000200,Inderlok,2026-03-01 19:00:00,22.1,45.4,577,137,736,Active,Active,Active
SNS_000201,Rajiv Chowk,2026-03-01 20:00:00,23.5,57.1,502,121,850,Active,Active,Active
SNS_000202,Kashmere Gate,2026-03-01 20:00:00,24.5,46.0,793,95,1306,Active,Active,Inactive
SNS_000203,New Delhi,2026-03-01 20:00:00,23.5,61.8,805,58,1132,Under Maintenance,Active,Active
SNS_000204,Hauz Khas,2026-03-01 20:00:00,22.2,54.5,603,67,803,Active,Active,Active
SNS_000205,Botanical Garden,2026-03-01 20:00:00,21.5,52.7,626,84,1109,Active,Active,Active
SNS_000206,Janakpuri West,2026-03-01 20:00:00,22.4,52.0,679,117,1221,Active,Active,Active
SNS_000207,Lajpat Nagar,2026-03-01 20:00:00,23.9,49.1,486,131,969,Active,Active,Active
SNS_000208,Central Secretariat,2026-03-01 20:00:00,23.0,62.2,627,142,1067,Active,Active,Active
SNS_000209,Yamuna Bank,2026-03-01 20:00:00,21.9,47.0,637,143,717,Active,Active,Active
SNS_000210,Inderlok,2026-03-01 20:00:00,23.4,46.2,544,91,858,Active,Active,Active
SNS_000211,Rajiv Chowk,2026-03-01 21:00:00,22.7,63.5,751,81,142,Active,Active,Active
SNS_000212,Kashmere Gate,2026-03-01 21:00:00,23.2,46.8,661,150,198,Active,Active,Active
SNS_000213,New Delhi,2026-03-01 21:00:00,22.4,45.3,537,90,400,Active,Active,Active
SNS_000214,Hauz Khas,2026-03-01 21:00:00,21.6,58.6,624,41,109,Active,Active,Active
SNS_000215,Botanical Garden,2026-03-01 21:00:00,22.8,57.8,514,139,223,Active,Active,Active
SNS_000216,Janakpuri West,2026-03-01 21:00:00,22.3,54.3,593,88,226,Active,Active,Active
SNS_000217,Lajpat Nagar,2026-03-01 21:00:00,21.2,63.6,711,53,102,Active,Active,Active
SNS_000218,Central Secretariat,2026-03-01 21:00:00,24.0,52.2,499,68,223,Active,Active,Active
SNS_000219,Yamuna Bank,2026-03-01 21:00:00,22.5,53.9,763,58,218,Inactive,Active,Active
SNS_000220,Inderlok,2026-03-01 21:00:00,23.0,54.7,725,74,180,Active,Active,Active
SNS_000221,Rajiv Chowk,2026-03-01 22:00:00,23.7,49.6,757,138,245,Active,Active,Active
SNS_000222,Kashmere Gate,2026-03-01 22:00:00,22.1,54.4,566,87,321,Active,Active,Active
SNS_000223,New Delhi,2026-03-01 22:00:00,21.7,49.7,527,69,313,Active,Active,Active
SNS_000224,Hauz Khas,2026-03-01 22:00:00,22.8,48.9,523,57,399,Active,Active,Active
SNS_000225,Botanical Garden,2026-03-01 22:00:00,23.5,52.0,807,100,335,Active,Active,Active
SNS_000226,Janakpuri West,2026-03-01 22:00:00,24.2,64.8,586,72,152,Active,Active,Active
SNS_000227,Lajpat Nagar,2026-03-01 22:00:00,23.5,59.0,555,148,136,Active,Inactive,Active
SNS_000228,Central Secretariat,2026-03-01 22:00:00,24.3,63.2,569,65,365,Active,Active,Active
SNS_000229,Yamuna Bank,2026-03-01 22:00:00,22.4,47.8,692,91,195,Active,Active,Active
SNS_000230,Inderlok,2026-03-01 22:00:00,24.0,46.2,746,110,179,Active,Active,Active
SNS_000231,Rajiv Chowk,2026-03-01 23:00:00,21.8,62.8,754,98,175,Active,Active,Active
SNS_000232,Kashmere Gate,2026-03-01 23:00:00,24.1,57.6,742,84,369,Active,Active,Active
SNS_000233,New Delhi,2026-03-01 23:00:00,24.5,63.2,658,47,287,Active,Active,Active
SNS_000234,Hauz Khas,2026-03-01 23:00:00,21.9,45.7,465,40,301,Active,Active,Active
SNS_000235,Botanical Garden,2026-03-01 23:00:00,21.9,58.5,686,50,293,Active,Active,Active
SNS_000236,Janakpuri West,2026-03-01 23:00:00,23.4,49.3,504,110,279,Active,Active,Active
SNS_000237,Lajpat Nagar,2026-03-01 23:00:00,23.5,63.9,619,107,100,Active,Active,Active
SNS_000238,Central Secretariat,2026-03-01 23:00:00,23.1,57.1,591,75,102,Active,Active,Active
SNS_000239,Yamuna Bank,2026-03-01 23:00:00,24.4,62.7,645,73,161,Inactive,Active,Active
SNS_000240,Inderlok,2026-03-01 23:00:00,22.7,58.9,848,146,387,Active,Active,Active
SNS_000241,Rajiv Chowk,2026-03-02 00:00:00,23.1,49.5,643,114,9,Active,Active,Active
SNS_000242,Kashmere Gate,2026-03-02 00:00:00,22.9,47.2,658,78,4,Active,Active,Active
SNS_000243,New Delhi,2026-03-02 00:00:00,22.8,51.6,843,120,0,Active,Active,Active
SNS_000244,Hauz Khas,2026-03-02 00:00:00,21.9,57.4,783,108,0,Active,Active,Active
SNS_000245,Botanical Garden,2026-03-02 00:00:00,23.7,63.9,581,93,2,Active,Active,Active
SNS_000246,Janakpuri West,2026-03-02 00:00:00,22.6,52.1,591,48,3,Active,Active,Active
SNS_000247,Lajpat Nagar,2026-03-02 00:00:00,23.6,45.5,461,79,5,Active,Active,Active
SNS_000248,Central Secretariat,2026-03-02 00:00:00,24.0,62.1,578,94,4,Under Maintenance,Active,Active
SNS_000249,Yamuna Bank,2026-03-02 00:00:00,22.1,45.3,565,76,2,Active,Active,Active
SNS_000250,Inderlok,2026-03-02 00:00:00,22.1,57.1,815,82,2,Active,Active,Active
SNS_000251,Rajiv Chowk,2026-03-02 01:00:00,23.6,60.2,632,70,7,Active,Active,Active
SNS_000252,Kashmere Gate,2026-03-02 01:00:00,23.5,56.6,515,100,0,Active,Active,Active
SNS_000253,New Delhi,2026-03-02 01:00:00,24.0,64.0,451,126,4,Active,Active,Active
SNS_000254,Hauz Khas,2026-03-02 01:00:00,22.3,46.7,767,106,8,Active,Active,Active
SNS_000255,Botanical Garden,2026-03-02 01:00:00,22.5,57.3,775,103,3,Active,Active,Active
SNS_000256,Janakpuri West,2026-03-02 01:00:00,22.4,51.7,826,81,6,Active,Active,Active
SNS_000257,Lajpat Nagar,2026-03-02 01:00:00,22.1,55.2,720,123,5,Inactive,Active,Active
SNS_000258,Central Secretariat,2026-03-02 01:00:00,22.2,57.3,600,90,8,Active,Active,Active
SNS_000259,Yamuna Bank,2026-03-02 01:00:00,23.7,57.7,732,69,5,Active,Active,Active
SNS_000260,Inderlok,2026-03-02 01:00:00,23.4,45.0,593,107,4,Active,Active,Active
SNS_000261,Rajiv Chowk,2026-03-02 02:00:00,24.5,58.5,778,133,0,Under Maintenance,Active,Active
SNS_000262,Kashmere Gate,2026-03-02 02:00:00,22.7,46.2,510,47,5,Active,Active,Active
SNS_000263,New Delhi,2026-03-02 02:00:00,21.6,61.4,496,79,5,Active,Active,Active
SNS_000264,Hauz Khas,2026-03-02 02:00:00,22.0,50.0,520,92,3,Active,Active,Active
SNS_000265,Botanical Garden,2026-03-02 02:00:00,22.7,52.9,824,78,8,Inactive,Active,Active
SNS_000266,Janakpuri West,2026-03-02 02:00:00,23.5,56.6,753,129,8,Active,Active,Active
SNS_000267,Lajpat Nagar,2026-03-02 02:00:00,22.1,49.0,482,104,6,Active,Active,Active
SNS_000268,Central Secretariat,2026-03-02 02:00:00,22.4,49.8,780,52,4,Inactive,Active,Active
SNS_000269,Yamuna Bank,2026-03-02 02:00:00,21.7,47.1,494,46,1,Active,Active,Active
SNS_000270,Inderlok,2026-03-02 02:00:00,21.9,56.7,480,127,7,Inactive,Active,Active
SNS_000271,Rajiv Chowk,2026-03-02 03:00:00,23.9,51.7,620,119,6,Active,Active,Active
SNS_000272,Kashmere Gate,2026-03-02 03:00:00,23.7,63.5,601,120,4,Inactive,Inactive,Active
SNS_000273,New Delhi,2026-03-02 03:00:00,24.2,59.4,532,147,1,Active,Active,Active
SNS_000274,Hauz Khas,2026-03-02 03:00:00,23.3,54.9,555,146,5,Active,Active,Active
SNS_000275,Botanical Garden,2026-03-02 03:00:00,21.4,59.9,555,141,6,Inactive,Active,Active
SNS_000276,Janakpuri West,2026-03-02 03:00:00,22.0,47.2,668,46,8,Active,Active,Active
SNS_000277,Lajpat Nagar,2026-03-02 03:00:00,21.8,57.4,843,131,6,Active,Active,Active
SNS_000278,Central Secretariat,2026-03-02 03:00:00,23.5,62.4,785,150,4,Active,Active,Active
SNS_000279,Yamuna Bank,2026-03-02 03:00:00,23.9,53.7,633,74,8,Active,Active,Active
SNS_000280,Inderlok,2026-03-02 03:00:00,24.2,63.8,537,120,2,Active,Active,Active
SNS_000281,Rajiv Chowk,2026-03-02 04:00:00,23.3,50.9,550,146,3,Active,Active,Active
SNS_000282,Kashmere Gate,2026-03-02 04:00:00,21.3,55.2,624,145,4,Active,Active,Active
SNS_000283,New Delhi,2026-03-02 04:00:00,21.2,63.8,694,63,1,Active,Active,Active
SNS_000284,Hauz Khas,2026-03-02 04:00:00,23.2,52.0,813,135,9,Active,Active,Active
SNS_000285,Botanical Garden,2026-03-02 04:00:00,22.8,50.1,710,147,5,Active,Active,Active
SNS_000286,Janakpuri West,2026-03-02 04:00:00,22.2,51.2,806,45,5,Active,Active,Active
SNS_000287,Lajpat Nagar,2026-03-02 04:00:00,21.5,53.2,802,40,8,Active,Active,Active
SNS_000288,Central Secretariat,2026-03-02 04:00:00,21.5,51.4,732,91,4,Active,Active,Active
SNS_000289,Yamuna Bank,2026-03-02 04:00:00,21.6,47.2,653,127,9,Active,Active,Active
SNS_000290,Inderlok,2026-03-02 04:00:00,22.0,49.8,463,87,5,Active,Active,Active
SNS_000291,Rajiv Chowk,2026-03-02 05:00:00,21.9,64.4,625,131,1,Active,Active,Active
SNS_000292,Kashmere Gate,2026-03-02 05:00:00,23.0,63.3,840,64,10,Active,Active,Active
SNS_000293,New Delhi,2026-03-02 05:00:00,21.1,48.9,843,44,6,Active,Active,Active
SNS_000294,Hauz Khas,2026-03-02 05:00:00,23.6,50.4,834,88,1,Active,Active,Active
SNS_000295,Botanical Garden,2026-03-02 05:00:00,21.6,50.1,792,103,0,Active,Active,Active
SNS_000296,Janakpuri West,2026-03-02 05:00:00,22.6,63.6,798,132,3,Active,Active,Active
SNS_000297,Lajpat Nagar,2026-03-02 05:00:00,22.0,53.1,604,149,1,Active,Active,Active
SNS_000298,Central Secretariat,2026-03-02 05:00:00,24.4,63.0,755,147,5,Active,Active,Active
SNS_000299,Yamuna Bank,2026-03-02 05:00:00,23.5,47.9,804,78,9,Active,Active,Active
SNS_000300,Inderlok,2026-03-02 05:00:00,22.0,63.6,691,127,9,Active,Active,Active
SNS_000301,Rajiv Chowk,2026-03-02 06:00:00,23.0,45.9,532,87,227,Active,Active,Active
SNS_000302,Kashmere Gate,2026-03-02 06:00:00,21.7,59.3,656,96,311,Active,Active,Active
SNS_000303,New Delhi,2026-03-02 06:00:00,24.0,62.0,582,79,381,Active,Active,Active
SNS_000304,Hauz Khas,2026-03-02 06:00:00,23.4,55.8,501,99,277,Active,Active,Active
SNS_000305,Botanical Garden,2026-03-02 06:00:00,23.8,49.2,700,86,177,Active,Active,Active
SNS_000306,Janakpuri West,2026-03-02 06:00:00,23.1,58.7,591,82,212,Active,Active,Active
SNS_000307,Lajpat Nagar,2026-03-02 06:00:00,22.1,52.8,590,133,142,Active,Active,Active
SNS_000308,Central Secretariat,2026-03-02 06:00:00,23.0,48.9,669,98,296,Active,Active,Active
SNS_000309,Yamuna Bank,2026-03-02 06:00:00,21.7,46.6,600,118,134,Active,Active,Active
SNS_000310,Inderlok,2026-03-02 06:00:00,21.8,55.8,604,107,166,Active,Active,Active
SNS_000311,Rajiv Chowk,2026-03-02 07:00:00,21.3,52.2,561,116,396,Active,Active,Active
SNS_000312,Kashmere Gate,2026-03-02 07:00:00,21.6,50.9,554,82,177,Active,Active,Active
SNS_000313,New Delhi,2026-03-02 07:00:00,24.1,48.9,476,104,343,Active,Active,Active
SNS_000314,Hauz Khas,2026-03-02 07:00:00,23.5,61.9,452,47,311,Active,Active,Active
SNS_000315,Botanical Garden,2026-03-02 07:00:00,22.6,52.7,689,106,162,Active,Active,Active
SNS_000316,Janakpuri West,2026-03-02 07:00:00,23.9,53.7,829,142,153,Active,Active,Active
SNS_000317,Lajpat Nagar,2026-03-02 07:00:00,22.7,45.1,730,53,218,Active,Active,Active
SNS_000318,Central Secretariat,2026-03-02 07:00:00,23.0,58.8,604,115,363,Active,Active,Active
SNS_000319,Yamuna Bank,2026-03-02 07:00:00,24.5,48.9,526,104,339,Active,Active,Active
SNS_000320,Inderlok,2026-03-02 07:00:00,23.2,48.4,564,144,363,Active,Active,Active
SNS_000321,Rajiv Chowk,2026-03-02 08:00:00,21.7,60.3,540,81,543,Active,Active,Active
SNS_000322,Kashmere Gate,2026-03-02 08:00:00,23.8,47.7,597,107,1340,Active,Active,Active
SNS_000323,New Delhi,2026-03-02 08:00:00,23.6,62.7,669,73,504,Active,Inactive,Active
SNS_000324,Hauz Khas,2026-03-02 08:00:00,21.2,59.8,517,115,565,Active,Active,Active
SNS_000325,Botanical Garden,2026-03-02 08:00:00,23.5,64.6,488,85,658,Active,Active,Active
SNS_000326,Janakpuri West,2026-03-02 08:00:00,24.4,47.1,480,120,840,Active,Active,Active
SNS_000327,Lajpat Nagar,2026-03-02 08:00:00,24.4,46.5,738,80,1061,Active,Active,Active
SNS_000328,Central Secretariat,2026-03-02 08:00:00,24.3,55.9,502,66,1066,Active,Active,Active
SNS_000329,Yamuna Bank,2026-03-02 08:00:00,24.2,58.5,580,92,994,Active,Active,Active
SNS_000330,Inderlok,2026-03-02 08:00:00,23.0,51.7,610,101,746,Active,Active,Active
SNS_000331,Rajiv Chowk,2026-03-02 09:00:00,23.5,46.3,834,133,611,Active,Active,Active
SNS_000332,Kashmere Gate,2026-03-02 09:00:00,22.3,64.2,752,97,606,Active,Active,Active
SNS_000333,New Delhi,2026-03-02 09:00:00,22.1,53.0,492,53,607,Active,Active,Active
SNS_000334,Hauz Khas,2026-03-02 09:00:00,24.3,49.2,774,125,1389,Active,Active,Active
SNS_000335,Botanical Garden,2026-03-02 09:00:00,23.6,53.9,820,90,507,Active,Active,Active
SNS_000336,Janakpuri West,2026-03-02 09:00:00,23.8,49.8,739,143,1068,Active,Active,Active
SNS_000337,Lajpat Nagar,2026-03-02 09:00:00,24.0,62.0,565,116,872,Active,Active,Active
SNS_000338,Central Secretariat,2026-03-02 09:00:00,22.1,60.4,487,61,791,Active,Active,Active
SNS_000339,Yamuna Bank,2026-03-02 09:00:00,21.5,58.6,790,74,1495,Active,Active,Active
SNS_000340,Inderlok,2026-03-02 09:00:00,22.7,46.8,739,126,651,Active,Active,Active
SNS_000341,Rajiv Chowk,2026-03-02 10:00:00,22.9,50.0,644,68,661,Active,Active,Active
SNS_000342,Kashmere Gate,2026-03-02 10:00:00,21.5,46.4,770,63,1492,Active,Active,Active
SNS_000343,New Delhi,2026-03-02 10:00:00,24.1,59.5,581,45,877,Active,Active,Active
SNS_000344,Hauz Khas,2026-03-02 10:00:00,24.4,45.5,513,120,1163,Active,Active,Active
SNS_000345,Botanical Garden,2026-03-02 10:00:00,21.1,51.7,769,62,1402,Active,Active,Active
SNS_000346,Janakpuri West,2026-03-02 10:00:00,22.3,59.3,587,132,973,Active,Active,Active
SNS_000347,Lajpat Nagar,2026-03-02 10:00:00,23.8,56.8,617,114,543,Active,Active,Active
SNS_000348,Central Secretariat,2026-03-02 10:00:00,24.3,57.3,734,51,798,Active,Active,Active
SNS_000349,Yamuna Bank,2026-03-02 10:00:00,24.3,50.4,480,116,1410,Active,Active,Active
SNS_000350,Inderlok,2026-03-02 10:00:00,21.2,56.9,660,91,1056,Active,Active,Active
SNS_000351,Rajiv Chowk,2026-03-02 11:00:00,22.0,46.6,576,97,400,Active,Active,Active
SNS_000352,Kashmere Gate,2026-03-02 11:00:00,21.0,56.4,624,54,157,Active,Active,Active
SNS_000353,New Delhi,2026-03-02 11:00:00,23.3,48.5,668,89,150,Active,Active,Active
SNS_000354,Hauz Khas,2026-03-02 11:00:00,21.0,60.6,495,52,155,Active,Active,Active
SNS_000355,Botanical Garden,2026-03-02 11:00:00,24.4,62.2,783,114,400,Active,Active,Active
SNS_000356,Janakpuri West,2026-03-02 11:00:00,24.1,64.8,616,75,210,Inactive,Active,Active
SNS_000357,Lajpat Nagar,2026-03-02 11:00:00,21.8,51.6,504,142,203,Active,Active,Active
SNS_000358,Central Secretariat,2026-03-02 11:00:00,21.5,48.2,452,95,294,Active,Active,Active
SNS_000359,Yamuna Bank,2026-03-02 11:00:00,23.6,57.5,465,56,281,Active,Active,Active
SNS_000360,Inderlok,2026-03-02 11:00:00,21.1,54.7,472,78,261,Active,Active,Active
SNS_000361,Rajiv Chowk,2026-03-02 12:00:00,22.9,54.5,679,67,301,Active,Active,Active
SNS_000362,Kashmere Gate,2026-03-02 12:00:00,23.7,46.5,835,57,152,Active,Inactive,Active
SNS_000363,New Delhi,2026-03-02 12:00:00,23.8,58.5,662,113,142,Active,Active,Active
SNS_000364,Hauz Khas,2026-03-02 12:00:00,24.2,50.6,746,136,202,Active,Active,Active
SNS_000365,Botanical Garden,2026-03-02 12:00:00,21.4,49.2,524,57,400,Active,Active,Active
SNS_000366,Janakpuri West,2026-03-02 12:00:00,21.1,56.9,488,123,342,Active,Active,Active
SNS_000367,Lajpat Nagar,2026-03-02 12:00:00,22.8,52.2,599,60,336,Active,Under Maintenance,Active
SNS_000368,Central Secretariat,2026-03-02 12:00:00,21.9,57.8,791,113,167,Active,Active,Active
SNS_000369,Yamuna Bank,2026-03-02 12:00:00,24.5,50.2,471,80,308,Active,Active,Active
SNS_000370,Inderlok,2026-03-02 12:00:00,23.2,64.6,587,124,225,Active,Active,Active
SNS_000371,Rajiv Chowk,2026-03-02 13:00:00,23.5,47.3,654,105,376,Active,Active,Active
SNS_000372,Kashmere Gate,2026-03-02 13:00:00,23.0,55.7,594,129,129,Active,Active,Active
SNS_000373,New Delhi,2026-03-02 13:00:00,23.8,48.8,490,116,100,Active,Active,Active
SNS_000374,Hauz Khas,2026-03-02 13:00:00,22.4,58.5,570,90,335,Active,Active,Active
SNS_000375,Botanical Garden,2026-03-02 13:00:00,24.5,53.8,581,82,367,Active,Active,Active
SNS_000376,Janakpuri West,2026-03-02 13:00:00,23.1,49.3,632,72,120,Active,Active,Active
SNS_000377,Lajpat Nagar,2026-03-02 13:00:00,22.6,56.0,794,122,176,Active,Active,Active
SNS_000378,Central Secretariat,2026-03-02 13:00:00,24.4,52.2,559,116,302,Active,Active,Active
SNS_000379,Yamuna Bank,2026-03-02 13:00:00,23.1,50.5,737,61,379,Active,Active,Active
SNS_000380,Inderlok,2026-03-02 13:00:00,23.0,63.7,781,111,156,Active,Active,Active
SNS_000381,Rajiv Chowk,2026-03-02 14:00:00,21.9,55.0,531,112,323,Active,Active,Active
SNS_000382,Kashmere Gate,2026-03-02 14:00:00,21.8,64.4,537,44,175,Inactive,Inactive,Active
SNS_000383,New Delhi,2026-03-02 14:00:00,22.5,59.1,640,97,354,Active,Active,Active
SNS_000384,Hauz Khas,2026-03-02 14:00:00,24.1,64.5,737,58,307,Active,Active,Active
SNS_000385,Botanical Garden,2026-03-02 14:00:00,23.1,50.4,531,98,384,Active,Active,Active
SNS_000386,Janakpuri West,2026-03-02 14:00:00,23.7,57.8,582,124,387,Active,Active,Active
SNS_000387,Lajpat Nagar,2026-03-02 14:00:00,21.9,64.5,727,132,328,Active,Active,Active
SNS_000388,Central Secretariat,2026-03-02 14:00:00,23.2,60.4,565,98,234,Active,Active,Active
SNS_000389,Yamuna Bank,2026-03-02 14:00:00,23.8,54.3,769,111,177,Active,Active,Active
SNS_000390,Inderlok,2026-03-02 14:00:00,22.8,54.8,590,71,379,Active,Active,Active
SNS_000391,Rajiv Chowk,2026-03-02 15:00:00,24.5,61.3,776,86,356,Active,Active,Active
SNS_000392,Kashmere Gate,2026-03-02 15:00:00,22.1,45.4,508,134,301,Active,Active,Active
SNS_000393,New Delhi,2026-03-02 15:00:00,23.5,54.2,501,144,379,Active,Active,Active
SNS_000394,Hauz Khas,2026-03-02 15:00:00,21.9,64.4,501,111,373,Active,Active,Active
SNS_000395,Botanical Garden,2026-03-02 15:00:00,22.7,62.5,826,112,224,Active,Active,Active
SNS_000396,Janakpuri West,2026-03-02 15:00:00,23.9,63.6,653,148,106,Inactive,Active,Active
SNS_000397,Lajpat Nagar,2026-03-02 15:00:00,24.4,57.8,749,95,257,Under Maintenance,Active,Active
SNS_000398,Central Secretariat,2026-03-02 15:00:00,21.0,45.6,621,133,205,Active,Active,Active
SNS_000399,Yamuna Bank,2026-03-02 15:00:00,24.0,49.8,500,134,279,Active,Active,Active
SNS_000400,Inderlok,2026-03-02 15:00:00,24.1,57.8,601,91,244,Active,Active,Active
SNS_000401,Rajiv Chowk,2026-03-02 16:00:00,21.1,60.0,655,65,274,Active,Active,Active
SNS_000402,Kashmere Gate,2026-03-02 16:00:00,22.5,62.4,794,108,341,Active,Active,Active
SNS_000403,New Delhi,2026-03-02 16:00:00,22.6,47.8,624,77,345,Active,Active,Active
SNS_000404,Hauz Khas,2026-03-02 16:00:00,23.8,53.8,845,64,245,Active,Active,Active
SNS_000405,Botanical Garden,2026-03-02 16:00:00,21.7,47.5,762,72,110,Active,Active,Active
SNS_000406,Janakpuri West,2026-03-02 16:00:00,23.7,50.9,749,132,351,Active,Active,Active
SNS_000407,Lajpat Nagar,2026-03-02 16:00:00,21.4,50.3,457,121,193,Active,Active,Active
SNS_000408,Central Secretariat,2026-03-02 16:00:00,23.0,50.3,645,102,186,Under Maintenance,Active,Active
SNS_000409,Yamuna Bank,2026-03-02 16:00:00,23.9,49.7,830,117,213,Active,Active,Active
SNS_000410,Inderlok,2026-03-02 16:00:00,23.1,45.0,837,78,330,Active,Active,Active
SNS_000411,Rajiv Chowk,2026-03-02 17:00:00,21.4,64.9,606,81,1272,Active,Active,Active
SNS_000412,Kashmere Gate,2026-03-02 17:00:00,22.5,58.9,543,50,1213,Active,Active,Active
SNS_000413,New Delhi,2026-03-02 17:00:00,24.1,46.0,709,62,1361,Active,Active,Active
SNS_000414,Hauz Khas,2026-03-02 17:00:00,24.3,54.3,787,46,846,Active,Active,Active
SNS_000415,Botanical Garden,2026-03-02 17:00:00,22.4,59.8,665,74,1389,Active,Active,Active
SNS_000416,Janakpuri West,2026-03-02 17:00:00,21.8,52.0,793,82,851,Active,Active,Active
SNS_000417,Lajpat Nagar,2026-03-02 17:00:00,23.5,53.4,821,98,1332,Active,Active,Active
SNS_000418,Central Secretariat,2026-03-02 17:00:00,22.6,48.7,554,126,1295,Active,Active,Active
SNS_000419,Yamuna Bank,2026-03-02 17:00:00,21.5,54.6,624,71,1128,Active,Active,Active
SNS_000420,Inderlok,2026-03-02 17:00:00,23.5,59.0,668,142,1176,Active,Active,Active
SNS_000421,Rajiv Chowk,2026-03-02 18:00:00,22.6,54.2,762,135,674,Active,Active,Active
SNS_000422,Kashmere Gate,2026-03-02 18:00:00,24.4,58.6,660,48,1080,Active,Active,Active
SNS_000423,New Delhi,2026-03-02 18:00:00,22.9,63.8,825,70,1005,Active,Active,Active
SNS_000424,Hauz Khas,2026-03-02 18:00:00,21.7,54.3,554,74,712,Active,Active,Active
SNS_000425,Botanical Garden,2026-03-02 18:00:00,21.6,62.6,742,105,1072,Active,Active,Active
SNS_000426,Janakpuri West,2026-03-02 18:00:00,22.8,60.7,485,92,1244,Active,Active,Active
SNS_000427,Lajpat Nagar,2026-03-02 18:00:00,24.2,49.4,473,92,1050,Active,Active,Active
SNS_000428,Central Secretariat,2026-03-02 18:00:00,22.9,45.7,675,106,822,Active,Active,Active
SNS_000429,Yamuna Bank,2026-03-02 18:00:00,23.5,56.7,604,106,1011,Inactive,Active,Active
SNS_000430,Inderlok,2026-03-02 18:00:00,22.1,63.7,833,65,1184,Active,Active,Active
SNS_000431,Rajiv Chowk,2026-03-02 19:00:00,22.9,52.6,847,104,1173,Active,Active,Active
SNS_000432,Kashmere Gate,2026-03-02 19:00:00,22.7,45.9,575,148,965,Active,Active,Active
SNS_000433,New Delhi,2026-03-02 19:00:00,22.3,47.7,539,119,1020,Active,Active,Active
SNS_000434,Hauz Khas,2026-03-02 19:00:00,24.4,52.9,685,41,1004,Active,Active,Active
SNS_000435,Botanical Garden,2026-03-02 19:00:00,23.0,59.0,826,119,628,Active,Active,Active
SNS_000436,Janakpuri West,2026-03-02 19:00:00,22.1,55.3,689,69,946,Inactive,Active,Active
SNS_000437,Lajpat Nagar,2026-03-02 19:00:00,24.1,61.7,741,98,994,Active,Active,Active
SNS_000438,Central Secretariat,2026-03-02 19:00:00,23.4,55.4,604,113,1081,Active,Active,Active
SNS_000439,Yamuna Bank,2026-03-02 19:00:00,23.3,53.0,542,104,545,Active,Active,Active
SNS_000440,Inderlok,2026-03-02 19:00:00,24.3,61.6,501,43,1303,Active,Active,Active
SNS_000441,Rajiv Chowk,2026-03-02 20:00:00,22.7,54.6,576,125,847,Active,Active,Active
SNS_000442,Kashmere Gate,2026-03-02 20:00:00,24.2,56.2,624,140,761,Active,Active,Active
SNS_000443,New Delhi,2026-03-02 20:00:00,23.8,57.4,731,145,674,Inactive,Under Maintenance,Active
SNS_000444,Hauz Khas,2026-03-02 20:00:00,21.1,55.6,632,66,1052,Active,Active,Active
SNS_000445,Botanical Garden,2026-03-02 20:00:00,22.7,55.6,482,100,1192,Active,Active,Active
SNS_000446,Janakpuri West,2026-03-02 20:00:00,23.7,63.3,837,66,988,Active,Active,Active
SNS_000447,Lajpat Nagar,2026-03-02 20:00:00,23.3,62.3,450,60,537,Active,Active,Active
SNS_000448,Central Secretariat,2026-03-02 20:00:00,24.0,50.8,619,118,511,Active,Active,Active
SNS_000449,Yamuna Bank,2026-03-02 20:00:00,23.7,47.0,819,112,742,Active,Active,Active
SNS_000450,Inderlok,2026-03-02 20:00:00,22.9,58.0,476,108,502,Active,Active,Active
SNS_000451,Rajiv Chowk,2026-03-02 21:00:00,21.0,64.2,576,115,203,Active,Active,Active
SNS_000452,Kashmere Gate,2026-03-02 21:00:00,24.4,46.2,635,90,314,Active,Active,Active
SNS_000453,New Delhi,2026-03-02 21:00:00,21.1,56.5,780,91,216,Active,Active,Active
SNS_000454,Hauz Khas,2026-03-02 21:00:00,22.3,50.1,612,116,215,Active,Active,Active
SNS_000455,Botanical Garden,2026-03-02 21:00:00,21.3,62.4,465,150,314,Active,Active,Active
SNS_000456,Janakpuri West,2026-03-02 21:00:00,21.7,46.6,509,119,379,Active,Active,Active
SNS_000457,Lajpat Nagar,2026-03-02 21:00:00,21.0,63.7,713,128,263,Active,Active,Active
SNS_000458,Central Secretariat,2026-03-02 21:00:00,22.2,52.3,625,118,165,Active,Active,Active
SNS_000459,Yamuna Bank,2026-03-02 21:00:00,21.4,45.9,619,106,135,Active,Active,Active
SNS_000460,Inderlok,2026-03-02 21:00:00,23.2,57.1,749,47,369,Active,Active,Active
SNS_000461,Rajiv Chowk,2026-03-02 22:00:00,23.5,59.9,473,75,356,Active,Active,Active
SNS_000462,Kashmere Gate,2026-03-02 22:00:00,23.0,57.3,580,74,341,Active,Active,Active
SNS_000463,New Delhi,2026-03-02 22:00:00,23.5,52.4,719,41,209,Active,Active,Active
SNS_000464,Hauz Khas,2026-03-02 22:00:00,24.4,53.5,575,137,183,Active,Active,Active
SNS_000465,Botanical Garden,2026-03-02 22:00:00,21.6,58.8,598,56,349,Active,Active,Active
SNS_000466,Janakpuri West,2026-03-02 22:00:00,22.6,54.0,706,86,116,Active,Active,Active
SNS_000467,Lajpat Nagar,2026-03-02 22:00:00,24.3,50.5,823,135,220,Active,Active,Active
SNS_000468,Central Secretariat,2026-03-02 22:00:00,23.3,55.7,758,85,276,Active,Active,Active
SNS_000469,Yamuna Bank,2026-03-02 22:00:00,22.6,51.4,781,87,242,Active,Active,Active
SNS_000470,Inderlok,2026-03-02 22:00:00,23.0,53.9,513,56,356,Active,Active,Active
SNS_000471,Rajiv Chowk,2026-03-02 23:00:00,23.5,51.9,660,104,286,Active,Active,Active
SNS_000472,Kashmere Gate,2026-03-02 23:00:00,22.2,60.6,460,77,232,Active,Active,Active
SNS_000473,New Delhi,2026-03-02 23:00:00,21.3,64.3,456,84,127,Active,Active,Active
SNS_000474,Hauz Khas,2026-03-02 23:00:00,21.1,55.0,623,63,327,Active,Active,Active
SNS_000475,Botanical Garden,2026-03-02 23:00:00,21.9,54.2,615,98,139,Active,Active,Active
SNS_000476,Janakpuri West,2026-03-02 23:00:00,22.1,53.3,468,126,104,Active,Active,Active
SNS_000477,Lajpat Nagar,2026-03-02 23:00:00,21.8,64.7,675,72,361,Active,Active,Active
SNS_000478,Central Secretariat,2026-03-02 23:00:00,21.3,53.7,567,126,147,Active,Active,Active
SNS_000479,Yamuna Bank,2026-03-02 23:00:00,23.0,60.2,754,130,285,Active,Active,Active
SNS_000480,Inderlok,2026-03-02 23:00:00,24.1,55.7,668,63,334,Active,Active,Active
SNS_000481,Rajiv Chowk,2026-03-03 00:00:00,21.1,48.2,485,122,1,Active,Active,Active
SNS_000482,Kashmere Gate,2026-03-03 00:00:00,22.0,51.0,827,42,4,Active,Active,Active
SNS_000483,New Delhi,2026-03-03 00:00:00,21.5,46.3,818,134,2,Active,Active,Active
SNS_000484,Hauz Khas,2026-03-03 00:00:00,23.7,59.5,566,95,0,Active,Active,Active
SNS_000485,Botanical Garden,2026-03-03 00:00:00,21.6,61.0,807,47,4,Active,Active,Active
SNS_000486,Janakpuri West,2026-03-03 00:00:00,21.0,47.1,745,67,2,Active,Active,Active
SNS_000487,Lajpat Nagar,2026-03-03 00:00:00,23.1,63.9,558,124,7,Active,Active,Active
SNS_000488,Central Secretariat,2026-03-03 00:00:00,22.2,55.1,487,69,5,Active,Active,Active
SNS_000489,Yamuna Bank,2026-03-03 00:00:00,21.0,57.6,557,127,0,Active,Active,Active
SNS_000490,Inderlok,2026-03-03 00:00:00,21.7,49.2,633,92,3,Active,Active,Active
SNS_000491,Rajiv Chowk,2026-03-03 01:00:00,24.1,46.1,583,146,7,Active,Active,Active
SNS_000492,Kashmere Gate,2026-03-03 01:00:00,23.8,47.6,525,116,2,Active,Active,Active
SNS_000493,New Delhi,2026-03-03 01:00:00,21.7,58.3,617,130,5,Active,Active,Active
SNS_000494,Hauz Khas,2026-03-03 01:00:00,23.8,50.6,544,41,10,Active,Active,Active
SNS_000495,Botanical Garden,2026-03-03 01:00:00,21.5,52.7,770,123,2,Active,Active,Active
SNS_000496,Janakpuri West,2026-03-03 01:00:00,22.6,60.2,542,86,5,Active,Active,Active
SNS_000497,Lajpat Nagar,2026-03-03 01:00:00,23.8,57.8,832,89,3,Active,Active,Active
SNS_000498,Central Secretariat,2026-03-03 01:00:00,23.9,45.4,691,102,5,Active,Active,Active
SNS_000499,Yamuna Bank,2026-03-03 01:00:00,22.3,52.9,481,47,0,Active,Active,Active
SNS_000500,Inderlok,2026-03-03 01:00:00,23.8,56.0,834,131,7,Active,Active,Active
SNS_000501,Rajiv Chowk,2026-03-03 02:00:00,24.3,52.8,616,102,8,Active,Active,Active
SNS_000502,Kashmere Gate,2026-03-03 02:00:00,21.8,58.7,465,87,3,Active,Active,Active
SNS_000503,New Delhi,2026-03-03 02:00:00,24.0,54.5,546,126,8,Active,Active,Active
SNS_000504,Hauz Khas,2026-03-03 02:00:00,23.5,53.4,464,134,4,Active,Inactive,Inactive
SNS_000505,Botanical Garden,2026-03-03 02:00:00,22.6,46.8,756,92,4,Active,Active,Active
SNS_000506,Janakpuri West,2026-03-03 02:00:00,21.3,56.8,488,71,8,Active,Active,Active
SNS_000507,Lajpat Nagar,2026-03-03 02:00:00,23.2,52.2,648,142,2,Active,Active,Active
SNS_000508,Central Secretariat,2026-03-03 02:00:00,22.2,54.7,681,75,8,Active,Active,Active
SNS_000509,Yamuna Bank,2026-03-03 02:00:00,23.7,60.3,551,52,4,Active,Active,Active
SNS_000510,Inderlok,2026-03-03 02:00:00,21.3,54.1,548,72,0,Active,Active,Active
SNS_000511,Rajiv Chowk,2026-03-03 03:00:00,22.2,50.4,665,108,9,Active,Active,Active
SNS_000512,Kashmere Gate,2026-03-03 03:00:00,21.0,50.9,848,74,6,Active,Active,Active
SNS_000513,New Delhi,2026-03-03 03:00:00,22.5,51.6,669,117,4,Active,Active,Active
SNS_000514,Hauz Khas,2026-03-03 03:00:00,21.1,63.9,485,119,5,Active,Active,Active
SNS_000515,Botanical Garden,2026-03-03 03:00:00,23.2,55.2,676,122,7,Active,Active,Active
SNS_000516,Janakpuri West,2026-03-03 03:00:00,22.0,59.7,599,108,2,Active,Active,Active
SNS_000517,Lajpat Nagar,2026-03-03 03:00:00,22.6,56.5,520,108,6,Active,Active,Active
SNS_000518,Central Secretariat,2026-03-03 03:00:00,23.4,52.7,803,115,10,Active,Active,Active
SNS_000519,Yamuna Bank,2026-03-03 03:00:00,23.6,51.9,658,94,1,Active,Active,Active
SNS_000520,Inderlok,2026-03-03 03:00:00,23.3,53.2,522,142,10,Active,Active,Active
SNS_000521,Rajiv Chowk,2026-03-03 04:00:00,21.6,51.8,535,113,2,Active,Active,Active
SNS_000522,Kashmere Gate,2026-03-03 04:00:00,23.6,60.0,802,126,9,Active,Active,Active
SNS_000523,New Delhi,2026-03-03 04:00:00,21.6,57.8,835,119,7,Inactive,Active,Active
SNS_000524,Hauz Khas,2026-03-03 04:00:00,24.5,65.0,743,140,2,Active,Active,Active
SNS_000525,Botanical Garden,2026-03-03 04:00:00,21.7,58.9,654,50,4,Active,Active,Active
SNS_000526,Janakpuri West,2026-03-03 04:00:00,24.3,58.5,492,92,6,Active,Active,Active
SNS_000527,Lajpat Nagar,2026-03-03 04:00:00,21.1,58.4,749,145,6,Active,Active,Active
SNS_000528,Central Secretariat,2026-03-03 04:00:00,21.1,49.0,840,65,0,Active,Active,Active
SNS_000529,Yamuna Bank,2026-03-03 04:00:00,21.2,64.8,502,94,3,Active,Active,Active
SNS_000530,Inderlok,2026-03-03 04:00:00,23.2,60.4,520,102,8,Active,Active,Active
SNS_000531,Rajiv Chowk,2026-03-03 05:00:00,21.6,47.9,728,138,2,Active,Active,Active
SNS_000532,Kashmere Gate,2026-03-03 05:00:00,23.7,47.1,764,122,7,Active,Active,Active
SNS_000533,New Delhi,2026-03-03 05:00:00,23.0,53.8,485,66,3,Active,Active,Active
SNS_000534,Hauz Khas,2026-03-03 05:00:00,21.5,48.4,721,147,5,Active,Active,Active
SNS_000535,Botanical Garden,2026-03-03 05:00:00,23.3,52.1,568,74,5,Active,Active,Active
SNS_000536,Janakpuri West,2026-03-03 05:00:00,24.1,46.4,655,55,6,Active,Active,Active
SNS_000537,Lajpat Nagar,2026-03-03 05:00:00,23.0,46.5,690,126,5,Active,Active,Active
SNS_000538,Central Secretariat,2026-03-03 05:00:00,24.0,48.5,487,113,6,Active,Active,Active
SNS_000539,Yamuna Bank,2026-03-03 05:00:00,21.4,52.9,692,135,8,Active,Active,Active
SNS_000540,Inderlok,2026-03-03 05:00:00,22.6,54.9,780,74,1,Active,Active,Active
SNS_000541,Rajiv Chowk,2026-03-03 06:00:00,21.9,46.7,519,133,243,Active,Active,Active
SNS_000542,Kashmere Gate,2026-03-03 06:00:00,24.4,58.4,781,117,391,Active,Active,Active
SNS_000543,New Delhi,2026-03-03 06:00:00,22.3,47.5,774,53,244,Active,Active,Active
SNS_000544,Hauz Khas,2026-03-03 06:00:00,22.3,52.5,709,117,289,Active,Active,Active
SNS_000545,Botanical Garden,2026-03-03 06:00:00,24.1,52.8,486,145,299,Active,Active,Active
SNS_000546,Janakpuri West,2026-03-03 06:00:00,22.3,58.9,657,87,144,Under Maintenance,Active,Active
SNS_000547,Lajpat Nagar,2026-03-03 06:00:00,21.3,45.5,557,101,244,Active,Active,Active
SNS_000548,Central Secretariat,2026-03-03 06:00:00,21.6,46.6,693,57,215,Active,Active,Active
SNS_000549,Yamuna Bank,2026-03-03 06:00:00,22.8,59.7,776,110,188,Active,Active,Active
SNS_000550,Inderlok,2026-03-03 06:00:00,22.9,61.3,792,56,339,Active,Active,Active
SNS_000551,Rajiv Chowk,2026-03-03 07:00:00,21.7,59.6,528,124,104,Active,Active,Inactive
SNS_000552,Kashmere Gate,2026-03-03 07:00:00,21.8,51.2,664,105,247,Active,Active,Inactive
SNS_000553,New Delhi,2026-03-03 07:00:00,22.4,59.0,624,108,184,Active,Active,Active
SNS_000554,Hauz Khas,2026-03-03 07:00:00,23.8,49.9,591,40,237,Active,Active,Active
SNS_000555,Botanical Garden,2026-03-03 07:00:00,22.7,50.1,655,99,338,Active,Active,Active
SNS_000556,Janakpuri West,2026-03-03 07:00:00,21.3,52.6,678,95,332,Active,Active,Active
SNS_000557,Lajpat Nagar,2026-03-03 07:00:00,21.4,55.4,480,124,258,Active,Under Maintenance,Active
SNS_000558,Central Secretariat,2026-03-03 07:00:00,21.2,60.9,567,45,129,Active,Active,Active
SNS_000559,Yamuna Bank,2026-03-03 07:00:00,21.6,59.7,843,40,153,Active,Active,Active
SNS_000560,Inderlok,2026-03-03 07:00:00,21.4,45.6,763,54,234,Active,Active,Active
SNS_000561,Rajiv Chowk,2026-03-03 08:00:00,23.3,46.2,575,109,688,Active,Active,Active
SNS_000562,Kashmere Gate,2026-03-03 08:00:00,22.3,64.1,848,117,652,Active,Active,Active
SNS_000563,New Delhi,2026-03-03 08:00:00,21.4,62.2,698,143,1212,Active,Active,Active
SNS_000564,Hauz Khas,2026-03-03 08:00:00,21.7,51.2,555,104,598,Active,Active,Active
SNS_000565,Botanical Garden,2026-03-03 08:00:00,23.8,55.7,561,86,1299,Active,Active,Active
SNS_000566,Janakpuri West,2026-03-03 08:00:00,23.4,55.0,626,103,1413,Active,Active,Active
SNS_000567,Lajpat Nagar,2026-03-03 08:00:00,23.7,50.7,514,120,516,Active,Active,Active
SNS_000568,Central Secretariat,2026-03-03 08:00:00,24.4,48.1,522,73,1014,Active,Active,Active
SNS_000569,Yamuna Bank,2026-03-03 08:00:00,24.2,54.0,685,105,986,Active,Active,Active
SNS_000570,Inderlok,2026-03-03 08:00:00,21.9,51.3,603,126,930,Under Maintenance,Active,Active
SNS_000571,Rajiv Chowk,2026-03-03 09:00:00,22.9,58.5,744,143,807,Inactive,Active,Active
SNS_000572,Kashmere Gate,2026-03-03 09:00:00,23.9,58.2,494,148,902,Active,Active,Active
SNS_000573,New Delhi,2026-03-03 09:00:00,23.5,63.5,537,107,791,Active,Active,Active
SNS_000574,Hauz Khas,2026-03-03 09:00:00,24.1,59.2,703,105,543,Active,Active,Active
SNS_000575,Botanical Garden,2026-03-03 09:00:00,24.3,61.4,599,45,837,Active,Active,Active
SNS_000576,Janakpuri West,2026-03-03 09:00:00,23.6,54.5,783,89,896,Active,Active,Active
SNS_000577,Lajpat Nagar,2026-03-03 09:00:00,24.2,64.4,535,55,1271,Active,Active,Active
SNS_000578,Central Secretariat,2026-03-03 09:00:00,22.9,61.1,504,105,847,Active,Active,Active
SNS_000579,Yamuna Bank,2026-03-03 09:00:00,23.2,62.9,676,112,719,Active,Active,Active
SNS_000580,Inderlok,2026-03-03 09:00:00,21.5,48.7,500,104,1341,Active,Active,Active
SNS_000581,Rajiv Chowk,2026-03-03 10:00:00,21.9,52.5,701,55,993,Inactive,Active,Active
SNS_000582,Kashmere Gate,2026-03-03 10:00:00,24.0,61.6,693,69,1431,Active,Active,Active
SNS_000583,New Delhi,2026-03-03 10:00:00,21.1,46.7,816,54,1228,Active,Active,Active
SNS_000584,Hauz Khas,2026-03-03 10:00:00,23.4,59.6,517,75,886,Active,Active,Active
SNS_000585,Botanical Garden,2026-03-03 10:00:00,22.1,54.9,667,124,531,Active,Active,Active
SNS_000586,Janakpuri West,2026-03-03 10:00:00,22.1,54.7,546,101,936,Active,Active,Active
SNS_000587,Lajpat Nagar,2026-03-03 10:00:00,23.2,60.7,662,117,1093,Active,Active,Active
SNS_000588,Central Secretariat,2026-03-03 10:00:00,23.4,59.1,469,122,1405,Active,Active,Active
SNS_000589,Yamuna Bank,2026-03-03 10:00:00,23.4,47.2,597,120,1035,Active,Active,Active
SNS_000590,Inderlok,2026-03-03 10:00:00,23.3,45.9,710,58,506,Active,Active,Active
SNS_000591,Rajiv Chowk,2026-03-03 11:00:00,22.3,49.6,803,52,285,Active,Active,Active
SNS_000592,Kashmere Gate,2026-03-03 11:00:00,21.8,60.0,759,87,117,Inactive,Active,Active
SNS_000593,New Delhi,2026-03-03 11:00:00,22.6,51.9,754,54,342,Active,Active,Active
SNS_000594,Hauz Khas,2026-03-03 11:00:00,21.3,58.2,648,137,151,Active,Active,Active
SNS_000595,Botanical Garden,2026-03-03 11:00:00,23.3,49.3,464,92,248,Active,Inactive,Active
SNS_000596,Janakpuri West,2026-03-03 11:00:00,24.0,60.5,726,132,337,Active,Active,Active
SNS_000597,Lajpat Nagar,2026-03-03 11:00:00,21.3,60.0,592,124,314,Active,Active,Active
SNS_000598,Central Secretariat,2026-03-03 11:00:00,21.7,51.5,489,138,208,Active,Inactive,Active
SNS_000599,Yamuna Bank,2026-03-03 11:00:00,24.2,64.4,806,92,160,Active,Active,Active
SNS_000600,Inderlok,2026-03-03 11:00:00,23.8,46.8,563,110,205,Active,Active,Active
SNS_000601,Rajiv Chowk,2026-03-03 12:00:00,23.3,53.1,572,69,137,Active,Inactive,Active
SNS_000602,Kashmere Gate,2026-03-03 12:00:00,23.7,55.5,725,127,265,Active,Active,Active
SNS_000603,New Delhi,2026-03-03 12:00:00,23.3,61.3,454,83,168,Active,Active,Active
SNS_000604,Hauz Khas,2026-03-03 12:00:00,21.8,52.8,616,134,279,Active,Active,Active
SNS_000605,Botanical Garden,2026-03-03 12:00:00,23.7,55.0,493,84,132,Active,Under Maintenance,Active
SNS_000606,Janakpuri West,2026-03-03 12:00:00,22.2,53.8,451,122,390,Inactive,Active,Active
SNS_000607,Lajpat Nagar,2026-03-03 12:00:00,22.1,50.8,513,59,238,Active,Inactive,Active
SNS_000608,Central Secretariat,2026-03-03 12:00:00,21.3,63.4,530,114,277,Active,Active,Active
SNS_000609,Yamuna Bank,2026-03-03 12:00:00,21.9,62.0,820,136,374,Active,Active,Active
SNS_000610,Inderlok,2026-03-03 12:00:00,23.3,47.1,537,86,204,Active,Active,Active
SNS_000611,Rajiv Chowk,2026-03-03 13:00:00,22.3,56.7,718,58,389,Active,Active,Active
SNS_000612,Kashmere Gate,2026-03-03 13:00:00,22.7,56.6,727,60,259,Active,Active,Active
SNS_000613,New Delhi,2026-03-03 13:00:00,21.1,56.0,642,47,101,Under Maintenance,Active,Active
SNS_000614,Hauz Khas,2026-03-03 13:00:00,23.5,55.0,546,121,361,Active,Active,Active
SNS_000615,Botanical Garden,2026-03-03 13:00:00,23.1,63.4,561,149,109,Active,Active,Active
SNS_000616,Janakpuri West,2026-03-03 13:00:00,23.6,55.1,631,123,192,Active,Active,Active
SNS_000617,Lajpat Nagar,2026-03-03 13:00:00,21.6,61.6,617,127,324,Active,Active,Active
SNS_000618,Central Secretariat,2026-03-03 13:00:00,21.1,53.0,623,59,390,Active,Active,Active
SNS_000619,Yamuna Bank,2026-03-03 13:00:00,22.3,62.8,453,132,163,Active,Active,Active
SNS_000620,Inderlok,2026-03-03 13:00:00,22.2,55.9,660,92,322,Active,Active,Active
SNS_000621,Rajiv Chowk,2026-03-03 14:00:00,23.8,57.7,531,131,311,Active,Active,Active
SNS_000622,Kashmere Gate,2026-03-03 14:00:00,24.4,57.2,476,132,127,Active,Active,Active
SNS_000623,New Delhi,2026-03-03 14:00:00,22.3,60.7,570,107,283,Active,Active,Active
SNS_000624,Hauz Khas,2026-03-03 14:00:00,23.0,49.2,786,97,275,Active,Active,Active
SNS_000625,Botanical Garden,2026-03-03 14:00:00,22.1,52.3,521,118,399,Active,Active,Active
SNS_000626,Janakpuri West,2026-03-03 14:00:00,24.3,49.4,772,48,167,Active,Active,Active
SNS_000627,Lajpat Nagar,2026-03-03 14:00:00,23.6,64.7,731,60,161,Active,Active,Active
SNS_000628,Central Secretariat,2026-03-03 14:00:00,23.0,46.7,696,115,144,Active,Active,Active
SNS_000629,Yamuna Bank,2026-03-03 14:00:00,22.7,55.3,583,75,146,Active,Active,Active
SNS_000630,Inderlok,2026-03-03 14:00:00,22.2,55.5,789,144,167,Active,Active,Active
SNS_000631,Rajiv Chowk,2026-03-03 15:00:00,23.7,63.6,793,66,195,Active,Active,Active
SNS_000632,Kashmere Gate,2026-03-03 15:00:00,24.3,60.9,669,64,115,Active,Active,Active
SNS_000633,New Delhi,2026-03-03 15:00:00,23.7,59.0,554,91,285,Active,Active,Active
SNS_000634,Hauz Khas,2026-03-03 15:00:00,22.2,61.2,810,100,278,Active,Active,Active
SNS_000635,Botanical Garden,2026-03-03 15:00:00,23.5,48.8,505,67,113,Active,Active,Active
SNS_000636,Janakpuri West,2026-03-03 15:00:00,24.2,58.5,686,91,160,Active,Active,Active
SNS_000637,Lajpat Nagar,2026-03-03 15:00:00,22.7,51.7,550,83,357,Active,Active,Active
SNS_000638,Central Secretariat,2026-03-03 15:00:00,22.6,54.4,597,45,178,Active,Active,Active
SNS_000639,Yamuna Bank,2026-03-03 15:00:00,24.4,54.4,560,41,198,Active,Active,Active
SNS_000640,Inderlok,2026-03-03 15:00:00,23.5,54.2,472,113,240,Active,Active,Active
SNS_000641,Rajiv Chowk,2026-03-03 16:00:00,23.7,56.7,570,114,159,Active,Active,Active
SNS_000642,Kashmere Gate,2026-03-03 16:00:00,23.4,56.3,795,127,334,Active,Active,Active
SNS_000643,New Delhi,2026-03-03 16:00:00,22.9,53.1,766,96,266,Active,Active,Active
SNS_000644,Hauz Khas,2026-03-03 16:00:00,23.6,57.9,815,123,102,Active,Active,Active
SNS_000645,Botanical Garden,2026-03-03 16:00:00,23.0,51.9,471,40,281,Active,Active,Active
SNS_000646,Janakpuri West,2026-03-03 16:00:00,22.2,46.2,817,105,320,Active,Under Maintenance,Active
SNS_000647,Lajpat Nagar,2026-03-03 16:00:00,23.6,52.0,815,76,222,Active,Active,Active
SNS_000648,Central Secretariat,2026-03-03 16:00:00,23.1,54.8,454,110,392,Active,Active,Active
SNS_000649,Yamuna Bank,2026-03-03 16:00:00,22.3,61.0,730,115,311,Active,Active,Active
SNS_000650,Inderlok,2026-03-03 16:00:00,23.4,61.2,620,60,175,Active,Active,Active
SNS_000651,Rajiv Chowk,2026-03-03 17:00:00,24.1,55.4,815,57,813,Active,Active,Active
SNS_000652,Kashmere Gate,2026-03-03 17:00:00,23.0,60.3,644,47,899,Active,Active,Active
SNS_000653,New Delhi,2026-03-03 17:00:00,24.3,50.2,804,119,1082,Active,Active,Active
SNS_000654,Hauz Khas,2026-03-03 17:00:00,24.1,52.1,638,78,709,Active,Active,Active
SNS_000655,Botanical Garden,2026-03-03 17:00:00,24.3,45.6,631,108,1355,Active,Active,Active
SNS_000656,Janakpuri West,2026-03-03 17:00:00,21.6,50.5,849,123,1114,Inactive,Active,Active
SNS_000657,Lajpat Nagar,2026-03-03 17:00:00,23.1,45.9,834,64,1431,Active,Active,Active
SNS_000658,Central Secretariat,2026-03-03 17:00:00,23.9,58.7,786,120,1129,Active,Active,Active
SNS_000659,Yamuna Bank,2026-03-03 17:00:00,23.7,64.0,587,51,697,Active,Active,Active
SNS_000660,Inderlok,2026-03-03 17:00:00,22.6,48.5,493,74,1016,Active,Active,Active
SNS_000661,Rajiv Chowk,2026-03-03 18:00:00,23.1,56.7,842,54,956,Inactive,Active,Active
SNS_000662,Kashmere Gate,2026-03-03 18:00:00,23.5,54.6,780,53,1268,Active,Active,Active
SNS_000663,New Delhi,2026-03-03 18:00:00,22.5,47.0,756,117,1436,Active,Active,Active
SNS_000664,Hauz Khas,2026-03-03 18:00:00,21.3,45.2,573,115,1404,Active,Active,Active
SNS_000665,Botanical Garden,2026-03-03 18:00:00,22.5,61.8,645,71,1036,Under Maintenance,Active,Active
SNS_000666,Janakpuri West,2026-03-03 18:00:00,23.8,56.4,661,127,628,Active,Active,Active
SNS_000667,Lajpat Nagar,2026-03-03 18:00:00,22.3,61.0,610,100,502,Active,Active,Active
SNS_000668,Central Secretariat,2026-03-03 18:00:00,21.1,45.2,754,46,1352,Active,Active,Active
SNS_000669,Yamuna Bank,2026-03-03 18:00:00,23.5,53.5,582,98,686,Active,Active,Active
SNS_000670,Inderlok,2026-03-03 18:00:00,22.6,55.8,759,86,941,Active,Active,Active
SNS_000671,Rajiv Chowk,2026-03-03 19:00:00,22.7,58.2,484,68,1453,Active,Active,Active
SNS_000672,Kashmere Gate,2026-03-03 19:00:00,22.4,49.3,619,69,616,Active,Inactive,Active
SNS_000673,New Delhi,2026-03-03 19:00:00,24.3,51.9,596,92,1316,Active,Active,Active
SNS_000674,Hauz Khas,2026-03-03 19:00:00,23.5,49.4,593,108,895,Active,Under Maintenance,Active
SNS_000675,Botanical Garden,2026-03-03 19:00:00,21.8,50.6,625,108,605,Active,Active,Active
SNS_000676,Janakpuri West,2026-03-03 19:00:00,21.3,46.7,483,61,929,Active,Active,Active
SNS_000677,Lajpat Nagar,2026-03-03 19:00:00,24.1,56.3,479,50,876,Active,Active,Active
SNS_000678,Central Secretariat,2026-03-03 19:00:00,22.9,60.2,578,117,1364,Active,Active,Active
SNS_000679,Yamuna Bank,2026-03-03 19:00:00,23.3,60.4,534,85,1009,Active,Active,Active
SNS_000680,Inderlok,2026-03-03 19:00:00,21.8,46.4,566,141,552,Active,Active,Active
SNS_000681,Rajiv Chowk,2026-03-03 20:00:00,23.3,55.7,832,53,1400,Active,Active,Active
SNS_000682,Kashmere Gate,2026-03-03 20:00:00,22.2,61.4,542,123,1148,Active,Active,Active
SNS_000683,New Delhi,2026-03-03 20:00:00,22.7,46.3,640,143,577,Active,Active,Active
SNS_000684,Hauz Khas,2026-03-03 20:00:00,22.3,53.0,818,106,630,Active,Inactive,Active
SNS_000685,Botanical Garden,2026-03-03 20:00:00,22.4,47.6,807,59,924,Active,Active,Active
SNS_000686,Janakpuri West,2026-03-03 20:00:00,22.4,59.5,652,112,909,Active,Active,Active
SNS_000687,Lajpat Nagar,2026-03-03 20:00:00,23.5,59.9,543,107,514,Active,Active,Active
SNS_000688,Central Secretariat,2026-03-03 20:00:00,22.8,58.6,803,122,1255,Active,Active,Active
SNS_000689,Yamuna Bank,2026-03-03 20:00:00,21.1,54.4,579,74,1011,Active,Active,Active
SNS_000690,Inderlok,2026-03-03 20:00:00,22.5,58.6,570,69,843,Active,Active,Active
SNS_000691,Rajiv Chowk,2026-03-03 21:00:00,21.7,46.1,455,51,380,Active,Active,Active
SNS_000692,Kashmere Gate,2026-03-03 21:00:00,23.9,52.7,669,47,265,Active,Active,Active
SNS_000693,New Delhi,2026-03-03 21:00:00,22.5,52.6,602,81,296,Active,Under Maintenance,Active
SNS_000694,Hauz Khas,2026-03-03 21:00:00,22.5,54.0,554,118,191,Active,Active,Active
SNS_000695,Botanical Garden,2026-03-03 21:00:00,24.2,57.0,604,107,354,Active,Active,Active
SNS_000696,Janakpuri West,2026-03-03 21:00:00,24.0,57.8,551,51,175,Active,Active,Active
SNS_000697,Lajpat Nagar,2026-03-03 21:00:00,21.2,63.2,795,105,117,Active,Active,Active
SNS_000698,Central Secretariat,2026-03-03 21:00:00,23.4,47.3,750,74,302,Active,Active,Active
SNS_000699,Yamuna Bank,2026-03-03 21:00:00,22.9,53.5,566,126,180,Active,Active,Active
SNS_000700,Inderlok,2026-03-03 21:00:00,21.8,50.7,676,40,140,Active,Active,Active
SNS_000701,Rajiv Chowk,2026-03-03 22:00:00,21.6,57.6,592,138,363,Active,Active,Active
SNS_000702,Kashmere Gate,2026-03-03 22:00:00,22.0,50.4,747,123,142,Active,Active,Active
SNS_000703,New Delhi,2026-03-03 22:00:00,22.1,47.6,723,149,209,Active,Active,Active
SNS_000704,Hauz Khas,2026-03-03 22:00:00,21.8,57.1,619,70,108,Active,Active,Active
SNS_000705,Botanical Garden,2026-03-03 22:00:00,23.3,58.9,758,85,176,Active,Active,Active
SNS_000706,Janakpuri West,2026-03-03 22:00:00,22.3,53.8,482,134,351,Active,Active,Active
SNS_000707,Lajpat Nagar,2026-03-03 22:00:00,23.7,46.4,827,44,210,Active,Active,Active
SNS_000708,Central Secretariat,2026-03-03 22:00:00,21.8,51.1,618,139,101,Active,Active,Active
SNS_000709,Yamuna Bank,2026-03-03 22:00:00,23.3,55.9,569,51,290,Active,Active,Active
SNS_000710,Inderlok,2026-03-03 22:00:00,23.6,51.2,470,83,368,Active,Active,Active
SNS_000711,Rajiv Chowk,2026-03-03 23:00:00,22.9,63.8,649,87,224,Inactive,Active,Active
SNS_000712,Kashmere Gate,2026-03-03 23:00:00,24.0,63.4,714,99,299,Inactive,Active,Active
SNS_000713,New Delhi,2026-03-03 23:00:00,24.3,48.4,805,130,299,Active,Active,Active
SNS_000714,Hauz Khas,2026-03-03 23:00:00,23.6,49.9,844,134,212,Active,Active,Active
SNS_000715,Botanical Garden,2026-03-03 23:00:00,22.3,51.1,793,43,358,Active,Active,Active
SNS_000716,Janakpuri West,2026-03-03 23:00:00,22.9,64.9,577,80,203,Active,Active,Active
SNS_000717,Lajpat Nagar,2026-03-03 23:00:00,21.8,47.3,840,130,159,Active,Active,Active
SNS_000718,Central Secretariat,2026-03-03 23:00:00,22.4,56.7,653,115,160,Active,Active,Active
SNS_000719,Yamuna Bank,2026-03-03 23:00:00,21.7,57.7,726,95,146,Active,Inactive,Active
SNS_000720,Inderlok,2026-03-03 23:00:00,22.6,49.3,631,135,328,Inactive,Active,Active
SNS_000721,Rajiv Chowk,2026-03-04 00:00:00,24.2,62.2,683,148,10,Active,Active,Active
SNS_000722,Kashmere Gate,2026-03-04 00:00:00,21.7,62.4,710,113,8,Active,Active,Active
SNS_000723,New Delhi,2026-03-04 00:00:00,21.8,63.4,656,67,7,Active,Active,Active
SNS_000724,Hauz Khas,2026-03-04 00:00:00,24.3,59.7,774,97,2,Active,Active,Active
SNS_000725,Botanical Garden,2026-03-04 00:00:00,23.7,50.1,796,107,10,Active,Active,Active
SNS_000726,Janakpuri West,2026-03-04 00:00:00,24.5,62.0,700,142,1,Active,Active,Active
SNS_000727,Lajpat Nagar,2026-03-04 00:00:00,23.1,49.3,506,137,10,Active,Active,Active
SNS_000728,Central Secretariat,2026-03-04 00:00:00,22.9,47.9,824,63,2,Active,Active,Active
SNS_000729,Yamuna Bank,2026-03-04 00:00:00,21.5,55.0,661,143,8,Active,Active,Active
SNS_000730,Inderlok,2026-03-04 00:00:00,22.8,49.1,626,98,4,Active,Active,Active
SNS_000731,Rajiv Chowk,2026-03-04 01:00:00,21.2,62.5,456,68,0,Active,Active,Active
SNS_000732,Kashmere Gate,2026-03-04 01:00:00,24.2,62.8,722,92,3,Active,Active,Active
SNS_000733,New Delhi,2026-03-04 01:00:00,23.5,57.7,729,130,1,Active,Active,Active
SNS_000734,Hauz Khas,2026-03-04 01:00:00,22.1,58.8,550,88,6,Active,Active,Active
SNS_000735,Botanical Garden,2026-03-04 01:00:00,24.2,50.4,525,43,7,Active,Active,Active
SNS_000736,Janakpuri West,2026-03-04 01:00:00,22.0,59.5,688,74,8,Active,Active,Active
SNS_000737,Lajpat Nagar,2026-03-04 01:00:00,24.3,59.5,599,47,8,Active,Active,Active
SNS_000738,Central Secretariat,2026-03-04 01:00:00,24.2,45.4,848,54,8,Inactive,Active,Active
SNS_000739,Yamuna Bank,2026-03-04 01:00:00,21.2,54.3,500,128,1,Active,Active,Active
SNS_000740,Inderlok,2026-03-04 01:00:00,23.2,56.4,844,115,4,Active,Active,Active
SNS_000741,Rajiv Chowk,2026-03-04 02:00:00,24.3,47.8,652,116,5,Active,Active,Active
SNS_000742,Kashmere Gate,2026-03-04 02:00:00,22.1,54.2,830,76,0,Active,Active,Active
SNS_000743,New Delhi,2026-03-04 02:00:00,23.5,52.2,798,45,5,Active,Active,Active
SNS_000744,Hauz Khas,2026-03-04 02:00:00,22.3,46.8,508,77,8,Active,Active,Active
SNS_000745,Botanical Garden,2026-03-04 02:00:00,22.8,50.2,780,143,3,Active,Active,Active
SNS_000746,Janakpuri West,2026-03-04 02:00:00,21.9,61.4,463,49,3,Active,Active,Active
SNS_000747,Lajpat Nagar,2026-03-04 02:00:00,22.2,54.8,563,74,7,Active,Active,Active
SNS_000748,Central Secretariat,2026-03-04 02:00:00,22.3,62.7,634,79,9,Active,Active,Active
SNS_000749,Yamuna Bank,2026-03-04 02:00:00,22.4,51.6,786,47,4,Active,Active,Active
SNS_000750,Inderlok,2026-03-04 02:00:00,24.0,56.6,600,98,5,Active,Active,Active
SNS_000751,Rajiv Chowk,2026-03-04 03:00:00,21.2,61.1,762,58,0,Active,Active,Active
SNS_000752,Kashmere Gate,2026-03-04 03:00:00,24.1,61.7,577,129,7,Active,Active,Active
SNS_000753,New Delhi,2026-03-04 03:00:00,23.8,63.0,468,86,2,Active,Active,Active
SNS_000754,Hauz Khas,2026-03-04 03:00:00,23.7,60.3,500,115,9,Active,Active,Active
SNS_000755,Botanical Garden,2026-03-04 03:00:00,23.3,63.6,543,97,9,Active,Active,Active
SNS_000756,Janakpuri West,2026-03-04 03:00:00,22.7,59.5,668,143,8,Active,Active,Active
SNS_000757,Lajpat Nagar,2026-03-04 03:00:00,24.4,64.5,724,69,0,Active,Active,Active
SNS_000758,Central Secretariat,2026-03-04 03:00:00,21.0,58.5,621,47,3,Active,Active,Active
SNS_000759,Yamuna Bank,2026-03-04 03:00:00,23.3,56.7,848,63,9,Active,Active,Active
SNS_000760,Inderlok,2026-03-04 03:00:00,23.3,55.8,671,147,1,Active,Active,Active
SNS_000761,Rajiv Chowk,2026-03-04 04:00:00,21.4,63.1,622,88,5,Active,Active,Active
SNS_000762,Kashmere Gate,2026-03-04 04:00:00,24.5,55.5,789,70,1,Active,Active,Active
SNS_000763,New Delhi,2026-03-04 04:00:00,23.1,63.6,454,110,10,Under Maintenance,Active,Active
SNS_000764,Hauz Khas,2026-03-04 04:00:00,21.9,52.2,772,66,0,Active,Active,Active
SNS_000765,Botanical Garden,2026-03-04 04:00:00,23.8,51.4,476,148,8,Under Maintenance,Active,Active
SNS_000766,Janakpuri West,2026-03-04 04:00:00,22.1,64.0,774,149,10,Inactive,Active,Active
SNS_000767,Lajpat Nagar,2026-03-04 04:00:00,22.9,63.3,451,88,6,Active,Active,Active
SNS_000768,Central Secretariat,2026-03-04 04:00:00,23.8,61.9,726,117,2,Under Maintenance,Active,Active
SNS_000769,Yamuna Bank,2026-03-04 04:00:00,23.5,55.5,681,109,5,Active,Under Maintenance,Active
SNS_000770,Inderlok,2026-03-04 04:00:00,23.1,49.5,464,114,5,Active,Active,Active
SNS_000771,Rajiv Chowk,2026-03-04 05:00:00,23.6,50.8,464,142,8,Active,Active,Active
SNS_000772,Kashmere Gate,2026-03-04 05:00:00,22.0,57.1,715,114,2,Active,Active,Active
SNS_000773,New Delhi,2026-03-04 05:00:00,21.1,48.8,727,133,9,Active,Active,Active
SNS_000774,Hauz Khas,2026-03-04 05:00:00,22.0,63.1,777,44,8,Active,Active,Active
SNS_000775,Botanical Garden,2026-03-04 05:00:00,22.9,45.7,545,54,4,Active,Active,Active
SNS_000776,Janakpuri West,2026-03-04 05:00:00,22.4,55.3,716,111,7,Active,Active,Active
SNS_000777,Lajpat Nagar,2026-03-04 05:00:00,21.2,49.5,837,61,0,Active,Active,Active
SNS_000778,Central Secretariat,2026-03-04 05:00:00,21.1,48.8,585,122,4,Active,Active,Active
SNS_000779,Yamuna Bank,2026-03-04 05:00:00,22.5,51.4,735,121,8,Active,Active,Active
SNS_000780,Inderlok,2026-03-04 05:00:00,22.0,59.0,817,127,9,Active,Active,Active
SNS_000781,Rajiv Chowk,2026-03-04 06:00:00,22.3,45.2,572,49,373,Active,Active,Active
SNS_000782,Kashmere Gate,2026-03-04 06:00:00,21.8,61.9,761,130,117,Active,Active,Active
SNS_000783,New Delhi,2026-03-04 06:00:00,22.8,49.2,789,82,354,Under Maintenance,Active,Active
SNS_000784,Hauz Khas,2026-03-04 06:00:00,21.1,63.9,756,46,297,Active,Active,Active
SNS_000785,Botanical Garden,2026-03-04 06:00:00,21.6,56.4,531,100,226,Active,Active,Active
SNS_000786,Janakpuri West,2026-03-04 06:00:00,24.2,60.5,815,120,337,Active,Active,Active
SNS_000787,Lajpat Nagar,2026-03-04 06:00:00,23.5,45.5,715,106,360,Active,Active,Active
SNS_000788,Central Secretariat,2026-03-04 06:00:00,24.4,53.2,681,82,191,Active,Active,Active
SNS_000789,Yamuna Bank,2026-03-04 06:00:00,21.7,60.3,555,122,382,Active,Active,Active
SNS_000790,Inderlok,2026-03-04 06:00:00,23.0,53.7,838,136,378,Active,Active,Active
SNS_000791,Rajiv Chowk,2026-03-04 07:00:00,24.3,60.6,726,90,399,Active,Active,Active
SNS_000792,Kashmere Gate,2026-03-04 07:00:00,21.2,56.6,733,137,199,Active,Active,Active
SNS_000793,New Delhi,2026-03-04 07:00:00,21.4,57.7,780,88,300,Active,Active,Active
SNS_000794,Hauz Khas,2026-03-04 07:00:00,21.7,54.0,846,133,306,Active,Active,Active
SNS_000795,Botanical Garden,2026-03-04 07:00:00,21.5,51.4,710,51,324,Active,Active,Active
SNS_000796,Janakpuri West,2026-03-04 07:00:00,22.7,64.0,498,88,216,Active,Active,Active
SNS_000797,Lajpat Nagar,2026-03-04 07:00:00,21.1,47.1,680,69,174,Active,Active,Active
SNS_000798,Central Secretariat,2026-03-04 07:00:00,24.2,61.9,559,136,326,Active,Active,Active
SNS_000799,Yamuna Bank,2026-03-04 07:00:00,23.2,53.9,519,75,397,Active,Active,Active
SNS_000800,Inderlok,2026-03-04 07:00:00,24.3,53.3,774,126,255,Active,Active,Active
SNS_000801,Rajiv Chowk,2026-03-04 08:00:00,22.7,53.0,767,95,1422,Active,Active,Active
SNS_000802,Kashmere Gate,2026-03-04 08:00:00,23.5,53.3,824,138,639,Active,Active,Active
SNS_000803,New Delhi,2026-03-04 08:00:00,23.1,61.1,846,107,1408,Active,Active,Active
SNS_000804,Hauz Khas,2026-03-04 08:00:00,21.6,50.8,495,129,550,Active,Active,Active
SNS_000805,Botanical Garden,2026-03-04 08:00:00,22.9,51.1,510,114,601,Active,Under Maintenance,Active
SNS_000806,Janakpuri West,2026-03-04 08:00:00,22.9,58.1,837,76,647,Active,Active,Active
SNS_000807,Lajpat Nagar,2026-03-04 08:00:00,23.3,49.2,736,112,518,Active,Active,Active
SNS_000808,Central Secretariat,2026-03-04 08:00:00,21.2,55.5,823,74,918,Active,Active,Active
SNS_000809,Yamuna Bank,2026-03-04 08:00:00,21.0,61.3,453,58,1131,Active,Active,Active
SNS_000810,Inderlok,2026-03-04 08:00:00,21.2,58.3,588,139,1218,Active,Active,Active
SNS_000811,Rajiv Chowk,2026-03-04 09:00:00,21.2,50.6,506,97,1467,Active,Active,Active
SNS_000812,Kashmere Gate,2026-03-04 09:00:00,21.1,49.8,499,85,1500,Active,Active,Active
SNS_000813,New Delhi,2026-03-04 09:00:00,23.5,59.9,686,78,883,Active,Active,Active
SNS_000814,Hauz Khas,2026-03-04 09:00:00,22.3,45.3,612,149,775,Active,Active,Active
SNS_000815,Botanical Garden,2026-03-04 09:00:00,23.9,63.2,802,126,1344,Active,Active,Active
SNS_000816,Janakpuri West,2026-03-04 09:00:00,22.8,51.6,701,70,1278,Active,Active,Active
SNS_000817,Lajpat Nagar,2026-03-04 09:00:00,21.1,58.6,806,136,1169,Active,Active,Active
SNS_000818,Central Secretariat,2026-03-04 09:00:00,21.9,55.7,800,122,1150,Active,Active,Active
SNS_000819,Yamuna Bank,2026-03-04 09:00:00,22.8,50.9,824,79,716,Active,Active,Active
SNS_000820,Inderlok,2026-03-04 09:00:00,23.7,51.4,768,119,941,Active,Active,Active
SNS_000821,Rajiv Chowk,2026-03-04 10:00:00,23.1,54.4,531,131,1261,Active,Active,Active
SNS_000822,Kashmere Gate,2026-03-04 10:00:00,22.1,46.0,746,148,1135,Active,Active,Active
SNS_000823,New Delhi,2026-03-04 10:00:00,23.2,50.9,765,91,786,Active,Active,Active
SNS_000824,Hauz Khas,2026-03-04 10:00:00,23.2,61.1,743,56,1210,Active,Active,Active
SNS_000825,Botanical Garden,2026-03-04 10:00:00,22.7,51.4,751,44,726,Active,Active,Active
SNS_000826,Janakpuri West,2026-03-04 10:00:00,22.2,63.2,456,50,500,Active,Active,Active
SNS_000827,Lajpat Nagar,2026-03-04 10:00:00,24.4,61.5,783,112,1448,Active,Active,Active
SNS_000828,Central Secretariat,2026-03-04 10:00:00,23.1,45.6,545,109,1141,Active,Active,Active
SNS_000829,Yamuna Bank,2026-03-04 10:00:00,22.9,59.3,710,132,1324,Active,Active,Active
SNS_000830,Inderlok,2026-03-04 10:00:00,21.6,62.4,655,84,1014,Active,Active,Active
SNS_000831,Rajiv Chowk,2026-03-04 11:00:00,23.1,58.6,526,138,155,Active,Active,Active
SNS_000832,Kashmere Gate,2026-03-04 11:00:00,23.3,49.3,613,48,286,Active,Active,Active
SNS_000833,New Delhi,2026-03-04 11:00:00,21.4,51.8,520,119,162,Active,Active,Active
SNS_000834,Hauz Khas,2026-03-04 11:00:00,21.5,55.9,732,148,381,Active,Under Maintenance,Active
SNS_000835,Botanical Garden,2026-03-04 11:00:00,22.2,61.3,848,124,324,Active,Active,Active
SNS_000836,Janakpuri West,2026-03-04 11:00:00,22.3,48.6,515,63,232,Active,Active,Active
SNS_000837,Lajpat Nagar,2026-03-04 11:00:00,22.1,55.6,721,119,360,Active,Active,Active
SNS_000838,Central Secretariat,2026-03-04 11:00:00,21.3,48.0,832,77,108,Active,Active,Active
SNS_000839,Yamuna Bank,2026-03-04 11:00:00,22.4,63.2,790,89,232,Active,Active,Active
SNS_000840,Inderlok,2026-03-04 11:00:00,23.9,58.4,631,82,229,Active,Active,Active
SNS_000841,Rajiv Chowk,2026-03-04 12:00:00,23.7,49.5,504,145,158,Active,Active,Active
SNS_000842,Kashmere Gate,2026-03-04 12:00:00,24.2,45.9,625,141,347,Active,Active,Active
SNS_000843,New Delhi,2026-03-04 12:00:00,23.5,63.9,492,108,307,Active,Active,Active
SNS_000844,Hauz Khas,2026-03-04 12:00:00,22.4,53.4,697,90,211,Active,Active,Active
SNS_000845,Botanical Garden,2026-03-04 12:00:00,21.3,52.5,807,103,274,Active,Active,Active
SNS_000846,Janakpuri West,2026-03-04 12:00:00,23.4,51.5,732,79,314,Active,Active,Active
SNS_000847,Lajpat Nagar,2026-03-04 12:00:00,23.0,56.1,464,92,228,Active,Active,Active
SNS_000848,Central Secretariat,2026-03-04 12:00:00,23.8,60.9,542,61,159,Active,Active,Active
SNS_000849,Yamuna Bank,2026-03-04 12:00:00,24.2,55.9,464,113,224,Active,Active,Active
SNS_000850,Inderlok,2026-03-04 12:00:00,22.0,55.2,722,127,368,Active,Active,Active
SNS_000851,Rajiv Chowk,2026-03-04 13:00:00,21.4,51.7,457,143,132,Active,Active,Active
SNS_000852,Kashmere Gate,2026-03-04 13:00:00,21.1,49.4,586,71,148,Active,Active,Active
SNS_000853,New Delhi,2026-03-04 13:00:00,23.7,49.3,596,98,242,Active,Active,Active
SNS_000854,Hauz Khas,2026-03-04 13:00:00,21.4,61.7,525,147,277,Active,Active,Active
SNS_000855,Botanical Garden,2026-03-04 13:00:00,22.6,63.0,583,44,243,Active,Active,Active
SNS_000856,Janakpuri West,2026-03-04 13:00:00,22.4,47.9,692,92,310,Active,Active,Active
SNS_000857,Lajpat Nagar,2026-03-04 13:00:00,22.6,49.8,840,107,133,Active,Active,Active
SNS_000858,Central Secretariat,2026-03-04 13:00:00,23.1,59.8,775,102,113,Active,Active,Active
SNS_000859,Yamuna Bank,2026-03-04 13:00:00,21.2,60.9,605,60,348,Active,Active,Active
SNS_000860,Inderlok,2026-03-04 13:00:00,21.8,61.8,529,101,202,Active,Active,Active
SNS_000861,Rajiv Chowk,2026-03-04 14:00:00,23.2,49.6,469,57,313,Active,Active,Active
SNS_000862,Kashmere Gate,2026-03-04 14:00:00,23.4,60.9,559,76,214,Inactive,Active,Active
SNS_000863,New Delhi,2026-03-04 14:00:00,22.9,55.3,845,107,217,Active,Active,Active
SNS_000864,Hauz Khas,2026-03-04 14:00:00,23.6,52.2,557,145,201,Active,Active,Active
SNS_000865,Botanical Garden,2026-03-04 14:00:00,22.1,45.3,565,131,152,Active,Active,Active
SNS_000866,Janakpuri West,2026-03-04 14:00:00,23.2,48.4,774,85,393,Active,Active,Active
SNS_000867,Lajpat Nagar,2026-03-04 14:00:00,24.3,61.7,795,141,270,Active,Active,Active
SNS_000868,Central Secretariat,2026-03-04 14:00:00,21.4,45.7,619,73,221,Active,Active,Active
SNS_000869,Yamuna Bank,2026-03-04 14:00:00,22.4,62.9,677,149,151,Active,Active,Active
SNS_000870,Inderlok,2026-03-04 14:00:00,21.1,63.3,754,142,162,Active,Active,Active
SNS_000871,Rajiv Chowk,2026-03-04 15:00:00,21.9,54.7,575,105,113,Active,Active,Active
SNS_000872,Kashmere Gate,2026-03-04 15:00:00,23.0,55.7,816,136,223,Active,Active,Active
SNS_000873,New Delhi,2026-03-04 15:00:00,23.5,62.4,464,79,251,Active,Active,Active
SNS_000874,Hauz Khas,2026-03-04 15:00:00,22.1,45.9,791,45,192,Active,Active,Active
SNS_000875,Botanical Garden,2026-03-04 15:00:00,22.0,63.7,785,60,236,Active,Active,Active
SNS_000876,Janakpuri West,2026-03-04 15:00:00,21.2,61.8,755,147,249,Active,Active,Active
SNS_000877,Lajpat Nagar,2026-03-04 15:00:00,21.8,49.9,529,141,318,Active,Active,Active
SNS_000878,Central Secretariat,2026-03-04 15:00:00,22.4,53.7,640,128,230,Active,Active,Active
SNS_000879,Yamuna Bank,2026-03-04 15:00:00,23.8,50.6,816,104,266,Active,Active,Active
SNS_000880,Inderlok,2026-03-04 15:00:00,23.3,53.6,579,150,368,Active,Under Maintenance,Active
SNS_000881,Rajiv Chowk,2026-03-04 16:00:00,21.6,61.8,603,67,187,Active,Active,Active
SNS_000882,Kashmere Gate,2026-03-04 16:00:00,24.0,59.4,599,56,254,Active,Active,Active
SNS_000883,New Delhi,2026-03-04 16:00:00,21.1,48.5,625,121,179,Active,Active,Active
SNS_000884,Hauz Khas,2026-03-04 16:00:00,22.8,53.9,647,100,308,Active,Active,Active
SNS_000885,Botanical Garden,2026-03-04 16:00:00,22.7,53.5,455,95,136,Active,Active,Active
SNS_000886,Janakpuri West,2026-03-04 16:00:00,21.1,57.7,800,78,247,Active,Active,Active
SNS_000887,Lajpat Nagar,2026-03-04 16:00:00,22.1,56.0,569,40,362,Active,Active,Active
SNS_000888,Central Secretariat,2026-03-04 16:00:00,21.6,61.1,572,120,376,Active,Active,Active
SNS_000889,Yamuna Bank,2026-03-04 16:00:00,23.9,56.2,791,69,261,Active,Active,Active
SNS_000890,Inderlok,2026-03-04 16:00:00,23.4,59.7,636,103,336,Active,Active,Active
SNS_000891,Rajiv Chowk,2026-03-04 17:00:00,22.5,45.0,792,145,1027,Active,Active,Active
SNS_000892,Kashmere Gate,2026-03-04 17:00:00,21.6,53.6,500,51,570,Active,Active,Active
SNS_000893,New Delhi,2026-03-04 17:00:00,21.6,62.9,815,45,752,Active,Active,Active
SNS_000894,Hauz Khas,2026-03-04 17:00:00,24.1,62.5,826,49,794,Active,Active,Active
SNS_000895,Botanical Garden,2026-03-04 17:00:00,22.5,50.6,517,83,1408,Active,Active,Active
SNS_000896,Janakpuri West,2026-03-04 17:00:00,23.6,53.2,784,100,824,Active,Active,Active
SNS_000897,Lajpat Nagar,2026-03-04 17:00:00,23.3,54.9,751,136,700,Active,Active,Active
SNS_000898,Central Secretariat,2026-03-04 17:00:00,22.0,57.1,676,42,1189,Active,Active,Active
SNS_000899,Yamuna Bank,2026-03-04 17:00:00,23.4,58.7,628,125,1210,Active,Active,Active
SNS_000900,Inderlok,2026-03-04 17:00:00,24.3,47.1,573,147,1188,Active,Active,Active
SNS_000901,Rajiv Chowk,2026-03-04 18:00:00,23.9,57.9,689,60,1289,Active,Active,Active
SNS_000902,Kashmere Gate,2026-03-04 18:00:00,21.3,47.0,569,65,543,Active,Inactive,Active
SNS_000903,New Delhi,2026-03-04 18:00:00,22.7,54.9,565,133,897,Inactive,Active,Active
SNS_000904,Hauz Khas,2026-03-04 18:00:00,23.9,47.7,654,147,955,Active,Active,Active
SNS_000905,Botanical Garden,2026-03-04 18:00:00,23.7,53.2,624,82,663,Active,Active,Active
SNS_000906,Janakpuri West,2026-03-04 18:00:00,23.4,47.8,762,149,830,Active,Active,Active
SNS_000907,Lajpat Nagar,2026-03-04 18:00:00,22.9,58.9,615,76,1206,Active,Active,Active
SNS_000908,Central Secretariat,2026-03-04 18:00:00,21.3,57.7,783,129,719,Active,Active,Active
SNS_000909,Yamuna Bank,2026-03-04 18:00:00,21.3,60.8,557,106,1247,Active,Active,Active
SNS_000910,Inderlok,2026-03-04 18:00:00,23.8,52.7,774,109,709,Active,Active,Active
SNS_000911,Rajiv Chowk,2026-03-04 19:00:00,22.2,45.2,505,120,1057,Active,Active,Active
SNS_000912,Kashmere Gate,2026-03-04 19:00:00,23.1,54.0,829,150,765,Active,Active,Active
SNS_000913,New Delhi,2026-03-04 19:00:00,22.5,58.5,803,135,529,Active,Active,Active
SNS_000914,Hauz Khas,2026-03-04 19:00:00,23.4,48.7,697,41,1403,Active,Active,Active
SNS_000915,Botanical Garden,2026-03-04 19:00:00,21.9,63.5,652,150,1202,Active,Active,Active
SNS_000916,Janakpuri West,2026-03-04 19:00:00,22.5,50.1,544,69,1156,Active,Active,Active
SNS_000917,Lajpat Nagar,2026-03-04 19:00:00,24.3,55.3,468,48,1462,Active,Active,Active
SNS_000918,Central Secretariat,2026-03-04 19:00:00,23.1,64.3,749,105,1338,Active,Active,Active
SNS_000919,Yamuna Bank,2026-03-04 19:00:00,24.1,55.9,757,109,1219,Under Maintenance,Active,Active
SNS_000920,Inderlok,2026-03-04 19:00:00,23.0,54.5,715,134,1027,Active,Active,Active
SNS_000921,Rajiv Chowk,2026-03-04 20:00:00,24.0,51.0,653,130,1250,Active,Active,Active
SNS_000922,Kashmere Gate,2026-03-04 20:00:00,21.1,49.7,778,133,1131,Active,Active,Active
SNS_000923,New Delhi,2026-03-04 20:00:00,22.0,58.6,470,99,1222,Active,Active,Active
SNS_000924,Hauz Khas,2026-03-04 20:00:00,22.7,60.6,500,105,1270,Active,Active,Active
SNS_000925,Botanical Garden,2026-03-04 20:00:00,24.1,54.6,747,96,689,Active,Active,Active
SNS_000926,Janakpuri West,2026-03-04 20:00:00,21.0,53.4,663,101,1344,Active,Active,Active
SNS_000927,Lajpat Nagar,2026-03-04 20:00:00,22.6,54.4,470,91,725,Active,Active,Active
SNS_000928,Central Secretariat,2026-03-04 20:00:00,21.8,63.1,554,138,813,Active,Active,Active
SNS_000929,Yamuna Bank,2026-03-04 20:00:00,22.0,61.7,776,73,745,Active,Active,Active
SNS_000930,Inderlok,2026-03-04 20:00:00,22.7,45.5,798,101,977,Active,Active,Active
SNS_000931,Rajiv Chowk,2026-03-04 21:00:00,21.3,47.8,742,91,102,Active,Active,Active
SNS_000932,Kashmere Gate,2026-03-04 21:00:00,23.9,64.7,506,140,355,Inactive,Active,Active
SNS_000933,New Delhi,2026-03-04 21:00:00,23.3,60.4,772,87,142,Active,Active,Active
SNS_000934,Hauz Khas,2026-03-04 21:00:00,22.3,62.1,708,71,236,Active,Active,Active
SNS_000935,Botanical Garden,2026-03-04 21:00:00,24.1,63.6,811,52,304,Active,Active,Active
SNS_000936,Janakpuri West,2026-03-04 21:00:00,21.6,48.6,671,132,114,Active,Active,Active
SNS_000937,Lajpat Nagar,2026-03-04 21:00:00,24.4,57.2,578,145,282,Active,Active,Active
SNS_000938,Central Secretariat,2026-03-04 21:00:00,22.6,61.2,795,149,366,Active,Active,Active
SNS_000939,Yamuna Bank,2026-03-04 21:00:00,21.4,60.5,495,54,269,Active,Active,Active
SNS_000940,Inderlok,2026-03-04 21:00:00,23.4,45.4,733,77,185,Active,Active,Active
SNS_000941,Rajiv Chowk,2026-03-04 22:00:00,24.4,57.3,574,61,383,Active,Active,Active
SNS_000942,Kashmere Gate,2026-03-04 22:00:00,23.0,51.0,734,99,105,Inactive,Active,Active
SNS_000943,New Delhi,2026-03-04 22:00:00,22.9,52.3,730,55,126,Active,Under Maintenance,Active
SNS_000944,Hauz Khas,2026-03-04 22:00:00,21.8,45.8,468,44,356,Active,Active,Active
SNS_000945,Botanical Garden,2026-03-04 22:00:00,23.2,47.2,466,115,150,Under Maintenance,Active,Active
SNS_000946,Janakpuri West,2026-03-04 22:00:00,21.7,60.1,800,43,194,Active,Active,Active
SNS_000947,Lajpat Nagar,2026-03-04 22:00:00,24.1,59.8,803,71,384,Active,Active,Active
SNS_000948,Central Secretariat,2026-03-04 22:00:00,22.6,54.4,777,57,226,Inactive,Active,Active
SNS_000949,Yamuna Bank,2026-03-04 22:00:00,22.5,50.0,655,128,220,Active,Active,Active
SNS_000950,Inderlok,2026-03-04 22:00:00,22.6,59.8,743,150,240,Active,Active,Active
SNS_000951,Rajiv Chowk,2026-03-04 23:00:00,22.1,57.7,692,47,244,Active,Active,Active
SNS_000952,Kashmere Gate,2026-03-04 23:00:00,22.2,61.8,680,139,138,Active,Active,Active
SNS_000953,New Delhi,2026-03-04 23:00:00,21.9,60.7,523,132,171,Active,Active,Inactive
SNS_000954,Hauz Khas,2026-03-04 23:00:00,23.4,61.2,644,43,262,Active,Active,Active
SNS_000955,Botanical Garden,2026-03-04 23:00:00,24.1,50.2,544,45,242,Active,Active,Active
SNS_000956,Janakpuri West,2026-03-04 23:00:00,21.6,52.5,800,42,396,Active,Active,Active
SNS_000957,Lajpat Nagar,2026-03-04 23:00:00,24.0,48.6,504,80,153,Active,Active,Active
SNS_000958,Central Secretariat,2026-03-04 23:00:00,22.4,64.8,695,136,172,Active,Active,Active
SNS_000959,Yamuna Bank,2026-03-04 23:00:00,23.9,57.9,529,94,210,Active,Inactive,Active
SNS_000960,Inderlok,2026-03-04 23:00:00,22.4,61.2,615,102,312,Active,Active,Active
SNS_000961,Rajiv Chowk,2026-03-05 00:00:00,22.7,55.0,623,112,8,Active,Active,Active
SNS_000962,Kashmere Gate,2026-03-05 00:00:00,24.4,45.2,846,67,3,Inactive,Active,Active
SNS_000963,New Delhi,2026-03-05 00:00:00,24.3,58.6,637,143,6,Active,Active,Active
SNS_000964,Hauz Khas,2026-03-05 00:00:00,24.2,59.0,752,139,8,Active,Active,Active
SNS_000965,Botanical Garden,2026-03-05 00:00:00,22.2,52.1,545,56,7,Active,Active,Active
SNS_000966,Janakpuri West,2026-03-05 00:00:00,22.6,64.8,687,42,5,Active,Active,Active
SNS_000967,Lajpat Nagar,2026-03-05 00:00:00,22.1,50.2,615,133,9,Active,Inactive,Active
SNS_000968,Central Secretariat,2026-03-05 00:00:00,22.1,46.9,605,149,9,Active,Active,Active
SNS_000969,Yamuna Bank,2026-03-05 00:00:00,23.8,53.4,594,105,2,Active,Active,Active
SNS_000970,Inderlok,2026-03-05 00:00:00,23.3,55.7,791,136,6,Active,Active,Active
SNS_000971,Rajiv Chowk,2026-03-05 01:00:00,23.4,65.0,508,119,8,Active,Active,Active
SNS_000972,Kashmere Gate,2026-03-05 01:00:00,21.3,50.0,786,98,4,Active,Active,Active
SNS_000973,New Delhi,2026-03-05 01:00:00,23.0,58.4,805,81,3,Active,Active,Active
SNS_000974,Hauz Khas,2026-03-05 01:00:00,23.9,54.3,702,99,6,Inactive,Active,Active
SNS_000975,Botanical Garden,2026-03-05 01:00:00,22.4,53.7,585,85,10,Active,Active,Active
SNS_000976,Janakpuri West,2026-03-05 01:00:00,23.3,46.9,501,104,3,Active,Active,Active
SNS_000977,Lajpat Nagar,2026-03-05 01:00:00,22.1,56.2,495,141,2,Active,Active,Active
SNS_000978,Central Secretariat,2026-03-05 01:00:00,21.5,59.7,539,136,5,Active,Active,Active
SNS_000979,Yamuna Bank,2026-03-05 01:00:00,22.9,56.2,643,102,5,Active,Active,Active
SNS_000980,Inderlok,2026-03-05 01:00:00,22.2,52.5,603,40,6,Active,Active,Active
SNS_000981,Rajiv Chowk,2026-03-05 02:00:00,22.0,52.0,646,109,8,Active,Active,Active
SNS_000982,Kashmere Gate,2026-03-05 02:00:00,22.3,64.8,648,70,2,Active,Active,Active
SNS_000983,New Delhi,2026-03-05 02:00:00,21.6,58.7,476,107,10,Active,Active,Active
SNS_000984,Hauz Khas,2026-03-05 02:00:00,21.2,54.4,782,106,1,Active,Active,Active
SNS_000985,Botanical Garden,2026-03-05 02:00:00,23.8,61.0,591,145,8,Active,Active,Active
SNS_000986,Janakpuri West,2026-03-05 02:00:00,22.3,55.8,665,112,8,Active,Active,Active
SNS_000987,Lajpat Nagar,2026-03-05 02:00:00,21.4,59.4,700,143,3,Active,Active,Active
SNS_000988,Central Secretariat,2026-03-05 02:00:00,23.4,55.6,752,92,8,Active,Active,Active
SNS_000989,Yamuna Bank,2026-03-05 02:00:00,21.2,54.4,633,78,1,Active,Active,Active
SNS_000990,Inderlok,2026-03-05 02:00:00,23.7,59.9,643,107,0,Active,Active,Active
SNS_000991,Rajiv Chowk,2026-03-05 03:00:00,23.1,61.4,681,69,8,Active,Active,Active
SNS_000992,Kashmere Gate,2026-03-05 03:00:00,23.9,54.6,829,59,0,Active,Active,Active
SNS_000993,New Delhi,2026-03-05 03:00:00,23.5,58.7,489,49,0,Active,Active,Active
SNS_000994,Hauz Khas,2026-03-05 03:00:00,23.4,59.8,455,74,8,Active,Active,Active
SNS_000995,Botanical Garden,2026-03-05 03:00:00,24.4,52.8,514,107,0,Active,Active,Active
SNS_000996,Janakpuri West,2026-03-05 03:00:00,21.2,62.1,457,135,2,Active,Active,Active
SNS_000997,Lajpat Nagar,2026-03-05 03:00:00,22.0,49.0,477,104,4,Active,Active,Active
SNS_000998,Central Secretariat,2026-03-05 03:00:00,22.0,60.9,695,140,3,Active,Active,Active
SNS_000999,Yamuna Bank,2026-03-05 03:00:00,21.5,63.4,657,142,8,Active,Active,Active
SNS_001000,Inderlok,2026-03-05 03:00:00,22.3,53.8,566,150,1,Active,Active,Active
SNS_001001,Rajiv Chowk,2026-03-05 04:00:00,21.5,64.1,599,103,6,Active,Active,Active
SNS_001002,Kashmere Gate,2026-03-05 04:00:00,21.5,49.5,726,143,10,Active,Active,Active
SNS_001003,New Delhi,2026-03-05 04:00:00,21.2,51.2,593,58,7,Active,Active,Active
SNS_001004,Hauz Khas,2026-03-05 04:00:00,23.6,54.9,463,59,3,Active,Active,Active
SNS_001005,Botanical Garden,2026-03-05 04:00:00,21.5,62.7,738,53,1,Active,Active,Active
SNS_001006,Janakpuri West,2026-03-05 04:00:00,21.8,59.9,542,114,5,Active,Active,Active
SNS_001007,Lajpat Nagar,2026-03-05 04:00:00,22.2,47.4,630,124,2,Active,Active,Active
SNS_001008,Central Secretariat,2026-03-05 04:00:00,22.3,51.1,459,116,2,Active,Active,Active
SNS_001009,Yamuna Bank,2026-03-05 04:00:00,24.4,63.8,622,125,1,Active,Active,Active
SNS_001010,Inderlok,2026-03-05 04:00:00,21.5,56.8,759,124,9,Active,Active,Active
SNS_001011,Rajiv Chowk,2026-03-05 05:00:00,21.7,57.4,468,90,5,Active,Active,Active
SNS_001012,Kashmere Gate,2026-03-05 05:00:00,21.5,62.4,599,80,9,Active,Active,Active
SNS_001013,New Delhi,2026-03-05 05:00:00,22.9,54.8,618,58,10,Active,Active,Active
SNS_001014,Hauz Khas,2026-03-05 05:00:00,22.1,57.9,511,135,4,Active,Active,Active
SNS_001015,Botanical Garden,2026-03-05 05:00:00,23.9,48.6,557,125,6,Active,Active,Active
SNS_001016,Janakpuri West,2026-03-05 05:00:00,24.2,59.7,652,132,1,Active,Active,Active
SNS_001017,Lajpat Nagar,2026-03-05 05:00:00,22.0,51.9,681,60,4,Active,Active,Active
SNS_001018,Central Secretariat,2026-03-05 05:00:00,24.0,47.1,830,104,10,Active,Active,Active
SNS_001019,Yamuna Bank,2026-03-05 05:00:00,21.8,49.2,456,133,6,Active,Active,Active
SNS_001020,Inderlok,2026-03-05 05:00:00,24.2,59.9,702,121,3,Active,Active,Active
SNS_001021,Rajiv Chowk,2026-03-05 06:00:00,24.3,55.0,826,82,316,Active,Active,Active
SNS_001022,Kashmere Gate,2026-03-05 06:00:00,23.8,52.7,588,65,199,Active,Active,Active
SNS_001023,New Delhi,2026-03-05 06:00:00,22.4,52.8,653,89,147,Active,Active,Active
SNS_001024,Hauz Khas,2026-03-05 06:00:00,23.8,49.4,798,99,324,Active,Active,Active
SNS_001025,Botanical Garden,2026-03-05 06:00:00,23.7,64.6,798,71,276,Active,Active,Active
SNS_001026,Janakpuri West,2026-03-05 06:00:00,21.4,49.1,787,101,259,Active,Active,Active
SNS_001027,Lajpat Nagar,2026-03-05 06:00:00,23.4,59.3,469,126,230,Active,Under Maintenance,Active
SNS_001028,Central Secretariat,2026-03-05 06:00:00,23.9,49.9,823,103,343,Active,Active,Active
SNS_001029,Yamuna Bank,2026-03-05 06:00:00,22.0,45.6,727,95,242,Active,Active,Active
SNS_001030,Inderlok,2026-03-05 06:00:00,22.8,62.2,513,144,384,Active,Active,Active
SNS_001031,Rajiv Chowk,2026-03-05 07:00:00,21.2,56.7,750,123,376,Active,Active,Active
SNS_001032,Kashmere Gate,2026-03-05 07:00:00,22.4,50.1,516,136,309,Active,Active,Active
SNS_001033,New Delhi,2026-03-05 07:00:00,22.9,51.5,759,114,320,Active,Active,Active
SNS_001034,Hauz Khas,2026-03-05 07:00:00,24.4,61.8,823,57,207,Active,Active,Active
SNS_001035,Botanical Garden,2026-03-05 07:00:00,21.3,46.3,742,111,228,Active,Active,Active
SNS_001036,Janakpuri West,2026-03-05 07:00:00,21.3,62.7,550,100,171,Active,Active,Active
SNS_001037,Lajpat Nagar,2026-03-05 07:00:00,22.1,48.8,824,148,209,Active,Active,Active
SNS_001038,Central Secretariat,2026-03-05 07:00:00,21.9,49.8,683,104,170,Active,Active,Active
SNS_001039,Yamuna Bank,2026-03-05 07:00:00,24.3,46.5,764,56,117,Active,Active,Active
SNS_001040,Inderlok,2026-03-05 07:00:00,23.3,59.1,614,70,337,Active,Active,Active
SNS_001041,Rajiv Chowk,2026-03-05 08:00:00,22.9,53.9,480,148,1318,Active,Active,Active
SNS_001042,Kashmere Gate,2026-03-05 08:00:00,21.4,47.2,778,85,548,Active,Active,Active
SNS_001043,New Delhi,2026-03-05 08:00:00,21.3,48.9,602,124,948,Active,Active,Active
SNS_001044,Hauz Khas,2026-03-05 08:00:00,22.1,60.7,573,60,1118,Active,Active,Active
SNS_001045,Botanical Garden,2026-03-05 08:00:00,23.2,49.5,714,42,1356,Active,Active,Active
SNS_001046,Janakpuri West,2026-03-05 08:00:00,23.8,45.7,710,76,1376,Active,Active,Active
SNS_001047,Lajpat Nagar,2026-03-05 08:00:00,22.5,59.5,536,105,866,Active,Active,Active
SNS_001048,Central Secretariat,2026-03-05 08:00:00,22.1,63.7,835,84,539,Active,Inactive,Active
SNS_001049,Yamuna Bank,2026-03-05 08:00:00,21.6,60.3,641,105,1068,Active,Active,Active
SNS_001050,Inderlok,2026-03-05 08:00:00,22.5,47.6,460,118,569,Inactive,Active,Active
SNS_001051,Rajiv Chowk,2026-03-05 09:00:00,22.0,50.8,529,130,1186,Active,Active,Active
SNS_001052,Kashmere Gate,2026-03-05 09:00:00,22.1,62.1,698,118,1086,Active,Active,Active
SNS_001053,New Delhi,2026-03-05 09:00:00,23.3,45.7,510,145,860,Active,Active,Active
SNS_001054,Hauz Khas,2026-03-05 09:00:00,23.0,45.8,683,55,914,Active,Active,Active
SNS_001055,Botanical Garden,2026-03-05 09:00:00,21.4,56.1,780,146,1076,Active,Active,Active
SNS_001056,Janakpuri West,2026-03-05 09:00:00,22.2,46.2,775,94,1122,Active,Active,Active
SNS_001057,Lajpat Nagar,2026-03-05 09:00:00,23.3,62.5,820,82,1233,Active,Active,Active
SNS_001058,Central Secretariat,2026-03-05 09:00:00,22.1,55.4,596,71,1448,Active,Active,Active
SNS_001059,Yamuna Bank,2026-03-05 09:00:00,23.4,55.4,529,112,607,Active,Active,Active
SNS_001060,Inderlok,2026-03-05 09:00:00,23.6,53.8,576,86,1476,Active,Active,Active
SNS_001061,Rajiv Chowk,2026-03-05 10:00:00,23.5,45.6,754,63,741,Active,Active,Active
SNS_001062,Kashmere Gate,2026-03-05 10:00:00,21.4,64.7,792,92,993,Active,Active,Active
SNS_001063,New Delhi,2026-03-05 10:00:00,22.0,47.5,731,48,1405,Active,Active,Active
SNS_001064,Hauz Khas,2026-03-05 10:00:00,23.9,50.6,606,66,1037,Active,Active,Active
SNS_001065,Botanical Garden,2026-03-05 10:00:00,23.2,47.9,654,136,857,Active,Active,Active
SNS_001066,Janakpuri West,2026-03-05 10:00:00,24.2,51.0,498,131,1302,Active,Active,Active
SNS_001067,Lajpat Nagar,2026-03-05 10:00:00,21.6,53.5,709,125,825,Active,Active,Active
SNS_001068,Central Secretariat,2026-03-05 10:00:00,22.9,47.8,709,97,827,Active,Inactive,Active
SNS_001069,Yamuna Bank,2026-03-05 10:00:00,24.1,55.4,591,121,964,Active,Active,Active
SNS_001070,Inderlok,2026-03-05 10:00:00,22.9,52.7,841,72,1261,Active,Active,Active
SNS_001071,Rajiv Chowk,2026-03-05 11:00:00,22.4,58.8,588,93,110,Active,Active,Active
SNS_001072,Kashmere Gate,2026-03-05 11:00:00,22.3,55.1,594,60,113,Active,Active,Active
SNS_001073,New Delhi,2026-03-05 11:00:00,22.1,63.9,610,88,202,Active,Active,Active
SNS_001074,Hauz Khas,2026-03-05 11:00:00,23.7,60.5,785,77,168,Active,Active,Active
SNS_001075,Botanical Garden,2026-03-05 11:00:00,24.4,45.6,759,109,354,Active,Inactive,Active
SNS_001076,Janakpuri West,2026-03-05 11:00:00,24.1,60.5,697,148,261,Active,Active,Active
SNS_001077,Lajpat Nagar,2026-03-05 11:00:00,24.3,64.1,653,103,348,Active,Active,Active
SNS_001078,Central Secretariat,2026-03-05 11:00:00,21.7,53.1,469,111,397,Active,Active,Active
SNS_001079,Yamuna Bank,2026-03-05 11:00:00,21.8,54.3,512,79,173,Active,Active,Active
SNS_001080,Inderlok,2026-03-05 11:00:00,21.7,60.6,831,49,274,Active,Active,Active
SNS_001081,Rajiv Chowk,2026-03-05 12:00:00,23.1,46.8,772,143,177,Active,Active,Active
SNS_001082,Kashmere Gate,2026-03-05 12:00:00,22.2,47.5,507,50,396,Active,Active,Active
SNS_001083,New Delhi,2026-03-05 12:00:00,23.9,47.3,642,130,144,Active,Active,Active
SNS_001084,Hauz Khas,2026-03-05 12:00:00,22.0,58.8,556,134,149,Inactive,Active,Active
SNS_001085,Botanical Garden,2026-03-05 12:00:00,22.2,58.8,720,111,282,Active,Active,Active
SNS_001086,Janakpuri West,2026-03-05 12:00:00,23.4,48.3,592,80,174,Active,Active,Active
SNS_001087,Lajpat Nagar,2026-03-05 12:00:00,22.9,47.4,734,78,304,Active,Active,Active
SNS_001088,Central Secretariat,2026-03-05 12:00:00,24.1,52.4,545,131,315,Active,Active,Active
SNS_001089,Yamuna Bank,2026-03-05 12:00:00,23.6,46.6,480,81,154,Under Maintenance,Active,Active
SNS_001090,Inderlok,2026-03-05 12:00:00,23.5,61.9,773,138,205,Active,Active,Active
SNS_001091,Rajiv Chowk,2026-03-05 13:00:00,22.8,61.0,559,63,174,Active,Active,Active
SNS_001092,Kashmere Gate,2026-03-05 13:00:00,21.1,45.1,674,68,266,Active,Active,Active
SNS_001093,New Delhi,2026-03-05 13:00:00,23.9,46.9,828,73,122,Active,Active,Active
SNS_001094,Hauz Khas,2026-03-05 13:00:00,23.6,55.3,616,87,259,Active,Active,Active
SNS_001095,Botanical Garden,2026-03-05 13:00:00,22.3,49.6,810,98,104,Active,Active,Active
SNS_001096,Janakpuri West,2026-03-05 13:00:00,21.0,50.7,850,79,232,Active,Active,Active
SNS_001097,Lajpat Nagar,2026-03-05 13:00:00,23.0,53.3,557,96,309,Active,Active,Active
SNS_001098,Central Secretariat,2026-03-05 13:00:00,21.6,55.2,716,58,258,Active,Active,Active
SNS_001099,Yamuna Bank,2026-03-05 13:00:00,21.0,50.0,619,89,301,Active,Active,Active
SNS_001100,Inderlok,2026-03-05 13:00:00,24.0,55.0,547,144,119,Active,Active,Active
SNS_001101,Rajiv Chowk,2026-03-05 14:00:00,23.3,60.8,781,75,318,Active,Active,Active
SNS_001102,Kashmere Gate,2026-03-05 14:00:00,24.3,45.9,663,127,359,Active,Active,Active
SNS_001103,New Delhi,2026-03-05 14:00:00,24.2,52.5,810,72,176,Active,Active,Active
SNS_001104,Hauz Khas,2026-03-05 14:00:00,21.7,46.8,575,57,330,Active,Active,Active
SNS_001105,Botanical Garden,2026-03-05 14:00:00,21.0,49.9,557,94,171,Active,Active,Active
SNS_001106,Janakpuri West,2026-03-05 14:00:00,22.9,59.1,841,139,344,Active,Active,Active
SNS_001107,Lajpat Nagar,2026-03-05 14:00:00,23.5,61.3,747,48,290,Active,Active,Active
SNS_001108,Central Secretariat,2026-03-05 14:00:00,22.6,50.3,547,110,334,Active,Active,Inactive
SNS_001109,Yamuna Bank,2026-03-05 14:00:00,21.9,46.8,540,124,289,Active,Active,Active
SNS_001110,Inderlok,2026-03-05 14:00:00,21.2,51.6,755,60,115,Active,Active,Active
SNS_001111,Rajiv Chowk,2026-03-05 15:00:00,23.1,48.0,734,93,246,Active,Active,Active
SNS_001112,Kashmere Gate,2026-03-05 15:00:00,23.4,63.9,515,59,124,Active,Active,Active
SNS_001113,New Delhi,2026-03-05 15:00:00,23.2,55.6,568,112,268,Active,Active,Active
SNS_001114,Hauz Khas,2026-03-05 15:00:00,23.8,60.4,610,44,190,Inactive,Active,Active
SNS_001115,Botanical Garden,2026-03-05 15:00:00,22.0,63.4,577,78,287,Active,Active,Active
SNS_001116,Janakpuri West,2026-03-05 15:00:00,22.0,47.7,797,58,315,Active,Active,Active
SNS_001117,Lajpat Nagar,2026-03-05 15:00:00,22.1,58.0,691,91,178,Active,Active,Active
SNS_001118,Central Secretariat,2026-03-05 15:00:00,23.8,54.1,824,147,323,Active,Active,Active
SNS_001119,Yamuna Bank,2026-03-05 15:00:00,22.2,49.5,511,123,145,Active,Active,Active
SNS_001120,Inderlok,2026-03-05 15:00:00,22.6,60.9,540,99,350,Active,Active,Active
SNS_001121,Rajiv Chowk,2026-03-05 16:00:00,23.0,58.3,635,128,244,Active,Active,Active
SNS_001122,Kashmere Gate,2026-03-05 16:00:00,22.1,52.3,523,147,239,Active,Inactive,Active
SNS_001123,New Delhi,2026-03-05 16:00:00,23.1,50.2,741,124,344,Active,Active,Active
SNS_001124,Hauz Khas,2026-03-05 16:00:00,23.5,55.9,736,93,156,Active,Active,Active
SNS_001125,Botanical Garden,2026-03-05 16:00:00,24.0,53.2,566,83,172,Active,Active,Active
SNS_001126,Janakpuri West,2026-03-05 16:00:00,23.7,60.5,730,68,288,Active,Active,Active
SNS_001127,Lajpat Nagar,2026-03-05 16:00:00,21.2,51.1,520,81,327,Active,Active,Active
SNS_001128,Central Secretariat,2026-03-05 16:00:00,23.2,63.6,477,125,132,Active,Active,Active
SNS_001129,Yamuna Bank,2026-03-05 16:00:00,24.1,45.2,707,75,310,Active,Active,Active
SNS_001130,Inderlok,2026-03-05 16:00:00,22.5,58.0,770,69,197,Active,Active,Active
SNS_001131,Rajiv Chowk,2026-03-05 17:00:00,23.2,60.7,824,91,725,Active,Active,Active
SNS_001132,Kashmere Gate,2026-03-05 17:00:00,23.9,49.6,570,50,1402,Active,Active,Active
SNS_001133,New Delhi,2026-03-05 17:00:00,23.1,50.7,814,127,920,Active,Active,Active
SNS_001134,Hauz Khas,2026-03-05 17:00:00,21.0,55.9,572,138,557,Active,Active,Active
SNS_001135,Botanical Garden,2026-03-05 17:00:00,21.8,64.2,664,94,1499,Active,Active,Active
SNS_001136,Janakpuri West,2026-03-05 17:00:00,21.6,63.1,721,44,1048,Active,Active,Active
SNS_001137,Lajpat Nagar,2026-03-05 17:00:00,23.5,50.6,800,44,1270,Active,Active,Active
SNS_001138,Central Secretariat,2026-03-05 17:00:00,24.0,48.9,592,51,1233,Active,Active,Active
SNS_001139,Yamuna Bank,2026-03-05 17:00:00,23.7,51.4,718,90,802,Active,Active,Active
SNS_001140,Inderlok,2026-03-05 17:00:00,23.1,58.8,469,145,1219,Active,Active,Active
SNS_001141,Rajiv Chowk,2026-03-05 18:00:00,22.1,57.7,765,68,1028,Active,Active,Active
SNS_001142,Kashmere Gate,2026-03-05 18:00:00,21.5,54.9,623,40,974,Active,Active,Active
SNS_001143,New Delhi,2026-03-05 18:00:00,23.8,59.9,682,127,1087,Active,Active,Active
SNS_001144,Hauz Khas,2026-03-05 18:00:00,21.1,65.0,650,117,1385,Active,Active,Active
SNS_001145,Botanical Garden,2026-03-05 18:00:00,23.0,47.5,483,109,1217,Active,Active,Active
SNS_001146,Janakpuri West,2026-03-05 18:00:00,22.9,51.7,747,91,630,Active,Active,Active
SNS_001147,Lajpat Nagar,2026-03-05 18:00:00,23.6,49.1,618,87,1141,Active,Active,Active
SNS_001148,Central Secretariat,2026-03-05 18:00:00,23.5,45.6,838,125,723,Active,Active,Active
SNS_001149,Yamuna Bank,2026-03-05 18:00:00,21.4,51.8,664,82,1086,Active,Active,Active
SNS_001150,Inderlok,2026-03-05 18:00:00,23.6,57.7,652,123,649,Under Maintenance,Active,Active
SNS_001151,Rajiv Chowk,2026-03-05 19:00:00,21.1,58.5,537,123,813,Active,Active,Active
SNS_001152,Kashmere Gate,2026-03-05 19:00:00,21.3,63.9,738,83,1125,Active,Active,Active
SNS_001153,New Delhi,2026-03-05 19:00:00,21.4,51.0,514,98,1132,Active,Active,Active
SNS_001154,Hauz Khas,2026-03-05 19:00:00,23.9,49.4,672,141,598,Active,Active,Active
SNS_001155,Botanical Garden,2026-03-05 19:00:00,21.4,47.8,794,124,951,Active,Active,Active
SNS_001156,Janakpuri West,2026-03-05 19:00:00,21.7,56.8,499,120,1262,Active,Active,Active
SNS_001157,Lajpat Nagar,2026-03-05 19:00:00,22.3,63.6,526,109,645,Active,Active,Active
SNS_001158,Central Secretariat,2026-03-05 19:00:00,21.6,64.6,455,51,1426,Active,Active,Active
SNS_001159,Yamuna Bank,2026-03-05 19:00:00,23.2,54.4,491,89,850,Active,Active,Active
SNS_001160,Inderlok,2026-03-05 19:00:00,22.5,53.9,527,43,1206,Active,Active,Active
SNS_001161,Rajiv Chowk,2026-03-05 20:00:00,23.3,58.3,749,60,1314,Active,Active,Active
SNS_001162,Kashmere Gate,2026-03-05 20:00:00,22.1,50.3,591,141,1271,Active,Active,Active
SNS_001163,New Delhi,2026-03-05 20:00:00,21.4,54.6,621,52,1006,Active,Active,Active
SNS_001164,Hauz Khas,2026-03-05 20:00:00,22.0,53.8,844,69,1233,Active,Active,Active
SNS_001165,Botanical Garden,2026-03-05 20:00:00,21.1,52.9,623,127,1427,Active,Active,Active
SNS_001166,Janakpuri West,2026-03-05 20:00:00,23.1,61.8,678,72,1182,Active,Active,Active
SNS_001167,Lajpat Nagar,2026-03-05 20:00:00,24.2,59.5,475,111,1481,Active,Active,Active
SNS_001168,Central Secretariat,2026-03-05 20:00:00,24.3,47.1,795,150,1249,Active,Active,Active
SNS_001169,Yamuna Bank,2026-03-05 20:00:00,22.9,51.3,555,43,958,Inactive,Active,Active
SNS_001170,Inderlok,2026-03-05 20:00:00,24.0,45.5,667,97,666,Active,Active,Active
SNS_001171,Rajiv Chowk,2026-03-05 21:00:00,21.1,55.1,660,51,382,Active,Active,Active
SNS_001172,Kashmere Gate,2026-03-05 21:00:00,21.3,59.1,467,45,195,Active,Active,Active
SNS_001173,New Delhi,2026-03-05 21:00:00,22.6,57.7,785,150,266,Active,Active,Active
SNS_001174,Hauz Khas,2026-03-05 21:00:00,23.1,54.3,720,150,147,Active,Active,Active
SNS_001175,Botanical Garden,2026-03-05 21:00:00,22.4,60.8,715,98,239,Active,Active,Active
SNS_001176,Janakpuri West,2026-03-05 21:00:00,22.6,58.3,540,103,225,Active,Active,Active
SNS_001177,Lajpat Nagar,2026-03-05 21:00:00,24.0,52.7,472,118,392,Active,Active,Active
SNS_001178,Central Secretariat,2026-03-05 21:00:00,23.0,56.2,457,90,370,Active,Active,Active
SNS_001179,Yamuna Bank,2026-03-05 21:00:00,22.8,56.6,849,46,159,Inactive,Active,Active
SNS_001180,Inderlok,2026-03-05 21:00:00,21.2,51.2,714,41,381,Active,Active,Active
SNS_001181,Rajiv Chowk,2026-03-05 22:00:00,23.2,56.0,598,124,116,Active,Active,Active
SNS_001182,Kashmere Gate,2026-03-05 22:00:00,21.3,46.4,658,76,398,Active,Active,Active
SNS_001183,New Delhi,2026-03-05 22:00:00,22.5,54.6,781,83,396,Active,Active,Active
SNS_001184,Hauz Khas,2026-03-05 22:00:00,22.4,51.7,651,141,331,Active,Active,Active
SNS_001185,Botanical Garden,2026-03-05 22:00:00,21.7,63.0,661,51,179,Active,Active,Active
SNS_001186,Janakpuri West,2026-03-05 22:00:00,24.0,45.2,795,45,382,Active,Under Maintenance,Active
SNS_001187,Lajpat Nagar,2026-03-05 22:00:00,23.9,64.4,498,49,198,Active,Active,Active
SNS_001188,Central Secretariat,2026-03-05 22:00:00,23.2,54.2,462,143,344,Active,Active,Active
SNS_001189,Yamuna Bank,2026-03-05 22:00:00,24.3,64.3,660,46,186,Inactive,Active,Active
SNS_001190,Inderlok,2026-03-05 22:00:00,21.9,53.1,792,76,381,Active,Active,Active
SNS_001191,Rajiv Chowk,2026-03-05 23:00:00,21.0,50.1,730,78,309,Active,Active,Active
SNS_001192,Kashmere Gate,2026-03-05 23:00:00,23.0,58.8,655,94,214,Active,Active,Active
SNS_001193,New Delhi,2026-03-05 23:00:00,23.6,61.7,805,121,316,Active,Active,Active
SNS_001194,Hauz Khas,2026-03-05 23:00:00,21.9,61.6,781,131,134,Under Maintenance,Active,Active
SNS_001195,Botanical Garden,2026-03-05 23:00:00,22.2,58.7,704,43,223,Active,Active,Active
SNS_001196,Janakpuri West,2026-03-05 23:00:00,22.4,50.6,774,133,277,Active,Active,Active
SNS_001197,Lajpat Nagar,2026-03-05 23:00:00,21.3,60.8,593,137,288,Active,Active,Active
SNS_001198,Central Secretariat,2026-03-05 23:00:00,21.8,61.4,524,141,355,Active,Active,Active
SNS_001199,Yamuna Bank,2026-03-05 23:00:00,21.3,46.5,633,86,256,Active,Active,Active
SNS_001200,Inderlok,2026-03-05 23:00:00,23.8,61.6,590,133,174,Active,Active,Active
SNS_001201,Rajiv Chowk,2026-03-06 00:00:00,21.8,54.7,780,67,8,Active,Active,Active
SNS_001202,Kashmere Gate,2026-03-06 00:00:00,23.5,58.9,744,64,2,Active,Active,Active
SNS_001203,New Delhi,2026-03-06 00:00:00,21.4,55.1,722,128,7,Active,Active,Active
SNS_001204,Hauz Khas,2026-03-06 00:00:00,22.3,52.5,629,114,9,Active,Active,Active
SNS_001205,Botanical Garden,2026-03-06 00:00:00,22.8,55.5,497,115,8,Active,Active,Active
SNS_001206,Janakpuri West,2026-03-06 00:00:00,23.1,45.4,696,62,9,Active,Active,Active
SNS_001207,Lajpat Nagar,2026-03-06 00:00:00,22.5,47.1,759,137,1,Active,Active,Active
SNS_001208,Central Secretariat,2026-03-06 00:00:00,21.1,53.3,769,53,3,Active,Active,Active
SNS_001209,Yamuna Bank,2026-03-06 00:00:00,21.3,57.1,707,49,6,Active,Active,Active
SNS_001210,Inderlok,2026-03-06 00:00:00,21.8,52.6,535,62,1,Active,Active,Active
SNS_001211,Rajiv Chowk,2026-03-06 01:00:00,24.4,61.1,565,95,3,Active,Active,Active
SNS_001212,Kashmere Gate,2026-03-06 01:00:00,21.3,46.8,686,126,10,Active,Active,Active
SNS_001213,New Delhi,2026-03-06 01:00:00,24.1,49.3,688,78,0,Active,Inactive,Active
SNS_001214,Hauz Khas,2026-03-06 01:00:00,22.2,57.8,509,82,5,Active,Active,Active
SNS_001215,Botanical Garden,2026-03-06 01:00:00,23.2,56.5,473,117,8,Active,Active,Active
SNS_001216,Janakpuri West,2026-03-06 01:00:00,23.3,45.7,805,106,5,Active,Active,Active
SNS_001217,Lajpat Nagar,2026-03-06 01:00:00,23.5,49.1,722,46,3,Active,Active,Active
SNS_001218,Central Secretariat,2026-03-06 01:00:00,23.6,52.2,541,77,1,Active,Active,Active
SNS_001219,Yamuna Bank,2026-03-06 01:00:00,24.0,51.0,809,42,7,Active,Active,Active
SNS_001220,Inderlok,2026-03-06 01:00:00,22.5,51.3,733,40,8,Active,Active,Active
SNS_001221,Rajiv Chowk,2026-03-06 02:00:00,21.5,47.8,840,57,1,Active,Active,Active
SNS_001222,Kashmere Gate,2026-03-06 02:00:00,22.5,51.4,766,65,8,Active,Active,Active
SNS_001223,New Delhi,2026-03-06 02:00:00,24.2,64.0,568,134,7,Active,Active,Active
SNS_001224,Hauz Khas,2026-03-06 02:00:00,22.3,51.9,685,101,2,Active,Active,Active
SNS_001225,Botanical Garden,2026-03-06 02:00:00,22.9,64.7,673,144,10,Active,Active,Active
SNS_001226,Janakpuri West,2026-03-06 02:00:00,23.3,53.5,468,149,9,Active,Active,Active
SNS_001227,Lajpat Nagar,2026-03-06 02:00:00,22.5,52.7,772,130,10,Active,Active,Active
SNS_001228,Central Secretariat,2026-03-06 02:00:00,21.4,59.6,603,51,6,Active,Active,Active
SNS_001229,Yamuna Bank,2026-03-06 02:00:00,21.0,46.0,705,61,2,Active,Active,Active
SNS_001230,Inderlok,2026-03-06 02:00:00,22.2,51.9,798,140,6,Active,Active,Active
SNS_001231,Rajiv Chowk,2026-03-06 03:00:00,21.3,52.4,780,52,3,Active,Under Maintenance,Active
SNS_001232,Kashmere Gate,2026-03-06 03:00:00,21.5,48.5,578,95,5,Active,Active,Active
SNS_001233,New Delhi,2026-03-06 03:00:00,23.9,55.2,621,142,4,Active,Active,Active
SNS_001234,Hauz Khas,2026-03-06 03:00:00,22.8,48.6,821,130,9,Active,Active,Active
SNS_001235,Botanical Garden,2026-03-06 03:00:00,22.3,60.3,561,48,1,Active,Active,Active
SNS_001236,Janakpuri West,2026-03-06 03:00:00,23.1,60.9,614,133,10,Active,Active,Active
SNS_001237,Lajpat Nagar,2026-03-06 03:00:00,21.7,52.3,615,115,1,Active,Active,Active
SNS_001238,Central Secretariat,2026-03-06 03:00:00,24.4,49.2,549,87,4,Active,Active,Active
SNS_001239,Yamuna Bank,2026-03-06 03:00:00,22.4,59.5,757,115,5,Active,Active,Active
SNS_001240,Inderlok,2026-03-06 03:00:00,23.2,53.7,627,126,1,Active,Active,Active
SNS_001241,Rajiv Chowk,2026-03-06 04:00:00,21.1,55.4,656,117,2,Active,Active,Active
SNS_001242,Kashmere Gate,2026-03-06 04:00:00,22.1,62.2,506,97,2,Active,Active,Active
SNS_001243,New Delhi,2026-03-06 04:00:00,21.0,58.9,823,147,9,Active,Active,Active
SNS_001244,Hauz Khas,2026-03-06 04:00:00,24.1,50.2,735,130,10,Active,Active,Active
SNS_001245,Botanical Garden,2026-03-06 04:00:00,24.3,47.9,505,126,0,Active,Active,Active
SNS_001246,Janakpuri West,2026-03-06 04:00:00,21.0,50.1,803,42,6,Active,Active,Active
SNS_001247,Lajpat Nagar,2026-03-06 04:00:00,24.3,52.2,618,67,5,Under Maintenance,Active,Active
SNS_001248,Central Secretariat,2026-03-06 04:00:00,21.8,48.5,617,89,0,Inactive,Active,Active
SNS_001249,Yamuna Bank,2026-03-06 04:00:00,23.3,49.9,556,92,3,Active,Active,Active
SNS_001250,Inderlok,2026-03-06 04:00:00,22.8,52.5,701,66,5,Active,Active,Active
SNS_001251,Rajiv Chowk,2026-03-06 05:00:00,23.1,52.0,487,92,6,Active,Active,Active
SNS_001252,Kashmere Gate,2026-03-06 05:00:00,23.5,58.8,594,102,2,Active,Active,Active
SNS_001253,New Delhi,2026-03-06 05:00:00,22.5,45.7,826,90,6,Active,Active,Active
SNS_001254,Hauz Khas,2026-03-06 05:00:00,22.4,49.2,836,111,4,Active,Active,Active
SNS_001255,Botanical Garden,2026-03-06 05:00:00,23.9,51.1,797,54,6,Active,Active,Active
SNS_001256,Janakpuri West,2026-03-06 05:00:00,21.6,64.0,743,70,4,Active,Active,Active
SNS_001257,Lajpat Nagar,2026-03-06 05:00:00,23.1,57.7,832,83,10,Active,Active,Active
SNS_001258,Central Secretariat,2026-03-06 05:00:00,21.3,60.4,825,73,0,Active,Active,Active
SNS_001259,Yamuna Bank,2026-03-06 05:00:00,22.0,46.1,749,129,1,Active,Active,Inactive
SNS_001260,Inderlok,2026-03-06 05:00:00,23.7,46.1,484,127,2,Active,Active,Active
SNS_001261,Rajiv Chowk,2026-03-06 06:00:00,21.6,51.0,824,93,254,Active,Active,Active
SNS_001262,Kashmere Gate,2026-03-06 06:00:00,23.3,64.4,781,136,357,Under Maintenance,Active,Active
SNS_001263,New Delhi,2026-03-06 06:00:00,22.1,50.1,697,58,322,Active,Active,Active
SNS_001264,Hauz Khas,2026-03-06 06:00:00,24.1,55.3,688,85,235,Under Maintenance,Active,Active
SNS_001265,Botanical Garden,2026-03-06 06:00:00,24.4,55.6,734,53,296,Under Maintenance,Active,Active
SNS_001266,Janakpuri West,2026-03-06 06:00:00,22.0,51.4,624,92,107,Active,Active,Active
SNS_001267,Lajpat Nagar,2026-03-06 06:00:00,23.2,64.8,530,104,301,Active,Active,Active
SNS_001268,Central Secretariat,2026-03-06 06:00:00,24.0,58.7,805,40,292,Active,Active,Active
SNS_001269,Yamuna Bank,2026-03-06 06:00:00,21.2,46.9,667,111,341,Active,Active,Active
SNS_001270,Inderlok,2026-03-06 06:00:00,21.7,61.8,632,120,395,Active,Active,Active
SNS_001271,Rajiv Chowk,2026-03-06 07:00:00,22.2,57.6,617,54,336,Active,Active,Active
SNS_001272,Kashmere Gate,2026-03-06 07:00:00,23.5,52.8,520,72,184,Active,Active,Active
SNS_001273,New Delhi,2026-03-06 07:00:00,21.2,55.0,501,69,280,Active,Active,Active
SNS_001274,Hauz Khas,2026-03-06 07:00:00,21.8,51.2,456,48,160,Active,Active,Active
SNS_001275,Botanical Garden,2026-03-06 07:00:00,23.7,57.4,789,124,368,Active,Active,Active
SNS_001276,Janakpuri West,2026-03-06 07:00:00,22.8,52.1,497,114,299,Active,Active,Active
SNS_001277,Lajpat Nagar,2026-03-06 07:00:00,21.0,63.4,564,116,215,Active,Active,Active
SNS_001278,Central Secretariat,2026-03-06 07:00:00,21.8,46.2,717,44,114,Active,Active,Active
SNS_001279,Yamuna Bank,2026-03-06 07:00:00,24.5,53.5,581,107,268,Active,Active,Active
SNS_001280,Inderlok,2026-03-06 07:00:00,22.2,53.1,488,87,177,Active,Active,Active
SNS_001281,Rajiv Chowk,2026-03-06 08:00:00,22.0,45.2,542,140,1006,Active,Active,Active
SNS_001282,Kashmere Gate,2026-03-06 08:00:00,23.3,59.9,514,40,526,Active,Active,Active
SNS_001283,New Delhi,2026-03-06 08:00:00,21.4,46.4,476,134,1377,Active,Active,Active
SNS_001284,Hauz Khas,2026-03-06 08:00:00,23.6,61.8,756,111,1465,Active,Active,Active
SNS_001285,Botanical Garden,2026-03-06 08:00:00,21.2,49.0,816,83,748,Active,Active,Active
SNS_001286,Janakpuri West,2026-03-06 08:00:00,23.1,60.6,822,98,778,Active,Active,Active
SNS_001287,Lajpat Nagar,2026-03-06 08:00:00,22.5,56.0,751,54,1373,Active,Active,Active
SNS_001288,Central Secretariat,2026-03-06 08:00:00,24.1,59.7,532,77,583,Active,Active,Active
SNS_001289,Yamuna Bank,2026-03-06 08:00:00,21.6,64.9,764,59,986,Active,Active,Active
SNS_001290,Inderlok,2026-03-06 08:00:00,22.6,48.1,718,106,648,Active,Active,Active
SNS_001291,Rajiv Chowk,2026-03-06 09:00:00,24.0,55.9,706,144,606,Active,Active,Active
SNS_001292,Kashmere Gate,2026-03-06 09:00:00,24.1,47.6,513,134,1291,Active,Active,Active
SNS_001293,New Delhi,2026-03-06 09:00:00,22.0,59.0,704,135,1422,Active,Active,Active
SNS_001294,Hauz Khas,2026-03-06 09:00:00,24.3,48.5,556,48,1333,Active,Under Maintenance,Active
SNS_001295,Botanical Garden,2026-03-06 09:00:00,24.2,51.4,460,142,1380,Active,Active,Active
SNS_001296,Janakpuri West,2026-03-06 09:00:00,21.6,49.4,742,137,722,Active,Active,Active
SNS_001297,Lajpat Nagar,2026-03-06 09:00:00,21.5,49.0,650,127,957,Active,Active,Active
SNS_001298,Central Secretariat,2026-03-06 09:00:00,22.7,52.8,707,109,891,Inactive,Active,Active
SNS_001299,Yamuna Bank,2026-03-06 09:00:00,21.3,57.0,624,76,1242,Active,Active,Active
SNS_001300,Inderlok,2026-03-06 09:00:00,21.2,51.5,772,101,817,Active,Active,Active
SNS_001301,Rajiv Chowk,2026-03-06 10:00:00,23.8,53.6,671,81,1046,Active,Active,Active
SNS_001302,Kashmere Gate,2026-03-06 10:00:00,23.1,54.5,574,118,649,Active,Active,Active
SNS_001303,New Delhi,2026-03-06 10:00:00,24.1,51.1,467,122,1392,Active,Active,Active
SNS_001304,Hauz Khas,2026-03-06 10:00:00,23.5,50.9,710,48,581,Active,Active,Active
SNS_001305,Botanical Garden,2026-03-06 10:00:00,21.4,55.0,541,122,1254,Active,Active,Active
SNS_001306,Janakpuri West,2026-03-06 10:00:00,21.6,55.2,712,111,1280,Active,Active,Active
SNS_001307,Lajpat Nagar,2026-03-06 10:00:00,22.5,51.3,539,41,625,Active,Active,Active
SNS_001308,Central Secretariat,2026-03-06 10:00:00,24.3,63.2,725,138,814,Active,Active,Active
SNS_001309,Yamuna Bank,2026-03-06 10:00:00,23.9,61.6,775,120,1262,Active,Active,Active
SNS_001310,Inderlok,2026-03-06 10:00:00,21.8,54.1,757,119,512,Active,Active,Active
SNS_001311,Rajiv Chowk,2026-03-06 11:00:00,23.9,49.4,838,109,360,Active,Active,Active
SNS_001312,Kashmere Gate,2026-03-06 11:00:00,22.4,51.6,631,141,307,Active,Active,Active
SNS_001313,New Delhi,2026-03-06 11:00:00,21.7,51.2,655,100,265,Active,Active,Active
SNS_001314,Hauz Khas,2026-03-06 11:00:00,23.7,54.3,706,87,249,Active,Active,Active
SNS_001315,Botanical Garden,2026-03-06 11:00:00,22.0,62.1,661,129,222,Active,Active,Active
SNS_001316,Janakpuri West,2026-03-06 11:00:00,22.5,64.2,504,81,163,Active,Active,Active
SNS_001317,Lajpat Nagar,2026-03-06 11:00:00,24.2,45.4,714,126,294,Active,Active,Active
SNS_001318,Central Secretariat,2026-03-06 11:00:00,23.0,48.2,844,146,315,Active,Active,Active
SNS_001319,Yamuna Bank,2026-03-06 11:00:00,23.0,50.9,808,122,120,Under Maintenance,Active,Active
SNS_001320,Inderlok,2026-03-06 11:00:00,23.2,59.5,813,120,213,Active,Active,Active
SNS_001321,Rajiv Chowk,2026-03-06 12:00:00,21.9,46.2,657,90,221,Active,Active,Inactive
SNS_001322,Kashmere Gate,2026-03-06 12:00:00,22.7,57.5,831,121,312,Active,Active,Active
SNS_001323,New Delhi,2026-03-06 12:00:00,22.4,56.3,506,43,136,Active,Active,Active
SNS_001324,Hauz Khas,2026-03-06 12:00:00,22.8,54.7,483,143,373,Active,Active,Active
SNS_001325,Botanical Garden,2026-03-06 12:00:00,24.4,56.9,529,42,112,Active,Active,Active
SNS_001326,Janakpuri West,2026-03-06 12:00:00,22.0,47.4,697,41,329,Active,Active,Active
SNS_001327,Lajpat Nagar,2026-03-06 12:00:00,21.1,62.2,820,86,388,Active,Active,Active
SNS_001328,Central Secretariat,2026-03-06 12:00:00,21.2,57.0,566,128,346,Active,Active,Active
SNS_001329,Yamuna Bank,2026-03-06 12:00:00,24.4,45.7,605,149,213,Inactive,Active,Active
SNS_001330,Inderlok,2026-03-06 12:00:00,23.6,50.8,635,56,328,Active,Active,Active
SNS_001331,Rajiv Chowk,2026-03-06 13:00:00,22.1,45.8,733,101,237,Active,Active,Active
SNS_001332,Kashmere Gate,2026-03-06 13:00:00,24.0,55.2,522,53,281,Active,Active,Active
SNS_001333,New Delhi,2026-03-06 13:00:00,22.8,61.3,456,92,117,Active,Active,Active
SNS_001334,Hauz Khas,2026-03-06 13:00:00,21.8,55.8,797,42,393,Active,Active,Active
SNS_001335,Botanical Garden,2026-03-06 13:00:00,22.2,60.9,750,72,172,Active,Active,Active
SNS_001336,Janakpuri West,2026-03-06 13:00:00,23.8,63.6,665,47,149,Active,Active,Active
SNS_001337,Lajpat Nagar,2026-03-06 13:00:00,23.8,64.1,538,41,288,Active,Active,Active
SNS_001338,Central Secretariat,2026-03-06 13:00:00,21.2,57.7,610,51,319,Active,Active,Active
SNS_001339,Yamuna Bank,2026-03-06 13:00:00,23.3,48.7,521,109,315,Active,Active,Active
SNS_001340,Inderlok,2026-03-06 13:00:00,24.3,62.0,843,107,227,Active,Active,Active
SNS_001341,Rajiv Chowk,2026-03-06 14:00:00,21.7,60.5,553,60,388,Active,Active,Active
SNS_001342,Kashmere Gate,2026-03-06 14:00:00,23.7,62.6,708,98,379,Active,Active,Active
SNS_001343,New Delhi,2026-03-06 14:00:00,24.2,63.3,466,71,307,Active,Active,Active
SNS_001344,Hauz Khas,2026-03-06 14:00:00,22.3,52.1,552,112,144,Under Maintenance,Active,Active
SNS_001345,Botanical Garden,2026-03-06 14:00:00,22.9,58.5,807,144,218,Active,Active,Active
SNS_001346,Janakpuri West,2026-03-06 14:00:00,21.1,46.9,838,97,146,Active,Active,Active
SNS_001347,Lajpat Nagar,2026-03-06 14:00:00,23.5,50.5,789,71,209,Active,Active,Active
SNS_001348,Central Secretariat,2026-03-06 14:00:00,22.5,53.5,468,106,295,Active,Active,Active
SNS_001349,Yamuna Bank,2026-03-06 14:00:00,22.4,62.0,683,73,217,Active,Active,Active
SNS_001350,Inderlok,2026-03-06 14:00:00,22.2,52.2,843,88,383,Under Maintenance,Active,Active
SNS_001351,Rajiv Chowk,2026-03-06 15:00:00,22.1,50.8,523,87,185,Active,Active,Active
SNS_001352,Kashmere Gate,2026-03-06 15:00:00,23.1,63.2,621,128,175,Active,Active,Active
SNS_001353,New Delhi,2026-03-06 15:00:00,21.8,49.8,537,139,214,Active,Active,Active
SNS_001354,Hauz Khas,2026-03-06 15:00:00,23.0,57.1,502,67,198,Active,Active,Active
SNS_001355,Botanical Garden,2026-03-06 15:00:00,22.0,58.0,790,80,385,Active,Active,Active
SNS_001356,Janakpuri West,2026-03-06 15:00:00,23.7,49.4,644,52,254,Active,Under Maintenance,Active
SNS_001357,Lajpat Nagar,2026-03-06 15:00:00,23.8,62.4,465,45,358,Active,Active,Active
SNS_001358,Central Secretariat,2026-03-06 15:00:00,23.0,51.9,454,45,342,Active,Active,Active
SNS_001359,Yamuna Bank,2026-03-06 15:00:00,21.2,59.0,659,58,276,Active,Active,Active
SNS_001360,Inderlok,2026-03-06 15:00:00,21.3,53.3,623,111,376,Active,Active,Active
SNS_001361,Rajiv Chowk,2026-03-06 16:00:00,22.8,51.7,679,147,144,Active,Active,Active
SNS_001362,Kashmere Gate,2026-03-06 16:00:00,23.6,52.5,452,83,152,Active,Active,Active
SNS_001363,New Delhi,2026-03-06 16:00:00,23.3,48.2,816,149,159,Active,Active,Active
SNS_001364,Hauz Khas,2026-03-06 16:00:00,22.8,47.3,633,140,332,Active,Active,Active
SNS_001365,Botanical Garden,2026-03-06 16:00:00,23.9,56.7,729,55,342,Active,Active,Inactive
SNS_001366,Janakpuri West,2026-03-06 16:00:00,22.5,60.4,800,124,345,Active,Active,Active
SNS_001367,Lajpat Nagar,2026-03-06 16:00:00,21.9,56.6,740,44,277,Active,Active,Active
SNS_001368,Central Secretariat,2026-03-06 16:00:00,24.0,50.6,501,91,152,Active,Active,Active
SNS_001369,Yamuna Bank,2026-03-06 16:00:00,24.0,58.1,570,55,194,Active,Active,Active
SNS_001370,Inderlok,2026-03-06 16:00:00,23.8,63.9,847,71,312,Active,Active,Active
SNS_001371,Rajiv Chowk,2026-03-06 17:00:00,21.7,60.7,821,95,890,Active,Active,Active
SNS_001372,Kashmere Gate,2026-03-06 17:00:00,24.4,47.5,620,53,977,Active,Active,Active
SNS_001373,New Delhi,2026-03-06 17:00:00,24.4,54.9,577,98,1158,Active,Active,Active
SNS_001374,Hauz Khas,2026-03-06 17:00:00,21.1,61.6,571,147,1083,Active,Under Maintenance,Active
SNS_001375,Botanical Garden,2026-03-06 17:00:00,21.2,51.6,763,57,1256,Active,Active,Active
SNS_001376,Janakpuri West,2026-03-06 17:00:00,23.9,62.7,740,106,513,Active,Active,Active
SNS_001377,Lajpat Nagar,2026-03-06 17:00:00,23.6,60.6,731,126,1282,Active,Active,Active
SNS_001378,Central Secretariat,2026-03-06 17:00:00,21.1,53.1,499,77,510,Active,Active,Active
SNS_001379,Yamuna Bank,2026-03-06 17:00:00,22.9,55.1,732,133,1180,Active,Active,Active
SNS_001380,Inderlok,2026-03-06 17:00:00,22.5,56.5,586,66,801,Active,Active,Active
SNS_001381,Rajiv Chowk,2026-03-06 18:00:00,23.6,51.1,802,94,1372,Active,Active,Active
SNS_001382,Kashmere Gate,2026-03-06 18:00:00,21.7,62.6,824,84,641,Active,Active,Active
SNS_001383,New Delhi,2026-03-06 18:00:00,21.9,64.8,644,55,1134,Active,Active,Active
SNS_001384,Hauz Khas,2026-03-06 18:00:00,21.3,50.2,627,75,622,Active,Active,Active
SNS_001385,Botanical Garden,2026-03-06 18:00:00,23.6,48.5,478,57,1358,Active,Active,Active
SNS_001386,Janakpuri West,2026-03-06 18:00:00,22.4,46.2,648,139,1477,Active,Active,Active
SNS_001387,Lajpat Nagar,2026-03-06 18:00:00,24.4,52.5,795,112,1307,Active,Active,Active
SNS_001388,Central Secretariat,2026-03-06 18:00:00,22.8,45.3,819,115,1273,Active,Active,Active
SNS_001389,Yamuna Bank,2026-03-06 18:00:00,21.1,58.0,531,82,932,Active,Active,Active
SNS_001390,Inderlok,2026-03-06 18:00:00,24.2,62.9,475,88,1307,Active,Active,Active
SNS_001391,Rajiv Chowk,2026-03-06 19:00:00,23.6,51.2,683,106,966,Active,Active,Active
SNS_001392,Kashmere Gate,2026-03-06 19:00:00,21.2,54.7,465,106,1423,Active,Active,Active
SNS_001393,New Delhi,2026-03-06 19:00:00,22.9,50.0,580,135,1495,Active,Active,Active
SNS_001394,Hauz Khas,2026-03-06 19:00:00,23.5,53.0,737,132,655,Active,Active,Active
SNS_001395,Botanical Garden,2026-03-06 19:00:00,22.1,55.9,686,59,727,Active,Active,Active
SNS_001396,Janakpuri West,2026-03-06 19:00:00,24.3,53.0,649,124,1389,Active,Active,Active
SNS_001397,Lajpat Nagar,2026-03-06 19:00:00,22.9,60.1,837,117,559,Active,Active,Active
SNS_001398,Central Secretariat,2026-03-06 19:00:00,21.1,61.4,791,93,1198,Active,Active,Active
SNS_001399,Yamuna Bank,2026-03-06 19:00:00,21.3,52.1,682,76,692,Active,Active,Active
SNS_001400,Inderlok,2026-03-06 19:00:00,21.4,49.4,639,93,1232,Active,Active,Active
SNS_001401,Rajiv Chowk,2026-03-06 20:00:00,22.0,64.2,664,93,1377,Active,Active,Active
SNS_001402,Kashmere Gate,2026-03-06 20:00:00,23.3,56.8,723,90,1444,Active,Active,Active
SNS_001403,New Delhi,2026-03-06 20:00:00,23.5,54.7,830,69,546,Active,Active,Active
SNS_001404,Hauz Khas,2026-03-06 20:00:00,21.0,46.5,812,58,825,Active,Active,Active
SNS_001405,Botanical Garden,2026-03-06 20:00:00,23.5,49.8,734,81,1283,Under Maintenance,Active,Active
SNS_001406,Janakpuri West,2026-03-06 20:00:00,21.5,62.1,706,82,1286,Active,Active,Active
SNS_001407,Lajpat Nagar,2026-03-06 20:00:00,21.7,55.3,493,87,1461,Active,Active,Active
SNS_001408,Central Secretariat,2026-03-06 20:00:00,22.7,54.9,454,54,1483,Active,Active,Active
SNS_001409,Yamuna Bank,2026-03-06 20:00:00,24.2,47.0,791,116,1303,Active,Under Maintenance,Active
SNS_001410,Inderlok,2026-03-06 20:00:00,21.2,58.5,567,56,661,Under Maintenance,Active,Active
SNS_001411,Rajiv Chowk,2026-03-06 21:00:00,23.5,51.7,732,69,372,Active,Active,Active
SNS_001412,Kashmere Gate,2026-03-06 21:00:00,21.3,48.1,834,88,294,Active,Active,Active
SNS_001413,New Delhi,2026-03-06 21:00:00,24.2,58.5,591,126,378,Active,Active,Active
SNS_001414,Hauz Khas,2026-03-06 21:00:00,22.9,56.0,488,75,126,Active,Active,Active
SNS_001415,Botanical Garden,2026-03-06 21:00:00,23.1,50.9,817,68,375,Active,Active,Active
SNS_001416,Janakpuri West,2026-03-06 21:00:00,23.9,59.0,560,129,182,Inactive,Active,Active
SNS_001417,Lajpat Nagar,2026-03-06 21:00:00,23.0,64.2,562,136,337,Active,Active,Active
SNS_001418,Central Secretariat,2026-03-06 21:00:00,23.6,59.2,539,49,373,Active,Active,Active
SNS_001419,Yamuna Bank,2026-03-06 21:00:00,21.8,47.1,548,93,218,Active,Active,Active
SNS_001420,Inderlok,2026-03-06 21:00:00,21.9,64.5,804,132,259,Active,Active,Active
SNS_001421,Rajiv Chowk,2026-03-06 22:00:00,24.2,63.3,712,150,307,Active,Active,Active
SNS_001422,Kashmere Gate,2026-03-06 22:00:00,21.2,61.3,717,45,206,Active,Active,Active
SNS_001423,New Delhi,2026-03-06 22:00:00,24.4,57.2,762,93,301,Active,Active,Active
SNS_001424,Hauz Khas,2026-03-06 22:00:00,22.0,63.3,616,103,102,Active,Active,Active
SNS_001425,Botanical Garden,2026-03-06 22:00:00,21.6,56.6,717,126,382,Active,Active,Active
SNS_001426,Janakpuri West,2026-03-06 22:00:00,23.8,48.5,832,111,258,Active,Active,Active
SNS_001427,Lajpat Nagar,2026-03-06 22:00:00,22.6,62.2,648,127,344,Active,Active,Active
SNS_001428,Central Secretariat,2026-03-06 22:00:00,21.9,46.6,607,150,201,Active,Active,Active
SNS_001429,Yamuna Bank,2026-03-06 22:00:00,21.4,48.8,761,111,156,Active,Active,Active
SNS_001430,Inderlok,2026-03-06 22:00:00,21.4,55.6,683,87,109,Active,Active,Active
SNS_001431,Rajiv Chowk,2026-03-06 23:00:00,21.5,64.2,633,50,172,Active,Active,Active
SNS_001432,Kashmere Gate,2026-03-06 23:00:00,22.9,62.9,603,108,125,Active,Active,Active
SNS_001433,New Delhi,2026-03-06 23:00:00,21.2,64.7,477,128,211,Active,Active,Active
SNS_001434,Hauz Khas,2026-03-06 23:00:00,22.5,57.9,720,81,135,Active,Active,Active
SNS_001435,Botanical Garden,2026-03-06 23:00:00,21.4,53.2,833,109,262,Active,Active,Active
SNS_001436,Janakpuri West,2026-03-06 23:00:00,21.3,56.1,732,59,219,Active,Active,Active
SNS_001437,Lajpat Nagar,2026-03-06 23:00:00,23.3,45.2,542,50,292,Active,Active,Active
SNS_001438,Central Secretariat,2026-03-06 23:00:00,22.2,53.8,521,72,294,Active,Active,Active
SNS_001439,Yamuna Bank,2026-03-06 23:00:00,23.8,51.7,661,113,115,Active,Active,Active
SNS_001440,Inderlok,2026-03-06 23:00:00,22.3,59.3,804,113,344,Active,Active,Active
SNS_001441,Rajiv Chowk,2026-03-07 00:00:00,23.1,47.4,776,118,2,Active,Active,Active
SNS_001442,Kashmere Gate,2026-03-07 00:00:00,22.2,61.7,621,131,5,Active,Active,Active
SNS_001443,New Delhi,2026-03-07 00:00:00,21.0,61.8,732,68,9,Active,Active,Active
SNS_001444,Hauz Khas,2026-03-07 00:00:00,23.0,45.8,562,93,8,Active,Active,Active
SNS_001445,Botanical Garden,2026-03-07 00:00:00,22.5,49.4,812,102,5,Active,Active,Active
SNS_001446,Janakpuri West,2026-03-07 00:00:00,24.0,59.2,751,86,5,Active,Active,Active
SNS_001447,Lajpat Nagar,2026-03-07 00:00:00,24.0,54.2,508,76,4,Active,Active,Active
SNS_001448,Central Secretariat,2026-03-07 00:00:00,24.4,57.0,796,144,7,Active,Active,Active
SNS_001449,Yamuna Bank,2026-03-07 00:00:00,22.3,53.8,463,116,6,Active,Active,Active
SNS_001450,Inderlok,2026-03-07 00:00:00,24.1,50.4,476,136,3,Active,Active,Active
SNS_001451,Rajiv Chowk,2026-03-07 01:00:00,23.8,47.4,846,52,8,Active,Active,Active
SNS_001452,Kashmere Gate,2026-03-07 01:00:00,23.6,54.4,495,136,7,Active,Active,Active
SNS_001453,New Delhi,2026-03-07 01:00:00,22.5,55.3,627,123,2,Active,Active,Active
SNS_001454,Hauz Khas,2026-03-07 01:00:00,21.3,45.8,592,73,7,Inactive,Active,Active
SNS_001455,Botanical Garden,2026-03-07 01:00:00,21.9,58.5,775,145,2,Active,Active,Active
SNS_001456,Janakpuri West,2026-03-07 01:00:00,21.8,49.0,690,134,0,Active,Active,Active
SNS_001457,Lajpat Nagar,2026-03-07 01:00:00,23.3,57.5,498,70,5,Active,Active,Active
SNS_001458,Central Secretariat,2026-03-07 01:00:00,24.0,59.8,645,70,1,Active,Active,Active
SNS_001459,Yamuna Bank,2026-03-07 01:00:00,23.3,45.3,537,76,8,Active,Active,Active
SNS_001460,Inderlok,2026-03-07 01:00:00,23.5,61.0,835,63,1,Active,Active,Active
SNS_001461,Rajiv Chowk,2026-03-07 02:00:00,22.3,60.1,763,91,3,Active,Active,Active
SNS_001462,Kashmere Gate,2026-03-07 02:00:00,21.5,50.4,794,79,4,Active,Active,Active
SNS_001463,New Delhi,2026-03-07 02:00:00,21.3,63.5,662,147,5,Active,Active,Active
SNS_001464,Hauz Khas,2026-03-07 02:00:00,23.2,59.8,550,80,8,Active,Active,Active
SNS_001465,Botanical Garden,2026-03-07 02:00:00,21.6,60.0,538,83,7,Active,Active,Active
SNS_001466,Janakpuri West,2026-03-07 02:00:00,21.6,61.4,791,108,2,Active,Active,Active
SNS_001467,Lajpat Nagar,2026-03-07 02:00:00,22.2,55.2,612,146,0,Active,Active,Active
SNS_001468,Central Secretariat,2026-03-07 02:00:00,22.3,46.8,530,99,10,Active,Active,Active
SNS_001469,Yamuna Bank,2026-03-07 02:00:00,24.3,45.9,808,126,2,Under Maintenance,Active,Active
SNS_001470,Inderlok,2026-03-07 02:00:00,22.3,47.9,692,53,4,Active,Active,Active
SNS_001471,Rajiv Chowk,2026-03-07 03:00:00,21.9,63.3,536,52,6,Active,Active,Active
SNS_001472,Kashmere Gate,2026-03-07 03:00:00,22.5,52.3,491,108,10,Active,Active,Active
SNS_001473,New Delhi,2026-03-07 03:00:00,24.2,58.4,848,98,8,Active,Active,Active
SNS_001474,Hauz Khas,2026-03-07 03:00:00,21.9,63.0,528,49,4,Active,Active,Active
SNS_001475,Botanical Garden,2026-03-07 03:00:00,21.2,54.3,787,76,2,Active,Active,Active
SNS_001476,Janakpuri West,2026-03-07 03:00:00,21.2,61.7,714,84,6,Active,Active,Active
SNS_001477,Lajpat Nagar,2026-03-07 03:00:00,23.7,47.2,835,93,10,Active,Active,Active
SNS_001478,Central Secretariat,2026-03-07 03:00:00,21.3,62.2,826,99,8,Active,Active,Active
SNS_001479,Yamuna Bank,2026-03-07 03:00:00,23.2,54.0,809,78,7,Active,Active,Active
SNS_001480,Inderlok,2026-03-07 03:00:00,24.4,64.7,671,44,0,Active,Active,Active
SNS_001481,Rajiv Chowk,2026-03-07 04:00:00,23.6,57.4,756,48,4,Active,Active,Active
SNS_001482,Kashmere Gate,2026-03-07 04:00:00,24.3,46.9,585,61,9,Active,Under Maintenance,Active
SNS_001483,New Delhi,2026-03-07 04:00:00,23.3,64.3,733,131,7,Active,Active,Active
SNS_001484,Hauz Khas,2026-03-07 04:00:00,21.8,50.1,487,91,8,Active,Active,Active
SNS_001485,Botanical Garden,2026-03-07 04:00:00,23.0,61.9,667,95,6,Active,Active,Active
SNS_001486,Janakpuri West,2026-03-07 04:00:00,22.7,47.7,770,72,1,Active,Active,Active
SNS_001487,Lajpat Nagar,2026-03-07 04:00:00,21.8,56.4,464,50,5,Active,Active,Active
SNS_001488,Central Secretariat,2026-03-07 04:00:00,21.8,47.8,819,44,5,Active,Active,Active
SNS_001489,Yamuna Bank,2026-03-07 04:00:00,24.0,50.2,837,122,0,Active,Active,Active
SNS_001490,Inderlok,2026-03-07 04:00:00,23.5,45.9,749,100,5,Active,Active,Active
SNS_001491,Rajiv Chowk,2026-03-07 05:00:00,21.5,56.3,776,106,2,Active,Active,Active
SNS_001492,Kashmere Gate,2026-03-07 05:00:00,24.1,63.8,567,72,6,Active,Active,Active
SNS_001493,New Delhi,2026-03-07 05:00:00,23.1,54.3,819,149,3,Active,Active,Active
SNS_001494,Hauz Khas,2026-03-07 05:00:00,22.8,56.3,623,132,10,Active,Active,Active
SNS_001495,Botanical Garden,2026-03-07 05:00:00,23.8,50.1,828,85,8,Active,Active,Active
SNS_001496,Janakpuri West,2026-03-07 05:00:00,22.4,56.5,514,111,5,Inactive,Active,Active
SNS_001497,Lajpat Nagar,2026-03-07 05:00:00,22.3,63.3,773,113,8,Active,Active,Active
SNS_001498,Central Secretariat,2026-03-07 05:00:00,21.9,54.9,765,111,9,Active,Active,Active
SNS_001499,Yamuna Bank,2026-03-07 05:00:00,22.7,45.5,778,150,1,Active,Active,Active
SNS_001500,Inderlok,2026-03-07 05:00:00,23.7,45.5,819,118,4,Active,Active,Active
SNS_001501,Rajiv Chowk,2026-03-07 06:00:00,24.4,59.2,728,40,232,Active,Active,Active
SNS_001502,Kashmere Gate,2026-03-07 06:00:00,22.6,45.7,486,104,279,Active,Active,Active
SNS_001503,New Delhi,2026-03-07 06:00:00,22.3,51.6,703,80,164,Active,Active,Active
SNS_001504,Hauz Khas,2026-03-07 06:00:00,22.9,50.3,616,51,296,Active,Active,Active
SNS_001505,Botanical Garden,2026-03-07 06:00:00,24.1,54.5,793,99,396,Active,Active,Active
SNS_001506,Janakpuri West,2026-03-07 06:00:00,24.4,48.7,659,127,338,Active,Active,Inactive
SNS_001507,Lajpat Nagar,2026-03-07 06:00:00,23.2,61.8,711,144,281,Active,Active,Active
SNS_001508,Central Secretariat,2026-03-07 06:00:00,22.4,52.9,564,127,269,Active,Active,Active
SNS_001509,Yamuna Bank,2026-03-07 06:00:00,22.9,49.4,593,70,182,Active,Active,Active
SNS_001510,Inderlok,2026-03-07 06:00:00,23.0,50.2,627,142,362,Active,Active,Active
SNS_001511,Rajiv Chowk,2026-03-07 07:00:00,23.9,56.0,528,109,125,Active,Active,Active
SNS_001512,Kashmere Gate,2026-03-07 07:00:00,22.0,53.0,530,99,280,Active,Active,Active
SNS_001513,New Delhi,2026-03-07 07:00:00,24.2,47.3,773,126,152,Active,Active,Active
SNS_001514,Hauz Khas,2026-03-07 07:00:00,23.2,51.3,493,119,370,Active,Active,Active
SNS_001515,Botanical Garden,2026-03-07 07:00:00,24.1,61.1,625,109,157,Active,Active,Active
SNS_001516,Janakpuri West,2026-03-07 07:00:00,22.9,53.5,762,139,375,Active,Active,Active
SNS_001517,Lajpat Nagar,2026-03-07 07:00:00,24.5,57.8,691,125,310,Active,Active,Active
SNS_001518,Central Secretariat,2026-03-07 07:00:00,22.1,48.6,606,111,242,Under Maintenance,Active,Active
SNS_001519,Yamuna Bank,2026-03-07 07:00:00,24.1,54.9,538,40,346,Inactive,Active,Active
SNS_001520,Inderlok,2026-03-07 07:00:00,21.4,49.5,837,51,245,Active,Active,Active
SNS_001521,Rajiv Chowk,2026-03-07 08:00:00,23.1,49.7,516,127,1096,Active,Active,Active
SNS_001522,Kashmere Gate,2026-03-07 08:00:00,23.2,49.2,767,43,996,Active,Active,Active
SNS_001523,New Delhi,2026-03-07 08:00:00,21.9,57.1,551,87,1027,Active,Active,Active
SNS_001524,Hauz Khas,2026-03-07 08:00:00,21.1,63.3,611,67,783,Active,Active,Active
SNS_001525,Botanical Garden,2026-03-07 08:00:00,23.7,50.2,544,95,773,Active,Active,Active
SNS_001526,Janakpuri West,2026-03-07 08:00:00,24.1,54.8,466,76,675,Active,Active,Active
SNS_001527,Lajpat Nagar,2026-03-07 08:00:00,23.6,47.3,544,53,742,Active,Active,Active
SNS_001528,Central Secretariat,2026-03-07 08:00:00,23.1,59.3,664,105,1110,Active,Active,Active
SNS_001529,Yamuna Bank,2026-03-07 08:00:00,22.6,56.0,727,130,1063,Active,Active,Active
SNS_001530,Inderlok,2026-03-07 08:00:00,22.2,47.5,598,142,702,Active,Active,Active
SNS_001531,Rajiv Chowk,2026-03-07 09:00:00,23.6,53.2,621,142,1004,Active,Active,Active
SNS_001532,Kashmere Gate,2026-03-07 09:00:00,22.4,48.9,469,127,526,Active,Active,Active
SNS_001533,New Delhi,2026-03-07 09:00:00,21.4,64.1,543,107,1488,Active,Active,Active
SNS_001534,Hauz Khas,2026-03-07 09:00:00,21.0,64.9,742,121,673,Active,Active,Active
SNS_001535,Botanical Garden,2026-03-07 09:00:00,22.4,58.5,748,53,1134,Active,Active,Active
SNS_001536,Janakpuri West,2026-03-07 09:00:00,21.6,60.4,736,67,889,Inactive,Active,Active
SNS_001537,Lajpat Nagar,2026-03-07 09:00:00,23.3,49.6,808,147,767,Active,Active,Active
SNS_001538,Central Secretariat,2026-03-07 09:00:00,21.5,62.1,790,133,1072,Active,Active,Active
SNS_001539,Yamuna Bank,2026-03-07 09:00:00,22.8,61.3,558,67,1420,Active,Active,Active
SNS_001540,Inderlok,2026-03-07 09:00:00,22.2,57.3,513,89,524,Active,Active,Active
SNS_001541,Rajiv Chowk,2026-03-07 10:00:00,23.7,58.3,509,63,1374,Active,Active,Active
SNS_001542,Kashmere Gate,2026-03-07 10:00:00,22.3,64.2,642,99,1020,Active,Active,Active
SNS_001543,New Delhi,2026-03-07 10:00:00,23.1,52.7,702,49,843,Active,Active,Active
SNS_001544,Hauz Khas,2026-03-07 10:00:00,21.8,63.4,830,62,1170,Active,Active,Active
SNS_001545,Botanical Garden,2026-03-07 10:00:00,23.0,45.0,717,93,1002,Active,Active,Active
SNS_001546,Janakpuri West,2026-03-07 10:00:00,21.4,57.6,849,89,1276,Active,Active,Active
SNS_001547,Lajpat Nagar,2026-03-07 10:00:00,21.9,59.3,598,80,1403,Active,Active,Active
SNS_001548,Central Secretariat,2026-03-07 10:00:00,24.0,53.5,591,91,1220,Active,Active,Active
SNS_001549,Yamuna Bank,2026-03-07 10:00:00,21.7,61.7,780,129,1369,Active,Active,Active
SNS_001550,Inderlok,2026-03-07 10:00:00,21.6,64.6,824,137,1145,Active,Active,Active
SNS_001551,Rajiv Chowk,2026-03-07 11:00:00,22.8,53.8,683,53,125,Active,Active,Active
SNS_001552,Kashmere Gate,2026-03-07 11:00:00,23.9,51.2,470,123,105,Active,Active,Active
SNS_001553,New Delhi,2026-03-07 11:00:00,22.7,59.4,597,116,180,Active,Active,Active
SNS_001554,Hauz Khas,2026-03-07 11:00:00,23.2,50.4,674,113,362,Inactive,Active,Active
SNS_001555,Botanical Garden,2026-03-07 11:00:00,21.6,48.5,787,132,257,Active,Active,Active
SNS_001556,Janakpuri West,2026-03-07 11:00:00,24.1,54.7,541,115,191,Active,Active,Active
SNS_001557,Lajpat Nagar,2026-03-07 11:00:00,21.5,54.2,795,55,244,Active,Active,Active
SNS_001558,Central Secretariat,2026-03-07 11:00:00,23.0,49.8,841,75,125,Active,Active,Active
SNS_001559,Yamuna Bank,2026-03-07 11:00:00,24.3,54.5,661,137,192,Active,Active,Active
SNS_001560,Inderlok,2026-03-07 11:00:00,22.2,63.1,849,102,370,Active,Active,Active
SNS_001561,Rajiv Chowk,2026-03-07 12:00:00,21.1,56.8,616,135,195,Active,Active,Active
SNS_001562,Kashmere Gate,2026-03-07 12:00:00,21.9,45.1,737,77,336,Active,Active,Active
SNS_001563,New Delhi,2026-03-07 12:00:00,22.3,50.3,478,100,382,Active,Active,Active
SNS_001564,Hauz Khas,2026-03-07 12:00:00,22.2,45.6,665,113,361,Active,Active,Active
SNS_001565,Botanical Garden,2026-03-07 12:00:00,23.7,54.2,607,63,136,Active,Active,Active
SNS_001566,Janakpuri West,2026-03-07 12:00:00,23.9,56.7,655,134,187,Active,Active,Active
SNS_001567,Lajpat Nagar,2026-03-07 12:00:00,21.2,46.0,830,107,159,Under Maintenance,Active,Active
SNS_001568,Central Secretariat,2026-03-07 12:00:00,24.0,48.3,754,127,175,Active,Active,Active
SNS_001569,Yamuna Bank,2026-03-07 12:00:00,23.7,50.0,690,89,140,Active,Active,Active
SNS_001570,Inderlok,2026-03-07 12:00:00,21.8,45.0,761,81,400,Active,Active,Active
SNS_001571,Rajiv Chowk,2026-03-07 13:00:00,24.1,52.2,846,115,156,Active,Active,Active
SNS_001572,Kashmere Gate,2026-03-07 13:00:00,23.1,52.7,662,67,271,Active,Active,Active
SNS_001573,New Delhi,2026-03-07 13:00:00,22.2,45.8,829,139,343,Active,Active,Active
SNS_001574,Hauz Khas,2026-03-07 13:00:00,24.3,53.4,468,61,370,Active,Active,Active
SNS_001575,Botanical Garden,2026-03-07 13:00:00,21.7,52.2,510,58,341,Active,Active,Active
SNS_001576,Janakpuri West,2026-03-07 13:00:00,21.4,64.2,606,55,390,Active,Active,Active
SNS_001577,Lajpat Nagar,2026-03-07 13:00:00,21.6,56.2,510,105,111,Active,Active,Active
SNS_001578,Central Secretariat,2026-03-07 13:00:00,22.6,61.9,709,52,136,Active,Active,Active
SNS_001579,Yamuna Bank,2026-03-07 13:00:00,21.1,52.9,686,112,256,Active,Active,Active
SNS_001580,Inderlok,2026-03-07 13:00:00,21.6,48.8,670,81,197,Active,Active,Active
SNS_001581,Rajiv Chowk,2026-03-07 14:00:00,21.8,53.7,763,114,153,Active,Active,Active
SNS_001582,Kashmere Gate,2026-03-07 14:00:00,21.7,48.6,583,73,359,Active,Active,Active
SNS_001583,New Delhi,2026-03-07 14:00:00,21.8,63.4,613,67,160,Active,Active,Active
SNS_001584,Hauz Khas,2026-03-07 14:00:00,23.9,49.2,809,109,163,Active,Active,Active
SNS_001585,Botanical Garden,2026-03-07 14:00:00,24.2,64.5,802,94,238,Active,Active,Active
SNS_001586,Janakpuri West,2026-03-07 14:00:00,22.7,52.2,633,107,327,Active,Active,Active
SNS_001587,Lajpat Nagar,2026-03-07 14:00:00,22.9,64.8,517,141,328,Active,Active,Active
SNS_001588,Central Secretariat,2026-03-07 14:00:00,24.4,63.7,836,76,328,Active,Active,Inactive
SNS_001589,Yamuna Bank,2026-03-07 14:00:00,21.3,45.9,703,79,131,Active,Active,Active
SNS_001590,Inderlok,2026-03-07 14:00:00,22.2,50.7,502,55,379,Active,Active,Active
SNS_001591,Rajiv Chowk,2026-03-07 15:00:00,21.8,59.7,788,56,260,Active,Active,Active
SNS_001592,Kashmere Gate,2026-03-07 15:00:00,24.2,51.1,651,107,388,Active,Active,Active
SNS_001593,New Delhi,2026-03-07 15:00:00,22.7,53.8,684,43,339,Active,Active,Active
SNS_001594,Hauz Khas,2026-03-07 15:00:00,23.8,47.6,580,130,256,Active,Active,Active
SNS_001595,Botanical Garden,2026-03-07 15:00:00,21.4,47.2,461,75,317,Active,Active,Active
SNS_001596,Janakpuri West,2026-03-07 15:00:00,22.7,64.9,558,87,117,Active,Active,Active
SNS_001597,Lajpat Nagar,2026-03-07 15:00:00,22.0,61.0,738,61,236,Active,Active,Active
SNS_001598,Central Secretariat,2026-03-07 15:00:00,23.7,46.5,531,98,135,Active,Active,Active
SNS_001599,Yamuna Bank,2026-03-07 15:00:00,23.5,53.6,850,123,195,Active,Active,Active
SNS_001600,Inderlok,2026-03-07 15:00:00,22.2,46.9,808,90,380,Active,Active,Active
SNS_001601,Rajiv Chowk,2026-03-07 16:00:00,24.5,64.7,471,55,356,Active,Active,Active
SNS_001602,Kashmere Gate,2026-03-07 16:00:00,23.8,55.3,803,100,135,Active,Active,Active
SNS_001603,New Delhi,2026-03-07 16:00:00,21.2,45.3,600,98,280,Active,Active,Active
SNS_001604,Hauz Khas,2026-03-07 16:00:00,24.1,46.0,562,106,216,Active,Active,Active
SNS_001605,Botanical Garden,2026-03-07 16:00:00,21.9,57.3,606,122,326,Active,Active,Active
SNS_001606,Janakpuri West,2026-03-07 16:00:00,23.3,52.8,481,121,251,Active,Active,Active
SNS_001607,Lajpat Nagar,2026-03-07 16:00:00,23.8,47.5,697,127,398,Active,Active,Active
SNS_001608,Central Secretariat,2026-03-07 16:00:00,24.0,47.3,699,93,290,Active,Active,Active
SNS_001609,Yamuna Bank,2026-03-07 16:00:00,24.5,48.7,461,72,282,Active,Active,Active
SNS_001610,Inderlok,2026-03-07 16:00:00,23.0,49.6,743,146,111,Active,Active,Active
SNS_001611,Rajiv Chowk,2026-03-07 17:00:00,22.0,52.6,646,123,661,Active,Active,Active
SNS_001612,Kashmere Gate,2026-03-07 17:00:00,23.2,60.0,674,117,1379,Active,Active,Active
SNS_001613,New Delhi,2026-03-07 17:00:00,24.1,53.5,729,150,1266,Active,Active,Active
SNS_001614,Hauz Khas,2026-03-07 17:00:00,21.4,53.3,637,149,757,Active,Active,Active
SNS_001615,Botanical Garden,2026-03-07 17:00:00,21.9,62.3,693,51,1466,Active,Active,Active
SNS_001616,Janakpuri West,2026-03-07 17:00:00,21.8,49.7,530,67,1475,Active,Active,Active
SNS_001617,Lajpat Nagar,2026-03-07 17:00:00,22.4,54.8,712,126,629,Active,Active,Active
SNS_001618,Central Secretariat,2026-03-07 17:00:00,21.2,61.8,693,85,803,Active,Active,Active
SNS_001619,Yamuna Bank,2026-03-07 17:00:00,22.4,46.2,738,81,614,Active,Active,Active
SNS_001620,Inderlok,2026-03-07 17:00:00,22.7,49.0,519,134,626,Active,Active,Active
SNS_001621,Rajiv Chowk,2026-03-07 18:00:00,23.3,50.2,695,40,1331,Active,Inactive,Active
SNS_001622,Kashmere Gate,2026-03-07 18:00:00,21.0,55.4,658,105,823,Active,Active,Active
SNS_001623,New Delhi,2026-03-07 18:00:00,23.2,45.9,795,129,1349,Active,Active,Active
SNS_001624,Hauz Khas,2026-03-07 18:00:00,24.4,49.2,534,99,807,Active,Active,Active
SNS_001625,Botanical Garden,2026-03-07 18:00:00,21.5,58.4,803,150,1433,Active,Active,Active
SNS_001626,Janakpuri West,2026-03-07 18:00:00,21.4,55.4,584,113,1135,Active,Active,Active
SNS_001627,Lajpat Nagar,2026-03-07 18:00:00,24.3,48.1,727,59,993,Active,Active,Active
SNS_001628,Central Secretariat,2026-03-07 18:00:00,21.1,61.7,476,112,524,Active,Active,Active
SNS_001629,Yamuna Bank,2026-03-07 18:00:00,23.3,63.9,726,95,944,Active,Active,Active
SNS_001630,Inderlok,2026-03-07 18:00:00,22.0,49.2,633,120,711,Active,Active,Active
SNS_001631,Rajiv Chowk,2026-03-07 19:00:00,23.6,63.1,582,60,1299,Active,Active,Active
SNS_001632,Kashmere Gate,2026-03-07 19:00:00,23.4,61.5,831,126,1494,Active,Active,Active
SNS_001633,New Delhi,2026-03-07 19:00:00,22.3,50.9,814,73,755,Active,Active,Active
SNS_001634,Hauz Khas,2026-03-07 19:00:00,21.8,47.5,814,141,887,Inactive,Active,Active
SNS_001635,Botanical Garden,2026-03-07 19:00:00,21.9,46.0,544,97,1349,Active,Active,Active
SNS_001636,Janakpuri West,2026-03-07 19:00:00,21.5,50.5,681,124,770,Active,Active,Active
SNS_001637,Lajpat Nagar,2026-03-07 19:00:00,21.8,50.5,555,132,1311,Active,Active,Active
SNS_001638,Central Secretariat,2026-03-07 19:00:00,22.3,47.1,467,119,599,Active,Active,Active
SNS_001639,Yamuna Bank,2026-03-07 19:00:00,22.5,64.4,796,40,1309,Active,Active,Active
SNS_001640,Inderlok,2026-03-07 19:00:00,23.5,60.1,613,79,664,Active,Under Maintenance,Active
SNS_001641,Rajiv Chowk,2026-03-07 20:00:00,23.1,54.0,841,117,1183,Inactive,Active,Active
SNS_001642,Kashmere Gate,2026-03-07 20:00:00,24.0,49.4,646,124,1433,Active,Active,Active
SNS_001643,New Delhi,2026-03-07 20:00:00,22.0,48.7,508,149,700,Active,Active,Active
SNS_001644,Hauz Khas,2026-03-07 20:00:00,21.6,64.9,735,70,890,Active,Active,Active
SNS_001645,Botanical Garden,2026-03-07 20:00:00,21.4,49.4,672,118,1149,Active,Active,Active
SNS_001646,Janakpuri West,2026-03-07 20:00:00,23.7,48.9,536,107,650,Active,Active,Active
SNS_001647,Lajpat Nagar,2026-03-07 20:00:00,22.1,47.6,498,139,983,Active,Active,Active
SNS_001648,Central Secretariat,2026-03-07 20:00:00,21.2,63.0,621,122,723,Active,Active,Active
SNS_001649,Yamuna Bank,2026-03-07 20:00:00,22.0,60.1,459,67,1381,Active,Active,Active
SNS_001650,Inderlok,2026-03-07 20:00:00,23.3,56.0,659,74,1036,Active,Active,Active
SNS_001651,Rajiv Chowk,2026-03-07 21:00:00,24.5,46.0,745,51,280,Active,Active,Active
SNS_001652,Kashmere Gate,2026-03-07 21:00:00,21.3,61.3,610,69,379,Active,Active,Active
SNS_001653,New Delhi,2026-03-07 21:00:00,21.3,64.4,743,63,314,Active,Active,Active
SNS_001654,Hauz Khas,2026-03-07 21:00:00,21.1,46.6,519,146,241,Active,Active,Active
SNS_001655,Botanical Garden,2026-03-07 21:00:00,22.5,63.1,759,133,266,Active,Active,Active
SNS_001656,Janakpuri West,2026-03-07 21:00:00,22.1,56.7,770,111,326,Active,Active,Active
SNS_001657,Lajpat Nagar,2026-03-07 21:00:00,23.0,61.3,751,52,323,Active,Active,Active
SNS_001658,Central Secretariat,2026-03-07 21:00:00,21.1,62.4,826,148,250,Active,Active,Active
SNS_001659,Yamuna Bank,2026-03-07 21:00:00,22.1,54.7,599,47,236,Active,Active,Active
SNS_001660,Inderlok,2026-03-07 21:00:00,22.6,59.5,636,89,156,Active,Active,Active
SNS_001661,Rajiv Chowk,2026-03-07 22:00:00,23.3,64.0,518,90,367,Active,Active,Active
SNS_001662,Kashmere Gate,2026-03-07 22:00:00,23.3,49.6,795,71,144,Inactive,Active,Active
SNS_001663,New Delhi,2026-03-07 22:00:00,22.9,50.8,807,51,165,Active,Active,Active
SNS_001664,Hauz Khas,2026-03-07 22:00:00,21.1,54.7,836,59,385,Active,Active,Active
SNS_001665,Botanical Garden,2026-03-07 22:00:00,24.0,53.4,711,119,224,Active,Active,Active
SNS_001666,Janakpuri West,2026-03-07 22:00:00,22.3,48.9,525,132,101,Active,Active,Active
SNS_001667,Lajpat Nagar,2026-03-07 22:00:00,21.3,61.1,533,40,299,Active,Active,Active
SNS_001668,Central Secretariat,2026-03-07 22:00:00,24.4,61.2,757,134,142,Active,Active,Active
SNS_001669,Yamuna Bank,2026-03-07 22:00:00,22.8,50.6,726,78,164,Active,Active,Active
SNS_001670,Inderlok,2026-03-07 22:00:00,23.4,51.9,648,47,293,Active,Active,Active
SNS_001671,Rajiv Chowk,2026-03-07 23:00:00,22.2,54.6,682,118,116,Active,Active,Active
SNS_001672,Kashmere Gate,2026-03-07 23:00:00,23.4,46.1,814,98,322,Active,Active,Active
SNS_001673,New Delhi,2026-03-07 23:00:00,22.3,53.3,468,64,171,Active,Active,Active
SNS_001674,Hauz Khas,2026-03-07 23:00:00,21.1,48.6,736,63,350,Active,Active,Active
SNS_001675,Botanical Garden,2026-03-07 23:00:00,21.7,60.1,500,145,230,Active,Active,Active
SNS_001676,Janakpuri West,2026-03-07 23:00:00,23.4,63.7,585,66,104,Active,Active,Active
SNS_001677,Lajpat Nagar,2026-03-07 23:00:00,23.8,61.4,754,65,384,Active,Active,Active
SNS_001678,Central Secretariat,2026-03-07 23:00:00,23.9,46.7,735,42,351,Active,Active,Active
SNS_001679,Yamuna Bank,2026-03-07 23:00:00,23.2,64.3,685,88,217,Under Maintenance,Active,Active
SNS_001680,Inderlok,2026-03-07 23:00:00,24.1,45.7,669,96,196,Active,Active,Active
SNS_001681,Rajiv Chowk,2026-03-08 00:00:00,23.8,56.7,813,105,4,Active,Active,Active
SNS_001682,Kashmere Gate,2026-03-08 00:00:00,22.0,45.9,484,75,3,Active,Active,Active
SNS_001683,New Delhi,2026-03-08 00:00:00,21.3,52.8,540,102,2,Active,Active,Active
SNS_001684,Hauz Khas,2026-03-08 00:00:00,23.8,51.4,690,142,9,Active,Active,Active
SNS_001685,Botanical Garden,2026-03-08 00:00:00,21.5,60.4,599,53,8,Active,Active,Active
SNS_001686,Janakpuri West,2026-03-08 00:00:00,21.1,61.8,699,82,9,Active,Active,Active
SNS_001687,Lajpat Nagar,2026-03-08 00:00:00,22.9,61.7,625,46,9,Active,Active,Active
SNS_001688,Central Secretariat,2026-03-08 00:00:00,21.0,64.0,452,123,4,Active,Active,Active
SNS_001689,Yamuna Bank,2026-03-08 00:00:00,23.8,58.8,812,150,8,Active,Active,Active
SNS_001690,Inderlok,2026-03-08 00:00:00,24.4,59.8,619,54,8,Active,Active,Active
SNS_001691,Rajiv Chowk,2026-03-08 01:00:00,21.3,45.3,841,125,8,Active,Active,Active
SNS_001692,Kashmere Gate,2026-03-08 01:00:00,21.3,49.1,684,88,0,Active,Active,Active
SNS_001693,New Delhi,2026-03-08 01:00:00,22.7,51.4,486,53,4,Active,Active,Active
SNS_001694,Hauz Khas,2026-03-08 01:00:00,22.6,61.2,762,141,7,Active,Active,Active
SNS_001695,Botanical Garden,2026-03-08 01:00:00,22.2,46.3,580,127,7,Active,Active,Active
SNS_001696,Janakpuri West,2026-03-08 01:00:00,24.4,64.1,578,70,0,Active,Active,Active
SNS_001697,Lajpat Nagar,2026-03-08 01:00:00,21.8,53.6,463,58,7,Active,Active,Active
SNS_001698,Central Secretariat,2026-03-08 01:00:00,23.2,55.2,682,129,2,Active,Active,Active
SNS_001699,Yamuna Bank,2026-03-08 01:00:00,21.4,45.4,591,123,10,Active,Active,Active
SNS_001700,Inderlok,2026-03-08 01:00:00,23.4,64.4,569,52,6,Active,Active,Active
SNS_001701,Rajiv Chowk,2026-03-08 02:00:00,21.0,61.7,655,75,1,Active,Active,Active
SNS_001702,Kashmere Gate,2026-03-08 02:00:00,21.5,54.8,833,144,9,Active,Active,Active
SNS_001703,New Delhi,2026-03-08 02:00:00,21.8,55.2,453,112,4,Active,Active,Active
SNS_001704,Hauz Khas,2026-03-08 02:00:00,21.3,56.9,717,141,6,Active,Active,Active
SNS_001705,Botanical Garden,2026-03-08 02:00:00,23.2,46.0,785,114,5,Active,Active,Active
SNS_001706,Janakpuri West,2026-03-08 02:00:00,21.4,54.1,558,65,6,Active,Active,Active
SNS_001707,Lajpat Nagar,2026-03-08 02:00:00,24.4,62.8,459,85,6,Active,Active,Active
SNS_001708,Central Secretariat,2026-03-08 02:00:00,21.3,49.4,680,106,8,Active,Active,Active
SNS_001709,Yamuna Bank,2026-03-08 02:00:00,23.3,54.9,728,114,0,Active,Active,Active
SNS_001710,Inderlok,2026-03-08 02:00:00,21.2,48.2,639,124,4,Active,Active,Active
SNS_001711,Rajiv Chowk,2026-03-08 03:00:00,21.9,55.6,742,49,5,Active,Active,Active
SNS_001712,Kashmere Gate,2026-03-08 03:00:00,22.1,56.1,595,71,2,Active,Active,Active
SNS_001713,New Delhi,2026-03-08 03:00:00,24.1,60.2,618,106,4,Active,Active,Active
SNS_001714,Hauz Khas,2026-03-08 03:00:00,22.5,55.9,758,57,1,Active,Active,Active
SNS_001715,Botanical Garden,2026-03-08 03:00:00,21.7,61.4,722,89,6,Active,Active,Active
SNS_001716,Janakpuri West,2026-03-08 03:00:00,22.8,49.3,711,125,5,Active,Active,Active
SNS_001717,Lajpat Nagar,2026-03-08 03:00:00,21.5,64.9,765,133,2,Active,Active,Active
SNS_001718,Central Secretariat,2026-03-08 03:00:00,24.2,49.5,475,90,7,Active,Active,Active
SNS_001719,Yamuna Bank,2026-03-08 03:00:00,24.1,62.3,847,121,0,Active,Active,Active
SNS_001720,Inderlok,2026-03-08 03:00:00,21.6,56.9,745,74,9,Active,Active,Active
SNS_001721,Rajiv Chowk,2026-03-08 04:00:00,21.1,45.1,613,109,10,Active,Active,Inactive
SNS_001722,Kashmere Gate,2026-03-08 04:00:00,22.4,64.0,655,147,6,Active,Active,Active
SNS_001723,New Delhi,2026-03-08 04:00:00,21.6,61.1,762,148,4,Active,Active,Active
SNS_001724,Hauz Khas,2026-03-08 04:00:00,22.5,52.1,562,112,0,Active,Active,Active
SNS_001725,Botanical Garden,2026-03-08 04:00:00,24.4,51.9,679,86,1,Active,Active,Active
SNS_001726,Janakpuri West,2026-03-08 04:00:00,21.2,45.8,464,60,1,Active,Active,Active
SNS_001727,Lajpat Nagar,2026-03-08 04:00:00,22.6,56.9,796,64,3,Active,Active,Active
SNS_001728,Central Secretariat,2026-03-08 04:00:00,22.5,47.2,734,64,8,Active,Active,Active
SNS_001729,Yamuna Bank,2026-03-08 04:00:00,22.4,62.9,661,94,0,Active,Active,Active
SNS_001730,Inderlok,2026-03-08 04:00:00,21.1,50.3,681,118,3,Active,Active,Active
SNS_001731,Rajiv Chowk,2026-03-08 05:00:00,21.5,56.5,520,97,8,Active,Active,Active
SNS_001732,Kashmere Gate,2026-03-08 05:00:00,23.8,53.4,572,140,5,Active,Active,Active
SNS_001733,New Delhi,2026-03-08 05:00:00,21.1,61.6,510,144,1,Active,Active,Active
SNS_001734,Hauz Khas,2026-03-08 05:00:00,22.5,59.9,723,116,3,Active,Active,Active
SNS_001735,Botanical Garden,2026-03-08 05:00:00,24.4,58.0,835,96,1,Active,Active,Active
SNS_001736,Janakpuri West,2026-03-08 05:00:00,23.9,60.7,700,82,0,Active,Active,Active
SNS_001737,Lajpat Nagar,2026-03-08 05:00:00,22.3,59.9,707,80,6,Active,Active,Active
SNS_001738,Central Secretariat,2026-03-08 05:00:00,24.4,51.5,711,59,8,Active,Active,Active
SNS_001739,Yamuna Bank,2026-03-08 05:00:00,21.9,58.9,843,85,2,Active,Active,Active
SNS_001740,Inderlok,2026-03-08 05:00:00,21.2,48.4,604,87,0,Active,Active,Active
SNS_001741,Rajiv Chowk,2026-03-08 06:00:00,24.5,55.4,674,66,205,Active,Active,Active
SNS_001742,Kashmere Gate,2026-03-08 06:00:00,24.4,60.0,676,122,345,Active,Active,Active
SNS_001743,New Delhi,2026-03-08 06:00:00,21.6,52.7,849,135,205,Active,Active,Active
SNS_001744,Hauz Khas,2026-03-08 06:00:00,22.0,60.1,597,72,313,Active,Active,Active
SNS_001745,Botanical Garden,2026-03-08 06:00:00,21.3,46.8,691,45,253,Active,Active,Active
SNS_001746,Janakpuri West,2026-03-08 06:00:00,23.1,51.1,645,146,337,Active,Active,Active
SNS_001747,Lajpat Nagar,2026-03-08 06:00:00,21.4,54.7,488,100,231,Active,Active,Active
SNS_001748,Central Secretariat,2026-03-08 06:00:00,21.4,54.8,548,129,260,Active,Active,Active
SNS_001749,Yamuna Bank,2026-03-08 06:00:00,21.6,58.2,541,67,333,Active,Active,Active
SNS_001750,Inderlok,2026-03-08 06:00:00,23.6,48.0,451,68,230,Active,Active,Active
SNS_001751,Rajiv Chowk,2026-03-08 07:00:00,21.6,50.8,836,119,112,Active,Active,Active
SNS_001752,Kashmere Gate,2026-03-08 07:00:00,22.1,58.8,457,94,317,Active,Active,Active
SNS_001753,New Delhi,2026-03-08 07:00:00,24.2,64.5,826,89,254,Active,Active,Active
SNS_001754,Hauz Khas,2026-03-08 07:00:00,22.6,47.9,630,56,229,Active,Active,Active
SNS_001755,Botanical Garden,2026-03-08 07:00:00,23.2,48.0,740,136,240,Active,Active,Active
SNS_001756,Janakpuri West,2026-03-08 07:00:00,23.4,50.2,726,127,299,Active,Active,Active
SNS_001757,Lajpat Nagar,2026-03-08 07:00:00,23.9,64.4,732,127,261,Active,Active,Active
SNS_001758,Central Secretariat,2026-03-08 07:00:00,23.7,56.7,561,129,130,Active,Active,Active
SNS_001759,Yamuna Bank,2026-03-08 07:00:00,21.3,47.7,576,52,156,Active,Active,Active
SNS_001760,Inderlok,2026-03-08 07:00:00,22.0,64.8,487,142,266,Active,Active,Active
SNS_001761,Rajiv Chowk,2026-03-08 08:00:00,21.8,53.6,696,60,1346,Active,Active,Active
SNS_001762,Kashmere Gate,2026-03-08 08:00:00,24.1,57.5,754,47,996,Active,Active,Active
SNS_001763,New Delhi,2026-03-08 08:00:00,22.0,59.8,782,79,1308,Active,Active,Active
SNS_001764,Hauz Khas,2026-03-08 08:00:00,23.2,60.2,819,107,848,Active,Active,Active
SNS_001765,Botanical Garden,2026-03-08 08:00:00,22.2,61.0,555,99,886,Active,Active,Active
SNS_001766,Janakpuri West,2026-03-08 08:00:00,24.1,47.8,625,128,678,Active,Active,Active
SNS_001767,Lajpat Nagar,2026-03-08 08:00:00,22.2,60.2,683,67,1069,Active,Active,Active
SNS_001768,Central Secretariat,2026-03-08 08:00:00,24.4,46.4,612,95,1243,Active,Active,Inactive
SNS_001769,Yamuna Bank,2026-03-08 08:00:00,22.4,63.2,702,51,979,Active,Active,Active
SNS_001770,Inderlok,2026-03-08 08:00:00,23.7,60.3,652,107,715,Active,Active,Active
SNS_001771,Rajiv Chowk,2026-03-08 09:00:00,23.8,56.9,540,132,1026,Active,Active,Active
SNS_001772,Kashmere Gate,2026-03-08 09:00:00,24.0,49.6,706,100,524,Active,Active,Active
SNS_001773,New Delhi,2026-03-08 09:00:00,23.2,56.9,728,90,1334,Active,Active,Active
SNS_001774,Hauz Khas,2026-03-08 09:00:00,21.5,52.7,463,75,1125,Active,Active,Active
SNS_001775,Botanical Garden,2026-03-08 09:00:00,21.2,60.1,845,142,572,Active,Active,Active
SNS_001776,Janakpuri West,2026-03-08 09:00:00,22.3,58.1,850,95,704,Active,Active,Active
SNS_001777,Lajpat Nagar,2026-03-08 09:00:00,23.3,60.3,729,48,754,Active,Active,Active
SNS_001778,Central Secretariat,2026-03-08 09:00:00,23.6,48.3,783,74,1318,Under Maintenance,Active,Active
SNS_001779,Yamuna Bank,2026-03-08 09:00:00,23.9,64.3,735,110,1143,Active,Active,Active
SNS_001780,Inderlok,2026-03-08 09:00:00,22.1,51.5,506,114,1090,Active,Active,Active
SNS_001781,Rajiv Chowk,2026-03-08 10:00:00,22.0,50.0,499,51,1248,Active,Active,Active
SNS_001782,Kashmere Gate,2026-03-08 10:00:00,22.9,52.4,594,54,1082,Active,Active,Active
SNS_001783,New Delhi,2026-03-08 10:00:00,22.5,49.9,561,59,973,Active,Active,Active
SNS_001784,Hauz Khas,2026-03-08 10:00:00,22.4,63.2,775,77,660,Active,Active,Active
SNS_001785,Botanical Garden,2026-03-08 10:00:00,22.8,45.6,515,121,1472,Active,Active,Active
SNS_001786,Janakpuri West,2026-03-08 10:00:00,21.3,54.5,788,130,1315,Active,Active,Active
SNS_001787,Lajpat Nagar,2026-03-08 10:00:00,21.9,50.3,608,49,1039,Active,Active,Active
SNS_001788,Central Secretariat,2026-03-08 10:00:00,24.2,55.6,783,135,1180,Active,Active,Active
SNS_001789,Yamuna Bank,2026-03-08 10:00:00,23.0,49.9,556,46,1115,Active,Active,Active
SNS_001790,Inderlok,2026-03-08 10:00:00,24.0,55.7,571,123,885,Active,Active,Active
SNS_001791,Rajiv Chowk,2026-03-08 11:00:00,22.1,55.9,720,97,263,Active,Active,Active
SNS_001792,Kashmere Gate,2026-03-08 11:00:00,22.8,62.6,595,146,348,Active,Active,Active
SNS_001793,New Delhi,2026-03-08 11:00:00,24.1,58.8,763,104,278,Under Maintenance,Active,Active
SNS_001794,Hauz Khas,2026-03-08 11:00:00,22.8,64.6,632,59,246,Active,Active,Active
SNS_001795,Botanical Garden,2026-03-08 11:00:00,23.8,62.5,696,130,189,Active,Active,Active
SNS_001796,Janakpuri West,2026-03-08 11:00:00,23.7,64.3,773,108,233,Active,Active,Active
SNS_001797,Lajpat Nagar,2026-03-08 11:00:00,21.8,62.7,579,90,101,Active,Active,Active
SNS_001798,Central Secretariat,2026-03-08 11:00:00,21.9,53.2,776,46,209,Active,Active,Active
SNS_001799,Yamuna Bank,2026-03-08 11:00:00,22.9,57.9,651,43,395,Active,Active,Active
SNS_001800,Inderlok,2026-03-08 11:00:00,22.0,58.5,579,120,158,Active,Active,Active
SNS_001801,Rajiv Chowk,2026-03-08 12:00:00,23.5,49.7,754,111,118,Active,Active,Active
SNS_001802,Kashmere Gate,2026-03-08 12:00:00,22.8,47.7,806,142,342,Under Maintenance,Active,Active
SNS_001803,New Delhi,2026-03-08 12:00:00,22.7,65.0,571,143,110,Under Maintenance,Active,Active
SNS_001804,Hauz Khas,2026-03-08 12:00:00,21.4,56.0,599,89,150,Active,Active,Inactive
SNS_001805,Botanical Garden,2026-03-08 12:00:00,23.0,56.0,713,117,150,Active,Active,Active
SNS_001806,Janakpuri West,2026-03-08 12:00:00,24.4,56.9,673,144,280,Active,Active,Active
SNS_001807,Lajpat Nagar,2026-03-08 12:00:00,22.0,57.3,742,150,185,Active,Active,Active
SNS_001808,Central Secretariat,2026-03-08 12:00:00,21.9,60.6,470,105,294,Active,Active,Active
SNS_001809,Yamuna Bank,2026-03-08 12:00:00,23.5,62.1,629,133,153,Active,Active,Inactive
SNS_001810,Inderlok,2026-03-08 12:00:00,21.8,49.4,850,130,167,Active,Active,Active
SNS_001811,Rajiv Chowk,2026-03-08 13:00:00,22.7,55.4,466,67,192,Active,Active,Active
SNS_001812,Kashmere Gate,2026-03-08 13:00:00,24.1,55.6,581,105,255,Active,Active,Active
SNS_001813,New Delhi,2026-03-08 13:00:00,23.1,54.5,764,97,351,Active,Active,Active
SNS_001814,Hauz Khas,2026-03-08 13:00:00,22.9,45.1,815,142,245,Active,Active,Active
SNS_001815,Botanical Garden,2026-03-08 13:00:00,22.4,57.2,756,92,268,Active,Active,Active
SNS_001816,Janakpuri West,2026-03-08 13:00:00,24.3,56.9,581,144,106,Active,Active,Active
SNS_001817,Lajpat Nagar,2026-03-08 13:00:00,23.9,59.1,634,128,177,Active,Active,Active
SNS_001818,Central Secretariat,2026-03-08 13:00:00,22.7,59.7,522,106,116,Active,Active,Active
SNS_001819,Yamuna Bank,2026-03-08 13:00:00,21.1,45.9,657,104,361,Active,Active,Active
SNS_001820,Inderlok,2026-03-08 13:00:00,21.1,59.2,613,79,398,Active,Active,Active
SNS_001821,Rajiv Chowk,2026-03-08 14:00:00,22.4,62.9,681,46,315,Active,Active,Active
SNS_001822,Kashmere Gate,2026-03-08 14:00:00,24.1,64.3,473,138,397,Active,Active,Active
SNS_001823,New Delhi,2026-03-08 14:00:00,24.1,63.6,644,44,106,Active,Active,Active
SNS_001824,Hauz Khas,2026-03-08 14:00:00,21.6,53.4,483,88,250,Active,Active,Active
SNS_001825,Botanical Garden,2026-03-08 14:00:00,23.9,51.6,495,148,173,Active,Active,Active
SNS_001826,Janakpuri West,2026-03-08 14:00:00,22.6,62.7,552,71,224,Active,Active,Active
SNS_001827,Lajpat Nagar,2026-03-08 14:00:00,22.6,51.2,500,124,328,Active,Active,Active
SNS_001828,Central Secretariat,2026-03-08 14:00:00,23.5,51.5,486,88,133,Active,Active,Active
SNS_001829,Yamuna Bank,2026-03-08 14:00:00,24.3,58.6,797,57,103,Active,Active,Active
SNS_001830,Inderlok,2026-03-08 14:00:00,22.9,56.7,702,41,393,Active,Active,Active
SNS_001831,Rajiv Chowk,2026-03-08 15:00:00,22.0,51.9,790,108,252,Active,Active,Active
SNS_001832,Kashmere Gate,2026-03-08 15:00:00,21.2,63.5,547,80,373,Active,Active,Active
SNS_001833,New Delhi,2026-03-08 15:00:00,23.3,54.0,535,43,359,Active,Active,Active
SNS_001834,Hauz Khas,2026-03-08 15:00:00,23.4,52.3,837,72,369,Active,Active,Active
SNS_001835,Botanical Garden,2026-03-08 15:00:00,21.5,49.5,757,47,372,Active,Active,Active
SNS_001836,Janakpuri West,2026-03-08 15:00:00,23.3,62.9,529,120,358,Active,Active,Active
SNS_001837,Lajpat Nagar,2026-03-08 15:00:00,24.0,50.5,850,97,190,Active,Active,Active
SNS_001838,Central Secretariat,2026-03-08 15:00:00,23.2,51.2,728,44,363,Active,Active,Active
SNS_001839,Yamuna Bank,2026-03-08 15:00:00,21.9,60.6,738,61,190,Active,Active,Active
SNS_001840,Inderlok,2026-03-08 15:00:00,23.2,61.3,610,143,236,Active,Active,Active
SNS_001841,Rajiv Chowk,2026-03-08 16:00:00,21.5,49.3,714,101,132,Active,Active,Active
SNS_001842,Kashmere Gate,2026-03-08 16:00:00,22.6,46.9,784,103,396,Active,Active,Active
SNS_001843,New Delhi,2026-03-08 16:00:00,23.2,54.9,652,144,215,Active,Active,Active
SNS_001844,Hauz Khas,2026-03-08 16:00:00,22.8,53.7,527,108,212,Active,Active,Active
SNS_001845,Botanical Garden,2026-03-08 16:00:00,22.8,63.3,751,65,118,Active,Active,Active
SNS_001846,Janakpuri West,2026-03-08 16:00:00,22.3,64.0,620,140,240,Active,Active,Active
SNS_001847,Lajpat Nagar,2026-03-08 16:00:00,24.2,56.3,803,58,319,Active,Active,Active
SNS_001848,Central Secretariat,2026-03-08 16:00:00,21.1,61.8,518,129,183,Active,Active,Active
SNS_001849,Yamuna Bank,2026-03-08 16:00:00,23.8,48.0,811,139,285,Under Maintenance,Active,Active
SNS_001850,Inderlok,2026-03-08 16:00:00,23.0,57.2,595,76,347,Active,Active,Active
SNS_001851,Rajiv Chowk,2026-03-08 17:00:00,23.5,53.1,664,92,1345,Active,Active,Active
SNS_001852,Kashmere Gate,2026-03-08 17:00:00,23.2,57.8,485,47,1238,Active,Active,Active
SNS_001853,New Delhi,2026-03-08 17:00:00,24.4,63.8,795,51,1321,Inactive,Active,Active
SNS_001854,Hauz Khas,2026-03-08 17:00:00,23.5,59.3,689,111,1037,Active,Under Maintenance,Active
SNS_001855,Botanical Garden,2026-03-08 17:00:00,24.5,49.4,758,42,1302,Active,Active,Active
SNS_001856,Janakpuri West,2026-03-08 17:00:00,23.9,58.4,799,102,1061,Active,Active,Active
SNS_001857,Lajpat Nagar,2026-03-08 17:00:00,23.7,58.1,520,95,596,Active,Active,Active
SNS_001858,Central Secretariat,2026-03-08 17:00:00,21.5,59.3,573,43,821,Active,Active,Active
SNS_001859,Yamuna Bank,2026-03-08 17:00:00,24.2,51.7,555,136,504,Active,Active,Active
SNS_001860,Inderlok,2026-03-08 17:00:00,23.8,48.8,594,55,564,Active,Active,Active
SNS_001861,Rajiv Chowk,2026-03-08 18:00:00,22.7,50.2,527,43,1015,Active,Active,Active
SNS_001862,Kashmere Gate,2026-03-08 18:00:00,21.7,45.3,709,132,1179,Active,Active,Active
SNS_001863,New Delhi,2026-03-08 18:00:00,23.0,47.4,514,60,1159,Active,Active,Active
SNS_001864,Hauz Khas,2026-03-08 18:00:00,22.9,48.8,780,127,1311,Active,Active,Active
SNS_001865,Botanical Garden,2026-03-08 18:00:00,21.8,46.0,558,64,859,Active,Active,Active
SNS_001866,Janakpuri West,2026-03-08 18:00:00,21.9,58.6,495,70,1190,Under Maintenance,Active,Active
SNS_001867,Lajpat Nagar,2026-03-08 18:00:00,22.7,57.3,718,46,1027,Active,Active,Active
SNS_001868,Central Secretariat,2026-03-08 18:00:00,21.1,61.7,671,71,1163,Active,Active,Active
SNS_001869,Yamuna Bank,2026-03-08 18:00:00,22.7,62.2,669,112,997,Active,Active,Active
SNS_001870,Inderlok,2026-03-08 18:00:00,23.8,60.6,842,48,1064,Active,Active,Active
SNS_001871,Rajiv Chowk,2026-03-08 19:00:00,23.8,55.1,625,150,974,Active,Active,Active
SNS_001872,Kashmere Gate,2026-03-08 19:00:00,21.1,62.1,669,97,1317,Active,Active,Active
SNS_001873,New Delhi,2026-03-08 19:00:00,24.4,48.5,515,55,1494,Active,Active,Active
SNS_001874,Hauz Khas,2026-03-08 19:00:00,21.3,52.8,821,128,1249,Active,Active,Active
SNS_001875,Botanical Garden,2026-03-08 19:00:00,23.6,46.9,749,104,660,Active,Active,Active
SNS_001876,Janakpuri West,2026-03-08 19:00:00,24.2,51.8,825,79,739,Active,Active,Active
SNS_001877,Lajpat Nagar,2026-03-08 19:00:00,21.8,53.8,633,137,576,Active,Active,Active
SNS_001878,Central Secretariat,2026-03-08 19:00:00,21.0,57.9,783,78,1228,Active,Active,Active
SNS_001879,Yamuna Bank,2026-03-08 19:00:00,23.3,64.1,677,45,1162,Active,Active,Active
SNS_001880,Inderlok,2026-03-08 19:00:00,21.9,47.7,657,43,536,Active,Active,Active
SNS_001881,Rajiv Chowk,2026-03-08 20:00:00,21.4,64.7,788,79,1102,Active,Active,Active
SNS_001882,Kashmere Gate,2026-03-08 20:00:00,23.7,56.4,659,148,1498,Active,Under Maintenance,Active
SNS_001883,New Delhi,2026-03-08 20:00:00,23.4,59.5,515,75,535,Active,Active,Active
SNS_001884,Hauz Khas,2026-03-08 20:00:00,21.6,57.3,592,50,646,Active,Active,Active
SNS_001885,Botanical Garden,2026-03-08 20:00:00,23.7,57.1,539,67,1455,Active,Active,Active
SNS_001886,Janakpuri West,2026-03-08 20:00:00,24.1,61.6,722,146,1414,Active,Active,Active
SNS_001887,Lajpat Nagar,2026-03-08 20:00:00,23.2,51.9,792,118,1005,Active,Inactive,Active
SNS_001888,Central Secretariat,2026-03-08 20:00:00,21.8,64.2,794,71,1234,Active,Under Maintenance,Active
SNS_001889,Yamuna Bank,2026-03-08 20:00:00,23.9,53.3,517,111,1320,Active,Active,Active
SNS_001890,Inderlok,2026-03-08 20:00:00,24.5,64.6,595,69,549,Active,Active,Active
SNS_001891,Rajiv Chowk,2026-03-08 21:00:00,21.5,59.8,776,121,155,Active,Active,Active
SNS_001892,Kashmere Gate,2026-03-08 21:00:00,24.1,55.3,770,101,266,Active,Active,Active
SNS_001893,New Delhi,2026-03-08 21:00:00,23.5,56.4,600,140,220,Active,Active,Active
SNS_001894,Hauz Khas,2026-03-08 21:00:00,21.7,53.9,637,85,117,Active,Active,Active
SNS_001895,Botanical Garden,2026-03-08 21:00:00,23.0,50.6,558,73,253,Active,Active,Active
SNS_001896,Janakpuri West,2026-03-08 21:00:00,23.7,54.6,690,49,150,Active,Active,Active
SNS_001897,Lajpat Nagar,2026-03-08 21:00:00,22.7,51.7,840,40,381,Active,Active,Active
SNS_001898,Central Secretariat,2026-03-08 21:00:00,21.3,51.1,803,44,324,Active,Active,Active
SNS_001899,Yamuna Bank,2026-03-08 21:00:00,24.1,47.9,536,131,110,Active,Active,Active
SNS_001900,Inderlok,2026-03-08 21:00:00,21.2,55.0,608,59,179,Active,Active,Active
SNS_001901,Rajiv Chowk,2026-03-08 22:00:00,22.7,63.3,559,54,153,Active,Active,Active
SNS_001902,Kashmere Gate,2026-03-08 22:00:00,22.3,51.2,515,55,329,Active,Active,Active
SNS_001903,New Delhi,2026-03-08 22:00:00,24.0,64.9,483,80,252,Active,Active,Active
SNS_001904,Hauz Khas,2026-03-08 22:00:00,21.5,64.1,658,92,159,Active,Active,Active
SNS_001905,Botanical Garden,2026-03-08 22:00:00,24.2,57.7,639,139,344,Active,Active,Active
SNS_001906,Janakpuri West,2026-03-08 22:00:00,22.6,56.1,686,79,352,Active,Active,Active
SNS_001907,Lajpat Nagar,2026-03-08 22:00:00,22.9,63.2,527,143,216,Active,Active,Active
SNS_001908,Central Secretariat,2026-03-08 22:00:00,21.5,47.1,557,87,172,Active,Active,Active
SNS_001909,Yamuna Bank,2026-03-08 22:00:00,21.8,56.3,545,93,304,Active,Active,Active
SNS_001910,Inderlok,2026-03-08 22:00:00,23.2,53.3,471,136,308,Active,Active,Active
SNS_001911,Rajiv Chowk,2026-03-08 23:00:00,24.1,61.6,702,56,131,Active,Active,Active
SNS_001912,Kashmere Gate,2026-03-08 23:00:00,23.6,62.5,609,124,312,Active,Active,Active
SNS_001913,New Delhi,2026-03-08 23:00:00,24.3,56.6,717,59,212,Active,Active,Active
SNS_001914,Hauz Khas,2026-03-08 23:00:00,24.1,54.2,466,106,177,Active,Under Maintenance,Active
SNS_001915,Botanical Garden,2026-03-08 23:00:00,23.2,53.5,647,69,385,Active,Active,Active
SNS_001916,Janakpuri West,2026-03-08 23:00:00,23.1,61.7,508,74,318,Active,Inactive,Active
SNS_001917,Lajpat Nagar,2026-03-08 23:00:00,22.0,56.4,745,95,262,Active,Active,Active
SNS_001918,Central Secretariat,2026-03-08 23:00:00,21.8,45.9,584,71,370,Active,Active,Active
SNS_001919,Yamuna Bank,2026-03-08 23:00:00,22.9,61.9,771,107,281,Active,Active,Active
SNS_001920,Inderlok,2026-03-08 23:00:00,21.9,52.6,573,120,105,Active,Active,Active
SNS_001921,Rajiv Chowk,2026-03-09 00:00:00,24.1,48.7,583,145,0,Active,Active,Active
SNS_001922,Kashmere Gate,2026-03-09 00:00:00,23.7,53.6,697,43,8,Active,Active,Active
SNS_001923,New Delhi,2026-03-09 00:00:00,22.1,62.8,623,141,4,Active,Active,Active
SNS_001924,Hauz Khas,2026-03-09 00:00:00,24.2,64.3,537,90,2,Active,Active,Active
SNS_001925,Botanical Garden,2026-03-09 00:00:00,23.0,59.1,771,44,5,Active,Active,Active
SNS_001926,Janakpuri West,2026-03-09 00:00:00,24.2,63.5,739,59,0,Active,Active,Active
SNS_001927,Lajpat Nagar,2026-03-09 00:00:00,22.4,61.2,678,98,2,Active,Active,Active
SNS_001928,Central Secretariat,2026-03-09 00:00:00,22.9,60.9,814,76,1,Active,Active,Active
SNS_001929,Yamuna Bank,2026-03-09 00:00:00,22.5,55.7,731,58,7,Active,Active,Active
SNS_001930,Inderlok,2026-03-09 00:00:00,22.7,62.6,812,84,1,Active,Active,Active
SNS_001931,Rajiv Chowk,2026-03-09 01:00:00,24.4,55.9,588,142,3,Active,Active,Active
SNS_001932,Kashmere Gate,2026-03-09 01:00:00,21.3,59.6,688,121,7,Active,Active,Active
SNS_001933,New Delhi,2026-03-09 01:00:00,21.9,54.6,759,80,10,Active,Active,Active
SNS_001934,Hauz Khas,2026-03-09 01:00:00,21.8,60.9,674,132,2,Active,Active,Active
SNS_001935,Botanical Garden,2026-03-09 01:00:00,22.7,52.1,845,62,1,Active,Active,Active
SNS_001936,Janakpuri West,2026-03-09 01:00:00,24.0,64.9,763,107,4,Active,Active,Active
SNS_001937,Lajpat Nagar,2026-03-09 01:00:00,23.3,64.3,660,83,5,Active,Active,Active
SNS_001938,Central Secretariat,2026-03-09 01:00:00,22.7,63.4,659,143,3,Active,Active,Active
SNS_001939,Yamuna Bank,2026-03-09 01:00:00,23.6,49.2,528,143,8,Active,Active,Active
SNS_001940,Inderlok,2026-03-09 01:00:00,24.4,61.1,544,116,4,Active,Active,Active
SNS_001941,Rajiv Chowk,2026-03-09 02:00:00,23.6,61.2,658,62,9,Active,Active,Active
SNS_001942,Kashmere Gate,2026-03-09 02:00:00,21.1,55.1,459,146,8,Under Maintenance,Active,Active
SNS_001943,New Delhi,2026-03-09 02:00:00,23.1,59.7,606,111,3,Active,Active,Active
SNS_001944,Hauz Khas,2026-03-09 02:00:00,21.2,60.6,563,142,2,Active,Active,Active
SNS_001945,Botanical Garden,2026-03-09 02:00:00,21.8,64.4,625,53,7,Active,Active,Active
SNS_001946,Janakpuri West,2026-03-09 02:00:00,23.2,57.1,547,116,8,Under Maintenance,Active,Active
SNS_001947,Lajpat Nagar,2026-03-09 02:00:00,22.7,53.2,551,115,2,Active,Active,Active
SNS_001948,Central Secretariat,2026-03-09 02:00:00,24.5,46.7,584,59,2,Active,Active,Active
SNS_001949,Yamuna Bank,2026-03-09 02:00:00,21.7,54.9,464,135,1,Active,Active,Active
SNS_001950,Inderlok,2026-03-09 02:00:00,22.7,50.8,708,109,9,Active,Active,Active
SNS_001951,Rajiv Chowk,2026-03-09 03:00:00,23.9,49.4,685,99,2,Active,Active,Active
SNS_001952,Kashmere Gate,2026-03-09 03:00:00,23.0,52.9,843,71,0,Active,Active,Active
SNS_001953,New Delhi,2026-03-09 03:00:00,23.5,51.8,813,41,3,Active,Active,Active
SNS_001954,Hauz Khas,2026-03-09 03:00:00,21.1,62.5,464,91,7,Active,Active,Active
SNS_001955,Botanical Garden,2026-03-09 03:00:00,23.9,57.5,617,73,1,Active,Active,Active
SNS_001956,Janakpuri West,2026-03-09 03:00:00,22.5,62.5,617,85,1,Active,Active,Active
SNS_001957,Lajpat Nagar,2026-03-09 03:00:00,23.1,49.2,689,75,5,Active,Active,Active
SNS_001958,Central Secretariat,2026-03-09 03:00:00,23.7,58.5,653,103,0,Active,Active,Active
SNS_001959,Yamuna Bank,2026-03-09 03:00:00,24.4,62.4,606,145,8,Active,Active,Active
SNS_001960,Inderlok,2026-03-09 03:00:00,23.6,55.5,756,114,9,Active,Active,Active
SNS_001961,Rajiv Chowk,2026-03-09 04:00:00,22.8,52.0,827,52,9,Active,Active,Active
SNS_001962,Kashmere Gate,2026-03-09 04:00:00,22.4,47.5,565,80,2,Active,Active,Active
SNS_001963,New Delhi,2026-03-09 04:00:00,24.5,59.3,605,145,10,Active,Active,Active
SNS_001964,Hauz Khas,2026-03-09 04:00:00,22.7,55.0,572,95,4,Active,Active,Active
SNS_001965,Botanical Garden,2026-03-09 04:00:00,23.5,55.9,699,103,7,Active,Active,Active
SNS_001966,Janakpuri West,2026-03-09 04:00:00,22.2,57.3,466,115,3,Under Maintenance,Active,Active
SNS_001967,Lajpat Nagar,2026-03-09 04:00:00,22.0,50.7,578,50,3,Active,Active,Active
SNS_001968,Central Secretariat,2026-03-09 04:00:00,23.2,50.6,508,149,10,Active,Active,Active
SNS_001969,Yamuna Bank,2026-03-09 04:00:00,24.3,57.6,768,144,1,Active,Active,Active
SNS_001970,Inderlok,2026-03-09 04:00:00,21.2,61.8,795,125,4,Active,Active,Active
SNS_001971,Rajiv Chowk,2026-03-09 05:00:00,24.2,48.8,579,99,4,Active,Active,Active
SNS_001972,Kashmere Gate,2026-03-09 05:00:00,21.7,55.8,569,148,0,Active,Active,Active
SNS_001973,New Delhi,2026-03-09 05:00:00,21.9,46.1,738,53,4,Active,Active,Active
SNS_001974,Hauz Khas,2026-03-09 05:00:00,23.0,52.4,598,68,0,Active,Active,Active
SNS_001975,Botanical Garden,2026-03-09 05:00:00,23.4,48.4,644,53,6,Active,Active,Active
SNS_001976,Janakpuri West,2026-03-09 05:00:00,21.8,59.8,725,74,6,Active,Active,Active
SNS_001977,Lajpat Nagar,2026-03-09 05:00:00,21.2,48.1,829,88,0,Active,Active,Active
SNS_001978,Central Secretariat,2026-03-09 05:00:00,24.3,45.5,470,123,5,Active,Active,Active
SNS_001979,Yamuna Bank,2026-03-09 05:00:00,21.4,62.1,797,134,7,Active,Active,Active
SNS_001980,Inderlok,2026-03-09 05:00:00,23.2,57.6,732,60,10,Inactive,Active,Active
SNS_001981,Rajiv Chowk,2026-03-09 06:00:00,21.7,62.3,637,122,313,Active,Active,Active
SNS_001982,Kashmere Gate,2026-03-09 06:00:00,22.7,60.7,493,145,222,Active,Active,Active
SNS_001983,New Delhi,2026-03-09 06:00:00,21.1,60.7,537,55,318,Active,Active,Active
SNS_001984,Hauz Khas,2026-03-09 06:00:00,22.9,60.6,773,102,223,Active,Active,Active
SNS_001985,Botanical Garden,2026-03-09 06:00:00,21.4,61.5,730,68,371,Under Maintenance,Active,Active
SNS_001986,Janakpuri West,2026-03-09 06:00:00,23.1,61.3,595,69,379,Active,Active,Active
SNS_001987,Lajpat Nagar,2026-03-09 06:00:00,22.9,53.3,450,77,374,Active,Active,Active
SNS_001988,Central Secretariat,2026-03-09 06:00:00,23.9,59.9,557,130,336,Active,Active,Active
SNS_001989,Yamuna Bank,2026-03-09 06:00:00,23.8,48.8,502,146,285,Active,Active,Active
SNS_001990,Inderlok,2026-03-09 06:00:00,22.6,57.1,633,87,367,Active,Active,Active
SNS_001991,Rajiv Chowk,2026-03-09 07:00:00,23.5,55.7,749,87,381,Active,Active,Active
SNS_001992,Kashmere Gate,2026-03-09 07:00:00,22.4,48.7,636,51,185,Inactive,Active,Active
SNS_001993,New Delhi,2026-03-09 07:00:00,23.6,50.9,693,131,107,Active,Active,Active
SNS_001994,Hauz Khas,2026-03-09 07:00:00,22.2,51.4,811,121,210,Active,Active,Active
SNS_001995,Botanical Garden,2026-03-09 07:00:00,22.9,60.1,452,128,272,Active,Active,Active
SNS_001996,Janakpuri West,2026-03-09 07:00:00,21.6,63.4,542,112,376,Active,Active,Active
SNS_001997,Lajpat Nagar,2026-03-09 07:00:00,21.6,59.4,802,55,202,Active,Active,Active
SNS_001998,Central Secretariat,2026-03-09 07:00:00,21.3,58.9,522,56,137,Active,Active,Active
SNS_001999,Yamuna Bank,2026-03-09 07:00:00,23.3,58.1,713,40,259,Active,Active,Active
SNS_002000,Inderlok,2026-03-09 07:00:00,24.5,48.4,672,81,276,Active,Active,Active
SNS_002001,Rajiv Chowk,2026-03-09 08:00:00,22.5,46.8,459,108,998,Active,Active,Active
SNS_002002,Kashmere Gate,2026-03-09 08:00:00,24.4,50.8,564,140,973,Active,Active,Active
SNS_002003,New Delhi,2026-03-09 08:00:00,23.2,57.3,762,101,1210,Active,Active,Active
SNS_002004,Hauz Khas,2026-03-09 08:00:00,22.2,51.3,570,94,988,Active,Active,Active
SNS_002005,Botanical Garden,2026-03-09 08:00:00,21.9,57.0,531,77,1473,Active,Active,Active
SNS_002006,Janakpuri West,2026-03-09 08:00:00,22.6,58.0,707,100,690,Active,Active,Active
SNS_002007,Lajpat Nagar,2026-03-09 08:00:00,22.9,58.4,756,50,901,Inactive,Active,Active
SNS_002008,Central Secretariat,2026-03-09 08:00:00,23.7,60.5,719,75,1064,Active,Active,Active
SNS_002009,Yamuna Bank,2026-03-09 08:00:00,21.5,57.3,498,71,721,Active,Active,Active
SNS_002010,Inderlok,2026-03-09 08:00:00,21.0,56.6,564,44,600,Active,Active,Active
SNS_002011,Rajiv Chowk,2026-03-09 09:00:00,24.3,62.4,629,123,1280,Active,Active,Inactive
SNS_002012,Kashmere Gate,2026-03-09 09:00:00,23.6,50.8,844,106,1211,Active,Active,Active
SNS_002013,New Delhi,2026-03-09 09:00:00,22.9,64.0,620,45,671,Active,Active,Active
SNS_002014,Hauz Khas,2026-03-09 09:00:00,22.8,61.2,796,74,700,Active,Active,Active
SNS_002015,Botanical Garden,2026-03-09 09:00:00,22.0,55.9,835,121,1017,Active,Active,Active
SNS_002016,Janakpuri West,2026-03-09 09:00:00,21.4,56.6,803,64,957,Inactive,Active,Active
SNS_002017,Lajpat Nagar,2026-03-09 09:00:00,22.1,51.8,738,148,1473,Active,Active,Active
SNS_002018,Central Secretariat,2026-03-09 09:00:00,23.3,53.2,604,41,1099,Active,Active,Active
SNS_002019,Yamuna Bank,2026-03-09 09:00:00,22.3,54.2,654,144,983,Active,Active,Active
SNS_002020,Inderlok,2026-03-09 09:00:00,23.3,51.9,465,48,879,Active,Active,Active
SNS_002021,Rajiv Chowk,2026-03-09 10:00:00,23.4,58.9,694,118,1147,Active,Active,Inactive
SNS_002022,Kashmere Gate,2026-03-09 10:00:00,23.3,51.6,562,88,1239,Active,Active,Active
SNS_002023,New Delhi,2026-03-09 10:00:00,23.7,48.9,708,51,1043,Active,Active,Active
SNS_002024,Hauz Khas,2026-03-09 10:00:00,22.6,46.4,808,141,1080,Active,Active,Active
SNS_002025,Botanical Garden,2026-03-09 10:00:00,21.4,64.7,490,130,1369,Active,Active,Active
SNS_002026,Janakpuri West,2026-03-09 10:00:00,23.0,64.3,693,82,868,Active,Active,Active
SNS_002027,Lajpat Nagar,2026-03-09 10:00:00,23.7,52.2,797,80,1445,Active,Active,Active
SNS_002028,Central Secretariat,2026-03-09 10:00:00,24.3,57.9,749,57,573,Active,Active,Active
SNS_002029,Yamuna Bank,2026-03-09 10:00:00,23.4,49.5,599,86,815,Active,Active,Active
SNS_002030,Inderlok,2026-03-09 10:00:00,21.4,56.6,674,44,1365,Active,Active,Active
SNS_002031,Rajiv Chowk,2026-03-09 11:00:00,21.5,63.0,581,66,266,Active,Active,Active
SNS_002032,Kashmere Gate,2026-03-09 11:00:00,21.2,50.3,791,105,217,Active,Active,Active
SNS_002033,New Delhi,2026-03-09 11:00:00,23.9,51.2,822,128,362,Active,Active,Active
SNS_002034,Hauz Khas,2026-03-09 11:00:00,22.2,58.2,480,40,187,Active,Active,Active
SNS_002035,Botanical Garden,2026-03-09 11:00:00,21.7,58.7,560,98,133,Active,Active,Active
SNS_002036,Janakpuri West,2026-03-09 11:00:00,22.4,60.5,510,73,381,Active,Active,Active
SNS_002037,Lajpat Nagar,2026-03-09 11:00:00,22.2,55.8,495,91,154,Active,Active,Active
SNS_002038,Central Secretariat,2026-03-09 11:00:00,22.1,52.3,542,132,319,Inactive,Active,Active
SNS_002039,Yamuna Bank,2026-03-09 11:00:00,22.0,53.0,475,46,251,Active,Active,Active
SNS_002040,Inderlok,2026-03-09 11:00:00,23.0,53.5,651,145,371,Active,Active,Active
SNS_002041,Rajiv Chowk,2026-03-09 12:00:00,23.0,62.5,806,105,169,Active,Active,Active
SNS_002042,Kashmere Gate,2026-03-09 12:00:00,21.6,62.4,669,122,138,Active,Active,Active
SNS_002043,New Delhi,2026-03-09 12:00:00,21.3,62.2,737,72,259,Active,Active,Active
SNS_002044,Hauz Khas,2026-03-09 12:00:00,21.2,51.1,592,78,388,Active,Active,Active
SNS_002045,Botanical Garden,2026-03-09 12:00:00,22.3,56.0,638,103,141,Active,Active,Active
SNS_002046,Janakpuri West,2026-03-09 12:00:00,24.3,56.6,793,40,257,Active,Active,Active
SNS_002047,Lajpat Nagar,2026-03-09 12:00:00,23.7,62.7,498,129,311,Active,Active,Active
SNS_002048,Central Secretariat,2026-03-09 12:00:00,21.6,64.4,719,77,391,Active,Active,Active
SNS_002049,Yamuna Bank,2026-03-09 12:00:00,23.9,46.8,697,101,225,Active,Active,Active
SNS_002050,Inderlok,2026-03-09 12:00:00,24.1,54.0,717,84,230,Active,Active,Active
SNS_002051,Rajiv Chowk,2026-03-09 13:00:00,22.8,63.9,508,77,117,Active,Active,Active
SNS_002052,Kashmere Gate,2026-03-09 13:00:00,21.1,63.1,765,103,268,Active,Active,Inactive
SNS_002053,New Delhi,2026-03-09 13:00:00,22.7,63.3,464,129,259,Active,Active,Active
SNS_002054,Hauz Khas,2026-03-09 13:00:00,24.4,51.4,815,52,116,Active,Active,Active
SNS_002055,Botanical Garden,2026-03-09 13:00:00,24.4,46.2,789,122,118,Active,Active,Active
SNS_002056,Janakpuri West,2026-03-09 13:00:00,23.6,48.6,706,94,309,Active,Active,Active
SNS_002057,Lajpat Nagar,2026-03-09 13:00:00,23.4,56.6,587,68,150,Active,Active,Active
SNS_002058,Central Secretariat,2026-03-09 13:00:00,23.7,63.0,480,65,205,Active,Active,Active
SNS_002059,Yamuna Bank,2026-03-09 13:00:00,22.9,57.3,776,112,186,Active,Active,Active
SNS_002060,Inderlok,2026-03-09 13:00:00,21.6,53.8,459,116,130,Active,Active,Active
SNS_002061,Rajiv Chowk,2026-03-09 14:00:00,23.1,47.2,469,140,369,Active,Active,Active
SNS_002062,Kashmere Gate,2026-03-09 14:00:00,22.1,55.2,602,129,296,Active,Active,Active
SNS_002063,New Delhi,2026-03-09 14:00:00,21.3,47.0,650,145,279,Under Maintenance,Active,Active
SNS_002064,Hauz Khas,2026-03-09 14:00:00,22.5,52.4,824,73,148,Active,Active,Active
SNS_002065,Botanical Garden,2026-03-09 14:00:00,21.5,62.5,770,82,364,Active,Active,Active
SNS_002066,Janakpuri West,2026-03-09 14:00:00,21.8,64.9,663,88,308,Active,Active,Active
SNS_002067,Lajpat Nagar,2026-03-09 14:00:00,22.3,57.9,578,118,309,Active,Active,Active
SNS_002068,Central Secretariat,2026-03-09 14:00:00,22.5,46.3,717,46,203,Active,Active,Active
SNS_002069,Yamuna Bank,2026-03-09 14:00:00,24.3,54.1,663,45,168,Active,Active,Active
SNS_002070,Inderlok,2026-03-09 14:00:00,24.0,55.0,716,54,374,Active,Active,Active
SNS_002071,Rajiv Chowk,2026-03-09 15:00:00,24.0,50.5,697,63,285,Active,Active,Active
SNS_002072,Kashmere Gate,2026-03-09 15:00:00,22.6,64.2,639,97,168,Active,Active,Active
SNS_002073,New Delhi,2026-03-09 15:00:00,23.7,51.0,798,119,272,Active,Active,Active
SNS_002074,Hauz Khas,2026-03-09 15:00:00,21.6,54.2,696,45,201,Active,Under Maintenance,Active
SNS_002075,Botanical Garden,2026-03-09 15:00:00,23.8,54.3,528,142,277,Active,Active,Active
SNS_002076,Janakpuri West,2026-03-09 15:00:00,22.3,55.5,664,142,338,Active,Active,Active
SNS_002077,Lajpat Nagar,2026-03-09 15:00:00,22.9,56.5,535,76,137,Active,Active,Active
SNS_002078,Central Secretariat,2026-03-09 15:00:00,23.4,57.7,842,110,300,Inactive,Active,Active
SNS_002079,Yamuna Bank,2026-03-09 15:00:00,23.3,56.9,707,96,346,Under Maintenance,Active,Active
SNS_002080,Inderlok,2026-03-09 15:00:00,23.2,49.0,561,43,176,Active,Active,Active
SNS_002081,Rajiv Chowk,2026-03-09 16:00:00,23.3,50.1,646,112,399,Active,Active,Active
SNS_002082,Kashmere Gate,2026-03-09 16:00:00,23.2,58.4,603,63,375,Active,Active,Active
SNS_002083,New Delhi,2026-03-09 16:00:00,23.3,50.4,683,46,220,Active,Active,Active
SNS_002084,Hauz Khas,2026-03-09 16:00:00,23.9,52.7,455,125,364,Active,Active,Active
SNS_002085,Botanical Garden,2026-03-09 16:00:00,23.1,63.9,485,74,399,Active,Active,Active
SNS_002086,Janakpuri West,2026-03-09 16:00:00,22.9,61.5,552,101,360,Active,Active,Active
SNS_002087,Lajpat Nagar,2026-03-09 16:00:00,24.3,62.3,671,136,230,Active,Active,Active
SNS_002088,Central Secretariat,2026-03-09 16:00:00,23.0,45.6,508,129,108,Active,Active,Active
SNS_002089,Yamuna Bank,2026-03-09 16:00:00,21.2,51.8,665,117,117,Active,Active,Active
SNS_002090,Inderlok,2026-03-09 16:00:00,24.0,52.9,775,64,178,Active,Active,Active
SNS_002091,Rajiv Chowk,2026-03-09 17:00:00,24.2,64.2,729,139,1195,Active,Active,Active
SNS_002092,Kashmere Gate,2026-03-09 17:00:00,22.4,64.9,624,93,702,Active,Active,Active
SNS_002093,New Delhi,2026-03-09 17:00:00,21.5,51.2,793,66,880,Active,Active,Active
SNS_002094,Hauz Khas,2026-03-09 17:00:00,24.3,57.2,737,86,1280,Active,Active,Active
SNS_002095,Botanical Garden,2026-03-09 17:00:00,22.3,48.1,625,52,802,Active,Active,Active
SNS_002096,Janakpuri West,2026-03-09 17:00:00,21.9,58.4,519,85,928,Active,Active,Active
SNS_002097,Lajpat Nagar,2026-03-09 17:00:00,21.1,51.5,735,98,1180,Active,Active,Active
SNS_002098,Central Secretariat,2026-03-09 17:00:00,22.6,46.2,636,149,1206,Active,Active,Active
SNS_002099,Yamuna Bank,2026-03-09 17:00:00,22.1,53.9,791,42,1018,Active,Active,Active
SNS_002100,Inderlok,2026-03-09 17:00:00,24.0,53.9,833,56,1445,Active,Active,Active
SNS_002101,Rajiv Chowk,2026-03-09 18:00:00,21.7,59.1,764,104,1260,Active,Active,Active
SNS_002102,Kashmere Gate,2026-03-09 18:00:00,22.0,50.5,751,131,1317,Active,Active,Active
SNS_002103,New Delhi,2026-03-09 18:00:00,24.1,60.5,466,142,1430,Active,Active,Active
SNS_002104,Hauz Khas,2026-03-09 18:00:00,23.4,59.7,478,122,1378,Active,Active,Active
SNS_002105,Botanical Garden,2026-03-09 18:00:00,24.2,64.4,782,77,509,Active,Active,Active
SNS_002106,Janakpuri West,2026-03-09 18:00:00,22.9,47.3,826,61,1176,Active,Active,Active
SNS_002107,Lajpat Nagar,2026-03-09 18:00:00,23.2,57.3,639,87,761,Active,Active,Active
SNS_002108,Central Secretariat,2026-03-09 18:00:00,24.0,48.8,789,146,518,Active,Active,Active
SNS_002109,Yamuna Bank,2026-03-09 18:00:00,24.2,64.5,470,130,1112,Active,Active,Active
SNS_002110,Inderlok,2026-03-09 18:00:00,21.9,62.5,526,87,611,Active,Active,Active
SNS_002111,Rajiv Chowk,2026-03-09 19:00:00,24.1,55.1,733,136,776,Active,Active,Active
SNS_002112,Kashmere Gate,2026-03-09 19:00:00,22.3,61.4,581,48,763,Active,Active,Active
SNS_002113,New Delhi,2026-03-09 19:00:00,24.0,57.4,517,75,1316,Active,Active,Active
SNS_002114,Hauz Khas,2026-03-09 19:00:00,21.3,49.0,699,44,1402,Active,Active,Active
SNS_002115,Botanical Garden,2026-03-09 19:00:00,22.0,51.4,822,102,1341,Active,Active,Active
SNS_002116,Janakpuri West,2026-03-09 19:00:00,22.8,64.6,512,142,1153,Active,Active,Active
SNS_002117,Lajpat Nagar,2026-03-09 19:00:00,22.4,62.2,541,125,1159,Active,Active,Active
SNS_002118,Central Secretariat,2026-03-09 19:00:00,22.0,58.0,504,55,826,Active,Active,Active
SNS_002119,Yamuna Bank,2026-03-09 19:00:00,22.3,61.3,597,146,1219,Active,Active,Active
SNS_002120,Inderlok,2026-03-09 19:00:00,21.1,47.4,736,55,1355,Active,Active,Active
SNS_002121,Rajiv Chowk,2026-03-09 20:00:00,21.4,62.6,679,148,601,Active,Active,Active
SNS_002122,Kashmere Gate,2026-03-09 20:00:00,23.2,46.2,850,112,706,Active,Active,Active
SNS_002123,New Delhi,2026-03-09 20:00:00,21.3,47.7,536,74,1047,Inactive,Active,Active
SNS_002124,Hauz Khas,2026-03-09 20:00:00,24.3,47.8,659,53,1377,Active,Active,Active
SNS_002125,Botanical Garden,2026-03-09 20:00:00,21.3,51.5,796,140,668,Active,Active,Active
SNS_002126,Janakpuri West,2026-03-09 20:00:00,21.8,49.8,840,96,629,Active,Active,Active
SNS_002127,Lajpat Nagar,2026-03-09 20:00:00,23.9,63.6,713,52,896,Active,Active,Active
SNS_002128,Central Secretariat,2026-03-09 20:00:00,22.2,64.5,589,111,1421,Active,Active,Active
SNS_002129,Yamuna Bank,2026-03-09 20:00:00,21.3,54.7,499,126,906,Active,Active,Active
SNS_002130,Inderlok,2026-03-09 20:00:00,21.5,59.2,762,48,932,Active,Active,Active
SNS_002131,Rajiv Chowk,2026-03-09 21:00:00,24.0,59.5,706,56,344,Active,Active,Active
SNS_002132,Kashmere Gate,2026-03-09 21:00:00,24.3,57.8,478,42,189,Active,Active,Active
SNS_002133,New Delhi,2026-03-09 21:00:00,23.8,55.7,732,117,278,Active,Active,Active
SNS_002134,Hauz Khas,2026-03-09 21:00:00,21.3,46.7,796,45,251,Active,Active,Active
SNS_002135,Botanical Garden,2026-03-09 21:00:00,24.3,63.7,558,49,355,Active,Active,Active
SNS_002136,Janakpuri West,2026-03-09 21:00:00,23.3,51.7,475,122,374,Active,Active,Active
SNS_002137,Lajpat Nagar,2026-03-09 21:00:00,22.3,45.2,692,145,280,Active,Under Maintenance,Active
SNS_002138,Central Secretariat,2026-03-09 21:00:00,24.1,57.8,808,89,377,Active,Active,Active
SNS_002139,Yamuna Bank,2026-03-09 21:00:00,21.5,56.4,512,142,285,Active,Active,Active
SNS_002140,Inderlok,2026-03-09 21:00:00,21.9,57.2,676,144,333,Active,Active,Active
SNS_002141,Rajiv Chowk,2026-03-09 22:00:00,22.9,57.9,822,74,119,Active,Active,Active
SNS_002142,Kashmere Gate,2026-03-09 22:00:00,21.2,49.1,808,55,380,Active,Active,Active
SNS_002143,New Delhi,2026-03-09 22:00:00,22.1,54.2,456,105,322,Active,Active,Active
SNS_002144,Hauz Khas,2026-03-09 22:00:00,22.1,50.4,672,62,315,Active,Active,Active
SNS_002145,Botanical Garden,2026-03-09 22:00:00,21.4,51.9,483,112,302,Active,Active,Active
SNS_002146,Janakpuri West,2026-03-09 22:00:00,21.1,48.4,578,138,323,Active,Active,Active
SNS_002147,Lajpat Nagar,2026-03-09 22:00:00,22.3,65.0,552,74,146,Active,Active,Active
SNS_002148,Central Secretariat,2026-03-09 22:00:00,23.8,61.6,630,92,179,Active,Active,Active
SNS_002149,Yamuna Bank,2026-03-09 22:00:00,22.8,57.5,784,64,239,Active,Active,Active
SNS_002150,Inderlok,2026-03-09 22:00:00,23.2,49.8,500,78,309,Active,Active,Active
SNS_002151,Rajiv Chowk,2026-03-09 23:00:00,23.9,63.4,788,133,323,Active,Active,Active
SNS_002152,Kashmere Gate,2026-03-09 23:00:00,23.7,48.8,767,125,391,Active,Active,Active
SNS_002153,New Delhi,2026-03-09 23:00:00,23.7,57.0,693,75,378,Active,Active,Active
SNS_002154,Hauz Khas,2026-03-09 23:00:00,21.6,47.6,686,105,301,Active,Active,Active
SNS_002155,Botanical Garden,2026-03-09 23:00:00,24.3,55.6,741,52,193,Active,Active,Active
SNS_002156,Janakpuri West,2026-03-09 23:00:00,24.5,56.5,671,69,359,Active,Active,Active
SNS_002157,Lajpat Nagar,2026-03-09 23:00:00,21.9,47.5,491,79,283,Active,Active,Active
SNS_002158,Central Secretariat,2026-03-09 23:00:00,21.8,64.7,456,73,274,Active,Inactive,Active
SNS_002159,Yamuna Bank,2026-03-09 23:00:00,23.5,49.0,697,93,133,Active,Active,Active
SNS_002160,Inderlok,2026-03-09 23:00:00,23.7,58.3,756,58,178,Active,Active,Active
SNS_002161,Rajiv Chowk,2026-03-10 00:00:00,21.4,51.2,816,117,2,Active,Active,Active
SNS_002162,Kashmere Gate,2026-03-10 00:00:00,21.6,54.1,635,126,10,Active,Active,Active
SNS_002163,New Delhi,2026-03-10 00:00:00,23.1,51.3,718,129,6,Active,Active,Active
SNS_002164,Hauz Khas,2026-03-10 00:00:00,22.5,58.0,586,98,10,Active,Active,Active
SNS_002165,Botanical Garden,2026-03-10 00:00:00,21.2,52.0,564,131,10,Active,Active,Active
SNS_002166,Janakpuri West,2026-03-10 00:00:00,22.0,58.9,827,111,4,Active,Active,Active
SNS_002167,Lajpat Nagar,2026-03-10 00:00:00,22.7,60.2,707,61,3,Active,Active,Active
SNS_002168,Central Secretariat,2026-03-10 00:00:00,23.0,54.5,626,43,9,Active,Active,Active
SNS_002169,Yamuna Bank,2026-03-10 00:00:00,22.9,60.8,759,85,3,Active,Active,Active
SNS_002170,Inderlok,2026-03-10 00:00:00,24.2,64.3,702,58,8,Active,Active,Active
SNS_002171,Rajiv Chowk,2026-03-10 01:00:00,22.9,53.0,597,69,4,Active,Active,Active
SNS_002172,Kashmere Gate,2026-03-10 01:00:00,23.4,46.5,708,71,5,Inactive,Active,Active
SNS_002173,New Delhi,2026-03-10 01:00:00,22.3,51.2,516,65,7,Active,Active,Active
SNS_002174,Hauz Khas,2026-03-10 01:00:00,22.9,63.4,766,73,7,Active,Active,Active
SNS_002175,Botanical Garden,2026-03-10 01:00:00,22.4,58.2,697,49,3,Active,Active,Active
SNS_002176,Janakpuri West,2026-03-10 01:00:00,21.7,54.9,658,133,8,Active,Active,Active
SNS_002177,Lajpat Nagar,2026-03-10 01:00:00,21.3,48.0,708,46,7,Active,Active,Active
SNS_002178,Central Secretariat,2026-03-10 01:00:00,22.5,63.8,541,104,7,Active,Active,Active
SNS_002179,Yamuna Bank,2026-03-10 01:00:00,23.4,50.5,668,76,1,Under Maintenance,Active,Active
SNS_002180,Inderlok,2026-03-10 01:00:00,22.9,56.7,680,109,0,Active,Active,Active
SNS_002181,Rajiv Chowk,2026-03-10 02:00:00,23.6,55.0,662,113,0,Active,Active,Active
SNS_002182,Kashmere Gate,2026-03-10 02:00:00,21.9,51.9,610,64,6,Active,Active,Active
SNS_002183,New Delhi,2026-03-10 02:00:00,24.3,45.8,466,52,0,Under Maintenance,Active,Active
SNS_002184,Hauz Khas,2026-03-10 02:00:00,22.8,54.0,831,149,5,Active,Active,Active
SNS_002185,Botanical Garden,2026-03-10 02:00:00,23.2,62.9,651,98,4,Active,Active,Active
SNS_002186,Janakpuri West,2026-03-10 02:00:00,22.8,57.5,736,56,0,Active,Active,Active
SNS_002187,Lajpat Nagar,2026-03-10 02:00:00,24.0,55.8,685,111,10,Active,Active,Active
SNS_002188,Central Secretariat,2026-03-10 02:00:00,24.0,52.3,818,86,8,Inactive,Active,Active
SNS_002189,Yamuna Bank,2026-03-10 02:00:00,21.1,52.2,508,108,0,Active,Active,Active
SNS_002190,Inderlok,2026-03-10 02:00:00,22.3,49.0,671,128,8,Active,Active,Active
SNS_002191,Rajiv Chowk,2026-03-10 03:00:00,23.5,52.0,652,44,4,Active,Active,Active
SNS_002192,Kashmere Gate,2026-03-10 03:00:00,23.1,49.0,458,68,10,Active,Active,Active
SNS_002193,New Delhi,2026-03-10 03:00:00,24.0,50.7,479,77,7,Active,Active,Active
SNS_002194,Hauz Khas,2026-03-10 03:00:00,23.4,58.0,775,97,7,Active,Active,Active
SNS_002195,Botanical Garden,2026-03-10 03:00:00,23.5,64.1,513,79,2,Active,Active,Active
SNS_002196,Janakpuri West,2026-03-10 03:00:00,24.3,63.5,818,84,4,Active,Active,Active
SNS_002197,Lajpat Nagar,2026-03-10 03:00:00,21.8,60.7,592,78,9,Active,Active,Active
SNS_002198,Central Secretariat,2026-03-10 03:00:00,21.6,48.8,517,117,2,Active,Active,Active
SNS_002199,Yamuna Bank,2026-03-10 03:00:00,23.7,47.2,748,87,2,Under Maintenance,Active,Active
SNS_002200,Inderlok,2026-03-10 03:00:00,23.8,58.4,591,99,9,Active,Active,Active
SNS_002201,Rajiv Chowk,2026-03-10 04:00:00,21.9,60.5,843,48,7,Inactive,Active,Active
SNS_002202,Kashmere Gate,2026-03-10 04:00:00,22.7,52.0,690,68,2,Inactive,Active,Active
SNS_002203,New Delhi,2026-03-10 04:00:00,21.2,47.0,667,133,10,Active,Active,Active
SNS_002204,Hauz Khas,2026-03-10 04:00:00,23.9,63.0,823,92,8,Active,Active,Active
SNS_002205,Botanical Garden,2026-03-10 04:00:00,21.7,50.7,774,94,2,Active,Active,Active
SNS_002206,Janakpuri West,2026-03-10 04:00:00,22.3,49.0,621,119,8,Active,Active,Active
SNS_002207,Lajpat Nagar,2026-03-10 04:00:00,22.4,56.0,573,145,2,Active,Active,Active
SNS_002208,Central Secretariat,2026-03-10 04:00:00,22.4,49.7,699,65,10,Active,Active,Active
SNS_002209,Yamuna Bank,2026-03-10 04:00:00,23.4,56.3,675,40,3,Active,Active,Active
SNS_002210,Inderlok,2026-03-10 04:00:00,22.5,59.4,638,140,0,Active,Active,Active
SNS_002211,Rajiv Chowk,2026-03-10 05:00:00,23.3,64.3,775,42,5,Active,Active,Active
SNS_002212,Kashmere Gate,2026-03-10 05:00:00,23.3,46.7,780,129,3,Active,Active,Active
SNS_002213,New Delhi,2026-03-10 05:00:00,23.8,56.9,819,65,0,Active,Active,Active
SNS_002214,Hauz Khas,2026-03-10 05:00:00,22.6,62.0,665,47,6,Active,Inactive,Active
SNS_002215,Botanical Garden,2026-03-10 05:00:00,21.3,59.4,778,78,8,Active,Active,Active
SNS_002216,Janakpuri West,2026-03-10 05:00:00,24.0,60.1,605,101,5,Active,Active,Active
SNS_002217,Lajpat Nagar,2026-03-10 05:00:00,22.8,63.5,746,141,9,Active,Active,Active
SNS_002218,Central Secretariat,2026-03-10 05:00:00,21.4,56.9,777,147,1,Active,Active,Active
SNS_002219,Yamuna Bank,2026-03-10 05:00:00,21.2,54.2,686,144,0,Active,Active,Active
SNS_002220,Inderlok,2026-03-10 05:00:00,23.7,50.3,798,146,4,Active,Active,Active
SNS_002221,Rajiv Chowk,2026-03-10 06:00:00,21.3,51.0,746,90,195,Active,Active,Active
SNS_002222,Kashmere Gate,2026-03-10 06:00:00,23.7,54.5,510,70,193,Active,Active,Active
SNS_002223,New Delhi,2026-03-10 06:00:00,21.2,56.7,748,49,377,Active,Active,Active
SNS_002224,Hauz Khas,2026-03-10 06:00:00,24.3,59.9,717,117,373,Active,Active,Inactive
SNS_002225,Botanical Garden,2026-03-10 06:00:00,22.9,62.1,587,104,165,Active,Active,Active
SNS_002226,Janakpuri West,2026-03-10 06:00:00,23.9,64.4,591,140,237,Active,Active,Inactive
SNS_002227,Lajpat Nagar,2026-03-10 06:00:00,22.3,47.7,805,145,364,Active,Active,Active
SNS_002228,Central Secretariat,2026-03-10 06:00:00,22.8,50.9,633,126,303,Active,Active,Active
SNS_002229,Yamuna Bank,2026-03-10 06:00:00,21.5,64.1,462,62,142,Active,Active,Active
SNS_002230,Inderlok,2026-03-10 06:00:00,24.1,60.3,739,140,139,Active,Active,Active
SNS_002231,Rajiv Chowk,2026-03-10 07:00:00,24.1,63.3,609,53,240,Active,Active,Active
SNS_002232,Kashmere Gate,2026-03-10 07:00:00,22.8,48.5,563,63,288,Active,Active,Active
SNS_002233,New Delhi,2026-03-10 07:00:00,23.3,61.1,679,59,249,Active,Active,Active
SNS_002234,Hauz Khas,2026-03-10 07:00:00,23.4,47.9,846,104,248,Active,Active,Active
SNS_002235,Botanical Garden,2026-03-10 07:00:00,21.8,45.0,758,50,346,Active,Active,Active
SNS_002236,Janakpuri West,2026-03-10 07:00:00,22.7,62.9,487,141,270,Active,Active,Active
SNS_002237,Lajpat Nagar,2026-03-10 07:00:00,22.3,55.6,688,41,238,Active,Active,Active
SNS_002238,Central Secretariat,2026-03-10 07:00:00,23.1,64.8,592,132,300,Active,Active,Active
SNS_002239,Yamuna Bank,2026-03-10 07:00:00,24.2,60.2,573,116,140,Active,Active,Active
SNS_002240,Inderlok,2026-03-10 07:00:00,23.7,64.8,726,105,319,Active,Active,Active
SNS_002241,Rajiv Chowk,2026-03-10 08:00:00,21.1,45.2,786,80,759,Active,Active,Active
SNS_002242,Kashmere Gate,2026-03-10 08:00:00,24.1,47.9,670,144,732,Active,Active,Active
SNS_002243,New Delhi,2026-03-10 08:00:00,22.2,51.7,594,101,595,Active,Active,Active
SNS_002244,Hauz Khas,2026-03-10 08:00:00,23.1,60.7,759,99,1048,Active,Active,Active
SNS_002245,Botanical Garden,2026-03-10 08:00:00,22.6,62.6,668,41,551,Active,Active,Active
SNS_002246,Janakpuri West,2026-03-10 08:00:00,22.1,52.2,745,62,1476,Active,Active,Active
SNS_002247,Lajpat Nagar,2026-03-10 08:00:00,22.4,55.2,663,64,585,Active,Active,Active
SNS_002248,Central Secretariat,2026-03-10 08:00:00,23.3,57.6,823,78,1249,Active,Active,Active
SNS_002249,Yamuna Bank,2026-03-10 08:00:00,21.1,54.8,767,45,1329,Active,Active,Active
SNS_002250,Inderlok,2026-03-10 08:00:00,23.7,59.8,796,43,1158,Active,Active,Active
SNS_002251,Rajiv Chowk,2026-03-10 09:00:00,21.9,61.1,772,133,1208,Active,Active,Active
SNS_002252,Kashmere Gate,2026-03-10 09:00:00,22.3,47.4,784,74,926,Active,Active,Active
SNS_002253,New Delhi,2026-03-10 09:00:00,22.8,57.2,739,140,1068,Active,Active,Active
SNS_002254,Hauz Khas,2026-03-10 09:00:00,21.2,52.4,598,112,971,Active,Active,Active
SNS_002255,Botanical Garden,2026-03-10 09:00:00,22.0,59.7,608,64,604,Active,Active,Active
SNS_002256,Janakpuri West,2026-03-10 09:00:00,24.2,56.6,516,131,1263,Active,Active,Active
SNS_002257,Lajpat Nagar,2026-03-10 09:00:00,23.5,54.3,453,127,968,Active,Active,Active
SNS_002258,Central Secretariat,2026-03-10 09:00:00,21.7,52.4,724,71,1337,Active,Active,Active
SNS_002259,Yamuna Bank,2026-03-10 09:00:00,23.6,54.7,782,78,810,Active,Active,Active
SNS_002260,Inderlok,2026-03-10 09:00:00,23.1,53.4,580,65,885,Active,Active,Active
SNS_002261,Rajiv Chowk,2026-03-10 10:00:00,21.9,56.7,599,63,1090,Active,Active,Active
SNS_002262,Kashmere Gate,2026-03-10 10:00:00,22.9,51.5,473,144,674,Inactive,Active,Active
SNS_002263,New Delhi,2026-03-10 10:00:00,21.2,45.2,605,126,1391,Active,Active,Active
SNS_002264,Hauz Khas,2026-03-10 10:00:00,22.9,57.6,761,77,1154,Inactive,Active,Active
SNS_002265,Botanical Garden,2026-03-10 10:00:00,23.0,54.0,563,86,1088,Active,Active,Active
SNS_002266,Janakpuri West,2026-03-10 10:00:00,23.9,50.6,753,135,1266,Active,Active,Active
SNS_002267,Lajpat Nagar,2026-03-10 10:00:00,23.2,46.1,550,74,1303,Active,Active,Active
SNS_002268,Central Secretariat,2026-03-10 10:00:00,21.2,55.2,721,99,1453,Active,Active,Active
SNS_002269,Yamuna Bank,2026-03-10 10:00:00,23.9,54.4,731,83,881,Active,Active,Active
SNS_002270,Inderlok,2026-03-10 10:00:00,21.4,52.4,607,56,1102,Active,Active,Active
SNS_002271,Rajiv Chowk,2026-03-10 11:00:00,21.5,52.3,455,61,384,Active,Active,Active
SNS_002272,Kashmere Gate,2026-03-10 11:00:00,22.2,62.7,452,90,342,Active,Active,Active
SNS_002273,New Delhi,2026-03-10 11:00:00,22.2,48.9,646,109,271,Active,Active,Active
SNS_002274,Hauz Khas,2026-03-10 11:00:00,23.0,50.4,827,46,374,Active,Active,Active
SNS_002275,Botanical Garden,2026-03-10 11:00:00,22.8,52.9,561,126,363,Active,Active,Active
SNS_002276,Janakpuri West,2026-03-10 11:00:00,22.5,64.1,835,68,209,Active,Active,Active
SNS_002277,Lajpat Nagar,2026-03-10 11:00:00,23.9,45.5,470,104,188,Active,Active,Active
SNS_002278,Central Secretariat,2026-03-10 11:00:00,22.0,63.7,560,104,137,Active,Active,Active
SNS_002279,Yamuna Bank,2026-03-10 11:00:00,24.4,59.7,604,46,377,Active,Active,Active
SNS_002280,Inderlok,2026-03-10 11:00:00,23.7,55.3,481,141,248,Active,Active,Active
SNS_002281,Rajiv Chowk,2026-03-10 12:00:00,23.5,49.4,719,65,302,Active,Under Maintenance,Active
SNS_002282,Kashmere Gate,2026-03-10 12:00:00,24.1,48.3,700,105,376,Active,Active,Active
SNS_002283,New Delhi,2026-03-10 12:00:00,21.6,53.0,812,70,230,Active,Active,Active
SNS_002284,Hauz Khas,2026-03-10 12:00:00,23.3,52.2,812,77,317,Active,Inactive,Active
SNS_002285,Botanical Garden,2026-03-10 12:00:00,21.3,62.2,550,125,314,Active,Active,Active
SNS_002286,Janakpuri West,2026-03-10 12:00:00,21.2,63.8,762,120,334,Active,Active,Active
SNS_002287,Lajpat Nagar,2026-03-10 12:00:00,23.5,56.5,811,48,387,Active,Active,Active
SNS_002288,Central Secretariat,2026-03-10 12:00:00,24.1,64.8,485,129,321,Active,Active,Active
SNS_002289,Yamuna Bank,2026-03-10 12:00:00,22.2,45.8,590,115,165,Active,Active,Active
SNS_002290,Inderlok,2026-03-10 12:00:00,21.8,50.1,690,150,238,Active,Active,Active
SNS_002291,Rajiv Chowk,2026-03-10 13:00:00,23.4,51.1,451,56,332,Active,Active,Active
SNS_002292,Kashmere Gate,2026-03-10 13:00:00,23.8,62.6,516,124,232,Active,Active,Active
SNS_002293,New Delhi,2026-03-10 13:00:00,21.7,47.1,676,133,279,Active,Active,Active
SNS_002294,Hauz Khas,2026-03-10 13:00:00,22.4,61.1,520,60,134,Active,Active,Active
SNS_002295,Botanical Garden,2026-03-10 13:00:00,22.2,59.1,601,140,295,Active,Active,Active
SNS_002296,Janakpuri West,2026-03-10 13:00:00,21.7,64.7,725,105,252,Active,Active,Active
SNS_002297,Lajpat Nagar,2026-03-10 13:00:00,23.1,48.2,681,118,248,Active,Active,Active
SNS_002298,Central Secretariat,2026-03-10 13:00:00,22.9,60.8,491,64,108,Active,Active,Active
SNS_002299,Yamuna Bank,2026-03-10 13:00:00,22.2,54.6,706,56,273,Active,Active,Active
SNS_002300,Inderlok,2026-03-10 13:00:00,21.6,59.9,648,51,315,Active,Active,Active
SNS_002301,Rajiv Chowk,2026-03-10 14:00:00,22.1,60.8,653,89,250,Under Maintenance,Active,Active
SNS_002302,Kashmere Gate,2026-03-10 14:00:00,21.9,47.8,842,43,360,Active,Active,Active
SNS_002303,New Delhi,2026-03-10 14:00:00,21.0,60.7,764,78,152,Active,Active,Active
SNS_002304,Hauz Khas,2026-03-10 14:00:00,21.6,46.7,770,78,357,Active,Active,Active
SNS_002305,Botanical Garden,2026-03-10 14:00:00,23.1,55.6,450,57,343,Active,Active,Active
SNS_002306,Janakpuri West,2026-03-10 14:00:00,22.3,61.8,475,107,302,Active,Active,Active
SNS_002307,Lajpat Nagar,2026-03-10 14:00:00,24.5,47.9,719,65,300,Active,Active,Active
SNS_002308,Central Secretariat,2026-03-10 14:00:00,21.3,57.5,683,129,247,Active,Active,Active
SNS_002309,Yamuna Bank,2026-03-10 14:00:00,22.5,45.4,543,117,244,Active,Active,Active
SNS_002310,Inderlok,2026-03-10 14:00:00,23.0,56.0,560,125,360,Active,Active,Active
SNS_002311,Rajiv Chowk,2026-03-10 15:00:00,22.5,46.1,547,116,217,Active,Active,Active
SNS_002312,Kashmere Gate,2026-03-10 15:00:00,24.3,51.7,519,72,329,Active,Active,Active
SNS_002313,New Delhi,2026-03-10 15:00:00,24.2,56.4,735,87,324,Inactive,Active,Active
SNS_002314,Hauz Khas,2026-03-10 15:00:00,22.7,48.9,510,50,324,Active,Active,Active
SNS_002315,Botanical Garden,2026-03-10 15:00:00,23.6,63.4,647,127,276,Active,Active,Active
SNS_002316,Janakpuri West,2026-03-10 15:00:00,23.4,57.7,527,42,163,Active,Active,Active
SNS_002317,Lajpat Nagar,2026-03-10 15:00:00,23.1,51.7,847,49,182,Active,Active,Active
SNS_002318,Central Secretariat,2026-03-10 15:00:00,22.6,46.4,659,61,381,Active,Active,Active
SNS_002319,Yamuna Bank,2026-03-10 15:00:00,22.4,54.9,793,77,386,Active,Active,Active
SNS_002320,Inderlok,2026-03-10 15:00:00,22.4,59.0,802,69,257,Active,Active,Active
SNS_002321,Rajiv Chowk,2026-03-10 16:00:00,21.9,63.0,603,81,176,Active,Active,Active
SNS_002322,Kashmere Gate,2026-03-10 16:00:00,22.7,55.7,793,131,149,Active,Active,Active
SNS_002323,New Delhi,2026-03-10 16:00:00,23.4,61.1,572,121,324,Under Maintenance,Active,Active
SNS_002324,Hauz Khas,2026-03-10 16:00:00,21.9,53.6,499,62,369,Active,Active,Active
SNS_002325,Botanical Garden,2026-03-10 16:00:00,23.1,63.5,634,40,218,Active,Active,Active
SNS_002326,Janakpuri West,2026-03-10 16:00:00,21.6,48.2,826,148,139,Active,Active,Active
SNS_002327,Lajpat Nagar,2026-03-10 16:00:00,22.3,54.7,592,124,278,Active,Active,Active
SNS_002328,Central Secretariat,2026-03-10 16:00:00,21.3,50.1,539,100,173,Active,Active,Active
SNS_002329,Yamuna Bank,2026-03-10 16:00:00,21.0,47.5,620,147,190,Active,Active,Active
SNS_002330,Inderlok,2026-03-10 16:00:00,23.7,54.4,676,105,143,Active,Active,Active
SNS_002331,Rajiv Chowk,2026-03-10 17:00:00,23.0,56.7,476,71,989,Active,Active,Active
SNS_002332,Kashmere Gate,2026-03-10 17:00:00,21.9,55.3,770,48,1324,Active,Under Maintenance,Active
SNS_002333,New Delhi,2026-03-10 17:00:00,24.3,57.7,799,90,1347,Active,Active,Active
SNS_002334,Hauz Khas,2026-03-10 17:00:00,23.9,49.2,570,99,1432,Active,Active,Active
SNS_002335,Botanical Garden,2026-03-10 17:00:00,23.9,60.9,456,111,1491,Active,Active,Active
SNS_002336,Janakpuri West,2026-03-10 17:00:00,21.8,60.9,503,62,1221,Active,Active,Active
SNS_002337,Lajpat Nagar,2026-03-10 17:00:00,24.4,53.4,754,67,1171,Active,Active,Active
SNS_002338,Central Secretariat,2026-03-10 17:00:00,23.7,50.5,694,45,1417,Active,Active,Active
SNS_002339,Yamuna Bank,2026-03-10 17:00:00,21.4,62.9,655,70,1218,Active,Active,Active
SNS_002340,Inderlok,2026-03-10 17:00:00,21.4,51.1,782,89,848,Active,Active,Active
SNS_002341,Rajiv Chowk,2026-03-10 18:00:00,21.7,47.7,456,70,529,Active,Active,Active
SNS_002342,Kashmere Gate,2026-03-10 18:00:00,21.2,55.5,752,94,1107,Active,Active,Active
SNS_002343,New Delhi,2026-03-10 18:00:00,24.4,59.3,817,66,737,Active,Active,Active
SNS_002344,Hauz Khas,2026-03-10 18:00:00,22.4,51.8,787,78,1332,Active,Active,Active
SNS_002345,Botanical Garden,2026-03-10 18:00:00,22.2,53.0,704,149,545,Active,Active,Active
SNS_002346,Janakpuri West,2026-03-10 18:00:00,22.7,58.7,776,82,579,Active,Active,Active
SNS_002347,Lajpat Nagar,2026-03-10 18:00:00,24.0,46.1,631,92,1158,Inactive,Active,Active
SNS_002348,Central Secretariat,2026-03-10 18:00:00,24.4,60.6,511,95,553,Active,Active,Active
SNS_002349,Yamuna Bank,2026-03-10 18:00:00,21.6,58.2,832,88,1222,Active,Active,Active
SNS_002350,Inderlok,2026-03-10 18:00:00,23.8,62.9,545,67,1417,Active,Active,Active
SNS_002351,Rajiv Chowk,2026-03-10 19:00:00,22.9,45.9,838,123,831,Active,Active,Active
SNS_002352,Kashmere Gate,2026-03-10 19:00:00,21.9,54.7,646,115,978,Active,Active,Active
SNS_002353,New Delhi,2026-03-10 19:00:00,22.8,48.1,670,46,827,Active,Active,Active
SNS_002354,Hauz Khas,2026-03-10 19:00:00,24.2,57.5,694,40,1370,Active,Active,Active
SNS_002355,Botanical Garden,2026-03-10 19:00:00,21.3,45.2,793,90,1359,Active,Active,Active
SNS_002356,Janakpuri West,2026-03-10 19:00:00,22.2,48.5,739,69,619,Active,Active,Active
SNS_002357,Lajpat Nagar,2026-03-10 19:00:00,23.1,45.7,837,107,563,Active,Active,Active
SNS_002358,Central Secretariat,2026-03-10 19:00:00,23.8,51.8,571,143,1402,Active,Active,Active
SNS_002359,Yamuna Bank,2026-03-10 19:00:00,21.3,55.3,538,82,1122,Active,Active,Active
SNS_002360,Inderlok,2026-03-10 19:00:00,23.2,58.7,742,100,784,Active,Active,Active
SNS_002361,Rajiv Chowk,2026-03-10 20:00:00,23.4,53.2,587,53,883,Active,Active,Active
SNS_002362,Kashmere Gate,2026-03-10 20:00:00,24.0,64.1,482,126,584,Active,Active,Active
SNS_002363,New Delhi,2026-03-10 20:00:00,22.2,51.0,528,141,1180,Active,Active,Active
SNS_002364,Hauz Khas,2026-03-10 20:00:00,23.1,47.3,634,141,1257,Active,Active,Active
SNS_002365,Botanical Garden,2026-03-10 20:00:00,22.8,60.4,569,40,1183,Active,Active,Active
SNS_002366,Janakpuri West,2026-03-10 20:00:00,22.9,56.0,450,118,1470,Inactive,Active,Active
SNS_002367,Lajpat Nagar,2026-03-10 20:00:00,21.4,54.9,502,84,1073,Active,Active,Active
SNS_002368,Central Secretariat,2026-03-10 20:00:00,21.0,45.1,455,120,1319,Active,Active,Active
SNS_002369,Yamuna Bank,2026-03-10 20:00:00,21.8,46.5,794,110,884,Active,Under Maintenance,Active
SNS_002370,Inderlok,2026-03-10 20:00:00,22.8,64.4,486,76,627,Active,Active,Active
SNS_002371,Rajiv Chowk,2026-03-10 21:00:00,23.4,58.8,505,63,131,Active,Under Maintenance,Active
SNS_002372,Kashmere Gate,2026-03-10 21:00:00,22.4,55.6,759,79,361,Active,Active,Active
SNS_002373,New Delhi,2026-03-10 21:00:00,23.7,52.4,589,108,246,Active,Active,Active
SNS_002374,Hauz Khas,2026-03-10 21:00:00,21.8,60.7,739,49,268,Active,Active,Active
SNS_002375,Botanical Garden,2026-03-10 21:00:00,23.3,60.3,641,84,111,Active,Active,Active
SNS_002376,Janakpuri West,2026-03-10 21:00:00,21.7,56.8,607,41,217,Active,Active,Active
SNS_002377,Lajpat Nagar,2026-03-10 21:00:00,23.9,63.0,818,129,321,Active,Active,Active
SNS_002378,Central Secretariat,2026-03-10 21:00:00,24.0,56.4,559,83,247,Active,Active,Active
SNS_002379,Yamuna Bank,2026-03-10 21:00:00,21.6,63.0,679,91,307,Active,Active,Active
SNS_002380,Inderlok,2026-03-10 21:00:00,23.0,55.8,740,137,206,Active,Active,Active
SNS_002381,Rajiv Chowk,2026-03-10 22:00:00,21.2,50.6,552,69,228,Active,Active,Active
SNS_002382,Kashmere Gate,2026-03-10 22:00:00,22.0,51.0,837,141,381,Under Maintenance,Active,Active
SNS_002383,New Delhi,2026-03-10 22:00:00,23.1,64.6,500,49,254,Under Maintenance,Active,Active
SNS_002384,Hauz Khas,2026-03-10 22:00:00,23.8,45.6,672,59,128,Active,Active,Active
SNS_002385,Botanical Garden,2026-03-10 22:00:00,21.6,56.4,613,126,209,Inactive,Active,Active
SNS_002386,Janakpuri West,2026-03-10 22:00:00,22.8,64.9,528,58,207,Active,Active,Active
SNS_002387,Lajpat Nagar,2026-03-10 22:00:00,22.7,51.3,660,76,300,Active,Active,Active
SNS_002388,Central Secretariat,2026-03-10 22:00:00,22.1,45.8,849,47,362,Active,Active,Active
SNS_002389,Yamuna Bank,2026-03-10 22:00:00,24.5,49.9,843,140,213,Active,Active,Active
SNS_002390,Inderlok,2026-03-10 22:00:00,23.4,64.6,825,64,213,Active,Active,Active
SNS_002391,Rajiv Chowk,2026-03-10 23:00:00,21.9,46.9,835,110,179,Active,Active,Active
SNS_002392,Kashmere Gate,2026-03-10 23:00:00,23.6,55.4,776,74,343,Active,Active,Active
SNS_002393,New Delhi,2026-03-10 23:00:00,21.9,59.7,564,74,177,Active,Active,Active
SNS_002394,Hauz Khas,2026-03-10 23:00:00,23.5,48.9,484,93,226,Active,Active,Active
SNS_002395,Botanical Garden,2026-03-10 23:00:00,24.5,58.1,508,145,168,Active,Active,Active
SNS_002396,Janakpuri West,2026-03-10 23:00:00,21.3,49.6,624,44,188,Active,Active,Active
SNS_002397,Lajpat Nagar,2026-03-10 23:00:00,22.1,46.9,763,68,265,Active,Active,Active
SNS_002398,Central Secretariat,2026-03-10 23:00:00,24.1,64.3,457,107,296,Active,Active,Active
SNS_002399,Yamuna Bank,2026-03-10 23:00:00,22.2,63.5,672,102,291,Active,Active,Active
SNS_002400,Inderlok,2026-03-10 23:00:00,21.9,59.9,725,108,242,Active,Active,Active
SNS_002401,Rajiv Chowk,2026-03-11 00:00:00,21.8,49.5,812,143,5,Active,Active,Active
SNS_002402,Kashmere Gate,2026-03-11 00:00:00,22.1,57.0,546,141,1,Active,Active,Active
SNS_002403,New Delhi,2026-03-11 00:00:00,22.4,54.4,826,148,6,Active,Active,Active
SNS_002404,Hauz Khas,2026-03-11 00:00:00,21.9,60.4,555,135,8,Active,Under Maintenance,Active
SNS_002405,Botanical Garden,2026-03-11 00:00:00,23.1,59.1,556,137,8,Active,Active,Active
SNS_002406,Janakpuri West,2026-03-11 00:00:00,24.4,64.4,551,71,10,Active,Active,Active
SNS_002407,Lajpat Nagar,2026-03-11 00:00:00,23.9,47.2,508,61,5,Under Maintenance,Active,Active
SNS_002408,Central Secretariat,2026-03-11 00:00:00,22.0,47.2,603,128,1,Active,Active,Active
SNS_002409,Yamuna Bank,2026-03-11 00:00:00,22.6,52.0,844,105,10,Active,Active,Active
SNS_002410,Inderlok,2026-03-11 00:00:00,22.2,62.7,673,54,9,Active,Active,Active
SNS_002411,Rajiv Chowk,2026-03-11 01:00:00,21.3,60.7,740,126,6,Active,Active,Active
SNS_002412,Kashmere Gate,2026-03-11 01:00:00,22.1,45.4,476,103,8,Active,Active,Active
SNS_002413,New Delhi,2026-03-11 01:00:00,24.0,61.8,582,127,8,Active,Active,Active
SNS_002414,Hauz Khas,2026-03-11 01:00:00,22.8,54.5,728,126,3,Active,Active,Active
SNS_002415,Botanical Garden,2026-03-11 01:00:00,22.3,64.3,666,110,4,Active,Active,Active
SNS_002416,Janakpuri West,2026-03-11 01:00:00,22.9,62.1,837,52,9,Active,Active,Active
SNS_002417,Lajpat Nagar,2026-03-11 01:00:00,22.1,47.9,473,102,0,Active,Active,Active
SNS_002418,Central Secretariat,2026-03-11 01:00:00,22.2,60.8,526,111,1,Active,Active,Active
SNS_002419,Yamuna Bank,2026-03-11 01:00:00,22.3,46.7,488,124,8,Active,Active,Active
SNS_002420,Inderlok,2026-03-11 01:00:00,22.7,54.6,744,40,0,Active,Active,Active
SNS_002421,Rajiv Chowk,2026-03-11 02:00:00,21.8,58.8,704,128,2,Active,Active,Active
SNS_002422,Kashmere Gate,2026-03-11 02:00:00,21.6,59.0,765,60,1,Active,Active,Active
SNS_002423,New Delhi,2026-03-11 02:00:00,21.9,50.0,541,108,7,Active,Active,Active
SNS_002424,Hauz Khas,2026-03-11 02:00:00,22.7,63.4,778,59,0,Active,Active,Active
SNS_002425,Botanical Garden,2026-03-11 02:00:00,21.8,63.6,481,141,10,Active,Active,Active
SNS_002426,Janakpuri West,2026-03-11 02:00:00,21.9,47.1,763,149,10,Active,Active,Active
SNS_002427,Lajpat Nagar,2026-03-11 02:00:00,21.8,57.2,790,73,6,Active,Active,Active
SNS_002428,Central Secretariat,2026-03-11 02:00:00,22.3,61.7,763,57,6,Active,Active,Active
SNS_002429,Yamuna Bank,2026-03-11 02:00:00,22.3,58.3,738,142,10,Active,Active,Active
SNS_002430,Inderlok,2026-03-11 02:00:00,21.1,57.8,536,70,1,Active,Active,Active
SNS_002431,Rajiv Chowk,2026-03-11 03:00:00,23.3,57.2,514,149,7,Active,Active,Active
SNS_002432,Kashmere Gate,2026-03-11 03:00:00,24.5,55.5,461,106,10,Active,Active,Active
SNS_002433,New Delhi,2026-03-11 03:00:00,24.0,52.4,793,122,0,Active,Active,Active
SNS_002434,Hauz Khas,2026-03-11 03:00:00,21.8,51.1,637,121,7,Active,Active,Active
SNS_002435,Botanical Garden,2026-03-11 03:00:00,24.1,52.0,457,126,6,Active,Active,Active
SNS_002436,Janakpuri West,2026-03-11 03:00:00,22.2,57.7,478,52,5,Active,Active,Active
SNS_002437,Lajpat Nagar,2026-03-11 03:00:00,22.8,56.3,761,68,0,Active,Active,Active
SNS_002438,Central Secretariat,2026-03-11 03:00:00,21.4,60.4,691,133,0,Active,Active,Active
SNS_002439,Yamuna Bank,2026-03-11 03:00:00,22.3,45.2,552,145,9,Active,Active,Active
SNS_002440,Inderlok,2026-03-11 03:00:00,24.3,58.9,721,60,2,Active,Active,Active
SNS_002441,Rajiv Chowk,2026-03-11 04:00:00,21.6,51.0,596,92,10,Active,Active,Active
SNS_002442,Kashmere Gate,2026-03-11 04:00:00,24.0,51.6,821,112,7,Active,Active,Active
SNS_002443,New Delhi,2026-03-11 04:00:00,23.6,52.4,523,104,8,Active,Active,Active
SNS_002444,Hauz Khas,2026-03-11 04:00:00,24.2,60.2,576,40,1,Active,Active,Active
SNS_002445,Botanical Garden,2026-03-11 04:00:00,22.5,56.7,753,58,6,Active,Active,Active
SNS_002446,Janakpuri West,2026-03-11 04:00:00,23.0,53.9,810,94,9,Active,Active,Active
SNS_002447,Lajpat Nagar,2026-03-11 04:00:00,23.6,45.9,796,48,1,Active,Active,Active
SNS_002448,Central Secretariat,2026-03-11 04:00:00,21.7,47.7,801,111,6,Active,Active,Active
SNS_002449,Yamuna Bank,2026-03-11 04:00:00,22.7,63.8,813,102,10,Active,Active,Active
SNS_002450,Inderlok,2026-03-11 04:00:00,23.7,63.2,554,65,2,Active,Active,Active
SNS_002451,Rajiv Chowk,2026-03-11 05:00:00,21.8,63.9,461,71,6,Active,Active,Active
SNS_002452,Kashmere Gate,2026-03-11 05:00:00,23.1,63.3,595,92,1,Active,Active,Active
SNS_002453,New Delhi,2026-03-11 05:00:00,22.5,58.8,761,48,0,Active,Active,Active
SNS_002454,Hauz Khas,2026-03-11 05:00:00,22.4,49.3,521,79,0,Active,Active,Active
SNS_002455,Botanical Garden,2026-03-11 05:00:00,24.2,64.7,672,147,8,Active,Active,Active
SNS_002456,Janakpuri West,2026-03-11 05:00:00,21.2,52.8,519,47,2,Active,Active,Active
SNS_002457,Lajpat Nagar,2026-03-11 05:00:00,21.6,61.1,530,68,4,Active,Active,Active
SNS_002458,Central Secretariat,2026-03-11 05:00:00,21.8,59.8,637,43,4,Active,Active,Active
SNS_002459,Yamuna Bank,2026-03-11 05:00:00,21.7,47.9,790,150,5,Active,Active,Active
SNS_002460,Inderlok,2026-03-11 05:00:00,22.0,45.5,703,44,10,Active,Active,Active
SNS_002461,Rajiv Chowk,2026-03-11 06:00:00,21.1,59.0,830,43,193,Active,Active,Active
SNS_002462,Kashmere Gate,2026-03-11 06:00:00,24.0,49.0,454,97,236,Active,Active,Active
SNS_002463,New Delhi,2026-03-11 06:00:00,23.6,64.7,729,143,335,Active,Active,Active
SNS_002464,Hauz Khas,2026-03-11 06:00:00,21.8,50.2,682,83,352,Active,Active,Active
SNS_002465,Botanical Garden,2026-03-11 06:00:00,24.3,49.8,742,129,177,Active,Active,Active
SNS_002466,Janakpuri West,2026-03-11 06:00:00,21.3,60.3,842,52,158,Active,Active,Active
SNS_002467,Lajpat Nagar,2026-03-11 06:00:00,23.1,48.2,648,58,307,Active,Active,Active
SNS_002468,Central Secretariat,2026-03-11 06:00:00,24.2,53.1,727,144,249,Active,Active,Active
SNS_002469,Yamuna Bank,2026-03-11 06:00:00,24.2,50.8,625,77,248,Active,Active,Active
SNS_002470,Inderlok,2026-03-11 06:00:00,23.3,49.9,843,133,145,Active,Active,Active
SNS_002471,Rajiv Chowk,2026-03-11 07:00:00,21.1,63.9,788,74,376,Active,Active,Active
SNS_002472,Kashmere Gate,2026-03-11 07:00:00,23.0,64.2,468,57,235,Active,Active,Active
SNS_002473,New Delhi,2026-03-11 07:00:00,22.2,59.0,466,111,106,Active,Active,Active
SNS_002474,Hauz Khas,2026-03-11 07:00:00,22.0,52.4,714,62,179,Active,Active,Active
SNS_002475,Botanical Garden,2026-03-11 07:00:00,22.4,55.6,838,76,335,Active,Active,Active
SNS_002476,Janakpuri West,2026-03-11 07:00:00,23.9,52.9,561,123,144,Active,Under Maintenance,Active
SNS_002477,Lajpat Nagar,2026-03-11 07:00:00,24.2,49.8,697,120,212,Active,Active,Active
SNS_002478,Central Secretariat,2026-03-11 07:00:00,23.5,51.4,478,136,273,Active,Active,Active
SNS_002479,Yamuna Bank,2026-03-11 07:00:00,22.9,48.1,788,74,298,Inactive,Active,Active
SNS_002480,Inderlok,2026-03-11 07:00:00,22.5,56.2,581,128,294,Active,Active,Active
SNS_002481,Rajiv Chowk,2026-03-11 08:00:00,23.3,51.7,613,126,832,Active,Active,Active
SNS_002482,Kashmere Gate,2026-03-11 08:00:00,23.8,61.7,488,110,1336,Active,Active,Active
SNS_002483,New Delhi,2026-03-11 08:00:00,21.3,52.1,616,131,809,Active,Active,Active
SNS_002484,Hauz Khas,2026-03-11 08:00:00,22.2,52.1,466,47,1066,Active,Active,Active
SNS_002485,Botanical Garden,2026-03-11 08:00:00,24.0,54.7,644,67,1276,Active,Active,Active
SNS_002486,Janakpuri West,2026-03-11 08:00:00,22.1,57.4,452,46,1333,Active,Active,Active
SNS_002487,Lajpat Nagar,2026-03-11 08:00:00,21.2,47.1,772,49,1317,Active,Active,Active
SNS_002488,Central Secretariat,2026-03-11 08:00:00,21.4,61.8,739,78,1069,Active,Active,Active
SNS_002489,Yamuna Bank,2026-03-11 08:00:00,23.8,51.8,834,49,993,Active,Inactive,Active
SNS_002490,Inderlok,2026-03-11 08:00:00,22.9,58.4,836,139,883,Active,Inactive,Active
SNS_002491,Rajiv Chowk,2026-03-11 09:00:00,21.9,59.2,782,119,785,Active,Active,Active
SNS_002492,Kashmere Gate,2026-03-11 09:00:00,23.0,57.8,842,98,548,Active,Active,Active
SNS_002493,New Delhi,2026-03-11 09:00:00,21.4,55.7,803,123,1456,Active,Active,Active
SNS_002494,Hauz Khas,2026-03-11 09:00:00,22.2,53.3,583,86,1329,Active,Active,Active
SNS_002495,Botanical Garden,2026-03-11 09:00:00,24.3,58.6,615,131,693,Active,Active,Active
SNS_002496,Janakpuri West,2026-03-11 09:00:00,22.5,57.5,529,57,1251,Active,Active,Active
SNS_002497,Lajpat Nagar,2026-03-11 09:00:00,23.5,50.9,615,113,768,Active,Active,Active
SNS_002498,Central Secretariat,2026-03-11 09:00:00,22.9,52.0,707,80,872,Active,Active,Active
SNS_002499,Yamuna Bank,2026-03-11 09:00:00,23.6,63.1,829,62,742,Active,Active,Active
SNS_002500,Inderlok,2026-03-11 09:00:00,21.3,52.8,812,78,728,Active,Active,Active
SNS_002501,Rajiv Chowk,2026-03-11 10:00:00,21.1,46.5,533,127,1245,Active,Active,Active
SNS_002502,Kashmere Gate,2026-03-11 10:00:00,22.0,50.4,665,81,1110,Active,Active,Active
SNS_002503,New Delhi,2026-03-11 10:00:00,21.1,62.0,552,56,685,Active,Active,Active
SNS_002504,Hauz Khas,2026-03-11 10:00:00,23.1,47.7,530,40,1191,Active,Active,Active
SNS_002505,Botanical Garden,2026-03-11 10:00:00,24.3,60.8,523,47,1492,Active,Active,Active
SNS_002506,Janakpuri West,2026-03-11 10:00:00,23.6,45.0,663,58,1483,Active,Active,Active
SNS_002507,Lajpat Nagar,2026-03-11 10:00:00,21.1,61.4,563,79,1254,Active,Active,Active
SNS_002508,Central Secretariat,2026-03-11 10:00:00,23.0,56.7,469,64,893,Active,Active,Active
SNS_002509,Yamuna Bank,2026-03-11 10:00:00,23.5,61.9,845,69,1125,Active,Active,Active
SNS_002510,Inderlok,2026-03-11 10:00:00,23.2,63.4,769,96,1345,Active,Under Maintenance,Active
SNS_002511,Rajiv Chowk,2026-03-11 11:00:00,21.2,64.2,486,44,346,Active,Active,Active
SNS_002512,Kashmere Gate,2026-03-11 11:00:00,22.7,53.2,593,42,219,Active,Active,Active
SNS_002513,New Delhi,2026-03-11 11:00:00,21.2,63.3,578,149,311,Active,Active,Active
SNS_002514,Hauz Khas,2026-03-11 11:00:00,22.6,49.4,635,138,185,Active,Active,Active
SNS_002515,Botanical Garden,2026-03-11 11:00:00,21.5,59.8,725,143,163,Active,Active,Active
SNS_002516,Janakpuri West,2026-03-11 11:00:00,23.9,57.5,632,107,240,Active,Active,Active
SNS_002517,Lajpat Nagar,2026-03-11 11:00:00,22.2,58.6,482,54,399,Active,Active,Active
SNS_002518,Central Secretariat,2026-03-11 11:00:00,23.1,56.3,658,112,275,Active,Active,Active
SNS_002519,Yamuna Bank,2026-03-11 11:00:00,24.5,52.6,606,70,298,Active,Active,Active
SNS_002520,Inderlok,2026-03-11 11:00:00,23.2,47.2,751,105,352,Active,Active,Active
SNS_002521,Rajiv Chowk,2026-03-11 12:00:00,21.8,57.2,678,47,264,Active,Active,Active
SNS_002522,Kashmere Gate,2026-03-11 12:00:00,24.2,58.4,849,89,277,Active,Active,Active
SNS_002523,New Delhi,2026-03-11 12:00:00,21.4,58.9,657,124,137,Active,Active,Active
SNS_002524,Hauz Khas,2026-03-11 12:00:00,22.2,51.8,484,62,217,Active,Active,Active
SNS_002525,Botanical Garden,2026-03-11 12:00:00,22.8,50.2,532,139,304,Active,Active,Active
SNS_002526,Janakpuri West,2026-03-11 12:00:00,21.8,46.7,828,48,367,Active,Active,Active
SNS_002527,Lajpat Nagar,2026-03-11 12:00:00,22.8,59.6,452,67,357,Active,Active,Active
SNS_002528,Central Secretariat,2026-03-11 12:00:00,21.5,60.0,818,77,376,Active,Active,Active
SNS_002529,Yamuna Bank,2026-03-11 12:00:00,22.2,51.6,752,51,269,Active,Active,Active
SNS_002530,Inderlok,2026-03-11 12:00:00,24.1,57.4,578,43,295,Active,Active,Active
SNS_002531,Rajiv Chowk,2026-03-11 13:00:00,21.9,59.0,734,60,140,Active,Active,Active
SNS_002532,Kashmere Gate,2026-03-11 13:00:00,24.2,59.0,713,128,247,Active,Active,Active
SNS_002533,New Delhi,2026-03-11 13:00:00,21.6,62.8,456,60,186,Active,Active,Active
SNS_002534,Hauz Khas,2026-03-11 13:00:00,24.4,47.2,767,133,311,Active,Under Maintenance,Active
SNS_002535,Botanical Garden,2026-03-11 13:00:00,22.9,64.0,543,55,359,Active,Active,Active
SNS_002536,Janakpuri West,2026-03-11 13:00:00,21.6,51.6,827,119,349,Active,Active,Active
SNS_002537,Lajpat Nagar,2026-03-11 13:00:00,23.8,63.1,711,78,219,Active,Active,Active
SNS_002538,Central Secretariat,2026-03-11 13:00:00,24.1,65.0,769,112,310,Active,Active,Active
SNS_002539,Yamuna Bank,2026-03-11 13:00:00,24.0,53.6,737,42,128,Active,Active,Active
SNS_002540,Inderlok,2026-03-11 13:00:00,23.0,45.8,628,118,382,Active,Active,Active
SNS_002541,Rajiv Chowk,2026-03-11 14:00:00,21.2,62.3,624,132,105,Active,Active,Active
SNS_002542,Kashmere Gate,2026-03-11 14:00:00,22.6,52.0,520,148,211,Active,Active,Active
SNS_002543,New Delhi,2026-03-11 14:00:00,24.4,46.4,607,74,359,Active,Active,Active
SNS_002544,Hauz Khas,2026-03-11 14:00:00,22.4,50.4,844,135,251,Active,Active,Active
SNS_002545,Botanical Garden,2026-03-11 14:00:00,21.8,53.2,774,150,172,Active,Active,Active
SNS_002546,Janakpuri West,2026-03-11 14:00:00,24.4,47.0,711,113,165,Active,Active,Active
SNS_002547,Lajpat Nagar,2026-03-11 14:00:00,23.4,64.6,563,108,290,Active,Active,Active
SNS_002548,Central Secretariat,2026-03-11 14:00:00,23.9,49.1,795,90,329,Active,Active,Active
SNS_002549,Yamuna Bank,2026-03-11 14:00:00,22.5,53.2,578,134,296,Active,Active,Active
SNS_002550,Inderlok,2026-03-11 14:00:00,21.1,46.2,614,142,341,Active,Active,Active
SNS_002551,Rajiv Chowk,2026-03-11 15:00:00,24.1,49.6,762,150,396,Active,Active,Active
SNS_002552,Kashmere Gate,2026-03-11 15:00:00,24.4,64.1,576,150,129,Active,Active,Active
SNS_002553,New Delhi,2026-03-11 15:00:00,24.0,61.5,822,69,101,Active,Active,Active
SNS_002554,Hauz Khas,2026-03-11 15:00:00,22.8,49.7,781,111,392,Active,Active,Active
SNS_002555,Botanical Garden,2026-03-11 15:00:00,23.6,55.1,751,124,232,Active,Active,Active
SNS_002556,Janakpuri West,2026-03-11 15:00:00,21.9,45.8,652,102,290,Active,Active,Active
SNS_002557,Lajpat Nagar,2026-03-11 15:00:00,24.3,58.1,849,42,152,Active,Active,Active
SNS_002558,Central Secretariat,2026-03-11 15:00:00,22.0,51.6,847,48,176,Active,Active,Active
SNS_002559,Yamuna Bank,2026-03-11 15:00:00,22.3,51.7,773,40,252,Active,Active,Active
SNS_002560,Inderlok,2026-03-11 15:00:00,22.4,63.5,531,129,231,Active,Active,Active
SNS_002561,Rajiv Chowk,2026-03-11 16:00:00,22.6,46.4,450,85,147,Active,Active,Active
SNS_002562,Kashmere Gate,2026-03-11 16:00:00,23.2,60.3,838,48,252,Active,Active,Active
SNS_002563,New Delhi,2026-03-11 16:00:00,21.7,57.2,668,84,361,Active,Active,Active
SNS_002564,Hauz Khas,2026-03-11 16:00:00,24.3,64.0,753,121,305,Active,Active,Active
SNS_002565,Botanical Garden,2026-03-11 16:00:00,21.4,55.6,844,91,237,Active,Active,Active
SNS_002566,Janakpuri West,2026-03-11 16:00:00,22.9,47.1,567,99,342,Active,Active,Active
SNS_002567,Lajpat Nagar,2026-03-11 16:00:00,22.6,59.1,654,118,127,Active,Active,Active
SNS_002568,Central Secretariat,2026-03-11 16:00:00,24.3,57.7,820,54,239,Active,Active,Active
SNS_002569,Yamuna Bank,2026-03-11 16:00:00,23.5,58.0,767,79,255,Active,Active,Active
SNS_002570,Inderlok,2026-03-11 16:00:00,21.0,56.5,624,71,120,Inactive,Active,Active
SNS_002571,Rajiv Chowk,2026-03-11 17:00:00,22.9,54.2,725,136,1471,Active,Active,Active
SNS_002572,Kashmere Gate,2026-03-11 17:00:00,21.1,59.8,559,43,815,Active,Active,Active
SNS_002573,New Delhi,2026-03-11 17:00:00,24.4,51.7,504,147,1139,Active,Active,Active
SNS_002574,Hauz Khas,2026-03-11 17:00:00,23.5,51.2,600,64,964,Active,Active,Active
SNS_002575,Botanical Garden,2026-03-11 17:00:00,24.4,55.2,584,78,995,Active,Active,Active
SNS_002576,Janakpuri West,2026-03-11 17:00:00,21.7,51.2,489,134,795,Active,Active,Active
SNS_002577,Lajpat Nagar,2026-03-11 17:00:00,24.3,56.0,519,75,952,Active,Active,Active
SNS_002578,Central Secretariat,2026-03-11 17:00:00,23.7,47.1,457,89,564,Active,Active,Active
SNS_002579,Yamuna Bank,2026-03-11 17:00:00,21.1,47.2,462,137,1359,Active,Active,Active
SNS_002580,Inderlok,2026-03-11 17:00:00,21.1,53.9,527,55,1432,Active,Active,Active
SNS_002581,Rajiv Chowk,2026-03-11 18:00:00,21.8,59.4,534,65,933,Active,Active,Active
SNS_002582,Kashmere Gate,2026-03-11 18:00:00,21.7,58.6,598,145,652,Active,Active,Active
SNS_002583,New Delhi,2026-03-11 18:00:00,22.1,50.8,653,90,1409,Active,Active,Active
SNS_002584,Hauz Khas,2026-03-11 18:00:00,23.5,57.0,519,42,1126,Active,Active,Active
SNS_002585,Botanical Garden,2026-03-11 18:00:00,22.5,63.8,712,115,856,Active,Active,Active
SNS_002586,Janakpuri West,2026-03-11 18:00:00,21.6,63.0,695,41,1253,Active,Active,Active
SNS_002587,Lajpat Nagar,2026-03-11 18:00:00,23.1,63.8,504,99,1339,Active,Active,Active
SNS_002588,Central Secretariat,2026-03-11 18:00:00,22.6,53.6,673,148,834,Active,Active,Active
SNS_002589,Yamuna Bank,2026-03-11 18:00:00,22.3,56.9,647,112,748,Active,Active,Active
SNS_002590,Inderlok,2026-03-11 18:00:00,23.1,59.8,810,46,645,Active,Active,Active
SNS_002591,Rajiv Chowk,2026-03-11 19:00:00,23.6,53.1,730,49,1440,Active,Active,Active
SNS_002592,Kashmere Gate,2026-03-11 19:00:00,22.7,46.1,461,98,1116,Active,Active,Active
SNS_002593,New Delhi,2026-03-11 19:00:00,24.3,51.8,550,135,553,Active,Active,Active
SNS_002594,Hauz Khas,2026-03-11 19:00:00,24.3,55.7,728,62,573,Active,Active,Active
SNS_002595,Botanical Garden,2026-03-11 19:00:00,22.8,61.4,781,71,775,Active,Active,Active
SNS_002596,Janakpuri West,2026-03-11 19:00:00,24.1,64.9,578,112,1090,Active,Active,Active
SNS_002597,Lajpat Nagar,2026-03-11 19:00:00,24.4,58.4,499,117,978,Active,Active,Active
SNS_002598,Central Secretariat,2026-03-11 19:00:00,22.1,55.1,585,129,805,Active,Active,Active
SNS_002599,Yamuna Bank,2026-03-11 19:00:00,21.6,49.1,540,53,719,Active,Active,Active
SNS_002600,Inderlok,2026-03-11 19:00:00,23.8,46.1,482,73,1190,Active,Active,Active
SNS_002601,Rajiv Chowk,2026-03-11 20:00:00,23.4,59.6,711,56,598,Active,Active,Active
SNS_002602,Kashmere Gate,2026-03-11 20:00:00,24.0,47.5,535,102,1447,Active,Active,Active
SNS_002603,New Delhi,2026-03-11 20:00:00,21.3,49.1,506,118,1268,Active,Active,Active
SNS_002604,Hauz Khas,2026-03-11 20:00:00,23.5,53.1,465,147,1037,Active,Active,Active
SNS_002605,Botanical Garden,2026-03-11 20:00:00,22.5,51.4,783,132,700,Active,Active,Active
SNS_002606,Janakpuri West,2026-03-11 20:00:00,21.3,62.4,528,81,1253,Active,Active,Inactive
SNS_002607,Lajpat Nagar,2026-03-11 20:00:00,22.5,52.4,503,62,1003,Active,Active,Active
SNS_002608,Central Secretariat,2026-03-11 20:00:00,22.8,64.4,780,84,881,Active,Active,Active
SNS_002609,Yamuna Bank,2026-03-11 20:00:00,21.4,61.8,654,141,1403,Active,Active,Active
SNS_002610,Inderlok,2026-03-11 20:00:00,22.5,47.6,837,123,993,Active,Inactive,Active
SNS_002611,Rajiv Chowk,2026-03-11 21:00:00,23.6,62.2,788,86,296,Active,Inactive,Active
SNS_002612,Kashmere Gate,2026-03-11 21:00:00,23.7,61.2,645,79,178,Active,Active,Active
SNS_002613,New Delhi,2026-03-11 21:00:00,21.1,51.9,575,114,347,Active,Active,Active
SNS_002614,Hauz Khas,2026-03-11 21:00:00,23.6,63.3,573,128,281,Active,Active,Active
SNS_002615,Botanical Garden,2026-03-11 21:00:00,22.8,58.6,485,48,172,Active,Active,Active
SNS_002616,Janakpuri West,2026-03-11 21:00:00,22.0,57.9,727,135,262,Active,Active,Active
SNS_002617,Lajpat Nagar,2026-03-11 21:00:00,21.6,50.5,672,73,127,Active,Active,Active
SNS_002618,Central Secretariat,2026-03-11 21:00:00,22.9,63.6,530,79,390,Active,Active,Active
SNS_002619,Yamuna Bank,2026-03-11 21:00:00,22.9,46.0,780,126,389,Active,Active,Active
SNS_002620,Inderlok,2026-03-11 21:00:00,21.2,45.2,478,58,376,Active,Active,Active
SNS_002621,Rajiv Chowk,2026-03-11 22:00:00,23.8,52.9,519,88,140,Active,Active,Active
SNS_002622,Kashmere Gate,2026-03-11 22:00:00,21.4,50.8,740,120,341,Active,Active,Active
SNS_002623,New Delhi,2026-03-11 22:00:00,23.7,58.3,522,102,218,Active,Active,Active
SNS_002624,Hauz Khas,2026-03-11 22:00:00,22.9,59.2,797,125,206,Active,Active,Active
SNS_002625,Botanical Garden,2026-03-11 22:00:00,23.5,46.2,831,57,341,Active,Active,Active
SNS_002626,Janakpuri West,2026-03-11 22:00:00,21.5,59.8,682,43,320,Active,Active,Active
SNS_002627,Lajpat Nagar,2026-03-11 22:00:00,22.1,49.4,728,92,249,Active,Active,Active
SNS_002628,Central Secretariat,2026-03-11 22:00:00,21.3,52.6,842,43,367,Active,Active,Active
SNS_002629,Yamuna Bank,2026-03-11 22:00:00,24.2,59.8,606,97,124,Active,Active,Active
SNS_002630,Inderlok,2026-03-11 22:00:00,22.8,46.8,618,145,103,Active,Active,Active
SNS_002631,Rajiv Chowk,2026-03-11 23:00:00,22.9,46.5,502,141,309,Active,Active,Active
SNS_002632,Kashmere Gate,2026-03-11 23:00:00,21.3,48.5,720,147,226,Active,Active,Active
SNS_002633,New Delhi,2026-03-11 23:00:00,21.2,48.8,817,57,202,Active,Active,Active
SNS_002634,Hauz Khas,2026-03-11 23:00:00,22.4,49.2,470,129,312,Inactive,Active,Active
SNS_002635,Botanical Garden,2026-03-11 23:00:00,21.7,51.7,525,125,371,Active,Active,Active
SNS_002636,Janakpuri West,2026-03-11 23:00:00,22.8,55.1,546,91,280,Active,Active,Active
SNS_002637,Lajpat Nagar,2026-03-11 23:00:00,21.5,46.4,505,52,238,Active,Active,Active
SNS_002638,Central Secretariat,2026-03-11 23:00:00,21.5,55.9,692,53,377,Active,Active,Active
SNS_002639,Yamuna Bank,2026-03-11 23:00:00,24.3,46.0,454,100,240,Inactive,Active,Active
SNS_002640,Inderlok,2026-03-11 23:00:00,24.4,48.5,788,71,350,Active,Active,Active
SNS_002641,Rajiv Chowk,2026-03-12 00:00:00,22.6,62.9,714,62,3,Active,Active,Active
SNS_002642,Kashmere Gate,2026-03-12 00:00:00,21.6,48.9,551,144,4,Active,Active,Active
SNS_002643,New Delhi,2026-03-12 00:00:00,24.2,52.2,680,41,8,Active,Active,Active
SNS_002644,Hauz Khas,2026-03-12 00:00:00,22.3,47.2,687,71,8,Active,Active,Active
SNS_002645,Botanical Garden,2026-03-12 00:00:00,21.7,64.7,663,142,0,Active,Active,Active
SNS_002646,Janakpuri West,2026-03-12 00:00:00,22.2,49.0,481,44,8,Active,Active,Active
SNS_002647,Lajpat Nagar,2026-03-12 00:00:00,24.4,62.6,652,69,5,Active,Under Maintenance,Active
SNS_002648,Central Secretariat,2026-03-12 00:00:00,21.0,64.6,712,47,4,Active,Active,Active
SNS_002649,Yamuna Bank,2026-03-12 00:00:00,21.8,59.2,705,63,4,Active,Active,Active
SNS_002650,Inderlok,2026-03-12 00:00:00,22.4,57.5,786,72,5,Active,Active,Active
SNS_002651,Rajiv Chowk,2026-03-12 01:00:00,23.1,48.5,513,130,9,Active,Active,Active
SNS_002652,Kashmere Gate,2026-03-12 01:00:00,23.5,62.3,576,75,7,Inactive,Active,Active
SNS_002653,New Delhi,2026-03-12 01:00:00,22.6,63.5,508,134,1,Active,Active,Active
SNS_002654,Hauz Khas,2026-03-12 01:00:00,22.1,63.9,822,122,3,Active,Active,Active
SNS_002655,Botanical Garden,2026-03-12 01:00:00,21.1,49.2,545,95,9,Active,Active,Active
SNS_002656,Janakpuri West,2026-03-12 01:00:00,22.2,49.5,610,139,3,Active,Active,Active
SNS_002657,Lajpat Nagar,2026-03-12 01:00:00,22.7,58.4,580,80,6,Active,Active,Active
SNS_002658,Central Secretariat,2026-03-12 01:00:00,21.0,48.3,828,121,2,Active,Active,Active
SNS_002659,Yamuna Bank,2026-03-12 01:00:00,24.0,45.1,612,54,10,Active,Active,Active
SNS_002660,Inderlok,2026-03-12 01:00:00,22.0,56.7,614,120,0,Active,Active,Active
SNS_002661,Rajiv Chowk,2026-03-12 02:00:00,23.3,49.8,597,48,8,Active,Active,Active
SNS_002662,Kashmere Gate,2026-03-12 02:00:00,22.3,53.5,630,142,2,Active,Active,Active
SNS_002663,New Delhi,2026-03-12 02:00:00,21.7,51.2,568,47,5,Active,Active,Active
SNS_002664,Hauz Khas,2026-03-12 02:00:00,21.5,46.4,699,56,3,Active,Active,Active
SNS_002665,Botanical Garden,2026-03-12 02:00:00,23.2,64.3,812,147,6,Active,Active,Active
SNS_002666,Janakpuri West,2026-03-12 02:00:00,22.2,53.9,483,147,4,Active,Active,Active
SNS_002667,Lajpat Nagar,2026-03-12 02:00:00,24.4,58.8,554,89,2,Active,Active,Active
SNS_002668,Central Secretariat,2026-03-12 02:00:00,24.5,59.0,665,124,3,Active,Active,Active
SNS_002669,Yamuna Bank,2026-03-12 02:00:00,22.0,47.2,740,45,2,Active,Active,Active
SNS_002670,Inderlok,2026-03-12 02:00:00,23.1,62.3,719,46,3,Active,Active,Active
SNS_002671,Rajiv Chowk,2026-03-12 03:00:00,24.5,62.2,648,106,9,Active,Active,Active
SNS_002672,Kashmere Gate,2026-03-12 03:00:00,23.0,61.6,471,131,5,Active,Active,Active
SNS_002673,New Delhi,2026-03-12 03:00:00,22.4,59.1,461,144,9,Active,Active,Active
SNS_002674,Hauz Khas,2026-03-12 03:00:00,22.8,53.9,731,98,10,Active,Active,Active
SNS_002675,Botanical Garden,2026-03-12 03:00:00,24.1,47.6,780,110,1,Active,Active,Active
SNS_002676,Janakpuri West,2026-03-12 03:00:00,21.9,64.4,670,126,3,Inactive,Active,Active
SNS_002677,Lajpat Nagar,2026-03-12 03:00:00,24.1,63.8,557,52,8,Active,Active,Active
SNS_002678,Central Secretariat,2026-03-12 03:00:00,23.8,50.6,835,46,5,Active,Active,Active
SNS_002679,Yamuna Bank,2026-03-12 03:00:00,23.6,45.4,451,107,1,Active,Active,Active
SNS_002680,Inderlok,2026-03-12 03:00:00,23.2,55.0,549,56,8,Active,Active,Active
SNS_002681,Rajiv Chowk,2026-03-12 04:00:00,23.5,59.8,585,123,9,Active,Active,Active
SNS_002682,Kashmere Gate,2026-03-12 04:00:00,24.4,45.0,472,83,8,Active,Active,Active
SNS_002683,New Delhi,2026-03-12 04:00:00,21.6,52.3,841,121,3,Active,Active,Active
SNS_002684,Hauz Khas,2026-03-12 04:00:00,22.0,64.4,694,125,2,Active,Active,Active
SNS_002685,Botanical Garden,2026-03-12 04:00:00,21.9,53.7,492,103,4,Active,Active,Active
SNS_002686,Janakpuri West,2026-03-12 04:00:00,23.9,60.3,467,138,9,Inactive,Active,Active
SNS_002687,Lajpat Nagar,2026-03-12 04:00:00,21.2,58.8,606,103,6,Active,Active,Active
SNS_002688,Central Secretariat,2026-03-12 04:00:00,23.7,59.6,557,81,7,Active,Active,Active
SNS_002689,Yamuna Bank,2026-03-12 04:00:00,22.0,53.5,731,101,9,Active,Active,Active
SNS_002690,Inderlok,2026-03-12 04:00:00,22.7,50.3,541,42,7,Active,Active,Active
SNS_002691,Rajiv Chowk,2026-03-12 05:00:00,22.9,58.1,486,78,1,Active,Active,Active
SNS_002692,Kashmere Gate,2026-03-12 05:00:00,21.9,46.4,611,54,1,Active,Active,Active
SNS_002693,New Delhi,2026-03-12 05:00:00,22.3,55.8,765,48,7,Active,Active,Active
SNS_002694,Hauz Khas,2026-03-12 05:00:00,24.0,53.6,687,82,4,Active,Active,Active
SNS_002695,Botanical Garden,2026-03-12 05:00:00,23.6,58.8,689,49,8,Active,Active,Active
SNS_002696,Janakpuri West,2026-03-12 05:00:00,23.7,49.3,697,91,2,Active,Active,Active
SNS_002697,Lajpat Nagar,2026-03-12 05:00:00,23.1,64.9,719,122,0,Active,Active,Active
SNS_002698,Central Secretariat,2026-03-12 05:00:00,21.4,62.2,680,148,8,Active,Active,Active
SNS_002699,Yamuna Bank,2026-03-12 05:00:00,21.6,61.9,813,56,4,Active,Active,Active
SNS_002700,Inderlok,2026-03-12 05:00:00,22.8,62.7,486,142,2,Active,Active,Active
SNS_002701,Rajiv Chowk,2026-03-12 06:00:00,22.1,61.0,728,89,173,Active,Active,Active
SNS_002702,Kashmere Gate,2026-03-12 06:00:00,21.6,53.2,785,125,289,Active,Active,Active
SNS_002703,New Delhi,2026-03-12 06:00:00,21.2,50.7,703,123,270,Active,Active,Active
SNS_002704,Hauz Khas,2026-03-12 06:00:00,22.8,51.6,809,49,391,Active,Active,Active
SNS_002705,Botanical Garden,2026-03-12 06:00:00,21.6,45.7,695,79,300,Active,Active,Active
SNS_002706,Janakpuri West,2026-03-12 06:00:00,22.8,49.7,779,125,180,Active,Active,Active
SNS_002707,Lajpat Nagar,2026-03-12 06:00:00,21.8,61.8,818,56,209,Active,Active,Active
SNS_002708,Central Secretariat,2026-03-12 06:00:00,23.5,62.9,833,149,260,Active,Active,Active
SNS_002709,Yamuna Bank,2026-03-12 06:00:00,21.3,55.9,825,139,400,Active,Active,Active
SNS_002710,Inderlok,2026-03-12 06:00:00,22.2,59.9,769,132,210,Active,Active,Active
SNS_002711,Rajiv Chowk,2026-03-12 07:00:00,22.9,59.1,702,41,227,Active,Active,Active
SNS_002712,Kashmere Gate,2026-03-12 07:00:00,22.0,49.3,704,49,214,Active,Active,Active
SNS_002713,New Delhi,2026-03-12 07:00:00,23.3,60.6,717,114,204,Active,Active,Active
SNS_002714,Hauz Khas,2026-03-12 07:00:00,23.3,61.5,556,74,130,Active,Active,Active
SNS_002715,Botanical Garden,2026-03-12 07:00:00,21.5,50.6,516,70,275,Active,Active,Active
SNS_002716,Janakpuri West,2026-03-12 07:00:00,23.7,55.1,615,51,154,Active,Active,Active
SNS_002717,Lajpat Nagar,2026-03-12 07:00:00,22.3,45.5,515,144,389,Active,Active,Active
SNS_002718,Central Secretariat,2026-03-12 07:00:00,24.2,46.3,775,129,293,Active,Active,Active
SNS_002719,Yamuna Bank,2026-03-12 07:00:00,23.4,59.1,839,125,126,Active,Active,Active
SNS_002720,Inderlok,2026-03-12 07:00:00,21.8,49.2,660,53,297,Active,Active,Active
SNS_002721,Rajiv Chowk,2026-03-12 08:00:00,21.9,61.7,699,102,581,Active,Active,Active
SNS_002722,Kashmere Gate,2026-03-12 08:00:00,24.4,48.1,719,100,1005,Active,Active,Active
SNS_002723,New Delhi,2026-03-12 08:00:00,23.3,50.4,839,56,1211,Active,Active,Active
SNS_002724,Hauz Khas,2026-03-12 08:00:00,21.8,58.7,743,121,1084,Active,Active,Active
SNS_002725,Botanical Garden,2026-03-12 08:00:00,23.8,51.8,548,59,798,Active,Active,Active
SNS_002726,Janakpuri West,2026-03-12 08:00:00,22.9,48.9,641,64,966,Active,Active,Active
SNS_002727,Lajpat Nagar,2026-03-12 08:00:00,21.6,45.7,818,42,1104,Active,Active,Active
SNS_002728,Central Secretariat,2026-03-12 08:00:00,21.1,59.6,605,58,1158,Under Maintenance,Active,Active
SNS_002729,Yamuna Bank,2026-03-12 08:00:00,22.4,57.7,534,78,951,Active,Active,Active
SNS_002730,Inderlok,2026-03-12 08:00:00,23.4,62.6,551,104,1157,Active,Active,Active
SNS_002731,Rajiv Chowk,2026-03-12 09:00:00,21.9,57.7,678,113,836,Active,Active,Active
SNS_002732,Kashmere Gate,2026-03-12 09:00:00,21.9,51.5,527,63,525,Active,Active,Active
SNS_002733,New Delhi,2026-03-12 09:00:00,23.7,47.8,751,99,733,Active,Active,Active
SNS_002734,Hauz Khas,2026-03-12 09:00:00,23.9,59.8,761,82,1224,Active,Active,Active
SNS_002735,Botanical Garden,2026-03-12 09:00:00,23.7,60.5,807,76,771,Active,Active,Active
SNS_002736,Janakpuri West,2026-03-12 09:00:00,22.8,53.6,680,128,768,Active,Active,Active
SNS_002737,Lajpat Nagar,2026-03-12 09:00:00,23.4,55.1,516,122,1496,Active,Active,Active
SNS_002738,Central Secretariat,2026-03-12 09:00:00,22.1,63.6,533,132,1371,Active,Active,Active
SNS_002739,Yamuna Bank,2026-03-12 09:00:00,21.5,48.4,592,87,880,Active,Active,Active
SNS_002740,Inderlok,2026-03-12 09:00:00,23.6,56.2,452,67,750,Active,Active,Active
SNS_002741,Rajiv Chowk,2026-03-12 10:00:00,21.1,64.1,656,96,643,Active,Active,Active
SNS_002742,Kashmere Gate,2026-03-12 10:00:00,23.2,58.1,593,96,1267,Active,Active,Active
SNS_002743,New Delhi,2026-03-12 10:00:00,21.3,61.1,657,119,1385,Active,Active,Active
SNS_002744,Hauz Khas,2026-03-12 10:00:00,21.1,57.0,509,110,1215,Active,Active,Active
SNS_002745,Botanical Garden,2026-03-12 10:00:00,24.2,56.6,508,111,1236,Active,Active,Active
SNS_002746,Janakpuri West,2026-03-12 10:00:00,23.6,47.6,765,49,659,Active,Active,Active
SNS_002747,Lajpat Nagar,2026-03-12 10:00:00,21.7,46.1,814,118,789,Active,Active,Active
SNS_002748,Central Secretariat,2026-03-12 10:00:00,21.7,60.4,693,84,619,Active,Active,Active
SNS_002749,Yamuna Bank,2026-03-12 10:00:00,21.5,46.2,841,59,1109,Active,Active,Active
SNS_002750,Inderlok,2026-03-12 10:00:00,24.3,51.4,832,41,1351,Active,Active,Active
SNS_002751,Rajiv Chowk,2026-03-12 11:00:00,23.0,47.6,693,150,134,Active,Active,Active
SNS_002752,Kashmere Gate,2026-03-12 11:00:00,24.3,59.2,477,46,189,Under Maintenance,Active,Active
SNS_002753,New Delhi,2026-03-12 11:00:00,23.3,56.2,581,89,352,Active,Active,Active
SNS_002754,Hauz Khas,2026-03-12 11:00:00,23.2,53.9,609,128,183,Active,Active,Active
SNS_002755,Botanical Garden,2026-03-12 11:00:00,22.7,46.3,616,149,149,Active,Active,Active
SNS_002756,Janakpuri West,2026-03-12 11:00:00,22.1,51.3,694,52,100,Active,Active,Active
SNS_002757,Lajpat Nagar,2026-03-12 11:00:00,22.3,64.0,698,133,371,Active,Active,Active
SNS_002758,Central Secretariat,2026-03-12 11:00:00,22.0,62.3,564,122,276,Active,Active,Active
SNS_002759,Yamuna Bank,2026-03-12 11:00:00,23.6,54.9,784,113,219,Active,Active,Active
SNS_002760,Inderlok,2026-03-12 11:00:00,23.6,62.0,493,129,313,Active,Active,Active
SNS_002761,Rajiv Chowk,2026-03-12 12:00:00,21.7,61.3,503,87,252,Active,Active,Active
SNS_002762,Kashmere Gate,2026-03-12 12:00:00,21.5,63.1,788,140,245,Active,Active,Active
SNS_002763,New Delhi,2026-03-12 12:00:00,21.6,45.8,725,112,195,Active,Active,Active
SNS_002764,Hauz Khas,2026-03-12 12:00:00,23.2,62.2,675,120,250,Active,Active,Active
SNS_002765,Botanical Garden,2026-03-12 12:00:00,21.9,46.8,709,65,134,Active,Active,Active
SNS_002766,Janakpuri West,2026-03-12 12:00:00,22.5,49.0,833,71,142,Active,Active,Active
SNS_002767,Lajpat Nagar,2026-03-12 12:00:00,24.4,45.8,610,81,216,Active,Active,Active
SNS_002768,Central Secretariat,2026-03-12 12:00:00,24.3,55.9,504,128,281,Active,Active,Active
SNS_002769,Yamuna Bank,2026-03-12 12:00:00,22.3,50.8,644,83,147,Active,Active,Active
SNS_002770,Inderlok,2026-03-12 12:00:00,23.2,49.7,706,135,113,Active,Active,Active
SNS_002771,Rajiv Chowk,2026-03-12 13:00:00,21.4,60.4,666,83,339,Active,Active,Active
SNS_002772,Kashmere Gate,2026-03-12 13:00:00,22.2,47.9,509,131,217,Active,Active,Active
SNS_002773,New Delhi,2026-03-12 13:00:00,23.8,59.2,477,101,154,Active,Active,Active
SNS_002774,Hauz Khas,2026-03-12 13:00:00,23.4,49.5,753,76,220,Active,Active,Active
SNS_002775,Botanical Garden,2026-03-12 13:00:00,22.3,51.2,638,98,371,Inactive,Active,Active
SNS_002776,Janakpuri West,2026-03-12 13:00:00,21.4,49.8,593,144,376,Active,Active,Active
SNS_002777,Lajpat Nagar,2026-03-12 13:00:00,23.0,55.4,738,105,341,Active,Active,Active
SNS_002778,Central Secretariat,2026-03-12 13:00:00,22.1,46.4,665,64,277,Active,Active,Active
SNS_002779,Yamuna Bank,2026-03-12 13:00:00,24.3,47.6,586,110,206,Active,Active,Active
SNS_002780,Inderlok,2026-03-12 13:00:00,23.4,51.9,705,142,102,Under Maintenance,Active,Active
SNS_002781,Rajiv Chowk,2026-03-12 14:00:00,21.3,47.3,534,81,257,Active,Active,Inactive
SNS_002782,Kashmere Gate,2026-03-12 14:00:00,21.3,48.8,774,54,157,Active,Active,Active
SNS_002783,New Delhi,2026-03-12 14:00:00,21.6,54.1,765,87,141,Active,Active,Inactive
SNS_002784,Hauz Khas,2026-03-12 14:00:00,22.7,47.1,717,130,226,Active,Active,Active
SNS_002785,Botanical Garden,2026-03-12 14:00:00,24.3,48.5,771,60,305,Active,Active,Active
SNS_002786,Janakpuri West,2026-03-12 14:00:00,24.4,62.8,751,101,272,Active,Active,Active
SNS_002787,Lajpat Nagar,2026-03-12 14:00:00,24.5,59.0,519,106,193,Active,Active,Active
SNS_002788,Central Secretariat,2026-03-12 14:00:00,21.8,53.8,806,66,327,Active,Active,Active
SNS_002789,Yamuna Bank,2026-03-12 14:00:00,21.9,63.7,630,85,386,Active,Active,Active
SNS_002790,Inderlok,2026-03-12 14:00:00,21.1,55.8,559,133,322,Active,Active,Active
SNS_002791,Rajiv Chowk,2026-03-12 15:00:00,23.7,57.5,744,98,337,Active,Active,Active
SNS_002792,Kashmere Gate,2026-03-12 15:00:00,21.7,57.8,491,122,107,Active,Active,Active
SNS_002793,New Delhi,2026-03-12 15:00:00,24.5,50.7,789,73,246,Active,Active,Active
SNS_002794,Hauz Khas,2026-03-12 15:00:00,23.8,54.9,691,86,277,Active,Active,Inactive
SNS_002795,Botanical Garden,2026-03-12 15:00:00,21.2,47.6,833,99,290,Active,Active,Active
SNS_002796,Janakpuri West,2026-03-12 15:00:00,22.0,45.7,734,91,114,Active,Active,Active
SNS_002797,Lajpat Nagar,2026-03-12 15:00:00,24.1,64.6,618,63,101,Active,Active,Active
SNS_002798,Central Secretariat,2026-03-12 15:00:00,23.9,51.0,476,143,325,Active,Active,Active
SNS_002799,Yamuna Bank,2026-03-12 15:00:00,24.2,53.4,772,83,340,Active,Active,Active
SNS_002800,Inderlok,2026-03-12 15:00:00,23.2,46.2,786,89,165,Active,Active,Active
SNS_002801,Rajiv Chowk,2026-03-12 16:00:00,24.3,53.7,793,134,227,Active,Active,Active
SNS_002802,Kashmere Gate,2026-03-12 16:00:00,23.1,57.9,568,77,205,Active,Active,Active
SNS_002803,New Delhi,2026-03-12 16:00:00,22.8,59.4,743,117,353,Active,Active,Active
SNS_002804,Hauz Khas,2026-03-12 16:00:00,21.3,56.7,746,64,247,Active,Active,Active
SNS_002805,Botanical Garden,2026-03-12 16:00:00,23.5,56.4,552,58,332,Active,Active,Active
SNS_002806,Janakpuri West,2026-03-12 16:00:00,22.6,51.4,843,54,343,Active,Active,Active
SNS_002807,Lajpat Nagar,2026-03-12 16:00:00,22.9,51.7,637,97,269,Inactive,Active,Active
SNS_002808,Central Secretariat,2026-03-12 16:00:00,22.7,53.2,819,112,263,Active,Active,Active
SNS_002809,Yamuna Bank,2026-03-12 16:00:00,23.9,60.5,618,44,274,Active,Active,Active
SNS_002810,Inderlok,2026-03-12 16:00:00,21.2,51.6,470,62,117,Active,Active,Active
SNS_002811,Rajiv Chowk,2026-03-12 17:00:00,21.8,61.6,603,74,890,Active,Active,Active
SNS_002812,Kashmere Gate,2026-03-12 17:00:00,23.9,53.5,592,142,665,Active,Active,Active
SNS_002813,New Delhi,2026-03-12 17:00:00,23.3,59.9,600,127,1274,Active,Active,Active
SNS_002814,Hauz Khas,2026-03-12 17:00:00,24.1,45.8,737,57,947,Active,Active,Active
SNS_002815,Botanical Garden,2026-03-12 17:00:00,24.0,46.6,631,70,666,Active,Active,Active
SNS_002816,Janakpuri West,2026-03-12 17:00:00,24.0,64.5,466,74,767,Inactive,Active,Active
SNS_002817,Lajpat Nagar,2026-03-12 17:00:00,22.5,57.4,810,104,1459,Active,Active,Active
SNS_002818,Central Secretariat,2026-03-12 17:00:00,21.0,64.1,531,89,1253,Inactive,Active,Active
SNS_002819,Yamuna Bank,2026-03-12 17:00:00,23.1,45.2,532,88,1039,Active,Active,Active
SNS_002820,Inderlok,2026-03-12 17:00:00,22.8,64.5,789,114,659,Active,Active,Active
SNS_002821,Rajiv Chowk,2026-03-12 18:00:00,23.7,48.6,656,136,1435,Active,Active,Active
SNS_002822,Kashmere Gate,2026-03-12 18:00:00,21.8,56.5,593,118,1060,Active,Active,Active
SNS_002823,New Delhi,2026-03-12 18:00:00,22.5,47.2,644,147,510,Active,Active,Active
SNS_002824,Hauz Khas,2026-03-12 18:00:00,22.3,63.9,550,88,558,Active,Active,Active
SNS_002825,Botanical Garden,2026-03-12 18:00:00,22.0,61.3,540,148,1374,Active,Active,Active
SNS_002826,Janakpuri West,2026-03-12 18:00:00,22.3,61.3,797,83,1228,Active,Active,Active
SNS_002827,Lajpat Nagar,2026-03-12 18:00:00,21.4,52.5,653,52,1310,Active,Active,Active
SNS_002828,Central Secretariat,2026-03-12 18:00:00,21.9,46.3,699,135,1109,Under Maintenance,Active,Active
SNS_002829,Yamuna Bank,2026-03-12 18:00:00,23.4,56.0,495,108,1462,Active,Active,Active
SNS_002830,Inderlok,2026-03-12 18:00:00,21.5,59.0,725,70,605,Active,Active,Active
SNS_002831,Rajiv Chowk,2026-03-12 19:00:00,22.3,61.3,633,127,607,Active,Active,Active
SNS_002832,Kashmere Gate,2026-03-12 19:00:00,22.9,51.7,578,139,1214,Active,Active,Active
SNS_002833,New Delhi,2026-03-12 19:00:00,21.6,60.0,516,141,1401,Active,Active,Active
SNS_002834,Hauz Khas,2026-03-12 19:00:00,23.5,49.7,813,113,1026,Active,Active,Active
SNS_002835,Botanical Garden,2026-03-12 19:00:00,22.6,54.6,667,88,1475,Active,Active,Active
SNS_002836,Janakpuri West,2026-03-12 19:00:00,23.4,57.7,578,138,577,Active,Active,Active
SNS_002837,Lajpat Nagar,2026-03-12 19:00:00,21.3,61.1,772,98,622,Active,Active,Active
SNS_002838,Central Secretariat,2026-03-12 19:00:00,21.6,54.0,695,91,1218,Active,Active,Active
SNS_002839,Yamuna Bank,2026-03-12 19:00:00,21.8,59.3,596,114,1339,Active,Active,Active
SNS_002840,Inderlok,2026-03-12 19:00:00,21.9,55.9,725,82,1115,Active,Active,Active
SNS_002841,Rajiv Chowk,2026-03-12 20:00:00,24.2,61.5,455,72,1434,Active,Active,Active
SNS_002842,Kashmere Gate,2026-03-12 20:00:00,23.1,58.1,489,56,1022,Active,Active,Active
SNS_002843,New Delhi,2026-03-12 20:00:00,24.0,63.7,501,73,663,Active,Active,Active
SNS_002844,Hauz Khas,2026-03-12 20:00:00,23.0,51.8,582,80,861,Active,Active,Active
SNS_002845,Botanical Garden,2026-03-12 20:00:00,23.2,47.2,689,58,1482,Active,Inactive,Active
SNS_002846,Janakpuri West,2026-03-12 20:00:00,23.3,57.7,462,71,947,Under Maintenance,Active,Active
SNS_002847,Lajpat Nagar,2026-03-12 20:00:00,23.0,49.3,741,63,1042,Active,Active,Active
SNS_002848,Central Secretariat,2026-03-12 20:00:00,23.2,55.5,706,100,1494,Active,Active,Active
SNS_002849,Yamuna Bank,2026-03-12 20:00:00,21.8,54.1,647,143,1088,Active,Active,Active
SNS_002850,Inderlok,2026-03-12 20:00:00,21.4,56.5,841,140,1401,Active,Active,Active
SNS_002851,Rajiv Chowk,2026-03-12 21:00:00,21.1,65.0,837,129,161,Active,Active,Active
SNS_002852,Kashmere Gate,2026-03-12 21:00:00,23.1,46.4,823,132,149,Active,Active,Active
SNS_002853,New Delhi,2026-03-12 21:00:00,22.4,61.4,655,71,113,Active,Active,Active
SNS_002854,Hauz Khas,2026-03-12 21:00:00,22.3,51.5,495,132,249,Active,Active,Active
SNS_002855,Botanical Garden,2026-03-12 21:00:00,23.1,51.7,537,59,285,Active,Active,Active
SNS_002856,Janakpuri West,2026-03-12 21:00:00,23.1,63.2,722,125,395,Active,Active,Active
SNS_002857,Lajpat Nagar,2026-03-12 21:00:00,21.6,59.0,647,66,126,Active,Active,Active
SNS_002858,Central Secretariat,2026-03-12 21:00:00,21.3,46.2,594,75,119,Active,Active,Active
SNS_002859,Yamuna Bank,2026-03-12 21:00:00,21.6,61.8,525,121,180,Active,Active,Active
SNS_002860,Inderlok,2026-03-12 21:00:00,23.7,63.1,719,41,131,Under Maintenance,Active,Active
SNS_002861,Rajiv Chowk,2026-03-12 22:00:00,21.8,59.1,621,84,148,Active,Active,Active
SNS_002862,Kashmere Gate,2026-03-12 22:00:00,22.2,51.3,766,73,127,Active,Active,Active
SNS_002863,New Delhi,2026-03-12 22:00:00,22.2,62.9,706,111,125,Active,Active,Active
SNS_002864,Hauz Khas,2026-03-12 22:00:00,23.1,45.5,780,107,295,Active,Active,Active
SNS_002865,Botanical Garden,2026-03-12 22:00:00,23.0,45.2,569,68,358,Under Maintenance,Active,Active
SNS_002866,Janakpuri West,2026-03-12 22:00:00,22.9,52.2,477,92,208,Active,Active,Active
SNS_002867,Lajpat Nagar,2026-03-12 22:00:00,21.4,48.6,541,145,164,Active,Active,Active
SNS_002868,Central Secretariat,2026-03-12 22:00:00,21.6,60.5,508,74,371,Active,Active,Active
SNS_002869,Yamuna Bank,2026-03-12 22:00:00,23.8,54.6,796,126,217,Active,Inactive,Active
SNS_002870,Inderlok,2026-03-12 22:00:00,21.0,47.4,636,59,357,Active,Active,Active
SNS_002871,Rajiv Chowk,2026-03-12 23:00:00,21.2,53.0,490,71,274,Active,Active,Active
SNS_002872,Kashmere Gate,2026-03-12 23:00:00,21.4,64.9,702,51,128,Active,Active,Active
SNS_002873,New Delhi,2026-03-12 23:00:00,22.5,58.3,550,47,381,Active,Active,Active
SNS_002874,Hauz Khas,2026-03-12 23:00:00,21.3,56.2,668,70,244,Active,Active,Active
SNS_002875,Botanical Garden,2026-03-12 23:00:00,21.8,56.3,639,74,164,Active,Active,Active
SNS_002876,Janakpuri West,2026-03-12 23:00:00,22.3,48.8,762,106,373,Active,Active,Active
SNS_002877,Lajpat Nagar,2026-03-12 23:00:00,23.0,64.8,740,40,399,Active,Active,Active
SNS_002878,Central Secretariat,2026-03-12 23:00:00,22.3,46.3,689,78,135,Active,Active,Active
SNS_002879,Yamuna Bank,2026-03-12 23:00:00,21.5,60.7,808,86,353,Active,Active,Active
SNS_002880,Inderlok,2026-03-12 23:00:00,24.4,48.0,493,67,306,Active,Active,Active
SNS_002881,Rajiv Chowk,2026-03-13 00:00:00,24.5,58.1,600,60,2,Active,Active,Active
SNS_002882,Kashmere Gate,2026-03-13 00:00:00,21.6,52.2,809,65,1,Active,Active,Active
SNS_002883,New Delhi,2026-03-13 00:00:00,23.5,62.3,777,69,3,Active,Active,Active
SNS_002884,Hauz Khas,2026-03-13 00:00:00,22.4,61.0,772,91,1,Active,Active,Active
SNS_002885,Botanical Garden,2026-03-13 00:00:00,22.6,60.4,526,146,8,Active,Active,Active
SNS_002886,Janakpuri West,2026-03-13 00:00:00,21.2,52.5,738,126,5,Active,Active,Active
SNS_002887,Lajpat Nagar,2026-03-13 00:00:00,24.3,60.9,514,127,0,Active,Active,Active
SNS_002888,Central Secretariat,2026-03-13 00:00:00,24.4,59.8,502,62,3,Under Maintenance,Active,Active
SNS_002889,Yamuna Bank,2026-03-13 00:00:00,23.3,61.2,457,82,2,Active,Active,Active
SNS_002890,Inderlok,2026-03-13 00:00:00,22.1,56.5,630,141,2,Active,Active,Active
SNS_002891,Rajiv Chowk,2026-03-13 01:00:00,21.2,52.5,554,58,7,Under Maintenance,Active,Active
SNS_002892,Kashmere Gate,2026-03-13 01:00:00,23.4,57.3,793,61,8,Active,Active,Active
SNS_002893,New Delhi,2026-03-13 01:00:00,23.7,46.2,780,150,3,Active,Active,Active
SNS_002894,Hauz Khas,2026-03-13 01:00:00,21.2,57.4,801,57,4,Under Maintenance,Active,Active
SNS_002895,Botanical Garden,2026-03-13 01:00:00,23.1,55.9,466,69,5,Active,Active,Active
SNS_002896,Janakpuri West,2026-03-13 01:00:00,22.0,53.9,775,140,2,Active,Active,Active
SNS_002897,Lajpat Nagar,2026-03-13 01:00:00,23.1,46.3,505,112,6,Inactive,Active,Active
SNS_002898,Central Secretariat,2026-03-13 01:00:00,23.9,57.4,494,63,2,Active,Active,Active
SNS_002899,Yamuna Bank,2026-03-13 01:00:00,22.9,50.0,757,64,6,Active,Active,Active
SNS_002900,Inderlok,2026-03-13 01:00:00,22.7,57.8,780,134,9,Active,Active,Inactive
SNS_002901,Rajiv Chowk,2026-03-13 02:00:00,21.2,59.2,710,85,9,Active,Active,Active
SNS_002902,Kashmere Gate,2026-03-13 02:00:00,24.2,58.9,716,97,3,Active,Under Maintenance,Active
SNS_002903,New Delhi,2026-03-13 02:00:00,24.3,47.0,532,89,9,Active,Active,Active
SNS_002904,Hauz Khas,2026-03-13 02:00:00,21.1,50.3,740,93,3,Active,Active,Active
SNS_002905,Botanical Garden,2026-03-13 02:00:00,22.8,62.1,452,53,10,Active,Under Maintenance,Active
SNS_002906,Janakpuri West,2026-03-13 02:00:00,22.4,57.6,695,141,0,Active,Active,Active
SNS_002907,Lajpat Nagar,2026-03-13 02:00:00,22.4,48.9,645,54,7,Active,Active,Active
SNS_002908,Central Secretariat,2026-03-13 02:00:00,22.7,48.8,572,76,8,Active,Active,Active
SNS_002909,Yamuna Bank,2026-03-13 02:00:00,23.2,63.8,689,108,5,Active,Active,Active
SNS_002910,Inderlok,2026-03-13 02:00:00,23.2,61.8,747,71,3,Active,Active,Active
SNS_002911,Rajiv Chowk,2026-03-13 03:00:00,24.0,58.7,641,95,9,Active,Active,Active
SNS_002912,Kashmere Gate,2026-03-13 03:00:00,24.3,57.4,548,75,2,Active,Active,Active
SNS_002913,New Delhi,2026-03-13 03:00:00,21.6,54.9,757,73,7,Inactive,Active,Active
SNS_002914,Hauz Khas,2026-03-13 03:00:00,24.0,52.2,580,63,0,Active,Active,Active
SNS_002915,Botanical Garden,2026-03-13 03:00:00,22.4,47.7,459,45,0,Active,Active,Active
SNS_002916,Janakpuri West,2026-03-13 03:00:00,23.9,47.6,843,51,4,Active,Active,Active
SNS_002917,Lajpat Nagar,2026-03-13 03:00:00,21.6,51.6,689,93,4,Active,Under Maintenance,Active
SNS_002918,Central Secretariat,2026-03-13 03:00:00,22.6,51.4,606,59,9,Active,Active,Active
SNS_002919,Yamuna Bank,2026-03-13 03:00:00,22.3,53.6,819,101,4,Active,Active,Active
SNS_002920,Inderlok,2026-03-13 03:00:00,21.3,63.4,534,65,3,Under Maintenance,Active,Active
SNS_002921,Rajiv Chowk,2026-03-13 04:00:00,21.2,60.7,579,106,6,Active,Active,Active
SNS_002922,Kashmere Gate,2026-03-13 04:00:00,22.3,51.2,492,117,6,Active,Active,Active
SNS_002923,New Delhi,2026-03-13 04:00:00,21.7,62.3,702,93,0,Under Maintenance,Active,Active
SNS_002924,Hauz Khas,2026-03-13 04:00:00,23.4,63.1,630,56,2,Active,Active,Active
SNS_002925,Botanical Garden,2026-03-13 04:00:00,23.4,61.5,740,108,8,Inactive,Active,Active
SNS_002926,Janakpuri West,2026-03-13 04:00:00,23.8,46.5,697,124,4,Active,Active,Inactive
SNS_002927,Lajpat Nagar,2026-03-13 04:00:00,23.9,54.4,728,87,1,Active,Active,Active
SNS_002928,Central Secretariat,2026-03-13 04:00:00,21.0,58.6,722,128,1,Inactive,Active,Active
SNS_002929,Yamuna Bank,2026-03-13 04:00:00,23.8,56.9,543,132,1,Active,Active,Active
SNS_002930,Inderlok,2026-03-13 04:00:00,23.2,54.7,615,135,6,Active,Active,Active
SNS_002931,Rajiv Chowk,2026-03-13 05:00:00,22.9,52.8,561,74,1,Active,Inactive,Active
SNS_002932,Kashmere Gate,2026-03-13 05:00:00,22.0,48.0,841,102,10,Active,Active,Active
SNS_002933,New Delhi,2026-03-13 05:00:00,22.0,45.2,820,110,7,Active,Active,Active
SNS_002934,Hauz Khas,2026-03-13 05:00:00,21.3,61.9,474,81,1,Active,Active,Active
SNS_002935,Botanical Garden,2026-03-13 05:00:00,23.3,51.7,532,133,3,Active,Active,Active
SNS_002936,Janakpuri West,2026-03-13 05:00:00,23.3,64.9,515,87,3,Active,Active,Active
SNS_002937,Lajpat Nagar,2026-03-13 05:00:00,21.7,53.4,603,51,5,Active,Inactive,Active
SNS_002938,Central Secretariat,2026-03-13 05:00:00,23.1,61.4,583,105,0,Active,Active,Active
SNS_002939,Yamuna Bank,2026-03-13 05:00:00,23.5,50.0,611,48,4,Active,Active,Active
SNS_002940,Inderlok,2026-03-13 05:00:00,22.0,60.0,737,70,8,Active,Active,Active
SNS_002941,Rajiv Chowk,2026-03-13 06:00:00,22.7,46.0,510,128,252,Active,Active,Active
SNS_002942,Kashmere Gate,2026-03-13 06:00:00,22.7,61.1,819,47,226,Active,Active,Active
SNS_002943,New Delhi,2026-03-13 06:00:00,23.7,46.2,836,149,362,Active,Active,Active
SNS_002944,Hauz Khas,2026-03-13 06:00:00,23.3,61.9,687,137,378,Active,Active,Active
SNS_002945,Botanical Garden,2026-03-13 06:00:00,23.8,47.2,489,71,113,Active,Active,Active
SNS_002946,Janakpuri West,2026-03-13 06:00:00,21.6,48.8,678,132,257,Active,Active,Active
SNS_002947,Lajpat Nagar,2026-03-13 06:00:00,21.7,62.1,513,91,200,Active,Active,Active
SNS_002948,Central Secretariat,2026-03-13 06:00:00,24.0,64.0,792,144,192,Active,Active,Active
SNS_002949,Yamuna Bank,2026-03-13 06:00:00,21.4,54.1,681,85,398,Active,Active,Active
SNS_002950,Inderlok,2026-03-13 06:00:00,21.0,55.2,665,52,122,Active,Under Maintenance,Active
SNS_002951,Rajiv Chowk,2026-03-13 07:00:00,24.2,60.9,815,86,192,Active,Active,Active
SNS_002952,Kashmere Gate,2026-03-13 07:00:00,22.9,49.1,636,41,218,Active,Active,Active
SNS_002953,New Delhi,2026-03-13 07:00:00,22.7,47.8,667,123,283,Active,Active,Active
SNS_002954,Hauz Khas,2026-03-13 07:00:00,24.2,62.3,627,41,170,Active,Active,Active
SNS_002955,Botanical Garden,2026-03-13 07:00:00,21.8,56.1,660,50,174,Active,Active,Active
SNS_002956,Janakpuri West,2026-03-13 07:00:00,24.1,62.5,759,71,101,Active,Active,Active
SNS_002957,Lajpat Nagar,2026-03-13 07:00:00,22.3,64.2,780,80,193,Active,Active,Active
SNS_002958,Central Secretariat,2026-03-13 07:00:00,23.3,48.0,661,115,246,Active,Active,Active
SNS_002959,Yamuna Bank,2026-03-13 07:00:00,22.2,58.4,475,79,276,Active,Active,Active
SNS_002960,Inderlok,2026-03-13 07:00:00,24.1,63.9,698,78,280,Active,Active,Active
SNS_002961,Rajiv Chowk,2026-03-13 08:00:00,24.5,52.1,722,51,1421,Under Maintenance,Active,Active
SNS_002962,Kashmere Gate,2026-03-13 08:00:00,24.0,55.3,548,120,668,Active,Active,Active
SNS_002963,New Delhi,2026-03-13 08:00:00,21.3,63.9,630,117,550,Active,Active,Active
SNS_002964,Hauz Khas,2026-03-13 08:00:00,23.5,47.0,845,120,1260,Active,Active,Active
SNS_002965,Botanical Garden,2026-03-13 08:00:00,24.2,50.1,687,119,509,Active,Active,Active
SNS_002966,Janakpuri West,2026-03-13 08:00:00,21.5,57.9,534,52,840,Active,Active,Active
SNS_002967,Lajpat Nagar,2026-03-13 08:00:00,24.0,62.6,805,121,1492,Active,Active,Active
SNS_002968,Central Secretariat,2026-03-13 08:00:00,24.3,56.4,693,102,1332,Active,Active,Active
SNS_002969,Yamuna Bank,2026-03-13 08:00:00,21.9,63.9,587,115,1098,Active,Active,Active
SNS_002970,Inderlok,2026-03-13 08:00:00,24.1,52.0,705,112,600,Active,Active,Active
SNS_002971,Rajiv Chowk,2026-03-13 09:00:00,22.7,61.5,815,130,869,Active,Inactive,Active
SNS_002972,Kashmere Gate,2026-03-13 09:00:00,21.1,50.3,520,129,1387,Active,Active,Active
SNS_002973,New Delhi,2026-03-13 09:00:00,22.3,45.2,503,144,1361,Active,Active,Active
SNS_002974,Hauz Khas,2026-03-13 09:00:00,22.2,45.0,484,142,1443,Inactive,Active,Active
SNS_002975,Botanical Garden,2026-03-13 09:00:00,22.4,49.4,460,126,1214,Active,Active,Active
SNS_002976,Janakpuri West,2026-03-13 09:00:00,22.3,57.9,832,43,1273,Active,Active,Active
SNS_002977,Lajpat Nagar,2026-03-13 09:00:00,23.1,53.3,599,66,979,Active,Active,Active
SNS_002978,Central Secretariat,2026-03-13 09:00:00,21.6,65.0,645,127,1439,Under Maintenance,Active,Active
SNS_002979,Yamuna Bank,2026-03-13 09:00:00,21.6,57.3,845,130,520,Active,Under Maintenance,Active
SNS_002980,Inderlok,2026-03-13 09:00:00,23.0,49.0,493,116,697,Active,Active,Active
SNS_002981,Rajiv Chowk,2026-03-13 10:00:00,22.5,59.9,559,141,1498,Active,Active,Active
SNS_002982,Kashmere Gate,2026-03-13 10:00:00,21.5,46.1,451,54,624,Active,Active,Active
SNS_002983,New Delhi,2026-03-13 10:00:00,23.9,58.5,488,124,911,Active,Active,Active
SNS_002984,Hauz Khas,2026-03-13 10:00:00,23.2,45.2,782,88,1492,Active,Active,Active
SNS_002985,Botanical Garden,2026-03-13 10:00:00,23.3,50.8,801,60,1145,Active,Active,Active
SNS_002986,Janakpuri West,2026-03-13 10:00:00,24.5,61.8,595,129,974,Active,Active,Active
SNS_002987,Lajpat Nagar,2026-03-13 10:00:00,24.1,56.5,472,112,1235,Active,Active,Active
SNS_002988,Central Secretariat,2026-03-13 10:00:00,24.3,51.4,799,49,1462,Active,Active,Active
SNS_002989,Yamuna Bank,2026-03-13 10:00:00,23.7,47.2,537,141,1381,Active,Active,Active
SNS_002990,Inderlok,2026-03-13 10:00:00,22.2,53.6,828,105,614,Active,Active,Active
SNS_002991,Rajiv Chowk,2026-03-13 11:00:00,21.7,54.6,770,90,193,Active,Active,Active
SNS_002992,Kashmere Gate,2026-03-13 11:00:00,22.8,45.0,700,148,163,Active,Active,Active
SNS_002993,New Delhi,2026-03-13 11:00:00,22.1,49.2,846,117,280,Active,Active,Active
SNS_002994,Hauz Khas,2026-03-13 11:00:00,23.9,61.5,841,54,244,Active,Active,Active
SNS_002995,Botanical Garden,2026-03-13 11:00:00,24.3,63.4,625,113,282,Active,Active,Active
SNS_002996,Janakpuri West,2026-03-13 11:00:00,23.0,52.1,758,142,296,Active,Active,Active
SNS_002997,Lajpat Nagar,2026-03-13 11:00:00,22.6,60.8,524,133,370,Active,Active,Active
SNS_002998,Central Secretariat,2026-03-13 11:00:00,22.5,56.9,773,108,330,Inactive,Active,Active
SNS_002999,Yamuna Bank,2026-03-13 11:00:00,22.2,52.7,578,63,179,Active,Active,Active
SNS_003000,Inderlok,2026-03-13 11:00:00,22.1,55.7,667,124,216,Active,Active,Active
SNS_003001,Rajiv Chowk,2026-03-13 12:00:00,23.1,47.5,466,74,323,Active,Active,Active
SNS_003002,Kashmere Gate,2026-03-13 12:00:00,23.3,51.2,527,89,296,Active,Active,Active
SNS_003003,New Delhi,2026-03-13 12:00:00,23.3,61.9,824,107,377,Active,Active,Active
SNS_003004,Hauz Khas,2026-03-13 12:00:00,23.2,60.7,834,133,204,Active,Active,Active
SNS_003005,Botanical Garden,2026-03-13 12:00:00,22.6,64.0,709,114,191,Active,Active,Active
SNS_003006,Janakpuri West,2026-03-13 12:00:00,24.0,52.6,544,52,249,Active,Active,Active
SNS_003007,Lajpat Nagar,2026-03-13 12:00:00,21.7,48.3,464,94,366,Active,Active,Active
SNS_003008,Central Secretariat,2026-03-13 12:00:00,22.2,51.3,742,59,282,Active,Active,Active
SNS_003009,Yamuna Bank,2026-03-13 12:00:00,22.7,50.5,532,147,280,Active,Active,Active
SNS_003010,Inderlok,2026-03-13 12:00:00,22.5,46.4,591,136,289,Active,Active,Active
SNS_003011,Rajiv Chowk,2026-03-13 13:00:00,21.0,47.0,613,149,273,Active,Active,Active
SNS_003012,Kashmere Gate,2026-03-13 13:00:00,21.4,61.1,458,88,346,Active,Active,Active
SNS_003013,New Delhi,2026-03-13 13:00:00,22.8,52.3,481,91,322,Active,Active,Active
SNS_003014,Hauz Khas,2026-03-13 13:00:00,23.2,50.7,770,76,110,Active,Active,Active
SNS_003015,Botanical Garden,2026-03-13 13:00:00,21.1,63.5,601,119,208,Active,Active,Active
SNS_003016,Janakpuri West,2026-03-13 13:00:00,22.8,49.3,486,95,302,Active,Active,Active
SNS_003017,Lajpat Nagar,2026-03-13 13:00:00,23.6,48.3,753,123,107,Active,Active,Active
SNS_003018,Central Secretariat,2026-03-13 13:00:00,23.1,59.3,664,137,116,Active,Active,Active
SNS_003019,Yamuna Bank,2026-03-13 13:00:00,23.3,58.1,590,52,126,Active,Active,Active
SNS_003020,Inderlok,2026-03-13 13:00:00,22.7,54.0,607,150,154,Active,Active,Active
SNS_003021,Rajiv Chowk,2026-03-13 14:00:00,23.5,52.4,628,65,141,Active,Active,Active
SNS_003022,Kashmere Gate,2026-03-13 14:00:00,23.9,49.8,451,65,287,Active,Active,Active
SNS_003023,New Delhi,2026-03-13 14:00:00,22.2,53.1,736,75,349,Active,Active,Active
SNS_003024,Hauz Khas,2026-03-13 14:00:00,23.1,48.3,717,50,325,Active,Active,Active
SNS_003025,Botanical Garden,2026-03-13 14:00:00,22.3,58.7,701,86,180,Active,Active,Active
SNS_003026,Janakpuri West,2026-03-13 14:00:00,23.4,62.5,603,63,371,Active,Active,Active
SNS_003027,Lajpat Nagar,2026-03-13 14:00:00,22.6,46.4,758,121,290,Active,Under Maintenance,Active
SNS_003028,Central Secretariat,2026-03-13 14:00:00,23.4,46.0,576,67,198,Active,Active,Active
SNS_003029,Yamuna Bank,2026-03-13 14:00:00,22.7,59.1,780,128,320,Active,Active,Active
SNS_003030,Inderlok,2026-03-13 14:00:00,23.2,47.0,766,135,286,Active,Active,Active
SNS_003031,Rajiv Chowk,2026-03-13 15:00:00,24.3,64.6,677,110,254,Active,Active,Active
SNS_003032,Kashmere Gate,2026-03-13 15:00:00,21.7,55.3,850,83,211,Inactive,Active,Active
SNS_003033,New Delhi,2026-03-13 15:00:00,21.1,58.3,498,129,265,Active,Active,Active
SNS_003034,Hauz Khas,2026-03-13 15:00:00,23.6,52.0,773,123,137,Active,Active,Active
SNS_003035,Botanical Garden,2026-03-13 15:00:00,24.2,52.5,653,98,385,Active,Active,Active
SNS_003036,Janakpuri West,2026-03-13 15:00:00,24.5,55.9,642,61,109,Active,Active,Active
SNS_003037,Lajpat Nagar,2026-03-13 15:00:00,22.8,55.8,601,85,110,Active,Active,Active
SNS_003038,Central Secretariat,2026-03-13 15:00:00,24.4,58.0,547,40,259,Active,Active,Active
SNS_003039,Yamuna Bank,2026-03-13 15:00:00,23.2,46.8,808,64,374,Active,Active,Active
SNS_003040,Inderlok,2026-03-13 15:00:00,22.0,63.6,489,112,382,Active,Active,Active
SNS_003041,Rajiv Chowk,2026-03-13 16:00:00,21.4,64.0,535,125,227,Active,Active,Active
SNS_003042,Kashmere Gate,2026-03-13 16:00:00,23.0,48.9,844,129,145,Active,Active,Active
SNS_003043,New Delhi,2026-03-13 16:00:00,23.1,63.9,741,45,340,Active,Active,Active
SNS_003044,Hauz Khas,2026-03-13 16:00:00,22.0,56.4,731,107,248,Inactive,Active,Active
SNS_003045,Botanical Garden,2026-03-13 16:00:00,23.3,58.8,825,102,302,Active,Active,Active
SNS_003046,Janakpuri West,2026-03-13 16:00:00,22.1,60.3,663,141,128,Active,Active,Active
SNS_003047,Lajpat Nagar,2026-03-13 16:00:00,22.2,52.7,815,116,105,Active,Active,Active
SNS_003048,Central Secretariat,2026-03-13 16:00:00,23.3,47.2,822,105,151,Active,Active,Active
SNS_003049,Yamuna Bank,2026-03-13 16:00:00,23.1,61.3,656,126,326,Active,Active,Active
SNS_003050,Inderlok,2026-03-13 16:00:00,21.8,54.9,530,136,133,Active,Active,Active
SNS_003051,Rajiv Chowk,2026-03-13 17:00:00,23.6,55.9,569,94,1286,Active,Active,Inactive
SNS_003052,Kashmere Gate,2026-03-13 17:00:00,23.2,55.6,719,149,783,Active,Active,Active
SNS_003053,New Delhi,2026-03-13 17:00:00,23.5,58.2,807,95,893,Active,Active,Active
SNS_003054,Hauz Khas,2026-03-13 17:00:00,23.7,45.6,796,132,964,Active,Active,Active
SNS_003055,Botanical Garden,2026-03-13 17:00:00,21.9,54.2,615,47,1149,Active,Active,Active
SNS_003056,Janakpuri West,2026-03-13 17:00:00,21.4,46.4,559,80,635,Active,Active,Active
SNS_003057,Lajpat Nagar,2026-03-13 17:00:00,22.2,50.2,806,119,1274,Active,Active,Active
SNS_003058,Central Secretariat,2026-03-13 17:00:00,24.0,45.4,457,81,788,Active,Active,Active
SNS_003059,Yamuna Bank,2026-03-13 17:00:00,23.2,59.4,532,84,669,Active,Active,Active
SNS_003060,Inderlok,2026-03-13 17:00:00,21.8,53.1,632,66,719,Active,Active,Active
SNS_003061,Rajiv Chowk,2026-03-13 18:00:00,22.6,45.6,847,76,655,Active,Active,Active
SNS_003062,Kashmere Gate,2026-03-13 18:00:00,21.4,59.2,813,124,1035,Inactive,Active,Active
SNS_003063,New Delhi,2026-03-13 18:00:00,23.5,50.2,643,95,744,Active,Active,Active
SNS_003064,Hauz Khas,2026-03-13 18:00:00,24.4,54.8,554,90,958,Inactive,Active,Active
SNS_003065,Botanical Garden,2026-03-13 18:00:00,21.7,47.1,662,119,771,Active,Active,Active
SNS_003066,Janakpuri West,2026-03-13 18:00:00,21.6,47.6,484,50,1246,Active,Active,Active
SNS_003067,Lajpat Nagar,2026-03-13 18:00:00,23.5,55.8,811,49,1024,Active,Active,Active
SNS_003068,Central Secretariat,2026-03-13 18:00:00,24.0,53.2,798,97,1486,Active,Active,Active
SNS_003069,Yamuna Bank,2026-03-13 18:00:00,21.0,50.8,519,144,1136,Active,Active,Active
SNS_003070,Inderlok,2026-03-13 18:00:00,23.7,58.6,494,150,1283,Active,Active,Active
SNS_003071,Rajiv Chowk,2026-03-13 19:00:00,23.0,56.6,519,144,1462,Under Maintenance,Active,Active
SNS_003072,Kashmere Gate,2026-03-13 19:00:00,22.9,47.8,663,120,643,Active,Active,Active
SNS_003073,New Delhi,2026-03-13 19:00:00,22.4,61.5,588,118,1327,Active,Active,Active
SNS_003074,Hauz Khas,2026-03-13 19:00:00,21.4,64.1,701,78,1326,Active,Active,Active
SNS_003075,Botanical Garden,2026-03-13 19:00:00,23.3,58.5,624,109,1164,Active,Active,Active
SNS_003076,Janakpuri West,2026-03-13 19:00:00,22.0,53.4,828,113,1179,Active,Active,Active
SNS_003077,Lajpat Nagar,2026-03-13 19:00:00,24.2,51.3,576,103,924,Active,Active,Inactive
SNS_003078,Central Secretariat,2026-03-13 19:00:00,24.4,54.5,556,143,1334,Active,Active,Active
SNS_003079,Yamuna Bank,2026-03-13 19:00:00,23.4,55.7,659,75,976,Active,Active,Active
SNS_003080,Inderlok,2026-03-13 19:00:00,21.7,45.6,564,131,1060,Active,Active,Active
SNS_003081,Rajiv Chowk,2026-03-13 20:00:00,22.9,64.1,596,63,677,Active,Under Maintenance,Active
SNS_003082,Kashmere Gate,2026-03-13 20:00:00,21.2,54.3,471,122,1076,Active,Active,Active
SNS_003083,New Delhi,2026-03-13 20:00:00,21.7,57.6,832,65,803,Active,Active,Active
SNS_003084,Hauz Khas,2026-03-13 20:00:00,24.2,56.4,633,114,1384,Under Maintenance,Active,Active
SNS_003085,Botanical Garden,2026-03-13 20:00:00,23.7,56.6,757,41,778,Active,Active,Active
SNS_003086,Janakpuri West,2026-03-13 20:00:00,22.7,51.4,646,62,1340,Active,Active,Active
SNS_003087,Lajpat Nagar,2026-03-13 20:00:00,22.5,61.4,488,148,891,Active,Active,Active
SNS_003088,Central Secretariat,2026-03-13 20:00:00,22.0,61.4,566,46,1454,Active,Active,Active
SNS_003089,Yamuna Bank,2026-03-13 20:00:00,21.5,58.9,767,109,1162,Active,Active,Active
SNS_003090,Inderlok,2026-03-13 20:00:00,22.9,56.9,803,92,1405,Active,Active,Active
SNS_003091,Rajiv Chowk,2026-03-13 21:00:00,24.1,59.2,842,104,266,Active,Active,Active
SNS_003092,Kashmere Gate,2026-03-13 21:00:00,22.7,57.9,798,60,349,Active,Active,Active
SNS_003093,New Delhi,2026-03-13 21:00:00,21.2,61.6,549,62,224,Active,Active,Active
SNS_003094,Hauz Khas,2026-03-13 21:00:00,23.1,54.4,737,113,106,Active,Active,Active
SNS_003095,Botanical Garden,2026-03-13 21:00:00,21.1,59.8,836,95,116,Active,Active,Active
SNS_003096,Janakpuri West,2026-03-13 21:00:00,24.2,60.3,609,108,157,Active,Active,Active
SNS_003097,Lajpat Nagar,2026-03-13 21:00:00,21.6,46.8,807,130,277,Active,Under Maintenance,Inactive
SNS_003098,Central Secretariat,2026-03-13 21:00:00,22.1,49.0,725,119,346,Active,Active,Active
SNS_003099,Yamuna Bank,2026-03-13 21:00:00,22.2,55.6,525,116,212,Active,Active,Active
SNS_003100,Inderlok,2026-03-13 21:00:00,21.8,55.0,706,52,342,Active,Active,Active
SNS_003101,Rajiv Chowk,2026-03-13 22:00:00,21.1,58.6,628,140,306,Under Maintenance,Active,Active
SNS_003102,Kashmere Gate,2026-03-13 22:00:00,21.6,46.4,491,130,231,Active,Active,Active
SNS_003103,New Delhi,2026-03-13 22:00:00,22.1,48.9,849,74,292,Active,Active,Active
SNS_003104,Hauz Khas,2026-03-13 22:00:00,23.6,53.0,523,80,314,Inactive,Active,Active
SNS_003105,Botanical Garden,2026-03-13 22:00:00,23.7,48.8,673,72,198,Active,Active,Active
SNS_003106,Janakpuri West,2026-03-13 22:00:00,21.2,50.1,592,124,287,Inactive,Active,Active
SNS_003107,Lajpat Nagar,2026-03-13 22:00:00,22.9,61.1,521,148,382,Active,Active,Active
SNS_003108,Central Secretariat,2026-03-13 22:00:00,21.2,52.1,505,55,217,Under Maintenance,Active,Active
SNS_003109,Yamuna Bank,2026-03-13 22:00:00,22.1,64.1,788,53,367,Active,Active,Inactive
SNS_003110,Inderlok,2026-03-13 22:00:00,21.5,63.7,480,45,107,Active,Under Maintenance,Active
SNS_003111,Rajiv Chowk,2026-03-13 23:00:00,21.3,58.2,838,83,213,Active,Active,Active
SNS_003112,Kashmere Gate,2026-03-13 23:00:00,21.6,47.0,509,106,289,Active,Active,Active
SNS_003113,New Delhi,2026-03-13 23:00:00,22.4,61.4,579,57,358,Inactive,Active,Active
SNS_003114,Hauz Khas,2026-03-13 23:00:00,21.9,62.1,724,110,169,Active,Active,Active
SNS_003115,Botanical Garden,2026-03-13 23:00:00,23.8,49.7,722,76,358,Active,Active,Active
SNS_003116,Janakpuri West,2026-03-13 23:00:00,21.7,52.6,548,92,302,Active,Inactive,Active
SNS_003117,Lajpat Nagar,2026-03-13 23:00:00,22.0,51.9,821,43,364,Active,Active,Active
SNS_003118,Central Secretariat,2026-03-13 23:00:00,24.1,58.7,462,98,316,Active,Active,Active
SNS_003119,Yamuna Bank,2026-03-13 23:00:00,21.9,55.2,474,73,171,Active,Active,Active
SNS_003120,Inderlok,2026-03-13 23:00:00,21.1,45.9,840,121,207,Active,Active,Active
SNS_003121,Rajiv Chowk,2026-03-14 00:00:00,21.4,55.2,459,42,3,Active,Active,Active
SNS_003122,Kashmere Gate,2026-03-14 00:00:00,23.3,53.8,716,125,1,Active,Active,Active
SNS_003123,New Delhi,2026-03-14 00:00:00,22.3,63.3,565,124,9,Active,Active,Active
SNS_003124,Hauz Khas,2026-03-14 00:00:00,24.0,58.2,465,115,7,Active,Active,Active
SNS_003125,Botanical Garden,2026-03-14 00:00:00,24.4,54.9,768,87,0,Active,Active,Active
SNS_003126,Janakpuri West,2026-03-14 00:00:00,22.9,46.2,817,69,7,Active,Inactive,Active
SNS_003127,Lajpat Nagar,2026-03-14 00:00:00,21.5,52.2,821,128,4,Active,Active,Active
SNS_003128,Central Secretariat,2026-03-14 00:00:00,23.5,48.1,772,97,5,Active,Active,Active
SNS_003129,Yamuna Bank,2026-03-14 00:00:00,22.2,55.2,835,62,9,Active,Active,Active
SNS_003130,Inderlok,2026-03-14 00:00:00,21.4,55.7,536,43,1,Active,Active,Active
SNS_003131,Rajiv Chowk,2026-03-14 01:00:00,22.1,60.9,498,52,9,Active,Active,Active
SNS_003132,Kashmere Gate,2026-03-14 01:00:00,23.3,53.1,455,66,0,Active,Active,Active
SNS_003133,New Delhi,2026-03-14 01:00:00,21.7,64.7,630,109,6,Active,Active,Active
SNS_003134,Hauz Khas,2026-03-14 01:00:00,22.1,52.3,708,142,9,Active,Active,Active
SNS_003135,Botanical Garden,2026-03-14 01:00:00,22.1,47.4,720,139,1,Active,Active,Active
SNS_003136,Janakpuri West,2026-03-14 01:00:00,22.1,45.1,582,149,8,Active,Active,Active
SNS_003137,Lajpat Nagar,2026-03-14 01:00:00,21.8,49.8,559,63,7,Active,Active,Active
SNS_003138,Central Secretariat,2026-03-14 01:00:00,21.7,53.6,731,50,8,Active,Active,Active
SNS_003139,Yamuna Bank,2026-03-14 01:00:00,23.9,47.0,524,80,0,Active,Active,Active
SNS_003140,Inderlok,2026-03-14 01:00:00,24.3,57.7,841,46,8,Active,Active,Active
SNS_003141,Rajiv Chowk,2026-03-14 02:00:00,21.1,58.7,649,86,5,Active,Active,Active
SNS_003142,Kashmere Gate,2026-03-14 02:00:00,22.6,63.3,782,79,10,Active,Active,Active
SNS_003143,New Delhi,2026-03-14 02:00:00,23.1,54.5,538,114,2,Inactive,Active,Active
SNS_003144,Hauz Khas,2026-03-14 02:00:00,23.7,46.8,581,136,0,Active,Active,Active
SNS_003145,Botanical Garden,2026-03-14 02:00:00,23.5,54.8,659,130,6,Active,Active,Active
SNS_003146,Janakpuri West,2026-03-14 02:00:00,21.3,48.6,752,146,10,Active,Active,Active
SNS_003147,Lajpat Nagar,2026-03-14 02:00:00,23.5,55.2,459,117,5,Active,Active,Active
SNS_003148,Central Secretariat,2026-03-14 02:00:00,23.5,45.9,704,82,8,Active,Active,Active
SNS_003149,Yamuna Bank,2026-03-14 02:00:00,23.5,46.1,766,149,2,Active,Active,Active
SNS_003150,Inderlok,2026-03-14 02:00:00,22.5,51.6,534,55,10,Active,Active,Active
SNS_003151,Rajiv Chowk,2026-03-14 03:00:00,23.2,48.1,505,51,4,Active,Active,Active
SNS_003152,Kashmere Gate,2026-03-14 03:00:00,23.9,54.8,466,129,8,Under Maintenance,Active,Active
SNS_003153,New Delhi,2026-03-14 03:00:00,23.1,51.4,744,141,1,Active,Active,Active
SNS_003154,Hauz Khas,2026-03-14 03:00:00,24.3,50.3,823,112,8,Active,Active,Active
SNS_003155,Botanical Garden,2026-03-14 03:00:00,21.1,57.3,761,137,10,Active,Active,Active
SNS_003156,Janakpuri West,2026-03-14 03:00:00,21.4,51.7,764,93,2,Under Maintenance,Active,Active
SNS_003157,Lajpat Nagar,2026-03-14 03:00:00,21.7,61.2,722,59,9,Active,Active,Active
SNS_003158,Central Secretariat,2026-03-14 03:00:00,21.3,57.2,511,114,6,Active,Active,Active
SNS_003159,Yamuna Bank,2026-03-14 03:00:00,23.3,50.9,646,97,2,Active,Active,Active
SNS_003160,Inderlok,2026-03-14 03:00:00,24.5,47.6,585,96,10,Active,Active,Active
SNS_003161,Rajiv Chowk,2026-03-14 04:00:00,23.9,64.7,480,96,4,Active,Active,Active
SNS_003162,Kashmere Gate,2026-03-14 04:00:00,22.0,61.9,556,70,9,Active,Active,Active
SNS_003163,New Delhi,2026-03-14 04:00:00,22.3,59.9,624,50,4,Active,Active,Active
SNS_003164,Hauz Khas,2026-03-14 04:00:00,24.0,58.5,531,146,5,Active,Active,Active
SNS_003165,Botanical Garden,2026-03-14 04:00:00,24.5,47.3,553,84,10,Active,Active,Active
SNS_003166,Janakpuri West,2026-03-14 04:00:00,23.4,51.2,845,72,1,Active,Active,Active
SNS_003167,Lajpat Nagar,2026-03-14 04:00:00,23.3,56.3,828,133,6,Active,Active,Active
SNS_003168,Central Secretariat,2026-03-14 04:00:00,22.3,60.2,698,86,9,Active,Active,Active
SNS_003169,Yamuna Bank,2026-03-14 04:00:00,23.2,58.5,576,149,9,Active,Active,Active
SNS_003170,Inderlok,2026-03-14 04:00:00,22.0,58.9,741,96,10,Active,Active,Active
SNS_003171,Rajiv Chowk,2026-03-14 05:00:00,21.0,49.1,767,82,9,Active,Active,Active
SNS_003172,Kashmere Gate,2026-03-14 05:00:00,23.1,50.0,762,56,4,Active,Active,Active
SNS_003173,New Delhi,2026-03-14 05:00:00,22.4,54.4,661,94,1,Active,Active,Active
SNS_003174,Hauz Khas,2026-03-14 05:00:00,21.3,45.6,686,58,0,Active,Active,Active
SNS_003175,Botanical Garden,2026-03-14 05:00:00,22.4,63.7,652,134,9,Active,Active,Active
SNS_003176,Janakpuri West,2026-03-14 05:00:00,21.8,48.1,667,42,7,Active,Active,Active
SNS_003177,Lajpat Nagar,2026-03-14 05:00:00,24.1,56.8,696,62,1,Active,Active,Inactive
SNS_003178,Central Secretariat,2026-03-14 05:00:00,24.4,57.7,753,145,9,Active,Active,Active
SNS_003179,Yamuna Bank,2026-03-14 05:00:00,22.2,59.5,638,127,0,Active,Active,Active
SNS_003180,Inderlok,2026-03-14 05:00:00,23.5,47.8,803,114,4,Active,Active,Active
SNS_003181,Rajiv Chowk,2026-03-14 06:00:00,22.0,60.5,723,119,117,Active,Active,Active
SNS_003182,Kashmere Gate,2026-03-14 06:00:00,22.9,63.7,838,46,226,Active,Active,Active
SNS_003183,New Delhi,2026-03-14 06:00:00,21.4,45.6,836,108,120,Active,Active,Active
SNS_003184,Hauz Khas,2026-03-14 06:00:00,22.7,62.6,679,68,218,Active,Active,Active
SNS_003185,Botanical Garden,2026-03-14 06:00:00,23.6,59.5,456,140,204,Active,Active,Active
SNS_003186,Janakpuri West,2026-03-14 06:00:00,21.8,63.6,691,53,323,Active,Inactive,Active
SNS_003187,Lajpat Nagar,2026-03-14 06:00:00,23.6,64.1,580,73,239,Active,Active,Active
SNS_003188,Central Secretariat,2026-03-14 06:00:00,21.4,53.5,655,93,231,Active,Active,Active
SNS_003189,Yamuna Bank,2026-03-14 06:00:00,21.2,49.8,490,44,152,Active,Active,Active
SNS_003190,Inderlok,2026-03-14 06:00:00,21.1,55.3,815,136,256,Active,Active,Active
SNS_003191,Rajiv Chowk,2026-03-14 07:00:00,22.9,62.7,703,115,209,Active,Active,Active
SNS_003192,Kashmere Gate,2026-03-14 07:00:00,24.0,53.8,732,70,134,Active,Active,Active
SNS_003193,New Delhi,2026-03-14 07:00:00,21.7,64.6,652,96,241,Active,Active,Active
SNS_003194,Hauz Khas,2026-03-14 07:00:00,21.5,55.8,609,116,180,Active,Active,Active
SNS_003195,Botanical Garden,2026-03-14 07:00:00,23.8,55.9,499,148,236,Active,Active,Active
SNS_003196,Janakpuri West,2026-03-14 07:00:00,21.2,54.5,833,71,327,Active,Active,Active
SNS_003197,Lajpat Nagar,2026-03-14 07:00:00,21.4,53.9,605,50,106,Active,Active,Active
SNS_003198,Central Secretariat,2026-03-14 07:00:00,22.2,58.2,507,119,107,Active,Active,Active
SNS_003199,Yamuna Bank,2026-03-14 07:00:00,23.2,49.8,582,52,260,Active,Active,Active
SNS_003200,Inderlok,2026-03-14 07:00:00,22.8,46.8,473,88,268,Active,Active,Active
SNS_003201,Rajiv Chowk,2026-03-14 08:00:00,23.8,45.8,605,121,702,Active,Active,Active
SNS_003202,Kashmere Gate,2026-03-14 08:00:00,21.9,60.7,759,51,1381,Active,Active,Active
SNS_003203,New Delhi,2026-03-14 08:00:00,22.7,50.7,545,58,1076,Active,Active,Active
SNS_003204,Hauz Khas,2026-03-14 08:00:00,21.6,52.2,602,115,851,Active,Active,Active
SNS_003205,Botanical Garden,2026-03-14 08:00:00,22.4,46.7,800,90,1367,Inactive,Active,Active
SNS_003206,Janakpuri West,2026-03-14 08:00:00,21.0,64.6,523,48,1245,Active,Active,Active
SNS_003207,Lajpat Nagar,2026-03-14 08:00:00,22.4,62.4,679,66,573,Active,Active,Active
SNS_003208,Central Secretariat,2026-03-14 08:00:00,23.8,64.7,556,150,1257,Active,Active,Active
SNS_003209,Yamuna Bank,2026-03-14 08:00:00,22.5,49.4,629,53,734,Active,Active,Active
SNS_003210,Inderlok,2026-03-14 08:00:00,21.2,58.1,630,105,700,Active,Inactive,Active
SNS_003211,Rajiv Chowk,2026-03-14 09:00:00,23.9,53.2,833,127,1172,Active,Active,Active
SNS_003212,Kashmere Gate,2026-03-14 09:00:00,21.3,51.5,590,100,1207,Active,Active,Active
SNS_003213,New Delhi,2026-03-14 09:00:00,23.7,48.4,792,59,1105,Active,Under Maintenance,Active
SNS_003214,Hauz Khas,2026-03-14 09:00:00,22.5,56.9,706,109,764,Active,Active,Active
SNS_003215,Botanical Garden,2026-03-14 09:00:00,24.5,57.3,570,44,507,Active,Active,Active
SNS_003216,Janakpuri West,2026-03-14 09:00:00,21.7,55.1,661,146,846,Active,Active,Active
SNS_003217,Lajpat Nagar,2026-03-14 09:00:00,22.8,47.5,759,52,1437,Active,Active,Active
SNS_003218,Central Secretariat,2026-03-14 09:00:00,23.0,49.8,638,122,725,Active,Active,Active
SNS_003219,Yamuna Bank,2026-03-14 09:00:00,23.4,46.1,672,79,1424,Active,Active,Active
SNS_003220,Inderlok,2026-03-14 09:00:00,23.6,64.6,597,123,712,Active,Active,Active
SNS_003221,Rajiv Chowk,2026-03-14 10:00:00,21.8,60.7,746,81,1051,Active,Active,Active
SNS_003222,Kashmere Gate,2026-03-14 10:00:00,23.3,58.1,565,147,1198,Active,Active,Active
SNS_003223,New Delhi,2026-03-14 10:00:00,23.7,61.6,535,146,834,Active,Active,Active
SNS_003224,Hauz Khas,2026-03-14 10:00:00,24.2,55.9,531,100,942,Active,Active,Active
SNS_003225,Botanical Garden,2026-03-14 10:00:00,21.1,45.4,632,86,694,Active,Active,Active
SNS_003226,Janakpuri West,2026-03-14 10:00:00,21.7,47.3,787,46,959,Active,Active,Active
SNS_003227,Lajpat Nagar,2026-03-14 10:00:00,22.5,53.3,494,116,1020,Active,Active,Active
SNS_003228,Central Secretariat,2026-03-14 10:00:00,21.1,47.1,700,54,1177,Active,Active,Active
SNS_003229,Yamuna Bank,2026-03-14 10:00:00,23.6,63.3,516,135,1185,Active,Active,Active
SNS_003230,Inderlok,2026-03-14 10:00:00,24.0,60.7,541,41,1155,Active,Active,Active
SNS_003231,Rajiv Chowk,2026-03-14 11:00:00,24.2,57.1,592,67,199,Active,Active,Active
SNS_003232,Kashmere Gate,2026-03-14 11:00:00,23.4,50.6,501,107,363,Active,Active,Active
SNS_003233,New Delhi,2026-03-14 11:00:00,22.6,55.9,504,145,110,Active,Active,Active
SNS_003234,Hauz Khas,2026-03-14 11:00:00,23.9,48.8,775,55,285,Active,Active,Active
SNS_003235,Botanical Garden,2026-03-14 11:00:00,22.8,49.4,823,95,152,Active,Active,Active
SNS_003236,Janakpuri West,2026-03-14 11:00:00,23.6,64.9,648,140,294,Active,Active,Active
SNS_003237,Lajpat Nagar,2026-03-14 11:00:00,24.5,48.5,452,143,187,Active,Active,Active
SNS_003238,Central Secretariat,2026-03-14 11:00:00,23.2,61.5,747,100,164,Active,Active,Active
SNS_003239,Yamuna Bank,2026-03-14 11:00:00,21.7,58.8,742,103,281,Active,Active,Active
SNS_003240,Inderlok,2026-03-14 11:00:00,22.5,61.7,466,88,344,Active,Active,Active
SNS_003241,Rajiv Chowk,2026-03-14 12:00:00,23.2,62.1,498,111,308,Active,Active,Active
SNS_003242,Kashmere Gate,2026-03-14 12:00:00,24.1,45.8,773,79,373,Active,Active,Active
SNS_003243,New Delhi,2026-03-14 12:00:00,21.8,62.5,804,95,158,Under Maintenance,Active,Active
SNS_003244,Hauz Khas,2026-03-14 12:00:00,23.2,57.2,506,59,262,Active,Active,Active
SNS_003245,Botanical Garden,2026-03-14 12:00:00,24.0,52.6,519,88,393,Active,Active,Active
SNS_003246,Janakpuri West,2026-03-14 12:00:00,22.8,62.4,476,48,281,Active,Active,Active
SNS_003247,Lajpat Nagar,2026-03-14 12:00:00,21.3,63.0,545,92,380,Active,Active,Active
SNS_003248,Central Secretariat,2026-03-14 12:00:00,21.1,62.5,673,70,117,Active,Active,Active
SNS_003249,Yamuna Bank,2026-03-14 12:00:00,23.2,62.7,541,137,222,Active,Active,Active
SNS_003250,Inderlok,2026-03-14 12:00:00,24.4,45.6,613,100,124,Active,Active,Active
SNS_003251,Rajiv Chowk,2026-03-14 13:00:00,21.6,55.2,808,89,331,Active,Active,Active
SNS_003252,Kashmere Gate,2026-03-14 13:00:00,22.4,50.1,624,63,340,Active,Active,Active
SNS_003253,New Delhi,2026-03-14 13:00:00,23.9,54.1,509,101,195,Active,Active,Active
SNS_003254,Hauz Khas,2026-03-14 13:00:00,23.2,61.2,465,97,117,Active,Active,Active
SNS_003255,Botanical Garden,2026-03-14 13:00:00,23.3,58.8,483,41,110,Active,Active,Active
SNS_003256,Janakpuri West,2026-03-14 13:00:00,23.0,48.7,598,59,206,Active,Active,Active
SNS_003257,Lajpat Nagar,2026-03-14 13:00:00,21.6,61.0,525,121,257,Active,Active,Active
SNS_003258,Central Secretariat,2026-03-14 13:00:00,22.2,52.0,622,119,275,Active,Active,Active
SNS_003259,Yamuna Bank,2026-03-14 13:00:00,21.3,51.5,831,141,253,Active,Active,Active
SNS_003260,Inderlok,2026-03-14 13:00:00,23.5,50.4,721,115,167,Active,Active,Active
SNS_003261,Rajiv Chowk,2026-03-14 14:00:00,23.3,51.2,818,123,222,Active,Inactive,Active
SNS_003262,Kashmere Gate,2026-03-14 14:00:00,21.8,64.6,760,53,142,Active,Active,Active
SNS_003263,New Delhi,2026-03-14 14:00:00,22.4,55.9,628,133,162,Active,Active,Active
SNS_003264,Hauz Khas,2026-03-14 14:00:00,23.8,45.2,608,144,309,Active,Active,Active
SNS_003265,Botanical Garden,2026-03-14 14:00:00,24.2,54.1,751,66,348,Active,Active,Active
SNS_003266,Janakpuri West,2026-03-14 14:00:00,22.1,47.9,517,147,207,Active,Active,Active
SNS_003267,Lajpat Nagar,2026-03-14 14:00:00,22.2,46.6,778,52,249,Active,Active,Active
SNS_003268,Central Secretariat,2026-03-14 14:00:00,23.2,52.1,624,54,148,Active,Active,Active
SNS_003269,Yamuna Bank,2026-03-14 14:00:00,23.8,49.8,768,84,224,Active,Active,Active
SNS_003270,Inderlok,2026-03-14 14:00:00,24.0,60.0,515,106,309,Active,Active,Active
SNS_003271,Rajiv Chowk,2026-03-14 15:00:00,22.5,57.2,528,77,340,Active,Active,Active
SNS_003272,Kashmere Gate,2026-03-14 15:00:00,21.8,46.6,473,77,108,Active,Active,Active
SNS_003273,New Delhi,2026-03-14 15:00:00,23.1,53.0,472,92,144,Active,Active,Active
SNS_003274,Hauz Khas,2026-03-14 15:00:00,22.8,46.3,462,130,339,Active,Active,Active
SNS_003275,Botanical Garden,2026-03-14 15:00:00,21.4,58.0,793,68,252,Under Maintenance,Active,Active
SNS_003276,Janakpuri West,2026-03-14 15:00:00,24.3,47.1,760,97,120,Active,Active,Active
SNS_003277,Lajpat Nagar,2026-03-14 15:00:00,23.6,52.4,691,130,341,Active,Active,Active
SNS_003278,Central Secretariat,2026-03-14 15:00:00,24.3,53.8,487,141,391,Under Maintenance,Active,Active
SNS_003279,Yamuna Bank,2026-03-14 15:00:00,23.9,45.5,486,41,282,Active,Active,Active
SNS_003280,Inderlok,2026-03-14 15:00:00,21.8,55.1,669,143,214,Active,Active,Active
SNS_003281,Rajiv Chowk,2026-03-14 16:00:00,21.9,64.4,567,48,158,Active,Active,Active
SNS_003282,Kashmere Gate,2026-03-14 16:00:00,23.5,59.6,668,137,354,Active,Active,Active
SNS_003283,New Delhi,2026-03-14 16:00:00,22.6,51.6,665,135,182,Active,Active,Active
SNS_003284,Hauz Khas,2026-03-14 16:00:00,23.2,56.1,510,40,398,Under Maintenance,Active,Active
SNS_003285,Botanical Garden,2026-03-14 16:00:00,21.7,53.3,743,87,393,Active,Active,Active
SNS_003286,Janakpuri West,2026-03-14 16:00:00,24.0,47.8,836,43,148,Active,Under Maintenance,Active
SNS_003287,Lajpat Nagar,2026-03-14 16:00:00,21.8,47.5,684,51,248,Active,Active,Active
SNS_003288,Central Secretariat,2026-03-14 16:00:00,24.3,52.2,794,98,395,Active,Active,Active
SNS_003289,Yamuna Bank,2026-03-14 16:00:00,24.3,52.8,545,119,159,Active,Active,Active
SNS_003290,Inderlok,2026-03-14 16:00:00,23.6,61.0,565,44,202,Active,Under Maintenance,Active
SNS_003291,Rajiv Chowk,2026-03-14 17:00:00,21.6,46.2,506,74,537,Active,Active,Active
SNS_003292,Kashmere Gate,2026-03-14 17:00:00,21.5,56.1,567,76,1193,Active,Active,Active
SNS_003293,New Delhi,2026-03-14 17:00:00,23.3,63.3,692,149,943,Active,Active,Active
SNS_003294,Hauz Khas,2026-03-14 17:00:00,24.0,51.6,606,87,819,Active,Active,Active
SNS_003295,Botanical Garden,2026-03-14 17:00:00,23.2,60.1,716,133,826,Active,Active,Active
SNS_003296,Janakpuri West,2026-03-14 17:00:00,22.5,62.1,605,55,1163,Active,Active,Active
SNS_003297,Lajpat Nagar,2026-03-14 17:00:00,23.1,49.7,757,58,574,Active,Active,Active
SNS_003298,Central Secretariat,2026-03-14 17:00:00,21.3,52.0,721,97,1318,Active,Active,Active
SNS_003299,Yamuna Bank,2026-03-14 17:00:00,23.7,45.5,706,66,969,Active,Active,Active
SNS_003300,Inderlok,2026-03-14 17:00:00,24.4,57.1,624,79,608,Active,Active,Active
SNS_003301,Rajiv Chowk,2026-03-14 18:00:00,24.0,50.0,457,96,1081,Active,Active,Active
SNS_003302,Kashmere Gate,2026-03-14 18:00:00,23.1,63.7,802,80,682,Active,Active,Active
SNS_003303,New Delhi,2026-03-14 18:00:00,23.7,56.6,558,146,840,Active,Inactive,Active
SNS_003304,Hauz Khas,2026-03-14 18:00:00,22.1,51.9,692,145,828,Active,Active,Active
SNS_003305,Botanical Garden,2026-03-14 18:00:00,23.6,62.0,587,73,1370,Active,Active,Inactive
SNS_003306,Janakpuri West,2026-03-14 18:00:00,22.7,53.0,468,108,1011,Active,Active,Active
SNS_003307,Lajpat Nagar,2026-03-14 18:00:00,21.7,60.4,604,99,665,Active,Active,Active
SNS_003308,Central Secretariat,2026-03-14 18:00:00,23.6,61.9,806,97,847,Active,Active,Active
SNS_003309,Yamuna Bank,2026-03-14 18:00:00,24.0,62.7,764,74,694,Active,Active,Active
SNS_003310,Inderlok,2026-03-14 18:00:00,24.3,62.9,642,135,604,Active,Active,Active
SNS_003311,Rajiv Chowk,2026-03-14 19:00:00,23.8,57.3,846,148,881,Active,Active,Active
SNS_003312,Kashmere Gate,2026-03-14 19:00:00,22.6,55.4,727,131,1286,Active,Active,Active
SNS_003313,New Delhi,2026-03-14 19:00:00,22.3,56.8,517,42,1168,Active,Active,Active
SNS_003314,Hauz Khas,2026-03-14 19:00:00,24.3,48.7,738,119,990,Active,Active,Active
SNS_003315,Botanical Garden,2026-03-14 19:00:00,21.3,58.6,687,106,1227,Active,Active,Active
SNS_003316,Janakpuri West,2026-03-14 19:00:00,22.9,63.5,511,105,1384,Active,Active,Active
SNS_003317,Lajpat Nagar,2026-03-14 19:00:00,23.5,56.5,629,47,1037,Active,Active,Active
SNS_003318,Central Secretariat,2026-03-14 19:00:00,23.5,49.4,679,85,1427,Active,Active,Active
SNS_003319,Yamuna Bank,2026-03-14 19:00:00,23.4,51.0,481,47,915,Active,Active,Active
SNS_003320,Inderlok,2026-03-14 19:00:00,22.2,48.7,615,47,1245,Active,Active,Active
SNS_003321,Rajiv Chowk,2026-03-14 20:00:00,22.3,58.2,597,48,1284,Active,Active,Active
SNS_003322,Kashmere Gate,2026-03-14 20:00:00,23.6,60.8,671,71,688,Active,Active,Active
SNS_003323,New Delhi,2026-03-14 20:00:00,22.8,60.2,628,63,1186,Active,Under Maintenance,Active
SNS_003324,Hauz Khas,2026-03-14 20:00:00,23.0,61.8,739,93,1138,Active,Active,Active
SNS_003325,Botanical Garden,2026-03-14 20:00:00,23.3,59.1,773,124,1104,Inactive,Active,Active
SNS_003326,Janakpuri West,2026-03-14 20:00:00,21.8,54.1,719,114,519,Active,Active,Active
SNS_003327,Lajpat Nagar,2026-03-14 20:00:00,24.3,59.2,623,86,840,Active,Active,Active
SNS_003328,Central Secretariat,2026-03-14 20:00:00,22.9,63.3,612,63,588,Active,Active,Active
SNS_003329,Yamuna Bank,2026-03-14 20:00:00,21.5,63.6,759,107,1161,Active,Active,Active
SNS_003330,Inderlok,2026-03-14 20:00:00,22.9,46.6,498,145,1210,Active,Active,Active
SNS_003331,Rajiv Chowk,2026-03-14 21:00:00,21.1,62.9,471,48,370,Active,Active,Active
SNS_003332,Kashmere Gate,2026-03-14 21:00:00,22.6,56.5,683,119,193,Active,Active,Active
SNS_003333,New Delhi,2026-03-14 21:00:00,22.3,49.7,845,101,145,Active,Active,Active
SNS_003334,Hauz Khas,2026-03-14 21:00:00,24.4,46.9,525,60,319,Active,Active,Active
SNS_003335,Botanical Garden,2026-03-14 21:00:00,21.2,58.2,563,141,329,Active,Active,Active
SNS_003336,Janakpuri West,2026-03-14 21:00:00,23.7,50.0,589,145,168,Active,Active,Active
SNS_003337,Lajpat Nagar,2026-03-14 21:00:00,24.1,55.8,724,52,357,Active,Active,Active
SNS_003338,Central Secretariat,2026-03-14 21:00:00,23.3,47.7,505,116,222,Active,Active,Active
SNS_003339,Yamuna Bank,2026-03-14 21:00:00,23.4,48.7,699,100,115,Active,Active,Active
SNS_003340,Inderlok,2026-03-14 21:00:00,21.6,56.2,657,52,154,Active,Active,Active
SNS_003341,Rajiv Chowk,2026-03-14 22:00:00,21.5,53.1,666,116,337,Active,Active,Active
SNS_003342,Kashmere Gate,2026-03-14 22:00:00,22.4,52.0,467,59,177,Active,Active,Active
SNS_003343,New Delhi,2026-03-14 22:00:00,21.9,50.7,530,103,175,Active,Active,Active
SNS_003344,Hauz Khas,2026-03-14 22:00:00,21.6,57.9,586,43,290,Active,Active,Active
SNS_003345,Botanical Garden,2026-03-14 22:00:00,23.1,64.3,730,64,338,Active,Active,Active
SNS_003346,Janakpuri West,2026-03-14 22:00:00,21.2,47.6,489,57,151,Active,Active,Active
SNS_003347,Lajpat Nagar,2026-03-14 22:00:00,21.4,64.6,839,49,164,Active,Active,Active
SNS_003348,Central Secretariat,2026-03-14 22:00:00,24.5,61.4,628,142,249,Active,Active,Active
SNS_003349,Yamuna Bank,2026-03-14 22:00:00,22.9,58.5,794,91,330,Active,Active,Active
SNS_003350,Inderlok,2026-03-14 22:00:00,23.4,60.0,469,47,343,Active,Active,Active
SNS_003351,Rajiv Chowk,2026-03-14 23:00:00,24.1,64.3,815,117,323,Active,Active,Active
SNS_003352,Kashmere Gate,2026-03-14 23:00:00,21.6,45.7,762,108,104,Active,Active,Active
SNS_003353,New Delhi,2026-03-14 23:00:00,24.4,64.7,745,130,358,Active,Active,Active
SNS_003354,Hauz Khas,2026-03-14 23:00:00,22.5,62.9,769,66,111,Active,Active,Active
SNS_003355,Botanical Garden,2026-03-14 23:00:00,24.4,46.0,473,116,358,Active,Active,Active
SNS_003356,Janakpuri West,2026-03-14 23:00:00,21.4,57.5,469,136,394,Active,Active,Active
SNS_003357,Lajpat Nagar,2026-03-14 23:00:00,21.2,45.4,591,103,264,Active,Active,Active
SNS_003358,Central Secretariat,2026-03-14 23:00:00,22.3,48.0,718,62,254,Active,Active,Active
SNS_003359,Yamuna Bank,2026-03-14 23:00:00,24.4,56.5,674,141,277,Active,Active,Active
SNS_003360,Inderlok,2026-03-14 23:00:00,21.3,53.0,736,141,344,Active,Active,Active
SNS_003361,Rajiv Chowk,2026-03-15 00:00:00,23.3,61.2,610,57,1,Active,Active,Active
SNS_003362,Kashmere Gate,2026-03-15 00:00:00,21.5,60.4,472,136,3,Active,Active,Active
SNS_003363,New Delhi,2026-03-15 00:00:00,23.0,48.6,461,94,3,Active,Active,Active
SNS_003364,Hauz Khas,2026-03-15 00:00:00,23.6,63.5,476,149,1,Active,Active,Active
SNS_003365,Botanical Garden,2026-03-15 00:00:00,24.5,46.1,741,110,7,Active,Active,Active
SNS_003366,Janakpuri West,2026-03-15 00:00:00,24.1,53.7,681,141,1,Active,Active,Active
SNS_003367,Lajpat Nagar,2026-03-15 00:00:00,24.4,57.5,848,49,9,Active,Active,Active
SNS_003368,Central Secretariat,2026-03-15 00:00:00,21.6,45.8,828,114,3,Active,Active,Active
SNS_003369,Yamuna Bank,2026-03-15 00:00:00,23.5,49.6,698,57,10,Active,Active,Active
SNS_003370,Inderlok,2026-03-15 00:00:00,24.4,54.0,762,104,3,Active,Active,Active
SNS_003371,Rajiv Chowk,2026-03-15 01:00:00,22.5,62.0,832,149,5,Active,Active,Active
SNS_003372,Kashmere Gate,2026-03-15 01:00:00,24.3,59.3,640,126,3,Active,Active,Active
SNS_003373,New Delhi,2026-03-15 01:00:00,24.5,56.2,585,150,5,Active,Active,Active
SNS_003374,Hauz Khas,2026-03-15 01:00:00,24.2,53.3,693,113,5,Active,Active,Active
SNS_003375,Botanical Garden,2026-03-15 01:00:00,24.3,55.7,616,103,6,Active,Active,Active
SNS_003376,Janakpuri West,2026-03-15 01:00:00,22.3,55.9,838,59,9,Active,Active,Active
SNS_003377,Lajpat Nagar,2026-03-15 01:00:00,23.1,55.9,803,135,7,Active,Active,Active
SNS_003378,Central Secretariat,2026-03-15 01:00:00,23.6,49.3,749,82,3,Active,Active,Active
SNS_003379,Yamuna Bank,2026-03-15 01:00:00,21.5,50.7,838,113,0,Active,Active,Active
SNS_003380,Inderlok,2026-03-15 01:00:00,23.4,52.2,814,51,0,Active,Active,Active
SNS_003381,Rajiv Chowk,2026-03-15 02:00:00,22.5,64.5,790,42,2,Active,Inactive,Active
SNS_003382,Kashmere Gate,2026-03-15 02:00:00,22.4,57.2,534,74,2,Active,Active,Active
SNS_003383,New Delhi,2026-03-15 02:00:00,24.3,63.9,726,115,10,Active,Active,Active
SNS_003384,Hauz Khas,2026-03-15 02:00:00,23.0,48.0,747,96,3,Active,Active,Active
SNS_003385,Botanical Garden,2026-03-15 02:00:00,24.4,50.9,671,94,6,Active,Active,Active
SNS_003386,Janakpuri West,2026-03-15 02:00:00,24.4,54.2,551,113,7,Active,Active,Active
SNS_003387,Lajpat Nagar,2026-03-15 02:00:00,23.5,53.8,545,124,2,Active,Active,Active
SNS_003388,Central Secretariat,2026-03-15 02:00:00,22.6,64.8,465,133,4,Active,Active,Active
SNS_003389,Yamuna Bank,2026-03-15 02:00:00,21.5,60.4,844,66,10,Active,Active,Active
SNS_003390,Inderlok,2026-03-15 02:00:00,21.5,60.8,614,111,6,Active,Active,Active
SNS_003391,Rajiv Chowk,2026-03-15 03:00:00,21.4,50.8,810,137,3,Under Maintenance,Active,Active
SNS_003392,Kashmere Gate,2026-03-15 03:00:00,22.9,53.6,749,130,6,Active,Active,Active
SNS_003393,New Delhi,2026-03-15 03:00:00,21.0,64.1,829,122,4,Active,Active,Active
SNS_003394,Hauz Khas,2026-03-15 03:00:00,21.6,48.9,771,139,7,Active,Active,Active
SNS_003395,Botanical Garden,2026-03-15 03:00:00,22.2,52.0,802,126,10,Active,Active,Active
SNS_003396,Janakpuri West,2026-03-15 03:00:00,21.1,45.8,486,67,4,Active,Active,Active
SNS_003397,Lajpat Nagar,2026-03-15 03:00:00,21.5,47.9,803,51,8,Under Maintenance,Active,Active
SNS_003398,Central Secretariat,2026-03-15 03:00:00,23.9,60.6,823,149,9,Active,Active,Active
SNS_003399,Yamuna Bank,2026-03-15 03:00:00,24.0,46.9,775,122,4,Active,Active,Active
SNS_003400,Inderlok,2026-03-15 03:00:00,22.3,59.0,473,84,8,Active,Active,Active
SNS_003401,Rajiv Chowk,2026-03-15 04:00:00,21.2,56.5,458,80,1,Active,Active,Active
SNS_003402,Kashmere Gate,2026-03-15 04:00:00,21.6,52.7,839,45,3,Active,Active,Active
SNS_003403,New Delhi,2026-03-15 04:00:00,21.7,55.6,768,94,6,Active,Active,Active
SNS_003404,Hauz Khas,2026-03-15 04:00:00,21.3,64.4,796,104,2,Under Maintenance,Active,Active
SNS_003405,Botanical Garden,2026-03-15 04:00:00,22.7,58.2,532,86,9,Active,Active,Active
SNS_003406,Janakpuri West,2026-03-15 04:00:00,24.3,62.9,739,131,1,Active,Active,Active
SNS_003407,Lajpat Nagar,2026-03-15 04:00:00,23.4,56.7,526,56,10,Active,Active,Active
SNS_003408,Central Secretariat,2026-03-15 04:00:00,23.8,46.2,521,122,10,Inactive,Active,Active
SNS_003409,Yamuna Bank,2026-03-15 04:00:00,21.2,53.3,552,141,8,Active,Active,Active
SNS_003410,Inderlok,2026-03-15 04:00:00,23.2,51.2,789,73,2,Active,Active,Active
SNS_003411,Rajiv Chowk,2026-03-15 05:00:00,24.4,48.7,587,54,4,Active,Active,Active
SNS_003412,Kashmere Gate,2026-03-15 05:00:00,23.1,57.2,846,76,7,Active,Active,Active
SNS_003413,New Delhi,2026-03-15 05:00:00,21.1,57.3,641,82,1,Active,Active,Active
SNS_003414,Hauz Khas,2026-03-15 05:00:00,23.4,55.8,450,131,6,Active,Active,Active
SNS_003415,Botanical Garden,2026-03-15 05:00:00,23.2,48.2,706,79,5,Active,Active,Active
SNS_003416,Janakpuri West,2026-03-15 05:00:00,21.6,55.9,784,77,1,Active,Active,Active
SNS_003417,Lajpat Nagar,2026-03-15 05:00:00,22.4,61.4,466,118,10,Active,Active,Active
SNS_003418,Central Secretariat,2026-03-15 05:00:00,24.2,54.7,505,62,1,Active,Active,Active
SNS_003419,Yamuna Bank,2026-03-15 05:00:00,21.2,49.1,700,125,7,Active,Active,Active
SNS_003420,Inderlok,2026-03-15 05:00:00,23.9,59.6,512,77,8,Active,Active,Active
SNS_003421,Rajiv Chowk,2026-03-15 06:00:00,22.4,48.1,724,84,238,Active,Active,Active
SNS_003422,Kashmere Gate,2026-03-15 06:00:00,21.5,46.3,645,61,176,Active,Active,Active
SNS_003423,New Delhi,2026-03-15 06:00:00,22.2,48.6,664,86,161,Active,Active,Active
SNS_003424,Hauz Khas,2026-03-15 06:00:00,24.3,46.9,839,68,110,Active,Active,Active
SNS_003425,Botanical Garden,2026-03-15 06:00:00,22.9,56.6,772,139,192,Active,Active,Active
SNS_003426,Janakpuri West,2026-03-15 06:00:00,22.4,55.5,713,142,243,Active,Active,Active
SNS_003427,Lajpat Nagar,2026-03-15 06:00:00,21.9,62.1,562,93,211,Active,Active,Inactive
SNS_003428,Central Secretariat,2026-03-15 06:00:00,22.1,60.7,466,69,334,Active,Active,Active
SNS_003429,Yamuna Bank,2026-03-15 06:00:00,24.5,48.4,547,67,378,Active,Active,Active
SNS_003430,Inderlok,2026-03-15 06:00:00,22.1,57.0,470,91,213,Active,Active,Active
SNS_003431,Rajiv Chowk,2026-03-15 07:00:00,21.2,56.8,538,110,386,Active,Active,Active
SNS_003432,Kashmere Gate,2026-03-15 07:00:00,22.1,54.4,798,46,178,Active,Active,Active
SNS_003433,New Delhi,2026-03-15 07:00:00,21.5,46.3,758,75,278,Active,Active,Active
SNS_003434,Hauz Khas,2026-03-15 07:00:00,21.2,45.0,631,62,125,Active,Active,Active
SNS_003435,Botanical Garden,2026-03-15 07:00:00,23.5,63.7,612,51,231,Active,Active,Active
SNS_003436,Janakpuri West,2026-03-15 07:00:00,22.8,50.3,837,108,261,Active,Active,Active
SNS_003437,Lajpat Nagar,2026-03-15 07:00:00,24.2,46.1,632,107,317,Active,Active,Active
SNS_003438,Central Secretariat,2026-03-15 07:00:00,22.8,57.7,834,71,282,Active,Active,Active
SNS_003439,Yamuna Bank,2026-03-15 07:00:00,23.7,46.6,838,102,317,Active,Active,Active
SNS_003440,Inderlok,2026-03-15 07:00:00,22.5,61.5,488,57,171,Active,Active,Active
SNS_003441,Rajiv Chowk,2026-03-15 08:00:00,22.9,48.6,614,140,547,Active,Active,Active
SNS_003442,Kashmere Gate,2026-03-15 08:00:00,23.5,46.4,778,128,1013,Active,Active,Active
SNS_003443,New Delhi,2026-03-15 08:00:00,21.7,48.5,725,59,877,Active,Active,Active
SNS_003444,Hauz Khas,2026-03-15 08:00:00,21.6,59.3,714,115,586,Active,Active,Active
SNS_003445,Botanical Garden,2026-03-15 08:00:00,23.3,64.5,475,100,1047,Active,Active,Active
SNS_003446,Janakpuri West,2026-03-15 08:00:00,21.1,54.7,462,45,520,Active,Active,Active
SNS_003447,Lajpat Nagar,2026-03-15 08:00:00,23.8,55.9,850,55,778,Active,Active,Active
SNS_003448,Central Secretariat,2026-03-15 08:00:00,22.8,56.7,475,115,890,Active,Active,Active
SNS_003449,Yamuna Bank,2026-03-15 08:00:00,21.3,46.4,479,144,1355,Active,Active,Active
SNS_003450,Inderlok,2026-03-15 08:00:00,21.1,47.6,456,111,1252,Active,Active,Active
SNS_003451,Rajiv Chowk,2026-03-15 09:00:00,21.2,64.4,515,128,1229,Active,Active,Active
SNS_003452,Kashmere Gate,2026-03-15 09:00:00,22.9,53.2,559,131,987,Active,Active,Active
SNS_003453,New Delhi,2026-03-15 09:00:00,23.5,46.2,546,132,648,Active,Active,Active
SNS_003454,Hauz Khas,2026-03-15 09:00:00,22.1,50.6,574,55,897,Active,Active,Active
SNS_003455,Botanical Garden,2026-03-15 09:00:00,22.7,45.6,800,40,579,Active,Active,Active
SNS_003456,Janakpuri West,2026-03-15 09:00:00,22.7,46.9,740,146,1154,Active,Active,Active
SNS_003457,Lajpat Nagar,2026-03-15 09:00:00,23.9,55.1,606,125,681,Active,Active,Active
SNS_003458,Central Secretariat,2026-03-15 09:00:00,23.6,60.5,742,88,1368,Active,Active,Active
SNS_003459,Yamuna Bank,2026-03-15 09:00:00,22.8,52.3,820,53,888,Active,Active,Active
SNS_003460,Inderlok,2026-03-15 09:00:00,23.9,49.2,803,54,1386,Active,Active,Active
SNS_003461,Rajiv Chowk,2026-03-15 10:00:00,21.4,53.3,656,136,1335,Active,Active,Active
SNS_003462,Kashmere Gate,2026-03-15 10:00:00,22.2,54.7,677,127,769,Active,Active,Active
SNS_003463,New Delhi,2026-03-15 10:00:00,22.1,50.1,492,45,849,Active,Active,Active
SNS_003464,Hauz Khas,2026-03-15 10:00:00,21.3,52.3,464,44,1418,Active,Active,Active
SNS_003465,Botanical Garden,2026-03-15 10:00:00,24.0,45.3,549,103,1029,Inactive,Active,Active
SNS_003466,Janakpuri West,2026-03-15 10:00:00,23.1,64.5,494,140,1436,Active,Active,Active
SNS_003467,Lajpat Nagar,2026-03-15 10:00:00,22.6,46.4,764,82,1034,Active,Active,Active
SNS_003468,Central Secretariat,2026-03-15 10:00:00,24.2,48.1,563,112,873,Active,Under Maintenance,Active
SNS_003469,Yamuna Bank,2026-03-15 10:00:00,24.4,51.0,809,57,706,Active,Active,Active
SNS_003470,Inderlok,2026-03-15 10:00:00,21.4,51.5,843,98,800,Active,Active,Active
SNS_003471,Rajiv Chowk,2026-03-15 11:00:00,21.4,49.9,470,96,373,Active,Active,Active
SNS_003472,Kashmere Gate,2026-03-15 11:00:00,21.7,61.1,700,74,397,Active,Active,Active
SNS_003473,New Delhi,2026-03-15 11:00:00,22.0,48.9,645,88,156,Active,Active,Active
SNS_003474,Hauz Khas,2026-03-15 11:00:00,23.1,50.2,722,127,210,Active,Active,Active
SNS_003475,Botanical Garden,2026-03-15 11:00:00,24.5,50.0,545,72,399,Active,Active,Active
SNS_003476,Janakpuri West,2026-03-15 11:00:00,21.4,51.4,657,137,345,Active,Active,Active
SNS_003477,Lajpat Nagar,2026-03-15 11:00:00,22.9,65.0,758,88,145,Active,Active,Active
SNS_003478,Central Secretariat,2026-03-15 11:00:00,22.5,61.6,776,72,334,Active,Active,Active
SNS_003479,Yamuna Bank,2026-03-15 11:00:00,24.2,48.5,552,55,104,Active,Active,Active
SNS_003480,Inderlok,2026-03-15 11:00:00,23.5,58.6,451,49,122,Active,Active,Active
SNS_003481,Rajiv Chowk,2026-03-15 12:00:00,21.9,60.8,516,79,146,Active,Active,Active
SNS_003482,Kashmere Gate,2026-03-15 12:00:00,24.4,58.9,664,94,374,Active,Active,Active
SNS_003483,New Delhi,2026-03-15 12:00:00,21.8,59.4,461,106,315,Active,Active,Active
SNS_003484,Hauz Khas,2026-03-15 12:00:00,21.7,60.7,669,115,212,Active,Active,Active
SNS_003485,Botanical Garden,2026-03-15 12:00:00,21.2,57.1,714,47,202,Active,Active,Active
SNS_003486,Janakpuri West,2026-03-15 12:00:00,23.5,52.0,823,57,299,Active,Active,Active
SNS_003487,Lajpat Nagar,2026-03-15 12:00:00,21.1,61.5,780,127,231,Active,Active,Active
SNS_003488,Central Secretariat,2026-03-15 12:00:00,23.5,60.4,492,49,362,Inactive,Active,Active
SNS_003489,Yamuna Bank,2026-03-15 12:00:00,24.4,59.0,689,68,283,Active,Active,Active
SNS_003490,Inderlok,2026-03-15 12:00:00,22.1,58.4,634,103,184,Active,Active,Active
SNS_003491,Rajiv Chowk,2026-03-15 13:00:00,24.5,63.5,534,112,288,Active,Active,Active
SNS_003492,Kashmere Gate,2026-03-15 13:00:00,22.6,63.1,739,143,287,Active,Active,Active
SNS_003493,New Delhi,2026-03-15 13:00:00,23.2,63.2,530,93,319,Active,Active,Active
SNS_003494,Hauz Khas,2026-03-15 13:00:00,21.3,53.4,545,91,126,Active,Active,Active
SNS_003495,Botanical Garden,2026-03-15 13:00:00,22.5,62.2,812,110,232,Active,Active,Active
SNS_003496,Janakpuri West,2026-03-15 13:00:00,21.4,64.1,512,139,110,Active,Active,Active
SNS_003497,Lajpat Nagar,2026-03-15 13:00:00,21.4,60.6,821,44,306,Active,Active,Active
SNS_003498,Central Secretariat,2026-03-15 13:00:00,21.9,47.0,654,115,299,Active,Active,Active
SNS_003499,Yamuna Bank,2026-03-15 13:00:00,22.7,61.0,579,76,209,Active,Active,Active
SNS_003500,Inderlok,2026-03-15 13:00:00,21.8,50.1,468,132,156,Active,Active,Active
SNS_003501,Rajiv Chowk,2026-03-15 14:00:00,21.8,57.5,794,40,398,Active,Active,Active
SNS_003502,Kashmere Gate,2026-03-15 14:00:00,23.1,52.2,589,54,154,Active,Active,Active
SNS_003503,New Delhi,2026-03-15 14:00:00,23.3,53.9,661,61,123,Active,Active,Active
SNS_003504,Hauz Khas,2026-03-15 14:00:00,22.3,59.0,661,56,121,Active,Active,Active
SNS_003505,Botanical Garden,2026-03-15 14:00:00,21.1,47.2,528,100,187,Active,Active,Active
SNS_003506,Janakpuri West,2026-03-15 14:00:00,22.9,52.5,672,122,303,Active,Active,Active
SNS_003507,Lajpat Nagar,2026-03-15 14:00:00,22.5,60.5,567,96,189,Active,Active,Active
SNS_003508,Central Secretariat,2026-03-15 14:00:00,24.4,58.5,835,149,234,Active,Active,Active
SNS_003509,Yamuna Bank,2026-03-15 14:00:00,23.0,45.0,661,62,198,Active,Active,Active
SNS_003510,Inderlok,2026-03-15 14:00:00,23.8,59.3,702,55,254,Active,Active,Active
SNS_003511,Rajiv Chowk,2026-03-15 15:00:00,21.3,63.8,631,69,326,Inactive,Active,Active
SNS_003512,Kashmere Gate,2026-03-15 15:00:00,23.7,61.0,560,72,198,Active,Active,Active
SNS_003513,New Delhi,2026-03-15 15:00:00,23.0,55.2,726,134,204,Active,Active,Active
SNS_003514,Hauz Khas,2026-03-15 15:00:00,23.0,53.9,725,105,315,Active,Under Maintenance,Active
SNS_003515,Botanical Garden,2026-03-15 15:00:00,21.9,63.6,565,71,199,Active,Active,Active
SNS_003516,Janakpuri West,2026-03-15 15:00:00,21.8,45.0,593,50,159,Active,Active,Active
SNS_003517,Lajpat Nagar,2026-03-15 15:00:00,21.2,47.0,626,60,228,Active,Active,Active
SNS_003518,Central Secretariat,2026-03-15 15:00:00,21.5,55.2,596,123,303,Active,Active,Active
SNS_003519,Yamuna Bank,2026-03-15 15:00:00,22.3,47.2,847,116,184,Active,Active,Active
SNS_003520,Inderlok,2026-03-15 15:00:00,23.3,61.9,466,146,298,Active,Active,Active
SNS_003521,Rajiv Chowk,2026-03-15 16:00:00,23.0,56.0,491,79,108,Active,Active,Active
SNS_003522,Kashmere Gate,2026-03-15 16:00:00,22.8,55.4,684,91,223,Active,Active,Active
SNS_003523,New Delhi,2026-03-15 16:00:00,24.3,51.1,591,89,209,Active,Active,Active
SNS_003524,Hauz Khas,2026-03-15 16:00:00,21.8,52.2,768,55,237,Active,Active,Active
SNS_003525,Botanical Garden,2026-03-15 16:00:00,22.9,45.0,741,41,145,Active,Active,Active
SNS_003526,Janakpuri West,2026-03-15 16:00:00,21.8,54.7,661,93,302,Active,Active,Active
SNS_003527,Lajpat Nagar,2026-03-15 16:00:00,22.6,47.0,681,148,149,Active,Active,Active
SNS_003528,Central Secretariat,2026-03-15 16:00:00,24.0,58.0,695,70,174,Active,Active,Active
SNS_003529,Yamuna Bank,2026-03-15 16:00:00,24.2,50.8,776,42,252,Active,Active,Active
SNS_003530,Inderlok,2026-03-15 16:00:00,24.4,56.2,629,92,301,Active,Active,Active
SNS_003531,Rajiv Chowk,2026-03-15 17:00:00,24.0,54.0,693,134,900,Active,Active,Active
SNS_003532,Kashmere Gate,2026-03-15 17:00:00,23.4,50.7,768,74,1247,Active,Active,Active
SNS_003533,New Delhi,2026-03-15 17:00:00,24.0,45.5,832,51,1089,Active,Active,Active
SNS_003534,Hauz Khas,2026-03-15 17:00:00,23.4,54.9,557,72,940,Active,Active,Active
SNS_003535,Botanical Garden,2026-03-15 17:00:00,22.5,49.8,521,129,726,Active,Active,Active
SNS_003536,Janakpuri West,2026-03-15 17:00:00,21.3,47.4,509,98,811,Active,Active,Active
SNS_003537,Lajpat Nagar,2026-03-15 17:00:00,22.5,59.4,588,68,725,Active,Active,Active
SNS_003538,Central Secretariat,2026-03-15 17:00:00,23.8,52.7,731,139,1268,Active,Active,Active
SNS_003539,Yamuna Bank,2026-03-15 17:00:00,21.2,51.4,713,117,1489,Active,Active,Active
SNS_003540,Inderlok,2026-03-15 17:00:00,21.2,56.6,604,130,1126,Active,Active,Active
SNS_003541,Rajiv Chowk,2026-03-15 18:00:00,21.3,56.1,557,145,781,Active,Active,Active
SNS_003542,Kashmere Gate,2026-03-15 18:00:00,23.9,62.4,531,127,637,Active,Active,Active
SNS_003543,New Delhi,2026-03-15 18:00:00,24.3,63.5,738,145,988,Active,Active,Active
SNS_003544,Hauz Khas,2026-03-15 18:00:00,24.2,51.8,639,95,1188,Active,Active,Active
SNS_003545,Botanical Garden,2026-03-15 18:00:00,22.6,51.2,659,143,1366,Active,Inactive,Active
SNS_003546,Janakpuri West,2026-03-15 18:00:00,23.0,49.8,488,119,861,Active,Active,Active
SNS_003547,Lajpat Nagar,2026-03-15 18:00:00,21.0,47.3,525,102,977,Active,Inactive,Active
SNS_003548,Central Secretariat,2026-03-15 18:00:00,24.5,45.6,817,113,817,Active,Under Maintenance,Active
SNS_003549,Yamuna Bank,2026-03-15 18:00:00,21.3,45.4,808,59,1012,Active,Active,Active
SNS_003550,Inderlok,2026-03-15 18:00:00,22.3,57.1,663,49,1051,Active,Active,Active
SNS_003551,Rajiv Chowk,2026-03-15 19:00:00,21.1,57.9,722,118,757,Active,Active,Active
SNS_003552,Kashmere Gate,2026-03-15 19:00:00,23.3,50.3,641,41,926,Active,Active,Active
SNS_003553,New Delhi,2026-03-15 19:00:00,22.0,54.6,510,79,1351,Active,Active,Active
SNS_003554,Hauz Khas,2026-03-15 19:00:00,22.0,48.8,675,99,604,Active,Active,Active
SNS_003555,Botanical Garden,2026-03-15 19:00:00,23.6,57.0,619,132,1125,Active,Active,Active
SNS_003556,Janakpuri West,2026-03-15 19:00:00,23.9,55.4,779,43,764,Active,Active,Active
SNS_003557,Lajpat Nagar,2026-03-15 19:00:00,23.5,49.9,797,141,547,Active,Active,Active
SNS_003558,Central Secretariat,2026-03-15 19:00:00,22.7,51.6,470,149,1156,Active,Active,Active
SNS_003559,Yamuna Bank,2026-03-15 19:00:00,21.5,45.8,580,48,984,Active,Under Maintenance,Active
SNS_003560,Inderlok,2026-03-15 19:00:00,22.2,58.6,477,144,819,Active,Active,Active
SNS_003561,Rajiv Chowk,2026-03-15 20:00:00,24.2,50.5,580,89,1443,Active,Active,Active
SNS_003562,Kashmere Gate,2026-03-15 20:00:00,21.2,51.5,748,76,1343,Active,Active,Active
SNS_003563,New Delhi,2026-03-15 20:00:00,21.7,62.7,671,67,778,Active,Active,Active
SNS_003564,Hauz Khas,2026-03-15 20:00:00,21.0,50.5,606,133,648,Active,Active,Active
SNS_003565,Botanical Garden,2026-03-15 20:00:00,22.9,58.1,671,140,1214,Active,Active,Active
SNS_003566,Janakpuri West,2026-03-15 20:00:00,22.3,49.4,657,72,1127,Active,Active,Active
SNS_003567,Lajpat Nagar,2026-03-15 20:00:00,21.6,63.9,465,56,950,Active,Active,Active
SNS_003568,Central Secretariat,2026-03-15 20:00:00,24.4,57.6,698,59,962,Active,Active,Active
SNS_003569,Yamuna Bank,2026-03-15 20:00:00,23.1,64.2,535,50,821,Active,Active,Active
SNS_003570,Inderlok,2026-03-15 20:00:00,22.9,56.9,517,45,696,Active,Active,Active
SNS_003571,Rajiv Chowk,2026-03-15 21:00:00,23.5,50.5,784,129,250,Active,Active,Active
SNS_003572,Kashmere Gate,2026-03-15 21:00:00,23.6,51.6,761,100,126,Active,Active,Inactive
SNS_003573,New Delhi,2026-03-15 21:00:00,22.8,45.7,648,141,101,Active,Active,Active
SNS_003574,Hauz Khas,2026-03-15 21:00:00,22.8,64.6,789,68,122,Active,Active,Active
SNS_003575,Botanical Garden,2026-03-15 21:00:00,23.5,49.0,555,88,303,Active,Active,Active
SNS_003576,Janakpuri West,2026-03-15 21:00:00,21.1,63.3,450,90,368,Active,Active,Active
SNS_003577,Lajpat Nagar,2026-03-15 21:00:00,23.8,63.3,741,83,251,Under Maintenance,Active,Active
SNS_003578,Central Secretariat,2026-03-15 21:00:00,23.0,62.5,610,125,174,Active,Active,Active
SNS_003579,Yamuna Bank,2026-03-15 21:00:00,22.8,54.9,579,120,363,Active,Active,Active
SNS_003580,Inderlok,2026-03-15 21:00:00,23.3,54.0,533,68,201,Active,Active,Active
SNS_003581,Rajiv Chowk,2026-03-15 22:00:00,22.7,57.9,457,46,118,Active,Active,Active
SNS_003582,Kashmere Gate,2026-03-15 22:00:00,24.2,59.9,571,106,276,Active,Active,Active
SNS_003583,New Delhi,2026-03-15 22:00:00,23.3,61.5,586,146,341,Active,Active,Active
SNS_003584,Hauz Khas,2026-03-15 22:00:00,22.9,47.4,745,66,297,Active,Active,Active
SNS_003585,Botanical Garden,2026-03-15 22:00:00,23.7,55.0,607,67,339,Active,Active,Active
SNS_003586,Janakpuri West,2026-03-15 22:00:00,23.2,58.0,785,136,164,Active,Active,Active
SNS_003587,Lajpat Nagar,2026-03-15 22:00:00,22.8,59.0,650,56,142,Active,Active,Active
SNS_003588,Central Secretariat,2026-03-15 22:00:00,23.0,63.3,732,50,166,Inactive,Active,Active
SNS_003589,Yamuna Bank,2026-03-15 22:00:00,22.6,46.0,685,92,344,Active,Active,Active
SNS_003590,Inderlok,2026-03-15 22:00:00,22.1,64.5,829,106,250,Inactive,Active,Active
SNS_003591,Rajiv Chowk,2026-03-15 23:00:00,22.8,63.3,518,97,157,Active,Active,Active
SNS_003592,Kashmere Gate,2026-03-15 23:00:00,22.6,46.9,582,143,155,Active,Active,Active
SNS_003593,New Delhi,2026-03-15 23:00:00,22.0,51.0,664,117,200,Active,Active,Active
SNS_003594,Hauz Khas,2026-03-15 23:00:00,23.1,51.2,747,58,252,Active,Active,Active
SNS_003595,Botanical Garden,2026-03-15 23:00:00,23.1,65.0,595,42,131,Active,Active,Active
SNS_003596,Janakpuri West,2026-03-15 23:00:00,21.3,52.1,782,84,223,Active,Active,Active
SNS_003597,Lajpat Nagar,2026-03-15 23:00:00,23.9,63.0,517,62,376,Active,Active,Active
SNS_003598,Central Secretariat,2026-03-15 23:00:00,21.7,60.8,785,134,339,Active,Active,Active
SNS_003599,Yamuna Bank,2026-03-15 23:00:00,23.1,50.8,712,101,351,Active,Active,Active
SNS_003600,Inderlok,2026-03-15 23:00:00,21.4,49.4,765,53,390,Active,Active,Active
SNS_003601,Rajiv Chowk,2026-03-16 00:00:00,21.7,54.1,531,98,9,Active,Active,Active
SNS_003602,Kashmere Gate,2026-03-16 00:00:00,22.6,64.1,544,112,7,Active,Active,Active
SNS_003603,New Delhi,2026-03-16 00:00:00,23.3,58.2,763,146,7,Active,Active,Active
SNS_003604,Hauz Khas,2026-03-16 00:00:00,23.0,54.4,515,114,0,Active,Active,Active
SNS_003605,Botanical Garden,2026-03-16 00:00:00,22.3,47.0,583,75,9,Active,Active,Active
SNS_003606,Janakpuri West,2026-03-16 00:00:00,23.5,55.0,839,130,7,Active,Active,Active
SNS_003607,Lajpat Nagar,2026-03-16 00:00:00,24.4,64.6,752,80,0,Active,Active,Active
SNS_003608,Central Secretariat,2026-03-16 00:00:00,22.1,46.2,561,148,7,Active,Active,Active
SNS_003609,Yamuna Bank,2026-03-16 00:00:00,23.5,63.2,502,55,0,Active,Active,Active
SNS_003610,Inderlok,2026-03-16 00:00:00,22.1,50.0,698,115,8,Active,Under Maintenance,Active
SNS_003611,Rajiv Chowk,2026-03-16 01:00:00,21.2,52.4,810,105,4,Active,Active,Active
SNS_003612,Kashmere Gate,2026-03-16 01:00:00,24.3,45.5,732,86,9,Active,Active,Active
SNS_003613,New Delhi,2026-03-16 01:00:00,24.0,54.2,565,91,1,Active,Inactive,Active
SNS_003614,Hauz Khas,2026-03-16 01:00:00,22.1,57.9,742,123,1,Active,Active,Active
SNS_003615,Botanical Garden,2026-03-16 01:00:00,21.7,62.6,535,141,1,Active,Active,Active
SNS_003616,Janakpuri West,2026-03-16 01:00:00,24.5,47.6,535,120,6,Active,Active,Active
SNS_003617,Lajpat Nagar,2026-03-16 01:00:00,22.9,62.3,785,131,7,Under Maintenance,Active,Active
SNS_003618,Central Secretariat,2026-03-16 01:00:00,22.5,54.7,577,135,2,Active,Active,Active
SNS_003619,Yamuna Bank,2026-03-16 01:00:00,21.7,48.8,456,98,3,Active,Active,Active
SNS_003620,Inderlok,2026-03-16 01:00:00,24.4,61.9,745,78,5,Active,Active,Active
SNS_003621,Rajiv Chowk,2026-03-16 02:00:00,21.4,47.7,755,62,6,Active,Active,Active
SNS_003622,Kashmere Gate,2026-03-16 02:00:00,22.2,62.7,529,85,5,Active,Active,Active
SNS_003623,New Delhi,2026-03-16 02:00:00,21.8,60.3,767,60,0,Active,Active,Active
SNS_003624,Hauz Khas,2026-03-16 02:00:00,22.7,45.9,662,101,9,Active,Active,Active
SNS_003625,Botanical Garden,2026-03-16 02:00:00,22.6,49.0,651,98,8,Inactive,Active,Active
SNS_003626,Janakpuri West,2026-03-16 02:00:00,23.5,60.8,741,73,7,Active,Active,Active
SNS_003627,Lajpat Nagar,2026-03-16 02:00:00,21.2,46.9,793,67,6,Active,Active,Active
SNS_003628,Central Secretariat,2026-03-16 02:00:00,21.5,47.8,639,142,3,Active,Active,Active
SNS_003629,Yamuna Bank,2026-03-16 02:00:00,21.0,63.5,672,105,5,Active,Active,Active
SNS_003630,Inderlok,2026-03-16 02:00:00,24.1,57.0,504,84,0,Active,Active,Active
SNS_003631,Rajiv Chowk,2026-03-16 03:00:00,22.2,59.0,697,90,3,Active,Active,Active
SNS_003632,Kashmere Gate,2026-03-16 03:00:00,24.2,62.1,592,148,9,Active,Active,Active
SNS_003633,New Delhi,2026-03-16 03:00:00,21.4,57.6,681,56,8,Active,Active,Active
SNS_003634,Hauz Khas,2026-03-16 03:00:00,23.0,56.2,471,126,8,Active,Active,Active
SNS_003635,Botanical Garden,2026-03-16 03:00:00,22.2,45.9,773,149,5,Active,Active,Active
SNS_003636,Janakpuri West,2026-03-16 03:00:00,21.5,46.4,531,63,3,Active,Active,Active
SNS_003637,Lajpat Nagar,2026-03-16 03:00:00,22.0,48.3,741,106,7,Active,Active,Active
SNS_003638,Central Secretariat,2026-03-16 03:00:00,21.7,45.9,481,122,4,Active,Active,Active
SNS_003639,Yamuna Bank,2026-03-16 03:00:00,23.7,53.7,715,112,2,Active,Active,Active
SNS_003640,Inderlok,2026-03-16 03:00:00,22.1,47.4,577,46,4,Active,Active,Active
SNS_003641,Rajiv Chowk,2026-03-16 04:00:00,22.5,49.6,628,44,3,Active,Active,Active
SNS_003642,Kashmere Gate,2026-03-16 04:00:00,23.2,60.9,523,66,9,Active,Active,Active
SNS_003643,New Delhi,2026-03-16 04:00:00,22.6,50.3,778,85,1,Active,Active,Active
SNS_003644,Hauz Khas,2026-03-16 04:00:00,23.1,46.8,668,64,10,Active,Active,Active
SNS_003645,Botanical Garden,2026-03-16 04:00:00,21.4,49.0,674,145,4,Active,Active,Active
SNS_003646,Janakpuri West,2026-03-16 04:00:00,24.3,64.9,459,125,0,Active,Active,Active
SNS_003647,Lajpat Nagar,2026-03-16 04:00:00,24.2,50.8,764,117,9,Active,Active,Active
SNS_003648,Central Secretariat,2026-03-16 04:00:00,23.2,52.5,686,149,10,Active,Active,Active
SNS_003649,Yamuna Bank,2026-03-16 04:00:00,21.6,49.1,663,68,7,Active,Active,Active
SNS_003650,Inderlok,2026-03-16 04:00:00,23.4,62.4,817,124,1,Active,Active,Active
SNS_003651,Rajiv Chowk,2026-03-16 05:00:00,23.5,49.8,569,119,8,Active,Active,Active
SNS_003652,Kashmere Gate,2026-03-16 05:00:00,24.1,45.9,849,119,2,Active,Active,Active
SNS_003653,New Delhi,2026-03-16 05:00:00,22.1,49.0,638,128,4,Active,Active,Active
SNS_003654,Hauz Khas,2026-03-16 05:00:00,22.5,45.3,773,111,10,Active,Active,Active
SNS_003655,Botanical Garden,2026-03-16 05:00:00,23.0,59.2,694,58,8,Active,Active,Active
SNS_003656,Janakpuri West,2026-03-16 05:00:00,21.3,53.5,535,53,6,Active,Active,Active
SNS_003657,Lajpat Nagar,2026-03-16 05:00:00,21.9,50.7,602,57,4,Active,Active,Active
SNS_003658,Central Secretariat,2026-03-16 05:00:00,22.8,49.1,820,87,8,Active,Active,Active
SNS_003659,Yamuna Bank,2026-03-16 05:00:00,22.0,48.5,737,135,7,Active,Active,Active
SNS_003660,Inderlok,2026-03-16 05:00:00,21.7,55.7,835,115,4,Active,Active,Active
SNS_003661,Rajiv Chowk,2026-03-16 06:00:00,21.1,53.2,457,120,232,Active,Active,Active
SNS_003662,Kashmere Gate,2026-03-16 06:00:00,22.6,59.4,725,75,160,Active,Active,Active
SNS_003663,New Delhi,2026-03-16 06:00:00,21.4,59.0,668,71,307,Active,Active,Active
SNS_003664,Hauz Khas,2026-03-16 06:00:00,21.1,56.0,701,109,325,Active,Active,Active
SNS_003665,Botanical Garden,2026-03-16 06:00:00,21.1,57.2,786,65,224,Active,Active,Active
SNS_003666,Janakpuri West,2026-03-16 06:00:00,24.0,56.4,592,108,123,Active,Active,Active
SNS_003667,Lajpat Nagar,2026-03-16 06:00:00,23.8,64.0,671,138,161,Active,Active,Active
SNS_003668,Central Secretariat,2026-03-16 06:00:00,23.2,62.7,637,142,197,Active,Active,Active
SNS_003669,Yamuna Bank,2026-03-16 06:00:00,23.0,56.8,568,52,243,Active,Active,Active
SNS_003670,Inderlok,2026-03-16 06:00:00,24.2,64.8,822,115,373,Active,Active,Active
SNS_003671,Rajiv Chowk,2026-03-16 07:00:00,21.5,64.8,765,86,170,Active,Active,Active
SNS_003672,Kashmere Gate,2026-03-16 07:00:00,23.3,52.9,630,105,334,Under Maintenance,Active,Active
SNS_003673,New Delhi,2026-03-16 07:00:00,22.5,56.1,652,87,268,Active,Active,Active
SNS_003674,Hauz Khas,2026-03-16 07:00:00,22.1,49.6,766,56,185,Active,Active,Active
SNS_003675,Botanical Garden,2026-03-16 07:00:00,23.5,47.6,797,41,358,Active,Active,Active
SNS_003676,Janakpuri West,2026-03-16 07:00:00,21.0,47.4,645,56,288,Active,Active,Active
SNS_003677,Lajpat Nagar,2026-03-16 07:00:00,23.2,57.5,615,136,357,Under Maintenance,Active,Active
SNS_003678,Central Secretariat,2026-03-16 07:00:00,24.5,62.9,803,56,125,Active,Active,Active
SNS_003679,Yamuna Bank,2026-03-16 07:00:00,21.5,62.7,753,65,170,Active,Active,Active
SNS_003680,Inderlok,2026-03-16 07:00:00,23.5,52.6,549,145,115,Active,Inactive,Active
SNS_003681,Rajiv Chowk,2026-03-16 08:00:00,22.9,52.2,609,110,780,Active,Active,Active
SNS_003682,Kashmere Gate,2026-03-16 08:00:00,24.0,64.5,843,129,1485,Active,Active,Active
SNS_003683,New Delhi,2026-03-16 08:00:00,24.0,51.0,577,112,1213,Active,Active,Active
SNS_003684,Hauz Khas,2026-03-16 08:00:00,23.3,53.4,848,129,1449,Active,Active,Active
SNS_003685,Botanical Garden,2026-03-16 08:00:00,21.2,53.5,697,52,690,Active,Active,Active
SNS_003686,Janakpuri West,2026-03-16 08:00:00,22.7,63.6,589,124,543,Active,Active,Active
SNS_003687,Lajpat Nagar,2026-03-16 08:00:00,24.2,57.0,560,98,1224,Under Maintenance,Active,Active
SNS_003688,Central Secretariat,2026-03-16 08:00:00,21.4,55.5,464,66,657,Active,Active,Active
SNS_003689,Yamuna Bank,2026-03-16 08:00:00,24.2,59.0,584,69,747,Active,Active,Active
SNS_003690,Inderlok,2026-03-16 08:00:00,21.3,52.4,511,58,996,Active,Inactive,Active
SNS_003691,Rajiv Chowk,2026-03-16 09:00:00,24.3,59.9,512,50,1065,Active,Active,Active
SNS_003692,Kashmere Gate,2026-03-16 09:00:00,22.7,60.0,663,78,771,Active,Active,Active
SNS_003693,New Delhi,2026-03-16 09:00:00,21.8,62.9,624,107,1126,Active,Active,Active
SNS_003694,Hauz Khas,2026-03-16 09:00:00,22.4,54.5,474,41,1021,Active,Active,Active
SNS_003695,Botanical Garden,2026-03-16 09:00:00,21.4,46.3,757,96,767,Active,Active,Active
SNS_003696,Janakpuri West,2026-03-16 09:00:00,23.8,62.2,472,110,1133,Active,Active,Active
SNS_003697,Lajpat Nagar,2026-03-16 09:00:00,21.4,58.2,776,41,549,Active,Active,Active
SNS_003698,Central Secretariat,2026-03-16 09:00:00,22.7,57.1,719,75,1390,Active,Active,Active
SNS_003699,Yamuna Bank,2026-03-16 09:00:00,23.2,51.2,618,42,717,Active,Inactive,Active
SNS_003700,Inderlok,2026-03-16 09:00:00,23.3,50.8,645,138,562,Active,Active,Active
SNS_003701,Rajiv Chowk,2026-03-16 10:00:00,23.5,52.3,554,121,683,Active,Active,Active
SNS_003702,Kashmere Gate,2026-03-16 10:00:00,22.5,51.6,769,76,982,Under Maintenance,Active,Active
SNS_003703,New Delhi,2026-03-16 10:00:00,21.8,54.0,654,138,577,Active,Active,Active
SNS_003704,Hauz Khas,2026-03-16 10:00:00,21.8,52.1,508,121,1318,Active,Active,Active
SNS_003705,Botanical Garden,2026-03-16 10:00:00,21.2,55.5,690,117,937,Active,Active,Active
SNS_003706,Janakpuri West,2026-03-16 10:00:00,23.3,48.2,699,63,1331,Active,Active,Active
SNS_003707,Lajpat Nagar,2026-03-16 10:00:00,23.7,48.0,455,149,545,Active,Active,Active
SNS_003708,Central Secretariat,2026-03-16 10:00:00,21.1,54.6,460,97,1140,Active,Active,Active
SNS_003709,Yamuna Bank,2026-03-16 10:00:00,21.3,47.8,623,123,952,Active,Active,Active
SNS_003710,Inderlok,2026-03-16 10:00:00,21.5,53.5,709,58,923,Active,Active,Active
SNS_003711,Rajiv Chowk,2026-03-16 11:00:00,23.1,52.9,533,139,294,Inactive,Active,Active
SNS_003712,Kashmere Gate,2026-03-16 11:00:00,22.6,45.5,847,135,313,Active,Active,Active
SNS_003713,New Delhi,2026-03-16 11:00:00,24.3,46.0,502,96,338,Under Maintenance,Active,Active
SNS_003714,Hauz Khas,2026-03-16 11:00:00,23.0,51.5,795,120,254,Active,Active,Active
SNS_003715,Botanical Garden,2026-03-16 11:00:00,24.4,63.3,793,131,289,Active,Active,Active
SNS_003716,Janakpuri West,2026-03-16 11:00:00,22.3,49.2,668,73,231,Active,Active,Active
SNS_003717,Lajpat Nagar,2026-03-16 11:00:00,23.7,46.8,596,60,301,Active,Active,Inactive
SNS_003718,Central Secretariat,2026-03-16 11:00:00,23.7,54.7,557,62,290,Active,Active,Active
SNS_003719,Yamuna Bank,2026-03-16 11:00:00,23.2,45.1,844,125,247,Active,Active,Active
SNS_003720,Inderlok,2026-03-16 11:00:00,21.7,61.5,470,87,245,Active,Active,Active
SNS_003721,Rajiv Chowk,2026-03-16 12:00:00,22.3,45.0,643,141,134,Active,Active,Inactive
SNS_003722,Kashmere Gate,2026-03-16 12:00:00,21.1,57.3,721,76,249,Active,Active,Active
SNS_003723,New Delhi,2026-03-16 12:00:00,24.0,50.8,474,58,241,Active,Active,Active
SNS_003724,Hauz Khas,2026-03-16 12:00:00,23.3,56.2,682,131,261,Active,Active,Active
SNS_003725,Botanical Garden,2026-03-16 12:00:00,23.2,52.9,767,72,234,Active,Active,Active
SNS_003726,Janakpuri West,2026-03-16 12:00:00,21.3,63.9,682,113,216,Active,Active,Active
SNS_003727,Lajpat Nagar,2026-03-16 12:00:00,23.5,48.2,557,139,212,Active,Active,Active
SNS_003728,Central Secretariat,2026-03-16 12:00:00,22.4,59.2,685,149,291,Active,Active,Active
SNS_003729,Yamuna Bank,2026-03-16 12:00:00,22.6,51.9,478,44,181,Active,Active,Active
SNS_003730,Inderlok,2026-03-16 12:00:00,21.6,49.5,547,133,347,Active,Active,Active
SNS_003731,Rajiv Chowk,2026-03-16 13:00:00,22.0,61.4,598,119,347,Active,Active,Active
SNS_003732,Kashmere Gate,2026-03-16 13:00:00,22.1,54.4,473,113,187,Active,Active,Active
SNS_003733,New Delhi,2026-03-16 13:00:00,23.3,62.6,755,78,234,Under Maintenance,Active,Active
SNS_003734,Hauz Khas,2026-03-16 13:00:00,21.8,54.2,573,54,281,Active,Active,Inactive
SNS_003735,Botanical Garden,2026-03-16 13:00:00,23.1,50.8,488,128,393,Active,Active,Active
SNS_003736,Janakpuri West,2026-03-16 13:00:00,24.3,60.8,520,101,189,Active,Active,Active
SNS_003737,Lajpat Nagar,2026-03-16 13:00:00,24.0,61.5,703,82,200,Active,Active,Active
SNS_003738,Central Secretariat,2026-03-16 13:00:00,21.7,61.0,626,124,308,Under Maintenance,Active,Active
SNS_003739,Yamuna Bank,2026-03-16 13:00:00,21.2,45.6,802,80,225,Active,Active,Active
SNS_003740,Inderlok,2026-03-16 13:00:00,24.3,51.9,801,139,286,Active,Active,Active
SNS_003741,Rajiv Chowk,2026-03-16 14:00:00,21.8,59.5,813,136,304,Active,Active,Active
SNS_003742,Kashmere Gate,2026-03-16 14:00:00,22.6,64.1,476,114,352,Inactive,Active,Active
SNS_003743,New Delhi,2026-03-16 14:00:00,21.3,64.0,765,135,156,Active,Active,Active
SNS_003744,Hauz Khas,2026-03-16 14:00:00,23.7,58.2,620,99,142,Inactive,Active,Active
SNS_003745,Botanical Garden,2026-03-16 14:00:00,24.4,53.0,839,77,321,Active,Active,Active
SNS_003746,Janakpuri West,2026-03-16 14:00:00,22.2,64.8,494,69,229,Active,Active,Active
SNS_003747,Lajpat Nagar,2026-03-16 14:00:00,23.6,51.5,594,93,305,Active,Active,Active
SNS_003748,Central Secretariat,2026-03-16 14:00:00,24.4,61.4,800,117,125,Active,Active,Active
SNS_003749,Yamuna Bank,2026-03-16 14:00:00,22.3,49.5,741,47,299,Active,Active,Active
SNS_003750,Inderlok,2026-03-16 14:00:00,21.7,54.6,697,118,281,Active,Active,Active
SNS_003751,Rajiv Chowk,2026-03-16 15:00:00,21.5,55.6,676,124,289,Active,Under Maintenance,Active
SNS_003752,Kashmere Gate,2026-03-16 15:00:00,21.8,62.3,651,104,192,Active,Active,Active
SNS_003753,New Delhi,2026-03-16 15:00:00,22.4,49.0,558,61,135,Active,Active,Active
SNS_003754,Hauz Khas,2026-03-16 15:00:00,21.7,49.5,584,66,296,Active,Active,Active
SNS_003755,Botanical Garden,2026-03-16 15:00:00,23.0,49.7,842,67,272,Active,Active,Active
SNS_003756,Janakpuri West,2026-03-16 15:00:00,21.7,64.3,505,67,144,Active,Active,Active
SNS_003757,Lajpat Nagar,2026-03-16 15:00:00,23.1,64.2,497,126,314,Active,Active,Active
SNS_003758,Central Secretariat,2026-03-16 15:00:00,22.8,59.2,715,125,316,Active,Active,Active
SNS_003759,Yamuna Bank,2026-03-16 15:00:00,23.6,56.3,752,71,208,Active,Active,Active
SNS_003760,Inderlok,2026-03-16 15:00:00,24.1,57.3,524,138,272,Active,Active,Active
SNS_003761,Rajiv Chowk,2026-03-16 16:00:00,23.8,48.7,798,128,390,Active,Active,Active
SNS_003762,Kashmere Gate,2026-03-16 16:00:00,21.5,64.9,507,119,264,Active,Active,Active
SNS_003763,New Delhi,2026-03-16 16:00:00,22.9,51.7,838,112,311,Active,Active,Active
SNS_003764,Hauz Khas,2026-03-16 16:00:00,21.6,50.0,842,107,253,Active,Active,Active
SNS_003765,Botanical Garden,2026-03-16 16:00:00,22.3,53.1,784,82,291,Active,Active,Active
SNS_003766,Janakpuri West,2026-03-16 16:00:00,24.4,46.6,609,49,283,Active,Under Maintenance,Active
SNS_003767,Lajpat Nagar,2026-03-16 16:00:00,21.9,58.4,477,113,391,Under Maintenance,Inactive,Active
SNS_003768,Central Secretariat,2026-03-16 16:00:00,21.2,64.9,479,85,160,Active,Active,Active
SNS_003769,Yamuna Bank,2026-03-16 16:00:00,22.2,52.6,546,50,334,Active,Active,Active
SNS_003770,Inderlok,2026-03-16 16:00:00,24.5,53.9,662,109,389,Inactive,Active,Active
SNS_003771,Rajiv Chowk,2026-03-16 17:00:00,23.8,49.0,556,59,1387,Under Maintenance,Active,Active
SNS_003772,Kashmere Gate,2026-03-16 17:00:00,23.6,46.2,755,108,963,Active,Under Maintenance,Active
SNS_003773,New Delhi,2026-03-16 17:00:00,23.4,45.7,614,137,951,Active,Active,Active
SNS_003774,Hauz Khas,2026-03-16 17:00:00,23.1,59.1,758,130,1411,Active,Active,Active
SNS_003775,Botanical Garden,2026-03-16 17:00:00,23.5,57.9,655,57,655,Active,Active,Active
SNS_003776,Janakpuri West,2026-03-16 17:00:00,21.1,57.7,478,70,682,Active,Active,Active
SNS_003777,Lajpat Nagar,2026-03-16 17:00:00,24.3,45.4,467,131,1465,Active,Active,Active
SNS_003778,Central Secretariat,2026-03-16 17:00:00,21.4,62.4,473,105,1092,Active,Active,Active
SNS_003779,Yamuna Bank,2026-03-16 17:00:00,22.3,47.3,620,136,908,Active,Active,Active
SNS_003780,Inderlok,2026-03-16 17:00:00,23.1,51.9,476,65,628,Active,Active,Active
SNS_003781,Rajiv Chowk,2026-03-16 18:00:00,22.8,51.3,585,56,1463,Active,Active,Active
SNS_003782,Kashmere Gate,2026-03-16 18:00:00,23.7,60.7,486,147,535,Active,Active,Active
SNS_003783,New Delhi,2026-03-16 18:00:00,21.2,61.2,707,40,1462,Active,Active,Active
SNS_003784,Hauz Khas,2026-03-16 18:00:00,24.5,64.0,760,64,1466,Active,Active,Active
SNS_003785,Botanical Garden,2026-03-16 18:00:00,24.1,57.1,452,136,966,Active,Active,Active
SNS_003786,Janakpuri West,2026-03-16 18:00:00,23.4,57.5,500,41,988,Active,Active,Active
SNS_003787,Lajpat Nagar,2026-03-16 18:00:00,22.2,51.0,474,74,1425,Active,Active,Active
SNS_003788,Central Secretariat,2026-03-16 18:00:00,23.3,57.7,728,42,924,Active,Active,Active
SNS_003789,Yamuna Bank,2026-03-16 18:00:00,24.2,48.5,687,144,1208,Active,Active,Active
SNS_003790,Inderlok,2026-03-16 18:00:00,23.5,63.3,502,117,787,Active,Active,Active
SNS_003791,Rajiv Chowk,2026-03-16 19:00:00,21.6,57.6,829,89,1148,Active,Active,Active
SNS_003792,Kashmere Gate,2026-03-16 19:00:00,23.2,58.7,648,97,892,Active,Active,Active
SNS_003793,New Delhi,2026-03-16 19:00:00,21.4,58.9,772,58,985,Inactive,Active,Active
SNS_003794,Hauz Khas,2026-03-16 19:00:00,23.1,48.4,552,106,1054,Active,Active,Active
SNS_003795,Botanical Garden,2026-03-16 19:00:00,21.6,62.8,547,109,533,Active,Active,Active
SNS_003796,Janakpuri West,2026-03-16 19:00:00,21.1,52.0,631,122,1500,Active,Active,Active
SNS_003797,Lajpat Nagar,2026-03-16 19:00:00,22.6,55.8,647,142,1131,Active,Active,Active
SNS_003798,Central Secretariat,2026-03-16 19:00:00,22.6,56.9,716,124,605,Active,Inactive,Active
SNS_003799,Yamuna Bank,2026-03-16 19:00:00,23.9,59.0,505,90,1016,Active,Active,Active
SNS_003800,Inderlok,2026-03-16 19:00:00,24.1,59.2,651,128,971,Active,Active,Active
SNS_003801,Rajiv Chowk,2026-03-16 20:00:00,21.4,63.3,713,86,1422,Active,Active,Active
SNS_003802,Kashmere Gate,2026-03-16 20:00:00,24.1,45.3,742,113,973,Active,Active,Active
SNS_003803,New Delhi,2026-03-16 20:00:00,21.5,56.6,660,48,557,Active,Active,Active
SNS_003804,Hauz Khas,2026-03-16 20:00:00,22.2,48.1,742,68,1349,Inactive,Active,Active
SNS_003805,Botanical Garden,2026-03-16 20:00:00,23.8,64.9,850,43,1147,Active,Active,Active
SNS_003806,Janakpuri West,2026-03-16 20:00:00,23.3,59.1,716,101,1279,Under Maintenance,Active,Active
SNS_003807,Lajpat Nagar,2026-03-16 20:00:00,23.2,61.3,751,42,1127,Active,Active,Active
SNS_003808,Central Secretariat,2026-03-16 20:00:00,22.0,45.0,743,132,1049,Active,Active,Active
SNS_003809,Yamuna Bank,2026-03-16 20:00:00,21.6,53.6,733,119,753,Active,Active,Active
SNS_003810,Inderlok,2026-03-16 20:00:00,24.5,53.4,738,125,1276,Active,Active,Active
SNS_003811,Rajiv Chowk,2026-03-16 21:00:00,24.0,49.4,474,144,245,Active,Active,Active
SNS_003812,Kashmere Gate,2026-03-16 21:00:00,23.7,63.6,621,108,298,Active,Active,Active
SNS_003813,New Delhi,2026-03-16 21:00:00,24.2,56.7,713,66,201,Inactive,Active,Active
SNS_003814,Hauz Khas,2026-03-16 21:00:00,21.4,57.2,602,64,288,Active,Active,Active
SNS_003815,Botanical Garden,2026-03-16 21:00:00,24.3,61.3,642,43,241,Active,Active,Active
SNS_003816,Janakpuri West,2026-03-16 21:00:00,21.6,57.4,791,47,372,Active,Active,Inactive
SNS_003817,Lajpat Nagar,2026-03-16 21:00:00,23.2,59.2,596,149,122,Active,Active,Active
SNS_003818,Central Secretariat,2026-03-16 21:00:00,23.6,55.8,688,121,387,Active,Active,Active
SNS_003819,Yamuna Bank,2026-03-16 21:00:00,22.3,50.8,522,42,292,Active,Active,Active
SNS_003820,Inderlok,2026-03-16 21:00:00,23.9,60.1,780,141,316,Active,Active,Active
SNS_003821,Rajiv Chowk,2026-03-16 22:00:00,24.1,48.5,769,92,269,Active,Active,Active
SNS_003822,Kashmere Gate,2026-03-16 22:00:00,21.8,52.6,670,93,118,Active,Active,Active
SNS_003823,New Delhi,2026-03-16 22:00:00,23.6,49.1,625,141,330,Active,Active,Active
SNS_003824,Hauz Khas,2026-03-16 22:00:00,24.2,50.4,497,65,114,Active,Active,Active
SNS_003825,Botanical Garden,2026-03-16 22:00:00,22.2,52.1,659,132,155,Active,Active,Active
SNS_003826,Janakpuri West,2026-03-16 22:00:00,22.9,64.9,698,52,228,Active,Active,Active
SNS_003827,Lajpat Nagar,2026-03-16 22:00:00,24.2,52.6,715,116,249,Active,Active,Active
SNS_003828,Central Secretariat,2026-03-16 22:00:00,24.0,64.1,668,146,175,Active,Active,Active
SNS_003829,Yamuna Bank,2026-03-16 22:00:00,22.1,56.6,744,129,398,Active,Active,Active
SNS_003830,Inderlok,2026-03-16 22:00:00,22.1,49.0,628,94,302,Active,Active,Active
SNS_003831,Rajiv Chowk,2026-03-16 23:00:00,24.1,64.0,505,138,181,Active,Active,Active
SNS_003832,Kashmere Gate,2026-03-16 23:00:00,22.9,52.6,685,52,205,Active,Active,Active
SNS_003833,New Delhi,2026-03-16 23:00:00,21.4,47.2,780,86,313,Active,Active,Active
SNS_003834,Hauz Khas,2026-03-16 23:00:00,23.9,62.9,549,92,104,Active,Active,Inactive
SNS_003835,Botanical Garden,2026-03-16 23:00:00,23.8,56.9,829,46,306,Active,Active,Active
SNS_003836,Janakpuri West,2026-03-16 23:00:00,22.7,46.8,542,73,240,Active,Active,Active
SNS_003837,Lajpat Nagar,2026-03-16 23:00:00,23.9,51.3,726,74,182,Active,Active,Active
SNS_003838,Central Secretariat,2026-03-16 23:00:00,22.4,62.9,739,62,213,Active,Inactive,Active
SNS_003839,Yamuna Bank,2026-03-16 23:00:00,22.1,49.7,696,77,104,Active,Active,Active
SNS_003840,Inderlok,2026-03-16 23:00:00,22.0,46.9,639,74,228,Inactive,Active,Active
SNS_003841,Rajiv Chowk,2026-03-17 00:00:00,24.0,46.1,582,92,1,Active,Active,Active
SNS_003842,Kashmere Gate,2026-03-17 00:00:00,21.8,48.6,453,58,10,Active,Active,Active
SNS_003843,New Delhi,2026-03-17 00:00:00,24.3,48.4,607,96,0,Active,Active,Active
SNS_003844,Hauz Khas,2026-03-17 00:00:00,22.0,58.3,535,55,0,Active,Active,Active
SNS_003845,Botanical Garden,2026-03-17 00:00:00,23.3,50.6,691,98,4,Active,Active,Active
SNS_003846,Janakpuri West,2026-03-17 00:00:00,23.2,60.6,723,108,3,Active,Active,Active
SNS_003847,Lajpat Nagar,2026-03-17 00:00:00,21.2,62.8,579,86,0,Active,Active,Active
SNS_003848,Central Secretariat,2026-03-17 00:00:00,22.6,58.5,682,71,3,Active,Active,Active
SNS_003849,Yamuna Bank,2026-03-17 00:00:00,23.0,48.5,631,48,3,Active,Active,Active
SNS_003850,Inderlok,2026-03-17 00:00:00,23.8,47.0,543,47,1,Active,Active,Active
SNS_003851,Rajiv Chowk,2026-03-17 01:00:00,23.4,46.6,484,135,7,Active,Active,Active
SNS_003852,Kashmere Gate,2026-03-17 01:00:00,22.0,60.5,575,132,10,Active,Active,Active
SNS_003853,New Delhi,2026-03-17 01:00:00,22.8,54.5,505,50,9,Active,Active,Active
SNS_003854,Hauz Khas,2026-03-17 01:00:00,21.3,57.2,811,70,10,Active,Active,Active
SNS_003855,Botanical Garden,2026-03-17 01:00:00,23.3,53.1,555,123,4,Active,Active,Active
SNS_003856,Janakpuri West,2026-03-17 01:00:00,23.6,47.0,848,115,0,Active,Active,Active
SNS_003857,Lajpat Nagar,2026-03-17 01:00:00,24.2,62.3,474,46,3,Active,Active,Active
SNS_003858,Central Secretariat,2026-03-17 01:00:00,21.6,64.6,763,142,7,Active,Active,Active
SNS_003859,Yamuna Bank,2026-03-17 01:00:00,22.4,56.1,760,67,6,Active,Active,Active
SNS_003860,Inderlok,2026-03-17 01:00:00,21.5,46.8,475,87,7,Active,Active,Active
SNS_003861,Rajiv Chowk,2026-03-17 02:00:00,22.9,58.6,469,86,5,Active,Active,Active
SNS_003862,Kashmere Gate,2026-03-17 02:00:00,21.2,57.9,609,125,10,Active,Active,Active
SNS_003863,New Delhi,2026-03-17 02:00:00,21.2,46.2,732,103,10,Active,Active,Active
SNS_003864,Hauz Khas,2026-03-17 02:00:00,22.9,65.0,489,93,7,Active,Active,Active
SNS_003865,Botanical Garden,2026-03-17 02:00:00,23.2,60.6,618,43,2,Active,Active,Active
SNS_003866,Janakpuri West,2026-03-17 02:00:00,21.8,48.7,584,59,3,Active,Active,Active
SNS_003867,Lajpat Nagar,2026-03-17 02:00:00,21.1,53.1,720,96,9,Active,Active,Active
SNS_003868,Central Secretariat,2026-03-17 02:00:00,22.9,61.3,645,88,7,Active,Active,Active
SNS_003869,Yamuna Bank,2026-03-17 02:00:00,24.4,47.1,820,80,10,Active,Active,Active
SNS_003870,Inderlok,2026-03-17 02:00:00,23.7,49.8,626,52,6,Active,Active,Active
SNS_003871,Rajiv Chowk,2026-03-17 03:00:00,21.8,56.4,799,120,2,Active,Active,Active
SNS_003872,Kashmere Gate,2026-03-17 03:00:00,22.2,51.1,809,81,7,Active,Active,Active
SNS_003873,New Delhi,2026-03-17 03:00:00,22.4,46.1,812,67,4,Active,Active,Active
SNS_003874,Hauz Khas,2026-03-17 03:00:00,21.8,45.9,463,148,9,Active,Active,Active
SNS_003875,Botanical Garden,2026-03-17 03:00:00,22.0,48.8,466,130,0,Active,Active,Active
SNS_003876,Janakpuri West,2026-03-17 03:00:00,22.0,47.2,503,148,2,Active,Active,Active
SNS_003877,Lajpat Nagar,2026-03-17 03:00:00,23.5,52.1,575,112,4,Active,Active,Active
SNS_003878,Central Secretariat,2026-03-17 03:00:00,23.2,48.2,674,61,2,Active,Active,Active
SNS_003879,Yamuna Bank,2026-03-17 03:00:00,22.0,60.7,525,121,9,Active,Active,Active
SNS_003880,Inderlok,2026-03-17 03:00:00,21.7,46.8,505,60,5,Active,Active,Active
SNS_003881,Rajiv Chowk,2026-03-17 04:00:00,23.5,50.0,664,134,0,Active,Active,Active
SNS_003882,Kashmere Gate,2026-03-17 04:00:00,23.4,48.5,472,111,1,Under Maintenance,Active,Active
SNS_003883,New Delhi,2026-03-17 04:00:00,22.2,63.0,582,117,0,Active,Active,Active
SNS_003884,Hauz Khas,2026-03-17 04:00:00,21.0,53.0,515,105,6,Active,Active,Active
SNS_003885,Botanical Garden,2026-03-17 04:00:00,21.8,61.0,480,125,10,Active,Active,Active
SNS_003886,Janakpuri West,2026-03-17 04:00:00,23.6,51.9,605,64,10,Under Maintenance,Active,Active
SNS_003887,Lajpat Nagar,2026-03-17 04:00:00,21.9,63.2,718,57,3,Active,Active,Active
SNS_003888,Central Secretariat,2026-03-17 04:00:00,21.3,61.7,511,58,10,Active,Active,Active
SNS_003889,Yamuna Bank,2026-03-17 04:00:00,22.8,53.1,805,71,7,Active,Active,Active
SNS_003890,Inderlok,2026-03-17 04:00:00,23.6,47.9,787,40,9,Active,Active,Active
SNS_003891,Rajiv Chowk,2026-03-17 05:00:00,21.5,52.1,535,112,10,Active,Active,Active
SNS_003892,Kashmere Gate,2026-03-17 05:00:00,22.2,48.6,741,126,9,Active,Active,Active
SNS_003893,New Delhi,2026-03-17 05:00:00,22.5,57.1,708,133,9,Inactive,Active,Active
SNS_003894,Hauz Khas,2026-03-17 05:00:00,21.1,49.2,557,75,6,Active,Active,Active
SNS_003895,Botanical Garden,2026-03-17 05:00:00,24.4,50.0,666,81,0,Active,Active,Active
SNS_003896,Janakpuri West,2026-03-17 05:00:00,23.0,48.4,582,54,1,Active,Active,Active
SNS_003897,Lajpat Nagar,2026-03-17 05:00:00,22.0,60.7,577,57,1,Active,Active,Active
SNS_003898,Central Secretariat,2026-03-17 05:00:00,23.7,56.2,751,78,7,Under Maintenance,Active,Active
SNS_003899,Yamuna Bank,2026-03-17 05:00:00,22.3,63.3,701,58,0,Active,Active,Active
SNS_003900,Inderlok,2026-03-17 05:00:00,22.1,61.1,526,60,9,Active,Active,Active
SNS_003901,Rajiv Chowk,2026-03-17 06:00:00,24.3,52.1,584,118,195,Active,Active,Active
SNS_003902,Kashmere Gate,2026-03-17 06:00:00,23.4,56.3,703,138,368,Active,Active,Active
SNS_003903,New Delhi,2026-03-17 06:00:00,23.7,59.2,632,106,160,Active,Active,Active
SNS_003904,Hauz Khas,2026-03-17 06:00:00,24.0,50.6,461,116,350,Active,Active,Active
SNS_003905,Botanical Garden,2026-03-17 06:00:00,22.5,48.1,799,121,262,Active,Active,Active
SNS_003906,Janakpuri West,2026-03-17 06:00:00,23.4,62.4,632,139,391,Active,Active,Active
SNS_003907,Lajpat Nagar,2026-03-17 06:00:00,23.1,61.2,703,127,270,Active,Active,Active
SNS_003908,Central Secretariat,2026-03-17 06:00:00,21.8,49.3,740,97,160,Active,Active,Active
SNS_003909,Yamuna Bank,2026-03-17 06:00:00,21.6,49.9,497,115,239,Active,Active,Inactive
SNS_003910,Inderlok,2026-03-17 06:00:00,23.2,50.4,543,42,281,Active,Active,Active
SNS_003911,Rajiv Chowk,2026-03-17 07:00:00,21.3,58.5,452,52,289,Active,Under Maintenance,Active
SNS_003912,Kashmere Gate,2026-03-17 07:00:00,22.7,56.8,604,96,181,Active,Active,Active
SNS_003913,New Delhi,2026-03-17 07:00:00,21.9,55.3,728,101,163,Active,Active,Active
SNS_003914,Hauz Khas,2026-03-17 07:00:00,21.8,61.8,508,46,237,Active,Active,Active
SNS_003915,Botanical Garden,2026-03-17 07:00:00,23.7,56.1,503,57,137,Active,Inactive,Active
SNS_003916,Janakpuri West,2026-03-17 07:00:00,21.1,64.7,491,88,233,Active,Active,Inactive
SNS_003917,Lajpat Nagar,2026-03-17 07:00:00,22.8,57.3,592,60,231,Inactive,Active,Active
SNS_003918,Central Secretariat,2026-03-17 07:00:00,21.3,50.9,781,59,238,Active,Active,Active
SNS_003919,Yamuna Bank,2026-03-17 07:00:00,24.2,58.9,630,76,112,Active,Active,Active
SNS_003920,Inderlok,2026-03-17 07:00:00,21.4,45.5,458,70,310,Active,Active,Active
SNS_003921,Rajiv Chowk,2026-03-17 08:00:00,21.2,51.6,457,43,732,Active,Active,Active
SNS_003922,Kashmere Gate,2026-03-17 08:00:00,23.3,54.0,577,103,1336,Active,Under Maintenance,Active
SNS_003923,New Delhi,2026-03-17 08:00:00,23.5,57.7,674,73,712,Active,Active,Active
SNS_003924,Hauz Khas,2026-03-17 08:00:00,22.1,56.4,800,93,949,Active,Active,Active
SNS_003925,Botanical Garden,2026-03-17 08:00:00,22.5,61.7,782,70,1499,Active,Active,Active
SNS_003926,Janakpuri West,2026-03-17 08:00:00,22.6,47.9,742,142,660,Active,Active,Active
SNS_003927,Lajpat Nagar,2026-03-17 08:00:00,21.5,58.6,798,141,1141,Active,Active,Active
SNS_003928,Central Secretariat,2026-03-17 08:00:00,21.8,47.7,713,142,665,Active,Active,Active
SNS_003929,Yamuna Bank,2026-03-17 08:00:00,21.5,45.5,803,145,542,Active,Active,Active
SNS_003930,Inderlok,2026-03-17 08:00:00,23.5,56.6,649,67,691,Active,Active,Active
SNS_003931,Rajiv Chowk,2026-03-17 09:00:00,23.8,59.0,692,64,1338,Active,Active,Active
SNS_003932,Kashmere Gate,2026-03-17 09:00:00,21.6,59.4,572,107,979,Active,Active,Active
SNS_003933,New Delhi,2026-03-17 09:00:00,23.3,58.3,822,131,854,Active,Active,Active
SNS_003934,Hauz Khas,2026-03-17 09:00:00,23.8,49.4,649,82,739,Active,Active,Active
SNS_003935,Botanical Garden,2026-03-17 09:00:00,23.7,48.1,533,130,1421,Active,Active,Active
SNS_003936,Janakpuri West,2026-03-17 09:00:00,21.4,59.8,689,92,1059,Active,Active,Active
SNS_003937,Lajpat Nagar,2026-03-17 09:00:00,22.2,58.6,575,147,1485,Active,Active,Active
SNS_003938,Central Secretariat,2026-03-17 09:00:00,24.2,49.6,510,111,1215,Active,Active,Active
SNS_003939,Yamuna Bank,2026-03-17 09:00:00,22.9,59.2,741,76,658,Under Maintenance,Active,Active
SNS_003940,Inderlok,2026-03-17 09:00:00,21.2,48.8,778,85,1333,Active,Active,Active
SNS_003941,Rajiv Chowk,2026-03-17 10:00:00,24.4,55.6,621,149,950,Active,Active,Active
SNS_003942,Kashmere Gate,2026-03-17 10:00:00,21.4,45.6,793,77,1166,Active,Active,Active
SNS_003943,New Delhi,2026-03-17 10:00:00,22.7,54.2,470,41,581,Active,Active,Active
SNS_003944,Hauz Khas,2026-03-17 10:00:00,22.2,45.3,777,126,943,Active,Active,Active
SNS_003945,Botanical Garden,2026-03-17 10:00:00,23.2,62.2,692,134,1258,Active,Active,Active
SNS_003946,Janakpuri West,2026-03-17 10:00:00,24.2,56.3,796,102,1302,Active,Active,Active
SNS_003947,Lajpat Nagar,2026-03-17 10:00:00,24.0,56.8,519,98,1287,Active,Active,Active
SNS_003948,Central Secretariat,2026-03-17 10:00:00,21.2,52.4,627,52,1394,Active,Active,Active
SNS_003949,Yamuna Bank,2026-03-17 10:00:00,21.9,53.3,683,88,643,Active,Active,Active
SNS_003950,Inderlok,2026-03-17 10:00:00,22.0,48.8,676,112,917,Active,Active,Active
SNS_003951,Rajiv Chowk,2026-03-17 11:00:00,22.3,59.6,746,146,256,Active,Active,Active
SNS_003952,Kashmere Gate,2026-03-17 11:00:00,22.6,60.8,489,142,395,Active,Active,Active
SNS_003953,New Delhi,2026-03-17 11:00:00,23.1,46.3,746,145,217,Active,Active,Active
SNS_003954,Hauz Khas,2026-03-17 11:00:00,23.1,58.4,572,43,284,Active,Active,Active
SNS_003955,Botanical Garden,2026-03-17 11:00:00,22.9,45.1,584,113,158,Active,Active,Active
SNS_003956,Janakpuri West,2026-03-17 11:00:00,22.2,56.0,489,71,124,Active,Active,Active
SNS_003957,Lajpat Nagar,2026-03-17 11:00:00,22.4,47.7,757,137,262,Active,Active,Active
SNS_003958,Central Secretariat,2026-03-17 11:00:00,21.6,61.9,682,67,274,Active,Active,Active
SNS_003959,Yamuna Bank,2026-03-17 11:00:00,21.9,62.0,456,103,366,Inactive,Active,Active
SNS_003960,Inderlok,2026-03-17 11:00:00,24.2,46.7,535,46,347,Active,Active,Active
SNS_003961,Rajiv Chowk,2026-03-17 12:00:00,21.1,48.8,812,80,284,Active,Active,Active
SNS_003962,Kashmere Gate,2026-03-17 12:00:00,21.8,45.5,617,64,204,Active,Active,Active
SNS_003963,New Delhi,2026-03-17 12:00:00,21.7,61.6,524,90,304,Active,Active,Active
SNS_003964,Hauz Khas,2026-03-17 12:00:00,24.2,48.7,806,84,301,Active,Active,Active
SNS_003965,Botanical Garden,2026-03-17 12:00:00,21.5,50.1,759,96,278,Active,Active,Active
SNS_003966,Janakpuri West,2026-03-17 12:00:00,23.4,49.4,599,139,298,Active,Active,Active
SNS_003967,Lajpat Nagar,2026-03-17 12:00:00,22.5,47.5,687,47,190,Active,Active,Active
SNS_003968,Central Secretariat,2026-03-17 12:00:00,21.4,60.6,690,135,207,Active,Active,Active
SNS_003969,Yamuna Bank,2026-03-17 12:00:00,23.7,58.6,667,75,129,Active,Active,Active
SNS_003970,Inderlok,2026-03-17 12:00:00,22.3,62.3,621,60,360,Active,Active,Active
SNS_003971,Rajiv Chowk,2026-03-17 13:00:00,21.3,60.4,682,96,191,Active,Active,Active
SNS_003972,Kashmere Gate,2026-03-17 13:00:00,23.2,56.1,452,140,312,Active,Active,Active
SNS_003973,New Delhi,2026-03-17 13:00:00,21.3,60.6,802,72,394,Active,Active,Active
SNS_003974,Hauz Khas,2026-03-17 13:00:00,23.0,53.9,622,113,294,Active,Active,Active
SNS_003975,Botanical Garden,2026-03-17 13:00:00,21.9,54.7,741,82,227,Active,Active,Active
SNS_003976,Janakpuri West,2026-03-17 13:00:00,23.3,53.3,822,95,356,Active,Active,Active
SNS_003977,Lajpat Nagar,2026-03-17 13:00:00,21.5,65.0,781,73,247,Active,Active,Active
SNS_003978,Central Secretariat,2026-03-17 13:00:00,21.4,56.9,588,85,353,Active,Active,Active
SNS_003979,Yamuna Bank,2026-03-17 13:00:00,21.5,47.8,686,103,173,Active,Active,Active
SNS_003980,Inderlok,2026-03-17 13:00:00,24.1,60.2,467,68,106,Active,Active,Active
SNS_003981,Rajiv Chowk,2026-03-17 14:00:00,21.2,54.7,475,94,122,Active,Active,Active
SNS_003982,Kashmere Gate,2026-03-17 14:00:00,22.2,63.5,517,129,210,Active,Active,Active
SNS_003983,New Delhi,2026-03-17 14:00:00,21.1,64.7,837,74,159,Active,Active,Active
SNS_003984,Hauz Khas,2026-03-17 14:00:00,22.3,53.8,641,67,366,Active,Active,Active
SNS_003985,Botanical Garden,2026-03-17 14:00:00,21.3,56.0,717,97,279,Active,Active,Active
SNS_003986,Janakpuri West,2026-03-17 14:00:00,22.9,46.5,538,58,233,Active,Active,Active
SNS_003987,Lajpat Nagar,2026-03-17 14:00:00,24.1,61.9,530,146,179,Active,Active,Active
SNS_003988,Central Secretariat,2026-03-17 14:00:00,24.0,60.4,562,121,100,Active,Active,Active
SNS_003989,Yamuna Bank,2026-03-17 14:00:00,22.9,48.8,748,60,279,Active,Active,Active
SNS_003990,Inderlok,2026-03-17 14:00:00,23.9,62.5,737,100,202,Active,Active,Active
SNS_003991,Rajiv Chowk,2026-03-17 15:00:00,23.8,63.4,556,76,163,Active,Active,Active
SNS_003992,Kashmere Gate,2026-03-17 15:00:00,24.4,48.4,732,133,110,Active,Under Maintenance,Active
SNS_003993,New Delhi,2026-03-17 15:00:00,23.2,45.2,633,145,276,Active,Active,Active
SNS_003994,Hauz Khas,2026-03-17 15:00:00,24.0,49.5,813,66,199,Active,Active,Active
SNS_003995,Botanical Garden,2026-03-17 15:00:00,23.6,57.1,797,57,341,Active,Active,Active
SNS_003996,Janakpuri West,2026-03-17 15:00:00,23.9,56.3,534,66,350,Active,Active,Active
SNS_003997,Lajpat Nagar,2026-03-17 15:00:00,24.2,46.2,815,57,302,Inactive,Active,Active
SNS_003998,Central Secretariat,2026-03-17 15:00:00,23.4,54.0,602,48,161,Active,Active,Active
SNS_003999,Yamuna Bank,2026-03-17 15:00:00,24.3,55.8,527,101,244,Active,Active,Active
SNS_004000,Inderlok,2026-03-17 15:00:00,22.2,53.6,606,117,111,Active,Active,Active
SNS_004001,Rajiv Chowk,2026-03-17 16:00:00,23.3,53.5,760,118,375,Active,Active,Active
SNS_004002,Kashmere Gate,2026-03-17 16:00:00,22.9,52.5,581,44,349,Active,Active,Active
SNS_004003,New Delhi,2026-03-17 16:00:00,23.8,55.5,596,124,148,Active,Active,Active
SNS_004004,Hauz Khas,2026-03-17 16:00:00,24.0,62.7,579,128,101,Active,Active,Active
SNS_004005,Botanical Garden,2026-03-17 16:00:00,21.9,50.0,472,68,143,Active,Active,Active
SNS_004006,Janakpuri West,2026-03-17 16:00:00,21.9,57.3,626,110,339,Active,Active,Active
SNS_004007,Lajpat Nagar,2026-03-17 16:00:00,21.6,57.3,723,83,311,Active,Active,Active
SNS_004008,Central Secretariat,2026-03-17 16:00:00,21.2,56.6,811,90,341,Active,Under Maintenance,Active
SNS_004009,Yamuna Bank,2026-03-17 16:00:00,23.7,63.1,793,123,249,Active,Active,Active
SNS_004010,Inderlok,2026-03-17 16:00:00,24.2,49.3,516,134,399,Inactive,Active,Active
SNS_004011,Rajiv Chowk,2026-03-17 17:00:00,22.8,51.0,585,65,1499,Active,Active,Active
SNS_004012,Kashmere Gate,2026-03-17 17:00:00,23.7,52.8,574,101,1229,Active,Active,Active
SNS_004013,New Delhi,2026-03-17 17:00:00,24.5,52.0,707,119,1199,Active,Active,Active
SNS_004014,Hauz Khas,2026-03-17 17:00:00,21.4,58.5,522,56,1356,Active,Active,Active
SNS_004015,Botanical Garden,2026-03-17 17:00:00,21.8,51.8,849,83,1423,Active,Active,Active
SNS_004016,Janakpuri West,2026-03-17 17:00:00,21.5,55.0,577,117,1039,Active,Active,Active
SNS_004017,Lajpat Nagar,2026-03-17 17:00:00,22.6,60.2,510,61,790,Active,Active,Active
SNS_004018,Central Secretariat,2026-03-17 17:00:00,22.5,52.4,573,43,811,Active,Under Maintenance,Active
SNS_004019,Yamuna Bank,2026-03-17 17:00:00,22.7,61.7,727,60,707,Active,Active,Active
SNS_004020,Inderlok,2026-03-17 17:00:00,22.8,61.3,651,41,1305,Active,Active,Active
SNS_004021,Rajiv Chowk,2026-03-17 18:00:00,24.2,48.8,808,150,1079,Active,Active,Active
SNS_004022,Kashmere Gate,2026-03-17 18:00:00,23.6,60.7,764,55,1317,Active,Active,Active
SNS_004023,New Delhi,2026-03-17 18:00:00,21.8,50.0,542,69,947,Active,Active,Active
SNS_004024,Hauz Khas,2026-03-17 18:00:00,23.0,47.0,659,116,929,Active,Active,Active
SNS_004025,Botanical Garden,2026-03-17 18:00:00,24.0,55.5,777,148,1399,Active,Active,Active
SNS_004026,Janakpuri West,2026-03-17 18:00:00,22.4,63.2,840,42,724,Active,Inactive,Active
SNS_004027,Lajpat Nagar,2026-03-17 18:00:00,24.3,53.7,765,54,1219,Active,Active,Active
SNS_004028,Central Secretariat,2026-03-17 18:00:00,21.3,49.7,619,74,713,Active,Active,Active
SNS_004029,Yamuna Bank,2026-03-17 18:00:00,23.5,47.4,624,98,1483,Active,Active,Active
SNS_004030,Inderlok,2026-03-17 18:00:00,21.1,57.7,681,126,627,Active,Active,Active
SNS_004031,Rajiv Chowk,2026-03-17 19:00:00,21.2,60.1,790,88,1391,Active,Active,Active
SNS_004032,Kashmere Gate,2026-03-17 19:00:00,21.4,59.1,627,43,1038,Under Maintenance,Active,Active
SNS_004033,New Delhi,2026-03-17 19:00:00,22.2,47.0,493,42,1166,Active,Active,Active
SNS_004034,Hauz Khas,2026-03-17 19:00:00,24.0,53.3,720,71,1189,Active,Active,Active
SNS_004035,Botanical Garden,2026-03-17 19:00:00,23.6,63.1,521,97,883,Active,Active,Active
SNS_004036,Janakpuri West,2026-03-17 19:00:00,21.9,57.1,479,144,1116,Inactive,Active,Active
SNS_004037,Lajpat Nagar,2026-03-17 19:00:00,24.1,54.8,518,60,502,Active,Active,Active
SNS_004038,Central Secretariat,2026-03-17 19:00:00,23.2,60.1,771,54,1257,Active,Active,Active
SNS_004039,Yamuna Bank,2026-03-17 19:00:00,23.5,53.3,502,51,637,Active,Active,Active
SNS_004040,Inderlok,2026-03-17 19:00:00,24.1,54.9,783,46,698,Active,Active,Active
SNS_004041,Rajiv Chowk,2026-03-17 20:00:00,23.0,53.0,548,48,766,Active,Active,Active
SNS_004042,Kashmere Gate,2026-03-17 20:00:00,24.0,46.1,776,114,1264,Active,Active,Active
SNS_004043,New Delhi,2026-03-17 20:00:00,21.6,60.2,456,91,953,Active,Active,Active
SNS_004044,Hauz Khas,2026-03-17 20:00:00,21.8,47.5,625,119,1497,Active,Active,Active
SNS_004045,Botanical Garden,2026-03-17 20:00:00,23.3,61.0,672,96,914,Active,Active,Active
SNS_004046,Janakpuri West,2026-03-17 20:00:00,24.2,55.5,616,40,528,Active,Active,Active
SNS_004047,Lajpat Nagar,2026-03-17 20:00:00,23.5,62.4,822,126,1338,Active,Active,Active
SNS_004048,Central Secretariat,2026-03-17 20:00:00,24.3,58.0,478,54,814,Active,Active,Active
SNS_004049,Yamuna Bank,2026-03-17 20:00:00,21.9,64.1,639,95,1191,Under Maintenance,Active,Active
SNS_004050,Inderlok,2026-03-17 20:00:00,23.0,64.1,484,80,970,Active,Active,Active
SNS_004051,Rajiv Chowk,2026-03-17 21:00:00,23.5,63.7,847,114,395,Active,Active,Active
SNS_004052,Kashmere Gate,2026-03-17 21:00:00,24.3,55.9,767,113,174,Active,Active,Active
SNS_004053,New Delhi,2026-03-17 21:00:00,21.7,60.4,839,138,263,Active,Active,Active
SNS_004054,Hauz Khas,2026-03-17 21:00:00,22.5,58.5,628,127,355,Active,Active,Active
SNS_004055,Botanical Garden,2026-03-17 21:00:00,24.2,58.2,599,48,152,Active,Active,Active
SNS_004056,Janakpuri West,2026-03-17 21:00:00,23.6,53.2,515,96,215,Active,Active,Active
SNS_004057,Lajpat Nagar,2026-03-17 21:00:00,21.5,54.7,556,77,351,Active,Active,Active
SNS_004058,Central Secretariat,2026-03-17 21:00:00,22.1,47.3,480,51,358,Active,Active,Active
SNS_004059,Yamuna Bank,2026-03-17 21:00:00,21.0,49.8,559,43,400,Active,Active,Active
SNS_004060,Inderlok,2026-03-17 21:00:00,23.9,57.7,606,81,292,Active,Active,Active
SNS_004061,Rajiv Chowk,2026-03-17 22:00:00,23.8,52.9,602,84,360,Active,Active,Active
SNS_004062,Kashmere Gate,2026-03-17 22:00:00,22.9,55.3,536,108,326,Active,Active,Active
SNS_004063,New Delhi,2026-03-17 22:00:00,24.5,63.9,557,139,287,Active,Active,Active
SNS_004064,Hauz Khas,2026-03-17 22:00:00,23.2,47.9,663,118,167,Active,Active,Active
SNS_004065,Botanical Garden,2026-03-17 22:00:00,24.0,55.8,460,64,155,Active,Active,Active
SNS_004066,Janakpuri West,2026-03-17 22:00:00,21.6,57.5,830,75,302,Active,Active,Active
SNS_004067,Lajpat Nagar,2026-03-17 22:00:00,21.7,55.1,812,55,200,Active,Active,Active
SNS_004068,Central Secretariat,2026-03-17 22:00:00,23.8,49.4,450,70,165,Active,Active,Active
SNS_004069,Yamuna Bank,2026-03-17 22:00:00,22.7,59.7,636,99,295,Active,Active,Active
SNS_004070,Inderlok,2026-03-17 22:00:00,23.0,50.2,848,45,266,Active,Active,Active
SNS_004071,Rajiv Chowk,2026-03-17 23:00:00,23.8,63.8,622,127,220,Active,Active,Active
SNS_004072,Kashmere Gate,2026-03-17 23:00:00,23.9,49.3,785,66,380,Active,Active,Active
SNS_004073,New Delhi,2026-03-17 23:00:00,23.3,47.5,483,92,396,Active,Active,Active
SNS_004074,Hauz Khas,2026-03-17 23:00:00,23.1,48.4,568,147,210,Active,Active,Active
SNS_004075,Botanical Garden,2026-03-17 23:00:00,21.1,56.7,644,97,385,Active,Active,Active
SNS_004076,Janakpuri West,2026-03-17 23:00:00,22.5,47.9,710,102,265,Active,Active,Active
SNS_004077,Lajpat Nagar,2026-03-17 23:00:00,22.4,46.6,629,113,231,Active,Active,Active
SNS_004078,Central Secretariat,2026-03-17 23:00:00,23.0,62.3,524,84,371,Active,Active,Active
SNS_004079,Yamuna Bank,2026-03-17 23:00:00,21.1,51.3,697,119,304,Active,Active,Active
SNS_004080,Inderlok,2026-03-17 23:00:00,23.0,61.1,626,120,275,Active,Active,Active
SNS_004081,Rajiv Chowk,2026-03-18 00:00:00,22.8,52.2,737,67,10,Active,Active,Active
SNS_004082,Kashmere Gate,2026-03-18 00:00:00,21.7,51.9,822,139,7,Active,Active,Active
SNS_004083,New Delhi,2026-03-18 00:00:00,22.9,50.2,655,87,10,Active,Active,Active
SNS_004084,Hauz Khas,2026-03-18 00:00:00,24.1,63.3,828,150,2,Active,Active,Active
SNS_004085,Botanical Garden,2026-03-18 00:00:00,22.2,56.2,735,139,8,Active,Active,Active
SNS_004086,Janakpuri West,2026-03-18 00:00:00,24.5,64.8,699,97,9,Active,Active,Active
SNS_004087,Lajpat Nagar,2026-03-18 00:00:00,23.8,55.3,530,78,5,Active,Active,Active
SNS_004088,Central Secretariat,2026-03-18 00:00:00,21.0,47.0,849,51,5,Active,Active,Active
SNS_004089,Yamuna Bank,2026-03-18 00:00:00,23.8,64.6,744,112,5,Active,Active,Active
SNS_004090,Inderlok,2026-03-18 00:00:00,23.4,47.0,558,129,3,Active,Active,Active
SNS_004091,Rajiv Chowk,2026-03-18 01:00:00,21.9,58.8,710,126,7,Under Maintenance,Active,Active
SNS_004092,Kashmere Gate,2026-03-18 01:00:00,23.1,56.9,790,84,3,Active,Active,Active
SNS_004093,New Delhi,2026-03-18 01:00:00,22.8,46.7,652,69,4,Active,Active,Active
SNS_004094,Hauz Khas,2026-03-18 01:00:00,21.5,49.2,585,150,4,Active,Active,Active
SNS_004095,Botanical Garden,2026-03-18 01:00:00,23.4,57.7,699,147,0,Active,Active,Active
SNS_004096,Janakpuri West,2026-03-18 01:00:00,24.5,60.8,472,117,9,Active,Active,Active
SNS_004097,Lajpat Nagar,2026-03-18 01:00:00,21.6,45.7,757,110,7,Active,Active,Active
SNS_004098,Central Secretariat,2026-03-18 01:00:00,21.2,51.0,587,133,2,Active,Active,Active
SNS_004099,Yamuna Bank,2026-03-18 01:00:00,22.0,53.5,611,134,10,Active,Active,Active
SNS_004100,Inderlok,2026-03-18 01:00:00,23.5,46.7,756,62,2,Active,Active,Active
SNS_004101,Rajiv Chowk,2026-03-18 02:00:00,21.3,64.0,560,112,9,Active,Active,Active
SNS_004102,Kashmere Gate,2026-03-18 02:00:00,24.2,51.2,730,129,4,Active,Active,Active
SNS_004103,New Delhi,2026-03-18 02:00:00,23.3,47.9,791,139,2,Active,Active,Active
SNS_004104,Hauz Khas,2026-03-18 02:00:00,22.1,50.2,578,104,10,Active,Active,Active
SNS_004105,Botanical Garden,2026-03-18 02:00:00,21.3,55.6,495,68,3,Active,Active,Active
SNS_004106,Janakpuri West,2026-03-18 02:00:00,23.1,59.3,685,128,10,Active,Active,Active
SNS_004107,Lajpat Nagar,2026-03-18 02:00:00,22.9,61.2,618,64,0,Inactive,Active,Active
SNS_004108,Central Secretariat,2026-03-18 02:00:00,21.9,45.2,630,72,1,Active,Active,Active
SNS_004109,Yamuna Bank,2026-03-18 02:00:00,22.1,64.0,761,70,10,Active,Active,Active
SNS_004110,Inderlok,2026-03-18 02:00:00,21.5,63.5,664,60,9,Active,Active,Active
SNS_004111,Rajiv Chowk,2026-03-18 03:00:00,21.6,50.5,847,67,2,Active,Active,Active
SNS_004112,Kashmere Gate,2026-03-18 03:00:00,21.8,59.4,720,124,1,Active,Active,Active
SNS_004113,New Delhi,2026-03-18 03:00:00,22.0,61.6,802,51,0,Active,Active,Active
SNS_004114,Hauz Khas,2026-03-18 03:00:00,23.9,53.5,701,69,5,Active,Active,Active
SNS_004115,Botanical Garden,2026-03-18 03:00:00,24.3,63.8,671,54,4,Active,Active,Active
SNS_004116,Janakpuri West,2026-03-18 03:00:00,22.1,63.1,616,104,1,Active,Active,Active
SNS_004117,Lajpat Nagar,2026-03-18 03:00:00,22.7,56.5,765,85,6,Active,Active,Active
SNS_004118,Central Secretariat,2026-03-18 03:00:00,21.5,64.8,530,110,5,Inactive,Active,Active
SNS_004119,Yamuna Bank,2026-03-18 03:00:00,21.7,46.2,645,150,4,Active,Active,Active
SNS_004120,Inderlok,2026-03-18 03:00:00,24.3,58.4,520,59,5,Active,Active,Active
SNS_004121,Rajiv Chowk,2026-03-18 04:00:00,23.8,59.6,773,101,4,Active,Inactive,Active
SNS_004122,Kashmere Gate,2026-03-18 04:00:00,21.7,47.4,714,103,1,Active,Active,Active
SNS_004123,New Delhi,2026-03-18 04:00:00,22.3,64.9,791,120,10,Active,Active,Active
SNS_004124,Hauz Khas,2026-03-18 04:00:00,22.5,46.8,538,111,2,Active,Active,Active
SNS_004125,Botanical Garden,2026-03-18 04:00:00,24.0,56.7,498,89,0,Active,Active,Active
SNS_004126,Janakpuri West,2026-03-18 04:00:00,22.3,60.8,546,104,2,Active,Active,Active
SNS_004127,Lajpat Nagar,2026-03-18 04:00:00,23.5,54.6,539,104,7,Active,Active,Active
SNS_004128,Central Secretariat,2026-03-18 04:00:00,24.0,60.1,849,137,2,Active,Active,Active
SNS_004129,Yamuna Bank,2026-03-18 04:00:00,24.0,57.5,815,116,4,Active,Active,Active
SNS_004130,Inderlok,2026-03-18 04:00:00,22.0,64.4,536,41,3,Active,Active,Active
SNS_004131,Rajiv Chowk,2026-03-18 05:00:00,22.3,53.4,620,103,9,Active,Active,Active
SNS_004132,Kashmere Gate,2026-03-18 05:00:00,22.8,50.2,777,67,10,Active,Active,Active
SNS_004133,New Delhi,2026-03-18 05:00:00,22.5,59.8,778,106,10,Active,Active,Active
SNS_004134,Hauz Khas,2026-03-18 05:00:00,22.0,58.3,627,97,4,Active,Active,Active
SNS_004135,Botanical Garden,2026-03-18 05:00:00,21.5,54.4,633,132,1,Active,Active,Active
SNS_004136,Janakpuri West,2026-03-18 05:00:00,23.4,47.8,567,93,2,Active,Active,Active
SNS_004137,Lajpat Nagar,2026-03-18 05:00:00,21.9,58.1,668,65,10,Active,Active,Active
SNS_004138,Central Secretariat,2026-03-18 05:00:00,22.4,63.9,799,132,1,Active,Active,Active
SNS_004139,Yamuna Bank,2026-03-18 05:00:00,23.2,47.3,596,115,8,Active,Active,Active
SNS_004140,Inderlok,2026-03-18 05:00:00,23.0,51.2,748,58,1,Active,Active,Active
SNS_004141,Rajiv Chowk,2026-03-18 06:00:00,23.8,46.1,452,95,149,Active,Active,Active
SNS_004142,Kashmere Gate,2026-03-18 06:00:00,22.7,58.6,536,88,304,Active,Active,Active
SNS_004143,New Delhi,2026-03-18 06:00:00,23.9,53.4,460,149,276,Active,Active,Active
SNS_004144,Hauz Khas,2026-03-18 06:00:00,24.1,59.6,508,40,384,Active,Active,Active
SNS_004145,Botanical Garden,2026-03-18 06:00:00,21.6,60.9,811,141,223,Active,Active,Active
SNS_004146,Janakpuri West,2026-03-18 06:00:00,23.8,51.6,551,113,290,Active,Active,Active
SNS_004147,Lajpat Nagar,2026-03-18 06:00:00,21.3,61.6,705,150,296,Active,Active,Active
SNS_004148,Central Secretariat,2026-03-18 06:00:00,23.1,51.1,816,87,318,Active,Active,Active
SNS_004149,Yamuna Bank,2026-03-18 06:00:00,23.6,47.4,749,46,214,Active,Active,Active
SNS_004150,Inderlok,2026-03-18 06:00:00,21.3,55.9,742,60,389,Active,Active,Active
SNS_004151,Rajiv Chowk,2026-03-18 07:00:00,23.8,46.5,720,44,144,Active,Active,Active
SNS_004152,Kashmere Gate,2026-03-18 07:00:00,21.9,56.7,466,105,252,Active,Active,Active
SNS_004153,New Delhi,2026-03-18 07:00:00,23.3,50.8,458,138,114,Active,Active,Active
SNS_004154,Hauz Khas,2026-03-18 07:00:00,23.6,56.0,513,90,366,Active,Active,Active
SNS_004155,Botanical Garden,2026-03-18 07:00:00,21.6,58.2,605,51,231,Active,Active,Active
SNS_004156,Janakpuri West,2026-03-18 07:00:00,21.2,64.1,704,51,358,Active,Under Maintenance,Active
SNS_004157,Lajpat Nagar,2026-03-18 07:00:00,22.3,61.7,656,71,342,Active,Active,Active
SNS_004158,Central Secretariat,2026-03-18 07:00:00,22.7,63.6,690,44,248,Active,Active,Active
SNS_004159,Yamuna Bank,2026-03-18 07:00:00,23.2,45.7,468,109,388,Active,Inactive,Active
SNS_004160,Inderlok,2026-03-18 07:00:00,21.4,51.9,743,129,144,Active,Active,Active
SNS_004161,Rajiv Chowk,2026-03-18 08:00:00,21.3,62.1,764,98,1091,Active,Active,Active
SNS_004162,Kashmere Gate,2026-03-18 08:00:00,22.9,63.1,480,146,878,Active,Active,Active
SNS_004163,New Delhi,2026-03-18 08:00:00,21.7,51.0,454,147,797,Active,Active,Active
SNS_004164,Hauz Khas,2026-03-18 08:00:00,24.1,56.9,592,90,1072,Active,Active,Active
SNS_004165,Botanical Garden,2026-03-18 08:00:00,21.6,60.6,646,111,784,Active,Active,Active
SNS_004166,Janakpuri West,2026-03-18 08:00:00,24.3,49.2,531,78,623,Active,Active,Active
SNS_004167,Lajpat Nagar,2026-03-18 08:00:00,24.4,57.9,613,83,1484,Active,Active,Active
SNS_004168,Central Secretariat,2026-03-18 08:00:00,23.5,50.7,832,116,541,Active,Active,Active
SNS_004169,Yamuna Bank,2026-03-18 08:00:00,22.8,56.0,673,54,844,Active,Active,Active
SNS_004170,Inderlok,2026-03-18 08:00:00,22.9,45.4,510,142,1204,Active,Active,Active
SNS_004171,Rajiv Chowk,2026-03-18 09:00:00,21.4,60.6,720,54,638,Active,Active,Active
SNS_004172,Kashmere Gate,2026-03-18 09:00:00,22.5,60.7,840,42,1157,Active,Active,Active
SNS_004173,New Delhi,2026-03-18 09:00:00,22.3,46.1,705,75,754,Active,Active,Active
SNS_004174,Hauz Khas,2026-03-18 09:00:00,23.5,50.0,736,101,511,Active,Active,Active
SNS_004175,Botanical Garden,2026-03-18 09:00:00,23.8,63.3,598,66,876,Active,Active,Active
SNS_004176,Janakpuri West,2026-03-18 09:00:00,22.8,57.4,551,106,1287,Active,Active,Active
SNS_004177,Lajpat Nagar,2026-03-18 09:00:00,22.9,57.0,764,145,638,Active,Active,Active
SNS_004178,Central Secretariat,2026-03-18 09:00:00,22.4,55.0,487,93,833,Active,Active,Active
SNS_004179,Yamuna Bank,2026-03-18 09:00:00,24.1,61.4,620,90,777,Active,Active,Active
SNS_004180,Inderlok,2026-03-18 09:00:00,21.6,63.0,500,109,930,Active,Active,Active
SNS_004181,Rajiv Chowk,2026-03-18 10:00:00,21.0,56.6,643,80,708,Active,Active,Active
SNS_004182,Kashmere Gate,2026-03-18 10:00:00,22.8,55.1,695,89,577,Active,Active,Active
SNS_004183,New Delhi,2026-03-18 10:00:00,23.1,64.9,582,50,891,Active,Under Maintenance,Active
SNS_004184,Hauz Khas,2026-03-18 10:00:00,23.6,56.2,796,84,580,Active,Active,Active
SNS_004185,Botanical Garden,2026-03-18 10:00:00,24.1,58.9,609,78,1399,Active,Active,Active
SNS_004186,Janakpuri West,2026-03-18 10:00:00,23.1,61.6,473,68,751,Active,Active,Active
SNS_004187,Lajpat Nagar,2026-03-18 10:00:00,23.5,63.9,488,114,917,Active,Active,Active
SNS_004188,Central Secretariat,2026-03-18 10:00:00,24.1,62.9,613,104,1182,Active,Active,Active
SNS_004189,Yamuna Bank,2026-03-18 10:00:00,22.8,58.8,472,60,839,Active,Active,Active
SNS_004190,Inderlok,2026-03-18 10:00:00,23.8,57.6,697,133,582,Under Maintenance,Under Maintenance,Active
SNS_004191,Rajiv Chowk,2026-03-18 11:00:00,21.3,63.1,469,70,126,Active,Active,Active
SNS_004192,Kashmere Gate,2026-03-18 11:00:00,21.1,52.1,817,100,385,Active,Active,Active
SNS_004193,New Delhi,2026-03-18 11:00:00,22.3,48.6,619,140,151,Active,Active,Active
SNS_004194,Hauz Khas,2026-03-18 11:00:00,22.8,64.1,804,119,377,Active,Active,Active
SNS_004195,Botanical Garden,2026-03-18 11:00:00,24.2,61.4,825,48,365,Active,Active,Active
SNS_004196,Janakpuri West,2026-03-18 11:00:00,23.1,59.2,540,149,248,Active,Active,Active
SNS_004197,Lajpat Nagar,2026-03-18 11:00:00,21.4,60.2,677,90,289,Active,Active,Active
SNS_004198,Central Secretariat,2026-03-18 11:00:00,23.4,49.7,681,130,244,Active,Active,Active
SNS_004199,Yamuna Bank,2026-03-18 11:00:00,22.4,46.0,750,55,218,Active,Active,Active
SNS_004200,Inderlok,2026-03-18 11:00:00,23.3,53.8,573,132,373,Active,Active,Active
SNS_004201,Rajiv Chowk,2026-03-18 12:00:00,23.6,59.3,796,147,320,Active,Active,Active
SNS_004202,Kashmere Gate,2026-03-18 12:00:00,23.3,49.5,731,124,245,Active,Active,Active
SNS_004203,New Delhi,2026-03-18 12:00:00,21.7,60.7,524,76,134,Active,Active,Active
SNS_004204,Hauz Khas,2026-03-18 12:00:00,21.3,58.2,822,122,312,Active,Active,Active
SNS_004205,Botanical Garden,2026-03-18 12:00:00,21.4,64.2,703,80,189,Active,Active,Active
SNS_004206,Janakpuri West,2026-03-18 12:00:00,22.3,47.0,635,86,192,Active,Active,Active
SNS_004207,Lajpat Nagar,2026-03-18 12:00:00,24.3,47.2,484,136,261,Active,Active,Active
SNS_004208,Central Secretariat,2026-03-18 12:00:00,22.5,63.9,591,106,254,Under Maintenance,Active,Active
SNS_004209,Yamuna Bank,2026-03-18 12:00:00,22.0,49.0,599,61,133,Active,Active,Active
SNS_004210,Inderlok,2026-03-18 12:00:00,21.6,61.0,654,117,140,Active,Active,Active
SNS_004211,Rajiv Chowk,2026-03-18 13:00:00,24.2,56.9,725,82,271,Active,Under Maintenance,Active
SNS_004212,Kashmere Gate,2026-03-18 13:00:00,22.6,57.4,741,114,231,Active,Active,Active
SNS_004213,New Delhi,2026-03-18 13:00:00,21.9,48.4,647,44,314,Active,Active,Active
SNS_004214,Hauz Khas,2026-03-18 13:00:00,21.7,51.2,748,90,185,Active,Active,Active
SNS_004215,Botanical Garden,2026-03-18 13:00:00,21.5,46.1,727,101,290,Active,Active,Active
SNS_004216,Janakpuri West,2026-03-18 13:00:00,21.8,59.0,492,46,285,Active,Active,Active
SNS_004217,Lajpat Nagar,2026-03-18 13:00:00,21.9,58.6,459,104,392,Active,Active,Active
SNS_004218,Central Secretariat,2026-03-18 13:00:00,23.9,63.4,652,94,377,Active,Active,Active
SNS_004219,Yamuna Bank,2026-03-18 13:00:00,23.2,58.3,757,61,153,Active,Active,Active
SNS_004220,Inderlok,2026-03-18 13:00:00,21.1,51.9,601,44,113,Active,Active,Active
SNS_004221,Rajiv Chowk,2026-03-18 14:00:00,23.9,61.4,494,92,208,Active,Active,Active
SNS_004222,Kashmere Gate,2026-03-18 14:00:00,23.4,55.1,650,144,285,Active,Active,Active
SNS_004223,New Delhi,2026-03-18 14:00:00,22.3,64.3,654,53,120,Active,Active,Active
SNS_004224,Hauz Khas,2026-03-18 14:00:00,22.3,58.2,454,136,220,Active,Active,Active
SNS_004225,Botanical Garden,2026-03-18 14:00:00,24.2,61.7,596,67,230,Active,Active,Active
SNS_004226,Janakpuri West,2026-03-18 14:00:00,21.5,46.5,688,84,190,Active,Active,Active
SNS_004227,Lajpat Nagar,2026-03-18 14:00:00,22.8,52.6,778,97,376,Active,Active,Active
SNS_004228,Central Secretariat,2026-03-18 14:00:00,22.2,60.2,706,105,382,Active,Active,Active
SNS_004229,Yamuna Bank,2026-03-18 14:00:00,21.2,51.5,562,48,324,Active,Active,Active
SNS_004230,Inderlok,2026-03-18 14:00:00,22.6,46.9,774,93,108,Active,Active,Active
SNS_004231,Rajiv Chowk,2026-03-18 15:00:00,24.3,55.8,641,93,161,Active,Active,Active
SNS_004232,Kashmere Gate,2026-03-18 15:00:00,24.5,45.9,604,112,265,Active,Active,Active
SNS_004233,New Delhi,2026-03-18 15:00:00,22.9,52.4,545,143,316,Active,Active,Active
SNS_004234,Hauz Khas,2026-03-18 15:00:00,23.6,47.3,617,135,242,Active,Active,Active
SNS_004235,Botanical Garden,2026-03-18 15:00:00,21.5,47.2,621,138,283,Active,Active,Active
SNS_004236,Janakpuri West,2026-03-18 15:00:00,24.2,63.6,797,55,391,Active,Active,Active
SNS_004237,Lajpat Nagar,2026-03-18 15:00:00,22.4,47.4,505,81,126,Active,Active,Active
SNS_004238,Central Secretariat,2026-03-18 15:00:00,22.2,61.8,747,150,131,Inactive,Active,Active
SNS_004239,Yamuna Bank,2026-03-18 15:00:00,23.5,64.0,541,54,204,Active,Active,Active
SNS_004240,Inderlok,2026-03-18 15:00:00,23.7,54.3,725,65,121,Active,Active,Active
SNS_004241,Rajiv Chowk,2026-03-18 16:00:00,21.2,53.0,588,72,165,Active,Active,Active
SNS_004242,Kashmere Gate,2026-03-18 16:00:00,21.0,51.3,526,118,255,Inactive,Active,Active
SNS_004243,New Delhi,2026-03-18 16:00:00,21.7,49.0,584,51,128,Active,Active,Active
SNS_004244,Hauz Khas,2026-03-18 16:00:00,23.3,60.9,848,57,289,Active,Active,Active
SNS_004245,Botanical Garden,2026-03-18 16:00:00,22.8,64.4,659,74,397,Active,Active,Active
SNS_004246,Janakpuri West,2026-03-18 16:00:00,23.4,61.5,706,102,358,Active,Active,Active
SNS_004247,Lajpat Nagar,2026-03-18 16:00:00,22.5,52.2,586,112,356,Active,Active,Active
SNS_004248,Central Secretariat,2026-03-18 16:00:00,22.2,53.4,738,63,337,Active,Active,Active
SNS_004249,Yamuna Bank,2026-03-18 16:00:00,22.6,61.7,509,88,259,Active,Active,Active
SNS_004250,Inderlok,2026-03-18 16:00:00,23.8,45.1,787,120,105,Active,Active,Active
SNS_004251,Rajiv Chowk,2026-03-18 17:00:00,23.5,61.7,781,144,1284,Active,Active,Active
SNS_004252,Kashmere Gate,2026-03-18 17:00:00,23.5,53.6,474,134,1126,Active,Active,Active
SNS_004253,New Delhi,2026-03-18 17:00:00,22.3,47.8,548,71,1008,Active,Active,Active
SNS_004254,Hauz Khas,2026-03-18 17:00:00,22.0,48.1,675,60,811,Active,Active,Active
SNS_004255,Botanical Garden,2026-03-18 17:00:00,23.9,61.2,524,132,562,Active,Active,Active
SNS_004256,Janakpuri West,2026-03-18 17:00:00,21.3,49.2,834,62,709,Active,Active,Active
SNS_004257,Lajpat Nagar,2026-03-18 17:00:00,22.1,64.0,484,115,1089,Active,Active,Active
SNS_004258,Central Secretariat,2026-03-18 17:00:00,21.7,49.6,630,109,1148,Active,Active,Active
SNS_004259,Yamuna Bank,2026-03-18 17:00:00,23.5,45.5,514,133,1428,Under Maintenance,Active,Active
SNS_004260,Inderlok,2026-03-18 17:00:00,24.5,53.1,753,82,828,Active,Active,Active
SNS_004261,Rajiv Chowk,2026-03-18 18:00:00,23.2,55.2,520,58,582,Active,Active,Active
SNS_004262,Kashmere Gate,2026-03-18 18:00:00,23.1,60.1,813,139,1053,Active,Active,Active
SNS_004263,New Delhi,2026-03-18 18:00:00,21.9,64.4,850,69,839,Active,Active,Active
SNS_004264,Hauz Khas,2026-03-18 18:00:00,21.9,61.0,640,145,1146,Active,Active,Active
SNS_004265,Botanical Garden,2026-03-18 18:00:00,22.4,58.4,468,149,1102,Active,Active,Active
SNS_004266,Janakpuri West,2026-03-18 18:00:00,23.1,57.9,572,122,1479,Active,Active,Active
SNS_004267,Lajpat Nagar,2026-03-18 18:00:00,22.5,49.6,488,140,582,Active,Active,Active
SNS_004268,Central Secretariat,2026-03-18 18:00:00,21.2,48.3,471,101,1010,Active,Active,Active
SNS_004269,Yamuna Bank,2026-03-18 18:00:00,22.1,61.7,784,66,1187,Active,Active,Active
SNS_004270,Inderlok,2026-03-18 18:00:00,21.6,61.2,521,143,1071,Active,Active,Active
SNS_004271,Rajiv Chowk,2026-03-18 19:00:00,23.6,61.2,615,137,775,Active,Active,Active
SNS_004272,Kashmere Gate,2026-03-18 19:00:00,23.2,56.0,565,143,1352,Active,Active,Active
SNS_004273,New Delhi,2026-03-18 19:00:00,21.5,57.8,744,72,980,Active,Active,Active
SNS_004274,Hauz Khas,2026-03-18 19:00:00,24.3,54.7,540,81,602,Active,Active,Active
SNS_004275,Botanical Garden,2026-03-18 19:00:00,21.7,45.9,822,75,613,Active,Active,Active
SNS_004276,Janakpuri West,2026-03-18 19:00:00,22.5,61.9,651,72,570,Active,Active,Active
SNS_004277,Lajpat Nagar,2026-03-18 19:00:00,23.2,48.5,606,68,857,Active,Active,Active
SNS_004278,Central Secretariat,2026-03-18 19:00:00,22.1,57.8,517,54,922,Active,Active,Active
SNS_004279,Yamuna Bank,2026-03-18 19:00:00,22.4,51.9,681,106,1058,Active,Active,Active
SNS_004280,Inderlok,2026-03-18 19:00:00,22.9,56.7,496,66,742,Active,Active,Active
SNS_004281,Rajiv Chowk,2026-03-18 20:00:00,22.4,47.0,573,119,521,Active,Active,Active
SNS_004282,Kashmere Gate,2026-03-18 20:00:00,21.5,47.1,531,99,1476,Active,Active,Active
SNS_004283,New Delhi,2026-03-18 20:00:00,22.8,54.1,530,116,544,Active,Active,Active
SNS_004284,Hauz Khas,2026-03-18 20:00:00,23.6,60.1,784,108,556,Active,Active,Active
SNS_004285,Botanical Garden,2026-03-18 20:00:00,22.8,63.5,833,114,710,Active,Active,Active
SNS_004286,Janakpuri West,2026-03-18 20:00:00,23.3,55.2,521,149,870,Active,Active,Active
SNS_004287,Lajpat Nagar,2026-03-18 20:00:00,23.6,61.1,678,64,723,Active,Active,Active
SNS_004288,Central Secretariat,2026-03-18 20:00:00,21.0,63.3,622,95,1432,Active,Active,Active
SNS_004289,Yamuna Bank,2026-03-18 20:00:00,23.5,47.8,800,66,1347,Active,Active,Active
SNS_004290,Inderlok,2026-03-18 20:00:00,22.7,56.3,726,128,1335,Active,Active,Active
SNS_004291,Rajiv Chowk,2026-03-18 21:00:00,22.0,60.8,805,43,208,Active,Active,Active
SNS_004292,Kashmere Gate,2026-03-18 21:00:00,23.2,50.7,767,71,238,Active,Active,Active
SNS_004293,New Delhi,2026-03-18 21:00:00,24.1,48.6,842,51,135,Under Maintenance,Active,Active
SNS_004294,Hauz Khas,2026-03-18 21:00:00,22.4,57.2,551,89,187,Active,Active,Active
SNS_004295,Botanical Garden,2026-03-18 21:00:00,22.2,63.6,788,135,318,Active,Active,Active
SNS_004296,Janakpuri West,2026-03-18 21:00:00,21.4,56.9,714,87,127,Active,Active,Active
SNS_004297,Lajpat Nagar,2026-03-18 21:00:00,22.1,61.6,454,95,278,Active,Active,Active
SNS_004298,Central Secretariat,2026-03-18 21:00:00,21.1,61.8,774,79,287,Active,Active,Active
SNS_004299,Yamuna Bank,2026-03-18 21:00:00,23.3,50.2,519,115,254,Active,Active,Active
SNS_004300,Inderlok,2026-03-18 21:00:00,24.4,57.7,658,53,170,Active,Active,Active
SNS_004301,Rajiv Chowk,2026-03-18 22:00:00,23.6,61.2,817,41,398,Active,Active,Active
SNS_004302,Kashmere Gate,2026-03-18 22:00:00,24.1,62.5,553,143,208,Active,Active,Active
SNS_004303,New Delhi,2026-03-18 22:00:00,21.6,49.6,816,41,140,Active,Active,Active
SNS_004304,Hauz Khas,2026-03-18 22:00:00,22.6,57.6,654,84,381,Active,Active,Active
SNS_004305,Botanical Garden,2026-03-18 22:00:00,21.8,61.1,523,132,212,Active,Active,Active
SNS_004306,Janakpuri West,2026-03-18 22:00:00,21.4,50.3,784,135,125,Active,Active,Active
SNS_004307,Lajpat Nagar,2026-03-18 22:00:00,23.3,59.5,809,143,283,Active,Active,Active
SNS_004308,Central Secretariat,2026-03-18 22:00:00,22.8,59.7,513,81,158,Active,Active,Active
SNS_004309,Yamuna Bank,2026-03-18 22:00:00,21.7,63.4,732,52,219,Active,Active,Active
SNS_004310,Inderlok,2026-03-18 22:00:00,22.6,56.0,731,42,101,Active,Active,Active
SNS_004311,Rajiv Chowk,2026-03-18 23:00:00,24.0,63.7,776,139,302,Active,Active,Active
SNS_004312,Kashmere Gate,2026-03-18 23:00:00,21.0,45.0,490,131,112,Active,Active,Active
SNS_004313,New Delhi,2026-03-18 23:00:00,24.3,61.0,502,61,285,Active,Active,Active
SNS_004314,Hauz Khas,2026-03-18 23:00:00,23.6,50.5,748,61,377,Active,Active,Active
SNS_004315,Botanical Garden,2026-03-18 23:00:00,21.7,48.9,552,134,229,Active,Active,Active
SNS_004316,Janakpuri West,2026-03-18 23:00:00,24.2,52.8,461,73,206,Active,Active,Active
SNS_004317,Lajpat Nagar,2026-03-18 23:00:00,22.6,52.4,538,64,355,Active,Active,Active
SNS_004318,Central Secretariat,2026-03-18 23:00:00,24.2,51.4,810,50,182,Active,Active,Active
SNS_004319,Yamuna Bank,2026-03-18 23:00:00,21.5,56.2,760,134,340,Active,Active,Active
SNS_004320,Inderlok,2026-03-18 23:00:00,22.4,46.0,620,103,270,Active,Active,Active
SNS_004321,Rajiv Chowk,2026-03-19 00:00:00,22.4,63.5,672,137,8,Active,Active,Active
SNS_004322,Kashmere Gate,2026-03-19 00:00:00,21.1,59.1,502,83,8,Active,Active,Active
SNS_004323,New Delhi,2026-03-19 00:00:00,22.9,50.7,599,87,6,Active,Active,Active
SNS_004324,Hauz Khas,2026-03-19 00:00:00,22.4,53.2,789,119,4,Active,Under Maintenance,Active
SNS_004325,Botanical Garden,2026-03-19 00:00:00,23.0,45.5,594,101,8,Active,Active,Active
SNS_004326,Janakpuri West,2026-03-19 00:00:00,21.9,62.1,631,54,10,Active,Active,Active
SNS_004327,Lajpat Nagar,2026-03-19 00:00:00,23.8,58.9,483,112,0,Active,Active,Active
SNS_004328,Central Secretariat,2026-03-19 00:00:00,23.4,59.8,501,100,2,Active,Active,Active
SNS_004329,Yamuna Bank,2026-03-19 00:00:00,23.6,64.1,456,48,4,Active,Active,Active
SNS_004330,Inderlok,2026-03-19 00:00:00,24.0,53.8,824,93,1,Active,Active,Active
SNS_004331,Rajiv Chowk,2026-03-19 01:00:00,21.0,58.3,808,149,2,Active,Active,Active
SNS_004332,Kashmere Gate,2026-03-19 01:00:00,23.8,59.8,585,80,3,Active,Active,Active
SNS_004333,New Delhi,2026-03-19 01:00:00,23.9,48.7,520,62,10,Active,Active,Active
SNS_004334,Hauz Khas,2026-03-19 01:00:00,21.1,58.1,561,144,8,Active,Active,Active
SNS_004335,Botanical Garden,2026-03-19 01:00:00,22.8,60.8,525,64,8,Active,Active,Active
SNS_004336,Janakpuri West,2026-03-19 01:00:00,22.6,63.3,719,113,2,Active,Active,Active
SNS_004337,Lajpat Nagar,2026-03-19 01:00:00,24.0,46.8,589,59,5,Active,Active,Active
SNS_004338,Central Secretariat,2026-03-19 01:00:00,23.5,49.6,544,106,2,Active,Active,Active
SNS_004339,Yamuna Bank,2026-03-19 01:00:00,23.4,45.9,636,106,4,Active,Active,Active
SNS_004340,Inderlok,2026-03-19 01:00:00,23.4,45.5,516,63,3,Under Maintenance,Active,Active
SNS_004341,Rajiv Chowk,2026-03-19 02:00:00,23.2,49.9,744,66,1,Active,Active,Active
SNS_004342,Kashmere Gate,2026-03-19 02:00:00,22.2,55.2,544,124,8,Active,Active,Active
SNS_004343,New Delhi,2026-03-19 02:00:00,24.5,46.0,833,62,0,Active,Active,Active
SNS_004344,Hauz Khas,2026-03-19 02:00:00,23.6,59.8,828,123,7,Active,Active,Active
SNS_004345,Botanical Garden,2026-03-19 02:00:00,22.9,47.2,796,74,5,Active,Active,Active
SNS_004346,Janakpuri West,2026-03-19 02:00:00,21.9,46.3,482,127,10,Inactive,Active,Active
SNS_004347,Lajpat Nagar,2026-03-19 02:00:00,22.5,52.8,451,143,0,Active,Active,Active
SNS_004348,Central Secretariat,2026-03-19 02:00:00,21.7,50.2,607,60,7,Active,Active,Active
SNS_004349,Yamuna Bank,2026-03-19 02:00:00,22.8,53.6,706,130,7,Active,Active,Active
SNS_004350,Inderlok,2026-03-19 02:00:00,23.0,64.9,692,84,6,Inactive,Active,Active
SNS_004351,Rajiv Chowk,2026-03-19 03:00:00,24.3,47.6,761,49,7,Active,Active,Active
SNS_004352,Kashmere Gate,2026-03-19 03:00:00,21.9,46.9,832,108,2,Active,Active,Active
SNS_004353,New Delhi,2026-03-19 03:00:00,22.9,52.7,732,76,9,Active,Active,Active
SNS_004354,Hauz Khas,2026-03-19 03:00:00,22.4,60.8,672,121,7,Active,Active,Active
SNS_004355,Botanical Garden,2026-03-19 03:00:00,23.1,46.9,512,143,2,Active,Active,Active
SNS_004356,Janakpuri West,2026-03-19 03:00:00,23.4,62.1,761,114,0,Active,Active,Active
SNS_004357,Lajpat Nagar,2026-03-19 03:00:00,22.4,48.8,756,93,2,Active,Active,Active
SNS_004358,Central Secretariat,2026-03-19 03:00:00,23.6,58.7,804,53,7,Active,Active,Active
SNS_004359,Yamuna Bank,2026-03-19 03:00:00,23.9,47.9,617,106,1,Active,Active,Active
SNS_004360,Inderlok,2026-03-19 03:00:00,24.4,59.5,478,149,3,Active,Active,Active
SNS_004361,Rajiv Chowk,2026-03-19 04:00:00,22.7,60.0,838,144,5,Active,Active,Active
SNS_004362,Kashmere Gate,2026-03-19 04:00:00,21.1,45.6,510,83,6,Active,Active,Active
SNS_004363,New Delhi,2026-03-19 04:00:00,21.5,49.2,602,149,2,Active,Active,Active
SNS_004364,Hauz Khas,2026-03-19 04:00:00,21.0,63.1,840,113,1,Under Maintenance,Active,Active
SNS_004365,Botanical Garden,2026-03-19 04:00:00,23.3,53.0,480,63,3,Active,Active,Active
SNS_004366,Janakpuri West,2026-03-19 04:00:00,22.5,58.8,466,129,1,Active,Active,Active
SNS_004367,Lajpat Nagar,2026-03-19 04:00:00,24.0,59.4,658,80,3,Active,Active,Active
SNS_004368,Central Secretariat,2026-03-19 04:00:00,22.0,59.3,792,100,0,Active,Active,Active
SNS_004369,Yamuna Bank,2026-03-19 04:00:00,22.6,60.8,624,131,10,Active,Active,Active
SNS_004370,Inderlok,2026-03-19 04:00:00,22.9,58.7,726,129,2,Active,Active,Active
SNS_004371,Rajiv Chowk,2026-03-19 05:00:00,24.1,57.0,485,42,6,Active,Active,Active
SNS_004372,Kashmere Gate,2026-03-19 05:00:00,21.0,63.3,676,81,9,Active,Active,Active
SNS_004373,New Delhi,2026-03-19 05:00:00,23.5,56.3,702,44,3,Active,Active,Active
SNS_004374,Hauz Khas,2026-03-19 05:00:00,22.0,56.3,763,133,6,Active,Active,Active
SNS_004375,Botanical Garden,2026-03-19 05:00:00,24.2,60.4,657,54,4,Active,Active,Active
SNS_004376,Janakpuri West,2026-03-19 05:00:00,21.6,64.7,675,148,0,Active,Active,Active
SNS_004377,Lajpat Nagar,2026-03-19 05:00:00,24.4,52.9,594,108,7,Active,Active,Active
SNS_004378,Central Secretariat,2026-03-19 05:00:00,22.4,48.6,574,129,9,Active,Active,Active
SNS_004379,Yamuna Bank,2026-03-19 05:00:00,23.6,53.9,480,125,3,Active,Active,Active
SNS_004380,Inderlok,2026-03-19 05:00:00,21.5,62.2,573,119,10,Active,Active,Active
SNS_004381,Rajiv Chowk,2026-03-19 06:00:00,21.8,46.0,572,62,266,Active,Active,Active
SNS_004382,Kashmere Gate,2026-03-19 06:00:00,21.9,52.8,830,127,394,Active,Active,Active
SNS_004383,New Delhi,2026-03-19 06:00:00,24.5,63.5,576,110,299,Active,Active,Active
SNS_004384,Hauz Khas,2026-03-19 06:00:00,22.3,51.3,822,83,311,Active,Active,Active
SNS_004385,Botanical Garden,2026-03-19 06:00:00,23.4,58.1,525,53,356,Active,Active,Active
SNS_004386,Janakpuri West,2026-03-19 06:00:00,23.1,48.2,815,49,245,Active,Active,Active
SNS_004387,Lajpat Nagar,2026-03-19 06:00:00,21.6,55.9,723,41,183,Active,Active,Active
SNS_004388,Central Secretariat,2026-03-19 06:00:00,23.9,48.5,533,121,123,Active,Active,Active
SNS_004389,Yamuna Bank,2026-03-19 06:00:00,21.8,59.1,697,50,297,Active,Active,Active
SNS_004390,Inderlok,2026-03-19 06:00:00,23.0,50.4,685,105,252,Active,Active,Active
SNS_004391,Rajiv Chowk,2026-03-19 07:00:00,21.1,56.7,809,92,178,Active,Active,Active
SNS_004392,Kashmere Gate,2026-03-19 07:00:00,21.7,49.3,537,121,355,Active,Active,Active
SNS_004393,New Delhi,2026-03-19 07:00:00,22.1,60.2,673,57,133,Active,Active,Active
SNS_004394,Hauz Khas,2026-03-19 07:00:00,23.7,46.6,652,124,262,Active,Active,Active
SNS_004395,Botanical Garden,2026-03-19 07:00:00,21.7,55.9,493,139,171,Active,Active,Active
SNS_004396,Janakpuri West,2026-03-19 07:00:00,24.0,54.8,459,97,285,Active,Active,Active
SNS_004397,Lajpat Nagar,2026-03-19 07:00:00,21.0,53.4,650,86,153,Active,Active,Active
SNS_004398,Central Secretariat,2026-03-19 07:00:00,23.1,45.7,840,91,248,Active,Active,Active
SNS_004399,Yamuna Bank,2026-03-19 07:00:00,23.2,57.9,740,102,381,Under Maintenance,Active,Active
SNS_004400,Inderlok,2026-03-19 07:00:00,23.3,57.9,556,91,380,Inactive,Active,Active
SNS_004401,Rajiv Chowk,2026-03-19 08:00:00,22.9,56.3,724,150,1157,Active,Active,Active
SNS_004402,Kashmere Gate,2026-03-19 08:00:00,22.6,48.4,603,133,561,Active,Active,Active
SNS_004403,New Delhi,2026-03-19 08:00:00,24.2,46.6,848,125,547,Active,Active,Active
SNS_004404,Hauz Khas,2026-03-19 08:00:00,22.7,52.8,740,74,1008,Active,Inactive,Active
SNS_004405,Botanical Garden,2026-03-19 08:00:00,22.4,50.9,570,76,1370,Active,Active,Active
SNS_004406,Janakpuri West,2026-03-19 08:00:00,21.3,56.5,788,51,1266,Active,Active,Active
SNS_004407,Lajpat Nagar,2026-03-19 08:00:00,24.1,59.3,478,64,878,Active,Active,Active
SNS_004408,Central Secretariat,2026-03-19 08:00:00,21.9,49.4,550,65,527,Active,Active,Active
SNS_004409,Yamuna Bank,2026-03-19 08:00:00,21.4,52.5,581,86,1416,Active,Active,Active
SNS_004410,Inderlok,2026-03-19 08:00:00,23.2,56.5,496,148,965,Active,Active,Active
SNS_004411,Rajiv Chowk,2026-03-19 09:00:00,24.0,50.9,696,114,1480,Active,Active,Active
SNS_004412,Kashmere Gate,2026-03-19 09:00:00,21.7,58.6,795,133,1068,Active,Active,Active
SNS_004413,New Delhi,2026-03-19 09:00:00,23.7,48.8,793,51,1273,Active,Active,Active
SNS_004414,Hauz Khas,2026-03-19 09:00:00,23.3,56.0,477,146,1253,Active,Active,Active
SNS_004415,Botanical Garden,2026-03-19 09:00:00,24.3,45.4,780,97,1310,Active,Active,Active
SNS_004416,Janakpuri West,2026-03-19 09:00:00,22.8,45.2,800,131,828,Active,Active,Active
SNS_004417,Lajpat Nagar,2026-03-19 09:00:00,21.3,47.0,829,136,768,Active,Active,Active
SNS_004418,Central Secretariat,2026-03-19 09:00:00,21.6,48.7,645,74,1015,Under Maintenance,Active,Active
SNS_004419,Yamuna Bank,2026-03-19 09:00:00,23.6,53.2,566,109,1076,Active,Active,Active
SNS_004420,Inderlok,2026-03-19 09:00:00,22.5,49.7,760,50,1467,Active,Active,Inactive
SNS_004421,Rajiv Chowk,2026-03-19 10:00:00,24.0,56.3,516,133,627,Active,Active,Active
SNS_004422,Kashmere Gate,2026-03-19 10:00:00,22.7,48.1,732,121,711,Active,Active,Active
SNS_004423,New Delhi,2026-03-19 10:00:00,23.7,58.1,538,115,1024,Active,Active,Active
SNS_004424,Hauz Khas,2026-03-19 10:00:00,21.0,61.9,767,148,682,Inactive,Active,Active
SNS_004425,Botanical Garden,2026-03-19 10:00:00,21.2,52.0,576,77,678,Active,Active,Active
SNS_004426,Janakpuri West,2026-03-19 10:00:00,23.1,48.4,532,111,1196,Active,Active,Active
SNS_004427,Lajpat Nagar,2026-03-19 10:00:00,21.2,61.9,686,83,851,Active,Active,Active
SNS_004428,Central Secretariat,2026-03-19 10:00:00,21.5,63.1,833,73,1248,Active,Active,Active
SNS_004429,Yamuna Bank,2026-03-19 10:00:00,22.7,58.5,636,100,631,Active,Active,Active
SNS_004430,Inderlok,2026-03-19 10:00:00,22.2,56.3,638,99,638,Active,Active,Active
SNS_004431,Rajiv Chowk,2026-03-19 11:00:00,21.4,64.7,566,147,100,Active,Active,Active
SNS_004432,Kashmere Gate,2026-03-19 11:00:00,22.8,61.9,658,97,234,Active,Active,Active
SNS_004433,New Delhi,2026-03-19 11:00:00,22.8,57.7,568,92,190,Active,Active,Active
SNS_004434,Hauz Khas,2026-03-19 11:00:00,21.6,53.9,489,103,218,Active,Active,Active
SNS_004435,Botanical Garden,2026-03-19 11:00:00,24.3,64.3,614,107,369,Active,Active,Active
SNS_004436,Janakpuri West,2026-03-19 11:00:00,21.4,54.7,723,49,324,Active,Active,Active
SNS_004437,Lajpat Nagar,2026-03-19 11:00:00,21.6,51.3,807,56,208,Active,Active,Active
SNS_004438,Central Secretariat,2026-03-19 11:00:00,22.3,64.5,466,49,389,Active,Active,Active
SNS_004439,Yamuna Bank,2026-03-19 11:00:00,24.3,57.5,633,109,355,Active,Active,Active
SNS_004440,Inderlok,2026-03-19 11:00:00,21.9,49.6,491,111,211,Inactive,Active,Active
SNS_004441,Rajiv Chowk,2026-03-19 12:00:00,24.2,58.4,816,131,327,Active,Active,Active
SNS_004442,Kashmere Gate,2026-03-19 12:00:00,22.0,45.1,699,63,253,Active,Active,Active
SNS_004443,New Delhi,2026-03-19 12:00:00,24.0,54.4,742,150,285,Active,Active,Active
SNS_004444,Hauz Khas,2026-03-19 12:00:00,22.7,47.9,580,139,342,Active,Active,Active
SNS_004445,Botanical Garden,2026-03-19 12:00:00,22.8,57.0,836,89,219,Active,Active,Active
SNS_004446,Janakpuri West,2026-03-19 12:00:00,23.2,55.1,621,61,101,Active,Active,Active
SNS_004447,Lajpat Nagar,2026-03-19 12:00:00,23.2,47.3,763,91,124,Active,Active,Active
SNS_004448,Central Secretariat,2026-03-19 12:00:00,22.3,52.0,758,142,322,Inactive,Active,Active
SNS_004449,Yamuna Bank,2026-03-19 12:00:00,21.8,50.2,819,63,102,Active,Active,Active
SNS_004450,Inderlok,2026-03-19 12:00:00,23.9,54.3,482,148,282,Active,Active,Active
SNS_004451,Rajiv Chowk,2026-03-19 13:00:00,23.7,56.3,628,147,194,Active,Active,Active
SNS_004452,Kashmere Gate,2026-03-19 13:00:00,22.0,64.9,460,61,359,Active,Active,Active
SNS_004453,New Delhi,2026-03-19 13:00:00,21.2,48.9,747,97,117,Active,Active,Active
SNS_004454,Hauz Khas,2026-03-19 13:00:00,23.9,53.2,650,104,250,Active,Active,Active
SNS_004455,Botanical Garden,2026-03-19 13:00:00,23.8,61.2,577,91,326,Active,Active,Active
SNS_004456,Janakpuri West,2026-03-19 13:00:00,23.0,58.5,747,135,219,Active,Active,Active
SNS_004457,Lajpat Nagar,2026-03-19 13:00:00,24.4,52.9,637,58,222,Active,Active,Active
SNS_004458,Central Secretariat,2026-03-19 13:00:00,23.6,52.8,494,61,224,Active,Active,Active
SNS_004459,Yamuna Bank,2026-03-19 13:00:00,23.0,45.0,786,101,389,Active,Active,Inactive
SNS_004460,Inderlok,2026-03-19 13:00:00,22.9,55.2,615,123,379,Active,Active,Active
SNS_004461,Rajiv Chowk,2026-03-19 14:00:00,24.0,51.2,645,110,305,Active,Active,Active
SNS_004462,Kashmere Gate,2026-03-19 14:00:00,22.4,45.7,831,111,143,Active,Active,Active
SNS_004463,New Delhi,2026-03-19 14:00:00,22.8,47.8,483,61,332,Active,Active,Active
SNS_004464,Hauz Khas,2026-03-19 14:00:00,21.2,49.7,767,136,174,Active,Active,Active
SNS_004465,Botanical Garden,2026-03-19 14:00:00,24.4,46.0,650,53,268,Active,Active,Active
SNS_004466,Janakpuri West,2026-03-19 14:00:00,21.9,60.9,826,129,233,Active,Active,Active
SNS_004467,Lajpat Nagar,2026-03-19 14:00:00,21.6,64.8,713,89,215,Active,Active,Active
SNS_004468,Central Secretariat,2026-03-19 14:00:00,21.9,63.7,811,53,388,Active,Active,Active
SNS_004469,Yamuna Bank,2026-03-19 14:00:00,24.2,59.9,817,92,241,Active,Active,Active
SNS_004470,Inderlok,2026-03-19 14:00:00,21.8,56.7,848,73,337,Active,Active,Active
SNS_004471,Rajiv Chowk,2026-03-19 15:00:00,21.3,46.7,479,147,195,Inactive,Active,Active
SNS_004472,Kashmere Gate,2026-03-19 15:00:00,21.9,50.7,460,74,119,Active,Active,Active
SNS_004473,New Delhi,2026-03-19 15:00:00,22.6,59.8,464,106,114,Active,Active,Active
SNS_004474,Hauz Khas,2026-03-19 15:00:00,23.1,48.1,521,138,189,Active,Active,Active
SNS_004475,Botanical Garden,2026-03-19 15:00:00,23.0,54.9,810,128,192,Active,Active,Active
SNS_004476,Janakpuri West,2026-03-19 15:00:00,21.1,52.3,632,69,270,Active,Active,Active
SNS_004477,Lajpat Nagar,2026-03-19 15:00:00,24.4,46.3,574,54,218,Under Maintenance,Active,Active
SNS_004478,Central Secretariat,2026-03-19 15:00:00,23.3,58.6,568,40,360,Active,Active,Active
SNS_004479,Yamuna Bank,2026-03-19 15:00:00,21.6,46.3,787,40,300,Active,Active,Active
SNS_004480,Inderlok,2026-03-19 15:00:00,23.8,59.1,714,89,389,Active,Active,Active
SNS_004481,Rajiv Chowk,2026-03-19 16:00:00,21.6,53.9,833,139,360,Active,Active,Active
SNS_004482,Kashmere Gate,2026-03-19 16:00:00,24.5,52.0,603,80,257,Active,Under Maintenance,Active
SNS_004483,New Delhi,2026-03-19 16:00:00,23.0,57.5,613,65,294,Active,Active,Active
SNS_004484,Hauz Khas,2026-03-19 16:00:00,21.6,51.9,706,43,354,Active,Active,Active
SNS_004485,Botanical Garden,2026-03-19 16:00:00,23.3,48.4,636,113,150,Active,Active,Active
SNS_004486,Janakpuri West,2026-03-19 16:00:00,21.8,49.5,716,53,282,Active,Active,Active
SNS_004487,Lajpat Nagar,2026-03-19 16:00:00,21.5,46.2,650,61,165,Active,Active,Active
SNS_004488,Central Secretariat,2026-03-19 16:00:00,21.8,49.2,450,133,371,Active,Active,Active
SNS_004489,Yamuna Bank,2026-03-19 16:00:00,22.3,62.5,486,80,353,Active,Active,Active
SNS_004490,Inderlok,2026-03-19 16:00:00,22.3,48.1,660,50,280,Active,Active,Active
SNS_004491,Rajiv Chowk,2026-03-19 17:00:00,23.3,53.6,590,97,1041,Active,Active,Active
SNS_004492,Kashmere Gate,2026-03-19 17:00:00,23.0,63.4,608,84,814,Active,Active,Active
SNS_004493,New Delhi,2026-03-19 17:00:00,23.5,62.7,682,61,500,Active,Active,Active
SNS_004494,Hauz Khas,2026-03-19 17:00:00,23.6,53.7,650,92,1248,Active,Active,Active
SNS_004495,Botanical Garden,2026-03-19 17:00:00,23.6,48.5,800,139,718,Active,Active,Active
SNS_004496,Janakpuri West,2026-03-19 17:00:00,22.6,63.5,699,141,1138,Active,Active,Active
SNS_004497,Lajpat Nagar,2026-03-19 17:00:00,22.1,49.0,832,130,1441,Inactive,Active,Active
SNS_004498,Central Secretariat,2026-03-19 17:00:00,22.7,60.9,673,68,743,Active,Active,Active
SNS_004499,Yamuna Bank,2026-03-19 17:00:00,23.5,59.1,558,118,830,Active,Active,Active
SNS_004500,Inderlok,2026-03-19 17:00:00,22.4,51.2,704,132,1274,Active,Active,Active
SNS_004501,Rajiv Chowk,2026-03-19 18:00:00,22.2,50.6,557,116,1393,Active,Active,Active
SNS_004502,Kashmere Gate,2026-03-19 18:00:00,23.0,56.4,679,120,1010,Active,Active,Active
SNS_004503,New Delhi,2026-03-19 18:00:00,23.9,57.5,554,94,1185,Active,Active,Active
SNS_004504,Hauz Khas,2026-03-19 18:00:00,22.8,51.1,463,81,1203,Active,Active,Active
SNS_004505,Botanical Garden,2026-03-19 18:00:00,23.0,59.6,683,89,741,Active,Active,Active
SNS_004506,Janakpuri West,2026-03-19 18:00:00,22.2,55.4,832,137,758,Active,Active,Active
SNS_004507,Lajpat Nagar,2026-03-19 18:00:00,22.0,45.4,810,49,648,Active,Active,Active
SNS_004508,Central Secretariat,2026-03-19 18:00:00,21.6,60.1,620,43,1159,Active,Active,Active
SNS_004509,Yamuna Bank,2026-03-19 18:00:00,21.2,52.0,808,73,1298,Active,Active,Active
SNS_004510,Inderlok,2026-03-19 18:00:00,22.3,45.6,630,146,1500,Active,Active,Active
SNS_004511,Rajiv Chowk,2026-03-19 19:00:00,23.5,48.3,765,60,983,Active,Active,Active
SNS_004512,Kashmere Gate,2026-03-19 19:00:00,22.3,54.3,571,142,1497,Active,Active,Active
SNS_004513,New Delhi,2026-03-19 19:00:00,23.0,58.9,774,95,1160,Active,Active,Active
SNS_004514,Hauz Khas,2026-03-19 19:00:00,22.2,60.2,523,96,803,Active,Active,Active
SNS_004515,Botanical Garden,2026-03-19 19:00:00,23.3,62.7,568,98,1018,Active,Active,Active
SNS_004516,Janakpuri West,2026-03-19 19:00:00,21.9,50.8,842,104,808,Active,Active,Active
SNS_004517,Lajpat Nagar,2026-03-19 19:00:00,22.2,60.5,668,94,864,Active,Active,Active
SNS_004518,Central Secretariat,2026-03-19 19:00:00,23.1,53.7,803,96,1435,Active,Active,Active
SNS_004519,Yamuna Bank,2026-03-19 19:00:00,23.4,47.5,748,83,1289,Active,Active,Inactive
SNS_004520,Inderlok,2026-03-19 19:00:00,22.4,63.2,559,118,782,Active,Active,Active
SNS_004521,Rajiv Chowk,2026-03-19 20:00:00,22.9,45.8,701,108,1015,Active,Active,Active
SNS_004522,Kashmere Gate,2026-03-19 20:00:00,21.8,57.5,628,83,671,Active,Active,Active
SNS_004523,New Delhi,2026-03-19 20:00:00,22.8,48.4,806,106,890,Active,Active,Active
SNS_004524,Hauz Khas,2026-03-19 20:00:00,23.1,51.1,741,89,540,Active,Active,Active
SNS_004525,Botanical Garden,2026-03-19 20:00:00,23.0,50.1,783,112,674,Active,Active,Active
SNS_004526,Janakpuri West,2026-03-19 20:00:00,23.8,46.3,503,83,1492,Active,Inactive,Active
SNS_004527,Lajpat Nagar,2026-03-19 20:00:00,24.2,50.4,548,97,1303,Active,Active,Active
SNS_004528,Central Secretariat,2026-03-19 20:00:00,22.9,54.2,459,134,898,Active,Active,Active
SNS_004529,Yamuna Bank,2026-03-19 20:00:00,23.2,48.5,793,118,723,Inactive,Active,Active
SNS_004530,Inderlok,2026-03-19 20:00:00,23.6,53.0,732,118,1418,Active,Active,Active
SNS_004531,Rajiv Chowk,2026-03-19 21:00:00,23.9,58.3,545,60,227,Inactive,Active,Active
SNS_004532,Kashmere Gate,2026-03-19 21:00:00,23.3,50.2,808,46,189,Active,Active,Active
SNS_004533,New Delhi,2026-03-19 21:00:00,24.3,61.6,727,64,165,Active,Active,Active
SNS_004534,Hauz Khas,2026-03-19 21:00:00,21.4,51.0,655,52,357,Active,Active,Active
SNS_004535,Botanical Garden,2026-03-19 21:00:00,21.5,45.1,637,52,268,Active,Active,Active
SNS_004536,Janakpuri West,2026-03-19 21:00:00,23.6,58.9,656,135,359,Active,Active,Active
SNS_004537,Lajpat Nagar,2026-03-19 21:00:00,24.0,50.1,776,110,169,Active,Active,Active
SNS_004538,Central Secretariat,2026-03-19 21:00:00,21.6,60.5,668,137,217,Active,Active,Active
SNS_004539,Yamuna Bank,2026-03-19 21:00:00,22.8,51.3,747,82,218,Active,Active,Active
SNS_004540,Inderlok,2026-03-19 21:00:00,22.2,53.2,560,89,242,Active,Active,Active
SNS_004541,Rajiv Chowk,2026-03-19 22:00:00,23.9,54.2,847,126,223,Active,Active,Active
SNS_004542,Kashmere Gate,2026-03-19 22:00:00,21.3,48.7,591,91,193,Active,Active,Active
SNS_004543,New Delhi,2026-03-19 22:00:00,23.8,46.6,517,64,189,Active,Active,Active
SNS_004544,Hauz Khas,2026-03-19 22:00:00,24.2,53.6,787,87,184,Active,Active,Active
SNS_004545,Botanical Garden,2026-03-19 22:00:00,24.2,55.2,633,102,108,Active,Active,Active
SNS_004546,Janakpuri West,2026-03-19 22:00:00,21.2,54.2,755,95,259,Active,Active,Active
SNS_004547,Lajpat Nagar,2026-03-19 22:00:00,22.9,64.7,647,110,383,Active,Active,Active
SNS_004548,Central Secretariat,2026-03-19 22:00:00,23.9,57.3,477,85,101,Active,Active,Active
SNS_004549,Yamuna Bank,2026-03-19 22:00:00,21.0,59.7,554,146,345,Active,Active,Active
SNS_004550,Inderlok,2026-03-19 22:00:00,21.3,56.9,759,91,130,Active,Active,Active
SNS_004551,Rajiv Chowk,2026-03-19 23:00:00,21.5,62.8,485,66,346,Active,Active,Active
SNS_004552,Kashmere Gate,2026-03-19 23:00:00,22.8,57.5,518,150,246,Active,Active,Active
SNS_004553,New Delhi,2026-03-19 23:00:00,23.9,59.1,609,119,344,Active,Active,Active
SNS_004554,Hauz Khas,2026-03-19 23:00:00,22.4,64.5,621,52,377,Active,Active,Active
SNS_004555,Botanical Garden,2026-03-19 23:00:00,22.3,58.1,529,99,180,Under Maintenance,Active,Active
SNS_004556,Janakpuri West,2026-03-19 23:00:00,23.2,56.0,658,41,136,Active,Active,Active
SNS_004557,Lajpat Nagar,2026-03-19 23:00:00,22.1,45.0,632,54,311,Active,Active,Active
SNS_004558,Central Secretariat,2026-03-19 23:00:00,21.4,63.0,659,88,236,Active,Active,Active
SNS_004559,Yamuna Bank,2026-03-19 23:00:00,23.8,55.3,450,45,228,Active,Active,Active
SNS_004560,Inderlok,2026-03-19 23:00:00,21.1,62.5,604,142,292,Active,Active,Active
SNS_004561,Rajiv Chowk,2026-03-20 00:00:00,23.9,53.7,537,99,1,Active,Active,Active
SNS_004562,Kashmere Gate,2026-03-20 00:00:00,22.6,61.1,505,58,9,Active,Active,Active
SNS_004563,New Delhi,2026-03-20 00:00:00,23.8,52.1,824,128,4,Under Maintenance,Active,Active
SNS_004564,Hauz Khas,2026-03-20 00:00:00,22.2,52.8,573,116,0,Active,Active,Active
SNS_004565,Botanical Garden,2026-03-20 00:00:00,21.7,50.7,835,96,10,Active,Active,Active
SNS_004566,Janakpuri West,2026-03-20 00:00:00,22.9,56.0,676,83,5,Active,Active,Active
SNS_004567,Lajpat Nagar,2026-03-20 00:00:00,21.7,60.6,678,72,6,Active,Inactive,Active
SNS_004568,Central Secretariat,2026-03-20 00:00:00,23.2,59.8,767,121,2,Active,Active,Active
SNS_004569,Yamuna Bank,2026-03-20 00:00:00,22.0,63.6,578,146,7,Active,Active,Active
SNS_004570,Inderlok,2026-03-20 00:00:00,24.0,46.3,794,108,7,Active,Active,Active
SNS_004571,Rajiv Chowk,2026-03-20 01:00:00,22.8,50.8,598,117,7,Active,Active,Active
SNS_004572,Kashmere Gate,2026-03-20 01:00:00,24.4,54.6,640,44,9,Active,Active,Active
SNS_004573,New Delhi,2026-03-20 01:00:00,24.2,62.5,764,83,10,Active,Active,Active
SNS_004574,Hauz Khas,2026-03-20 01:00:00,23.1,56.5,572,125,1,Active,Active,Active
SNS_004575,Botanical Garden,2026-03-20 01:00:00,24.1,50.3,743,129,1,Under Maintenance,Active,Active
SNS_004576,Janakpuri West,2026-03-20 01:00:00,22.9,54.5,693,74,8,Active,Active,Active
SNS_004577,Lajpat Nagar,2026-03-20 01:00:00,23.6,53.8,522,40,0,Active,Active,Active
SNS_004578,Central Secretariat,2026-03-20 01:00:00,21.8,47.1,739,88,3,Active,Active,Active
SNS_004579,Yamuna Bank,2026-03-20 01:00:00,21.2,52.5,680,76,1,Active,Active,Active
SNS_004580,Inderlok,2026-03-20 01:00:00,21.2,57.0,633,104,4,Active,Active,Active
SNS_004581,Rajiv Chowk,2026-03-20 02:00:00,23.9,54.8,576,111,0,Active,Active,Active
SNS_004582,Kashmere Gate,2026-03-20 02:00:00,22.7,56.9,649,87,7,Active,Active,Active
SNS_004583,New Delhi,2026-03-20 02:00:00,23.1,63.1,772,51,4,Inactive,Active,Active
SNS_004584,Hauz Khas,2026-03-20 02:00:00,22.7,52.0,842,142,7,Active,Under Maintenance,Active
SNS_004585,Botanical Garden,2026-03-20 02:00:00,22.3,51.2,644,146,7,Active,Active,Active
SNS_004586,Janakpuri West,2026-03-20 02:00:00,21.0,63.3,759,77,0,Active,Active,Active
SNS_004587,Lajpat Nagar,2026-03-20 02:00:00,21.5,60.1,668,122,3,Active,Active,Active
SNS_004588,Central Secretariat,2026-03-20 02:00:00,23.6,51.4,768,77,6,Active,Active,Active
SNS_004589,Yamuna Bank,2026-03-20 02:00:00,22.0,50.0,785,101,2,Active,Active,Active
SNS_004590,Inderlok,2026-03-20 02:00:00,23.1,53.7,701,112,4,Active,Active,Active
SNS_004591,Rajiv Chowk,2026-03-20 03:00:00,23.8,50.6,740,139,8,Active,Active,Active
SNS_004592,Kashmere Gate,2026-03-20 03:00:00,22.2,46.4,743,45,0,Active,Active,Active
SNS_004593,New Delhi,2026-03-20 03:00:00,21.3,53.5,674,85,10,Active,Active,Active
SNS_004594,Hauz Khas,2026-03-20 03:00:00,23.5,57.5,543,127,5,Active,Active,Active
SNS_004595,Botanical Garden,2026-03-20 03:00:00,21.2,62.5,764,143,4,Under Maintenance,Active,Active
SNS_004596,Janakpuri West,2026-03-20 03:00:00,21.8,62.0,615,45,2,Active,Active,Active
SNS_004597,Lajpat Nagar,2026-03-20 03:00:00,23.1,61.2,588,44,3,Active,Active,Active
SNS_004598,Central Secretariat,2026-03-20 03:00:00,24.5,51.2,842,123,5,Active,Active,Active
SNS_004599,Yamuna Bank,2026-03-20 03:00:00,21.9,55.4,771,130,9,Active,Active,Active
SNS_004600,Inderlok,2026-03-20 03:00:00,24.3,60.7,798,56,9,Active,Active,Active
SNS_004601,Rajiv Chowk,2026-03-20 04:00:00,24.3,59.3,753,92,0,Active,Active,Active
SNS_004602,Kashmere Gate,2026-03-20 04:00:00,24.1,64.0,727,63,4,Active,Active,Active
SNS_004603,New Delhi,2026-03-20 04:00:00,22.3,49.8,848,63,2,Active,Active,Active
SNS_004604,Hauz Khas,2026-03-20 04:00:00,23.4,63.3,756,90,9,Active,Active,Active
SNS_004605,Botanical Garden,2026-03-20 04:00:00,23.2,59.5,494,150,4,Active,Active,Active
SNS_004606,Janakpuri West,2026-03-20 04:00:00,22.6,62.3,579,59,3,Active,Active,Active
SNS_004607,Lajpat Nagar,2026-03-20 04:00:00,23.7,59.4,725,125,2,Active,Active,Active
SNS_004608,Central Secretariat,2026-03-20 04:00:00,23.8,49.3,581,55,0,Active,Active,Active
SNS_004609,Yamuna Bank,2026-03-20 04:00:00,23.5,63.5,827,141,6,Active,Active,Inactive
SNS_004610,Inderlok,2026-03-20 04:00:00,21.2,58.4,613,50,4,Active,Active,Active
SNS_004611,Rajiv Chowk,2026-03-20 05:00:00,21.8,53.7,485,100,1,Active,Active,Active
SNS_004612,Kashmere Gate,2026-03-20 05:00:00,22.0,62.7,607,61,9,Active,Active,Active
SNS_004613,New Delhi,2026-03-20 05:00:00,21.4,64.2,461,128,8,Active,Active,Active
SNS_004614,Hauz Khas,2026-03-20 05:00:00,22.9,52.7,850,121,4,Active,Active,Active
SNS_004615,Botanical Garden,2026-03-20 05:00:00,23.4,58.8,562,90,6,Active,Active,Active
SNS_004616,Janakpuri West,2026-03-20 05:00:00,21.4,63.4,647,63,6,Active,Active,Active
SNS_004617,Lajpat Nagar,2026-03-20 05:00:00,23.4,52.1,542,85,3,Active,Active,Active
SNS_004618,Central Secretariat,2026-03-20 05:00:00,23.0,56.9,839,58,10,Active,Active,Active
SNS_004619,Yamuna Bank,2026-03-20 05:00:00,21.1,46.7,513,146,5,Active,Active,Active
SNS_004620,Inderlok,2026-03-20 05:00:00,23.8,63.5,607,143,7,Active,Active,Active
SNS_004621,Rajiv Chowk,2026-03-20 06:00:00,22.8,58.1,465,67,150,Active,Active,Active
SNS_004622,Kashmere Gate,2026-03-20 06:00:00,24.5,49.0,649,126,228,Active,Active,Active
SNS_004623,New Delhi,2026-03-20 06:00:00,24.0,50.5,788,133,134,Active,Active,Active
SNS_004624,Hauz Khas,2026-03-20 06:00:00,22.3,51.3,600,51,299,Active,Active,Active
SNS_004625,Botanical Garden,2026-03-20 06:00:00,22.4,45.6,452,56,359,Active,Under Maintenance,Active
SNS_004626,Janakpuri West,2026-03-20 06:00:00,24.0,46.8,623,55,379,Active,Active,Active
SNS_004627,Lajpat Nagar,2026-03-20 06:00:00,21.7,55.8,582,108,252,Active,Active,Active
SNS_004628,Central Secretariat,2026-03-20 06:00:00,23.6,46.4,724,119,286,Active,Active,Active
SNS_004629,Yamuna Bank,2026-03-20 06:00:00,23.0,46.5,639,59,183,Under Maintenance,Active,Active
SNS_004630,Inderlok,2026-03-20 06:00:00,22.9,45.8,564,118,175,Active,Active,Active
SNS_004631,Rajiv Chowk,2026-03-20 07:00:00,22.5,59.1,468,92,372,Active,Inactive,Active
SNS_004632,Kashmere Gate,2026-03-20 07:00:00,23.0,63.7,651,78,115,Active,Under Maintenance,Active
SNS_004633,New Delhi,2026-03-20 07:00:00,24.1,58.7,651,62,296,Active,Active,Active
SNS_004634,Hauz Khas,2026-03-20 07:00:00,22.3,48.4,774,100,314,Active,Active,Active
SNS_004635,Botanical Garden,2026-03-20 07:00:00,23.6,57.7,843,131,160,Active,Active,Active
SNS_004636,Janakpuri West,2026-03-20 07:00:00,22.1,61.1,639,44,374,Active,Active,Active
SNS_004637,Lajpat Nagar,2026-03-20 07:00:00,22.0,54.4,744,82,333,Active,Active,Active
SNS_004638,Central Secretariat,2026-03-20 07:00:00,21.1,64.9,500,145,157,Active,Active,Active
SNS_004639,Yamuna Bank,2026-03-20 07:00:00,21.2,59.9,833,74,193,Active,Active,Active
SNS_004640,Inderlok,2026-03-20 07:00:00,22.8,60.5,489,47,327,Active,Active,Active
SNS_004641,Rajiv Chowk,2026-03-20 08:00:00,22.1,58.5,843,86,1411,Active,Active,Active
SNS_004642,Kashmere Gate,2026-03-20 08:00:00,24.5,53.8,699,73,731,Active,Active,Active
SNS_004643,New Delhi,2026-03-20 08:00:00,23.9,60.3,484,82,805,Active,Active,Active
SNS_004644,Hauz Khas,2026-03-20 08:00:00,23.3,46.6,847,51,702,Active,Inactive,Active
SNS_004645,Botanical Garden,2026-03-20 08:00:00,23.5,57.1,815,68,1282,Active,Active,Active
SNS_004646,Janakpuri West,2026-03-20 08:00:00,24.4,61.6,669,133,1172,Active,Active,Active
SNS_004647,Lajpat Nagar,2026-03-20 08:00:00,23.3,58.4,576,120,1255,Under Maintenance,Active,Active
SNS_004648,Central Secretariat,2026-03-20 08:00:00,23.2,54.5,735,79,1133,Active,Active,Active
SNS_004649,Yamuna Bank,2026-03-20 08:00:00,23.3,52.7,634,67,1392,Active,Active,Active
SNS_004650,Inderlok,2026-03-20 08:00:00,21.6,50.8,620,99,882,Active,Active,Active
SNS_004651,Rajiv Chowk,2026-03-20 09:00:00,23.6,62.4,764,56,998,Active,Active,Active
SNS_004652,Kashmere Gate,2026-03-20 09:00:00,21.6,60.2,621,43,947,Active,Active,Active
SNS_004653,New Delhi,2026-03-20 09:00:00,22.3,49.9,630,142,1381,Active,Active,Active
SNS_004654,Hauz Khas,2026-03-20 09:00:00,21.5,52.9,528,131,775,Under Maintenance,Active,Active
SNS_004655,Botanical Garden,2026-03-20 09:00:00,23.7,59.4,753,110,746,Active,Active,Active
SNS_004656,Janakpuri West,2026-03-20 09:00:00,22.7,64.9,732,129,1428,Active,Active,Active
SNS_004657,Lajpat Nagar,2026-03-20 09:00:00,22.6,58.8,600,48,1150,Active,Active,Active
SNS_004658,Central Secretariat,2026-03-20 09:00:00,22.0,59.0,699,86,1451,Active,Active,Active
SNS_004659,Yamuna Bank,2026-03-20 09:00:00,23.8,50.1,694,60,801,Active,Active,Active
SNS_004660,Inderlok,2026-03-20 09:00:00,21.5,51.6,565,77,1473,Active,Active,Active
SNS_004661,Rajiv Chowk,2026-03-20 10:00:00,24.4,61.6,548,106,776,Active,Active,Active
SNS_004662,Kashmere Gate,2026-03-20 10:00:00,21.5,61.1,710,92,1351,Active,Active,Active
SNS_004663,New Delhi,2026-03-20 10:00:00,23.9,62.4,679,89,952,Active,Active,Active
SNS_004664,Hauz Khas,2026-03-20 10:00:00,21.6,64.0,534,71,1039,Active,Active,Active
SNS_004665,Botanical Garden,2026-03-20 10:00:00,23.8,59.0,635,109,739,Active,Active,Active
SNS_004666,Janakpuri West,2026-03-20 10:00:00,24.2,59.1,656,134,804,Active,Active,Active
SNS_004667,Lajpat Nagar,2026-03-20 10:00:00,22.9,55.8,583,68,816,Active,Active,Active
SNS_004668,Central Secretariat,2026-03-20 10:00:00,21.5,46.9,786,68,813,Active,Active,Active
SNS_004669,Yamuna Bank,2026-03-20 10:00:00,21.2,55.1,595,148,1126,Active,Active,Active
SNS_004670,Inderlok,2026-03-20 10:00:00,22.2,56.0,676,79,975,Active,Active,Active
SNS_004671,Rajiv Chowk,2026-03-20 11:00:00,21.1,48.0,555,70,322,Active,Active,Active
SNS_004672,Kashmere Gate,2026-03-20 11:00:00,24.2,51.5,548,63,364,Active,Inactive,Active
SNS_004673,New Delhi,2026-03-20 11:00:00,23.9,63.5,809,110,309,Active,Active,Active
SNS_004674,Hauz Khas,2026-03-20 11:00:00,21.3,45.8,630,147,252,Active,Active,Active
SNS_004675,Botanical Garden,2026-03-20 11:00:00,22.7,47.1,648,144,129,Active,Active,Active
SNS_004676,Janakpuri West,2026-03-20 11:00:00,22.9,54.0,843,53,108,Active,Active,Active
SNS_004677,Lajpat Nagar,2026-03-20 11:00:00,23.0,52.2,625,85,333,Active,Active,Active
SNS_004678,Central Secretariat,2026-03-20 11:00:00,23.0,46.4,558,119,249,Active,Active,Active
SNS_004679,Yamuna Bank,2026-03-20 11:00:00,23.1,54.2,454,126,250,Active,Active,Active
SNS_004680,Inderlok,2026-03-20 11:00:00,21.1,53.1,832,57,263,Active,Active,Active
SNS_004681,Rajiv Chowk,2026-03-20 12:00:00,23.6,60.4,532,84,133,Active,Active,Active
SNS_004682,Kashmere Gate,2026-03-20 12:00:00,23.9,50.4,619,120,205,Active,Active,Active
SNS_004683,New Delhi,2026-03-20 12:00:00,24.0,55.9,813,119,202,Active,Active,Active
SNS_004684,Hauz Khas,2026-03-20 12:00:00,21.4,58.6,652,143,102,Active,Active,Active
SNS_004685,Botanical Garden,2026-03-20 12:00:00,21.6,56.8,498,122,339,Active,Active,Active
SNS_004686,Janakpuri West,2026-03-20 12:00:00,23.9,49.6,595,71,213,Active,Active,Active
SNS_004687,Lajpat Nagar,2026-03-20 12:00:00,22.0,48.4,669,50,274,Active,Active,Active
SNS_004688,Central Secretariat,2026-03-20 12:00:00,24.2,58.9,567,57,296,Active,Active,Active
SNS_004689,Yamuna Bank,2026-03-20 12:00:00,24.2,63.6,521,43,295,Active,Active,Active
SNS_004690,Inderlok,2026-03-20 12:00:00,23.5,52.4,632,147,280,Active,Under Maintenance,Active
SNS_004691,Rajiv Chowk,2026-03-20 13:00:00,24.1,60.4,792,58,362,Active,Active,Active
SNS_004692,Kashmere Gate,2026-03-20 13:00:00,23.3,63.8,644,83,167,Active,Active,Active
SNS_004693,New Delhi,2026-03-20 13:00:00,24.2,52.4,584,133,393,Active,Active,Active
SNS_004694,Hauz Khas,2026-03-20 13:00:00,24.1,54.8,672,131,178,Active,Active,Active
SNS_004695,Botanical Garden,2026-03-20 13:00:00,22.9,54.4,485,99,191,Active,Active,Active
SNS_004696,Janakpuri West,2026-03-20 13:00:00,22.8,51.7,760,133,230,Active,Under Maintenance,Active
SNS_004697,Lajpat Nagar,2026-03-20 13:00:00,21.3,64.5,828,47,301,Active,Active,Active
SNS_004698,Central Secretariat,2026-03-20 13:00:00,22.2,64.8,676,148,115,Active,Active,Active
SNS_004699,Yamuna Bank,2026-03-20 13:00:00,24.0,62.0,666,78,313,Active,Under Maintenance,Active
SNS_004700,Inderlok,2026-03-20 13:00:00,22.5,52.5,756,123,120,Active,Active,Active
SNS_004701,Rajiv Chowk,2026-03-20 14:00:00,23.9,64.8,582,139,390,Active,Active,Active
SNS_004702,Kashmere Gate,2026-03-20 14:00:00,21.5,46.6,454,95,115,Active,Active,Active
SNS_004703,New Delhi,2026-03-20 14:00:00,24.5,61.5,827,76,159,Active,Active,Active
SNS_004704,Hauz Khas,2026-03-20 14:00:00,21.5,64.8,532,138,209,Active,Active,Active
SNS_004705,Botanical Garden,2026-03-20 14:00:00,23.1,51.8,778,49,382,Active,Active,Active
SNS_004706,Janakpuri West,2026-03-20 14:00:00,22.0,59.6,800,72,247,Active,Active,Active
SNS_004707,Lajpat Nagar,2026-03-20 14:00:00,22.1,55.4,616,130,316,Active,Active,Active
SNS_004708,Central Secretariat,2026-03-20 14:00:00,21.8,54.7,829,144,349,Active,Active,Active
SNS_004709,Yamuna Bank,2026-03-20 14:00:00,22.7,46.6,736,134,212,Under Maintenance,Active,Active
SNS_004710,Inderlok,2026-03-20 14:00:00,24.0,46.4,834,92,332,Active,Active,Active
SNS_004711,Rajiv Chowk,2026-03-20 15:00:00,23.0,48.7,488,64,111,Active,Active,Active
SNS_004712,Kashmere Gate,2026-03-20 15:00:00,23.6,58.0,755,97,163,Active,Active,Active
SNS_004713,New Delhi,2026-03-20 15:00:00,23.2,47.6,657,112,396,Active,Active,Active
SNS_004714,Hauz Khas,2026-03-20 15:00:00,21.2,58.0,524,103,232,Active,Active,Active
SNS_004715,Botanical Garden,2026-03-20 15:00:00,23.4,60.5,740,80,278,Active,Active,Active
SNS_004716,Janakpuri West,2026-03-20 15:00:00,22.7,46.4,558,66,158,Active,Active,Active
SNS_004717,Lajpat Nagar,2026-03-20 15:00:00,23.1,53.1,517,65,136,Active,Active,Active
SNS_004718,Central Secretariat,2026-03-20 15:00:00,22.5,51.3,498,134,330,Active,Active,Active
SNS_004719,Yamuna Bank,2026-03-20 15:00:00,22.1,47.2,784,46,135,Active,Active,Active
SNS_004720,Inderlok,2026-03-20 15:00:00,21.3,50.9,814,90,245,Active,Active,Active
SNS_004721,Rajiv Chowk,2026-03-20 16:00:00,23.1,60.3,565,65,187,Active,Active,Active
SNS_004722,Kashmere Gate,2026-03-20 16:00:00,23.1,51.2,467,86,180,Active,Active,Active
SNS_004723,New Delhi,2026-03-20 16:00:00,22.6,57.8,835,60,161,Active,Active,Active
SNS_004724,Hauz Khas,2026-03-20 16:00:00,22.0,53.2,744,54,243,Active,Active,Active
SNS_004725,Botanical Garden,2026-03-20 16:00:00,22.5,52.6,633,103,368,Active,Active,Active
SNS_004726,Janakpuri West,2026-03-20 16:00:00,24.2,52.7,468,92,383,Active,Active,Active
SNS_004727,Lajpat Nagar,2026-03-20 16:00:00,23.2,48.9,481,40,287,Active,Active,Active
SNS_004728,Central Secretariat,2026-03-20 16:00:00,23.4,58.9,777,121,320,Active,Active,Active
SNS_004729,Yamuna Bank,2026-03-20 16:00:00,22.0,59.3,695,104,218,Active,Active,Active
SNS_004730,Inderlok,2026-03-20 16:00:00,23.9,61.1,582,86,159,Active,Active,Active
SNS_004731,Rajiv Chowk,2026-03-20 17:00:00,22.9,55.3,501,108,943,Active,Active,Active
SNS_004732,Kashmere Gate,2026-03-20 17:00:00,23.8,63.0,819,53,508,Active,Under Maintenance,Active
SNS_004733,New Delhi,2026-03-20 17:00:00,21.6,61.5,795,96,1006,Active,Active,Active
SNS_004734,Hauz Khas,2026-03-20 17:00:00,21.9,58.6,646,136,737,Active,Active,Active
SNS_004735,Botanical Garden,2026-03-20 17:00:00,24.4,47.9,762,114,769,Under Maintenance,Active,Active
SNS_004736,Janakpuri West,2026-03-20 17:00:00,24.3,47.3,822,64,1317,Active,Active,Active
SNS_004737,Lajpat Nagar,2026-03-20 17:00:00,22.7,59.7,622,86,1453,Under Maintenance,Active,Active
SNS_004738,Central Secretariat,2026-03-20 17:00:00,22.4,62.5,471,116,555,Active,Active,Active
SNS_004739,Yamuna Bank,2026-03-20 17:00:00,23.6,64.5,539,66,1019,Active,Active,Active
SNS_004740,Inderlok,2026-03-20 17:00:00,23.5,62.9,820,81,639,Active,Active,Active
SNS_004741,Rajiv Chowk,2026-03-20 18:00:00,23.8,50.0,821,84,1467,Active,Active,Active
SNS_004742,Kashmere Gate,2026-03-20 18:00:00,23.9,46.0,497,52,933,Active,Active,Active
SNS_004743,New Delhi,2026-03-20 18:00:00,24.3,54.8,476,68,515,Active,Active,Active
SNS_004744,Hauz Khas,2026-03-20 18:00:00,23.6,56.9,832,133,741,Active,Active,Active
SNS_004745,Botanical Garden,2026-03-20 18:00:00,24.2,50.5,761,82,820,Active,Active,Active
SNS_004746,Janakpuri West,2026-03-20 18:00:00,22.5,61.7,607,66,926,Active,Active,Active
SNS_004747,Lajpat Nagar,2026-03-20 18:00:00,22.1,56.4,629,148,1058,Active,Active,Active
SNS_004748,Central Secretariat,2026-03-20 18:00:00,21.4,52.9,673,57,1195,Active,Active,Active
SNS_004749,Yamuna Bank,2026-03-20 18:00:00,23.6,62.1,570,74,910,Active,Active,Active
SNS_004750,Inderlok,2026-03-20 18:00:00,24.4,63.9,715,58,940,Active,Active,Active
SNS_004751,Rajiv Chowk,2026-03-20 19:00:00,21.9,57.4,530,114,1305,Active,Active,Active
SNS_004752,Kashmere Gate,2026-03-20 19:00:00,22.6,56.2,506,116,1141,Active,Active,Active
SNS_004753,New Delhi,2026-03-20 19:00:00,21.9,57.1,535,102,765,Active,Active,Active
SNS_004754,Hauz Khas,2026-03-20 19:00:00,23.6,47.5,789,144,1103,Active,Active,Active
SNS_004755,Botanical Garden,2026-03-20 19:00:00,21.6,53.7,469,129,1234,Active,Active,Active
SNS_004756,Janakpuri West,2026-03-20 19:00:00,21.8,46.8,633,120,625,Active,Active,Active
SNS_004757,Lajpat Nagar,2026-03-20 19:00:00,24.3,56.6,850,66,1251,Active,Active,Active
SNS_004758,Central Secretariat,2026-03-20 19:00:00,24.2,58.3,585,129,611,Active,Active,Active
SNS_004759,Yamuna Bank,2026-03-20 19:00:00,24.3,53.5,702,125,1404,Active,Active,Active
SNS_004760,Inderlok,2026-03-20 19:00:00,22.9,48.8,606,128,1377,Active,Active,Active
SNS_004761,Rajiv Chowk,2026-03-20 20:00:00,21.8,53.2,629,142,1366,Active,Active,Active
SNS_004762,Kashmere Gate,2026-03-20 20:00:00,22.1,57.8,512,113,912,Inactive,Active,Active
SNS_004763,New Delhi,2026-03-20 20:00:00,23.9,54.5,676,91,1462,Active,Active,Active
SNS_004764,Hauz Khas,2026-03-20 20:00:00,22.0,53.6,659,42,1343,Active,Active,Active
SNS_004765,Botanical Garden,2026-03-20 20:00:00,21.9,56.6,719,77,880,Active,Active,Active
SNS_004766,Janakpuri West,2026-03-20 20:00:00,22.6,60.3,776,133,1096,Active,Active,Active
SNS_004767,Lajpat Nagar,2026-03-20 20:00:00,24.2,46.5,508,79,533,Active,Active,Active
SNS_004768,Central Secretariat,2026-03-20 20:00:00,23.2,54.1,820,90,1007,Active,Active,Active
SNS_004769,Yamuna Bank,2026-03-20 20:00:00,23.4,54.4,463,146,1096,Active,Active,Active
SNS_004770,Inderlok,2026-03-20 20:00:00,21.9,59.5,654,97,1216,Active,Inactive,Active
SNS_004771,Rajiv Chowk,2026-03-20 21:00:00,21.5,54.8,486,64,360,Active,Active,Active
SNS_004772,Kashmere Gate,2026-03-20 21:00:00,24.5,50.8,728,42,195,Active,Active,Active
SNS_004773,New Delhi,2026-03-20 21:00:00,23.8,57.3,473,119,148,Active,Active,Active
SNS_004774,Hauz Khas,2026-03-20 21:00:00,22.3,54.0,759,114,202,Active,Active,Active
SNS_004775,Botanical Garden,2026-03-20 21:00:00,21.8,63.6,615,69,366,Active,Active,Active
SNS_004776,Janakpuri West,2026-03-20 21:00:00,24.3,57.3,703,93,218,Active,Active,Active
SNS_004777,Lajpat Nagar,2026-03-20 21:00:00,21.0,55.7,763,109,172,Active,Active,Active
SNS_004778,Central Secretariat,2026-03-20 21:00:00,23.3,57.6,673,112,200,Active,Active,Active
SNS_004779,Yamuna Bank,2026-03-20 21:00:00,22.5,58.4,800,142,257,Active,Active,Active
SNS_004780,Inderlok,2026-03-20 21:00:00,22.9,52.7,568,57,228,Active,Active,Active
SNS_004781,Rajiv Chowk,2026-03-20 22:00:00,22.2,61.3,654,113,191,Active,Active,Active
SNS_004782,Kashmere Gate,2026-03-20 22:00:00,23.6,60.3,578,74,147,Active,Active,Active
SNS_004783,New Delhi,2026-03-20 22:00:00,22.4,55.4,502,40,270,Active,Active,Active
SNS_004784,Hauz Khas,2026-03-20 22:00:00,22.0,50.7,480,122,353,Active,Active,Active
SNS_004785,Botanical Garden,2026-03-20 22:00:00,24.0,47.9,668,56,356,Active,Active,Active
SNS_004786,Janakpuri West,2026-03-20 22:00:00,23.3,57.8,535,132,311,Active,Active,Active
SNS_004787,Lajpat Nagar,2026-03-20 22:00:00,23.8,57.5,630,107,256,Active,Active,Active
SNS_004788,Central Secretariat,2026-03-20 22:00:00,21.6,61.7,567,83,187,Inactive,Active,Active
SNS_004789,Yamuna Bank,2026-03-20 22:00:00,23.7,54.1,546,150,236,Active,Active,Active
SNS_004790,Inderlok,2026-03-20 22:00:00,21.2,54.8,625,78,349,Inactive,Active,Active
SNS_004791,Rajiv Chowk,2026-03-20 23:00:00,21.8,54.7,537,114,395,Active,Active,Active
SNS_004792,Kashmere Gate,2026-03-20 23:00:00,22.5,61.4,770,52,199,Active,Active,Active
SNS_004793,New Delhi,2026-03-20 23:00:00,22.2,54.5,611,82,244,Active,Active,Active
SNS_004794,Hauz Khas,2026-03-20 23:00:00,22.2,54.3,695,45,126,Active,Active,Active
SNS_004795,Botanical Garden,2026-03-20 23:00:00,24.4,59.7,765,91,262,Active,Active,Active
SNS_004796,Janakpuri West,2026-03-20 23:00:00,22.4,53.0,622,122,114,Active,Active,Active
SNS_004797,Lajpat Nagar,2026-03-20 23:00:00,22.9,46.3,745,119,218,Active,Active,Active
SNS_004798,Central Secretariat,2026-03-20 23:00:00,22.9,55.7,587,107,102,Inactive,Under Maintenance,Active
SNS_004799,Yamuna Bank,2026-03-20 23:00:00,21.5,51.2,474,41,231,Active,Active,Active
SNS_004800,Inderlok,2026-03-20 23:00:00,22.3,50.2,481,54,248,Active,Active,Active
SNS_004801,Rajiv Chowk,2026-03-21 00:00:00,22.4,52.0,848,125,2,Active,Active,Active
SNS_004802,Kashmere Gate,2026-03-21 00:00:00,21.6,56.2,562,59,5,Active,Active,Active
SNS_004803,New Delhi,2026-03-21 00:00:00,21.7,51.4,762,73,10,Active,Active,Active
SNS_004804,Hauz Khas,2026-03-21 00:00:00,23.0,46.8,516,55,0,Active,Active,Active
SNS_004805,Botanical Garden,2026-03-21 00:00:00,23.5,57.2,524,121,0,Active,Active,Active
SNS_004806,Janakpuri West,2026-03-21 00:00:00,23.8,57.7,527,80,7,Active,Active,Active
SNS_004807,Lajpat Nagar,2026-03-21 00:00:00,24.0,47.3,788,137,0,Active,Active,Active
SNS_004808,Central Secretariat,2026-03-21 00:00:00,23.2,52.8,683,65,7,Under Maintenance,Active,Active
SNS_004809,Yamuna Bank,2026-03-21 00:00:00,24.0,52.8,648,63,0,Active,Active,Active
SNS_004810,Inderlok,2026-03-21 00:00:00,23.2,45.7,578,86,8,Active,Active,Active
SNS_004811,Rajiv Chowk,2026-03-21 01:00:00,24.4,58.1,726,127,10,Active,Active,Active
SNS_004812,Kashmere Gate,2026-03-21 01:00:00,24.4,50.3,808,60,2,Active,Active,Active
SNS_004813,New Delhi,2026-03-21 01:00:00,22.5,45.6,565,93,9,Active,Active,Active
SNS_004814,Hauz Khas,2026-03-21 01:00:00,24.2,64.4,817,115,2,Active,Active,Active
SNS_004815,Botanical Garden,2026-03-21 01:00:00,24.0,55.9,474,105,4,Active,Active,Active
SNS_004816,Janakpuri West,2026-03-21 01:00:00,21.1,63.9,450,145,5,Active,Active,Active
SNS_004817,Lajpat Nagar,2026-03-21 01:00:00,23.5,61.6,470,58,5,Active,Active,Active
SNS_004818,Central Secretariat,2026-03-21 01:00:00,21.9,59.3,666,51,5,Active,Active,Active
SNS_004819,Yamuna Bank,2026-03-21 01:00:00,23.3,49.1,692,139,5,Inactive,Active,Active
SNS_004820,Inderlok,2026-03-21 01:00:00,23.1,52.5,829,58,10,Active,Active,Active
SNS_004821,Rajiv Chowk,2026-03-21 02:00:00,21.9,49.1,723,104,10,Active,Active,Active
SNS_004822,Kashmere Gate,2026-03-21 02:00:00,21.9,62.9,794,81,8,Active,Active,Active
SNS_004823,New Delhi,2026-03-21 02:00:00,24.3,53.3,699,111,6,Active,Active,Active
SNS_004824,Hauz Khas,2026-03-21 02:00:00,23.1,57.7,550,93,5,Active,Active,Active
SNS_004825,Botanical Garden,2026-03-21 02:00:00,23.4,56.1,558,146,5,Active,Active,Active
SNS_004826,Janakpuri West,2026-03-21 02:00:00,21.2,58.3,709,86,2,Active,Active,Active
SNS_004827,Lajpat Nagar,2026-03-21 02:00:00,21.4,57.2,555,62,10,Active,Active,Active
SNS_004828,Central Secretariat,2026-03-21 02:00:00,23.5,55.9,585,57,3,Active,Active,Active
SNS_004829,Yamuna Bank,2026-03-21 02:00:00,22.5,54.4,779,126,4,Active,Active,Active
SNS_004830,Inderlok,2026-03-21 02:00:00,21.3,54.7,696,149,4,Active,Active,Active
SNS_004831,Rajiv Chowk,2026-03-21 03:00:00,22.6,63.8,742,89,7,Active,Active,Active
SNS_004832,Kashmere Gate,2026-03-21 03:00:00,23.2,58.5,755,136,5,Active,Active,Active
SNS_004833,New Delhi,2026-03-21 03:00:00,22.5,48.0,468,101,8,Active,Active,Active
SNS_004834,Hauz Khas,2026-03-21 03:00:00,21.1,61.7,724,41,6,Active,Active,Active
SNS_004835,Botanical Garden,2026-03-21 03:00:00,22.5,64.4,664,121,10,Under Maintenance,Active,Active
SNS_004836,Janakpuri West,2026-03-21 03:00:00,21.5,57.0,647,92,3,Active,Active,Active
SNS_004837,Lajpat Nagar,2026-03-21 03:00:00,24.1,53.1,831,99,3,Active,Active,Active
SNS_004838,Central Secretariat,2026-03-21 03:00:00,24.0,46.7,685,45,3,Active,Active,Active
SNS_004839,Yamuna Bank,2026-03-21 03:00:00,21.9,46.5,557,149,1,Active,Active,Active
SNS_004840,Inderlok,2026-03-21 03:00:00,21.3,52.4,469,124,4,Active,Active,Active
SNS_004841,Rajiv Chowk,2026-03-21 04:00:00,22.6,51.5,521,103,4,Active,Active,Active
SNS_004842,Kashmere Gate,2026-03-21 04:00:00,23.7,48.2,576,67,3,Active,Active,Active
SNS_004843,New Delhi,2026-03-21 04:00:00,22.1,47.1,644,81,0,Active,Active,Active
SNS_004844,Hauz Khas,2026-03-21 04:00:00,22.9,62.5,757,116,3,Active,Active,Active
SNS_004845,Botanical Garden,2026-03-21 04:00:00,24.3,56.5,486,143,4,Active,Active,Active
SNS_004846,Janakpuri West,2026-03-21 04:00:00,23.8,58.5,509,56,10,Active,Active,Active
SNS_004847,Lajpat Nagar,2026-03-21 04:00:00,24.3,47.3,558,143,8,Under Maintenance,Active,Active
SNS_004848,Central Secretariat,2026-03-21 04:00:00,23.7,64.2,845,99,0,Active,Active,Active
SNS_004849,Yamuna Bank,2026-03-21 04:00:00,22.1,54.3,578,45,5,Active,Active,Active
SNS_004850,Inderlok,2026-03-21 04:00:00,23.9,64.8,526,75,4,Inactive,Active,Active
SNS_004851,Rajiv Chowk,2026-03-21 05:00:00,22.0,53.0,691,141,3,Active,Active,Active
SNS_004852,Kashmere Gate,2026-03-21 05:00:00,23.5,56.7,828,98,5,Active,Active,Active
SNS_004853,New Delhi,2026-03-21 05:00:00,24.1,62.5,509,61,0,Active,Active,Active
SNS_004854,Hauz Khas,2026-03-21 05:00:00,24.0,56.4,482,80,6,Active,Active,Active
SNS_004855,Botanical Garden,2026-03-21 05:00:00,22.0,52.5,640,73,5,Active,Active,Active
SNS_004856,Janakpuri West,2026-03-21 05:00:00,23.7,51.6,725,113,2,Active,Active,Active
SNS_004857,Lajpat Nagar,2026-03-21 05:00:00,22.9,50.1,479,88,10,Active,Active,Active
SNS_004858,Central Secretariat,2026-03-21 05:00:00,23.5,45.1,817,142,8,Active,Active,Active
SNS_004859,Yamuna Bank,2026-03-21 05:00:00,23.0,55.1,706,143,3,Active,Active,Active
SNS_004860,Inderlok,2026-03-21 05:00:00,22.0,55.5,659,90,3,Active,Active,Active
SNS_004861,Rajiv Chowk,2026-03-21 06:00:00,24.3,64.8,677,121,197,Active,Active,Active
SNS_004862,Kashmere Gate,2026-03-21 06:00:00,22.5,48.9,654,147,307,Active,Active,Active
SNS_004863,New Delhi,2026-03-21 06:00:00,23.3,47.6,607,117,369,Active,Active,Active
SNS_004864,Hauz Khas,2026-03-21 06:00:00,22.6,46.9,729,137,135,Active,Active,Active
SNS_004865,Botanical Garden,2026-03-21 06:00:00,23.2,61.0,539,139,179,Active,Active,Active
SNS_004866,Janakpuri West,2026-03-21 06:00:00,22.9,54.8,604,52,328,Active,Active,Active
SNS_004867,Lajpat Nagar,2026-03-21 06:00:00,21.7,56.5,823,74,213,Active,Active,Active
SNS_004868,Central Secretariat,2026-03-21 06:00:00,22.1,51.7,842,55,374,Active,Active,Active
SNS_004869,Yamuna Bank,2026-03-21 06:00:00,22.1,63.3,741,80,326,Active,Active,Active
SNS_004870,Inderlok,2026-03-21 06:00:00,23.3,58.2,487,77,199,Active,Active,Active
SNS_004871,Rajiv Chowk,2026-03-21 07:00:00,23.5,58.4,834,142,105,Active,Active,Active
SNS_004872,Kashmere Gate,2026-03-21 07:00:00,22.0,63.6,492,112,175,Active,Under Maintenance,Active
SNS_004873,New Delhi,2026-03-21 07:00:00,22.6,55.8,484,111,276,Active,Active,Active
SNS_004874,Hauz Khas,2026-03-21 07:00:00,23.3,58.3,662,144,182,Active,Active,Active
SNS_004875,Botanical Garden,2026-03-21 07:00:00,23.2,60.8,717,105,296,Active,Active,Active
SNS_004876,Janakpuri West,2026-03-21 07:00:00,23.8,47.5,746,118,277,Active,Active,Active
SNS_004877,Lajpat Nagar,2026-03-21 07:00:00,21.8,50.7,738,128,155,Active,Active,Active
SNS_004878,Central Secretariat,2026-03-21 07:00:00,23.5,57.3,723,147,352,Active,Active,Active
SNS_004879,Yamuna Bank,2026-03-21 07:00:00,24.1,48.2,506,62,400,Active,Active,Active
SNS_004880,Inderlok,2026-03-21 07:00:00,21.2,53.5,608,118,130,Active,Active,Active
SNS_004881,Rajiv Chowk,2026-03-21 08:00:00,22.5,58.3,824,138,821,Under Maintenance,Active,Active
SNS_004882,Kashmere Gate,2026-03-21 08:00:00,22.8,61.8,692,137,794,Active,Active,Active
SNS_004883,New Delhi,2026-03-21 08:00:00,22.1,53.3,736,121,670,Active,Active,Active
SNS_004884,Hauz Khas,2026-03-21 08:00:00,23.8,50.3,765,89,1482,Active,Active,Active
SNS_004885,Botanical Garden,2026-03-21 08:00:00,23.2,47.5,716,125,1004,Active,Active,Active
SNS_004886,Janakpuri West,2026-03-21 08:00:00,23.1,64.0,739,109,787,Active,Active,Active
SNS_004887,Lajpat Nagar,2026-03-21 08:00:00,24.0,63.4,842,78,686,Active,Active,Active
SNS_004888,Central Secretariat,2026-03-21 08:00:00,23.8,61.9,708,93,1336,Active,Active,Active
SNS_004889,Yamuna Bank,2026-03-21 08:00:00,21.4,47.1,637,60,937,Active,Active,Active
SNS_004890,Inderlok,2026-03-21 08:00:00,22.9,62.0,696,147,1353,Active,Active,Active
SNS_004891,Rajiv Chowk,2026-03-21 09:00:00,23.8,57.4,761,48,506,Active,Active,Active
SNS_004892,Kashmere Gate,2026-03-21 09:00:00,21.3,53.1,593,64,543,Active,Active,Active
SNS_004893,New Delhi,2026-03-21 09:00:00,21.5,64.4,648,132,861,Active,Active,Active
SNS_004894,Hauz Khas,2026-03-21 09:00:00,21.3,54.2,831,115,1057,Active,Active,Active
SNS_004895,Botanical Garden,2026-03-21 09:00:00,22.8,60.8,699,53,538,Active,Active,Active
SNS_004896,Janakpuri West,2026-03-21 09:00:00,22.5,64.4,818,128,995,Active,Active,Active
SNS_004897,Lajpat Nagar,2026-03-21 09:00:00,22.9,52.0,706,143,1178,Active,Active,Active
SNS_004898,Central Secretariat,2026-03-21 09:00:00,22.4,53.3,495,50,737,Active,Active,Active
SNS_004899,Yamuna Bank,2026-03-21 09:00:00,23.2,54.7,596,115,1115,Active,Active,Active
SNS_004900,Inderlok,2026-03-21 09:00:00,22.1,50.9,602,43,532,Active,Active,Active
SNS_004901,Rajiv Chowk,2026-03-21 10:00:00,21.1,52.9,480,71,1392,Active,Active,Active
SNS_004902,Kashmere Gate,2026-03-21 10:00:00,22.4,54.6,520,80,1207,Active,Active,Active
SNS_004903,New Delhi,2026-03-21 10:00:00,24.3,62.3,628,63,1391,Active,Active,Active
SNS_004904,Hauz Khas,2026-03-21 10:00:00,23.7,58.8,570,123,849,Active,Active,Active
SNS_004905,Botanical Garden,2026-03-21 10:00:00,23.1,46.7,641,60,1029,Active,Active,Active
SNS_004906,Janakpuri West,2026-03-21 10:00:00,23.6,54.4,760,119,547,Active,Active,Active
SNS_004907,Lajpat Nagar,2026-03-21 10:00:00,21.7,62.4,512,107,1173,Active,Active,Active
SNS_004908,Central Secretariat,2026-03-21 10:00:00,21.4,50.7,476,85,1187,Active,Active,Active
SNS_004909,Yamuna Bank,2026-03-21 10:00:00,23.8,58.1,808,135,506,Active,Active,Active
SNS_004910,Inderlok,2026-03-21 10:00:00,23.5,49.7,549,77,1022,Active,Active,Active
SNS_004911,Rajiv Chowk,2026-03-21 11:00:00,21.7,47.5,550,82,188,Active,Active,Active
SNS_004912,Kashmere Gate,2026-03-21 11:00:00,21.9,51.1,829,113,115,Active,Active,Active
SNS_004913,New Delhi,2026-03-21 11:00:00,21.3,61.1,843,143,150,Active,Active,Active
SNS_004914,Hauz Khas,2026-03-21 11:00:00,22.2,64.2,691,141,358,Active,Active,Active
SNS_004915,Botanical Garden,2026-03-21 11:00:00,22.0,50.8,478,82,204,Active,Active,Active
SNS_004916,Janakpuri West,2026-03-21 11:00:00,21.5,64.9,759,92,117,Active,Active,Active
SNS_004917,Lajpat Nagar,2026-03-21 11:00:00,24.4,61.8,605,104,110,Active,Active,Active
SNS_004918,Central Secretariat,2026-03-21 11:00:00,24.1,47.4,572,126,122,Active,Active,Active
SNS_004919,Yamuna Bank,2026-03-21 11:00:00,22.2,62.5,544,62,249,Active,Active,Active
SNS_004920,Inderlok,2026-03-21 11:00:00,21.8,57.6,800,113,215,Active,Active,Active
SNS_004921,Rajiv Chowk,2026-03-21 12:00:00,22.0,47.2,556,136,327,Active,Active,Active
SNS_004922,Kashmere Gate,2026-03-21 12:00:00,22.1,61.8,673,100,140,Active,Active,Active
SNS_004923,New Delhi,2026-03-21 12:00:00,23.2,45.6,494,40,125,Active,Active,Active
SNS_004924,Hauz Khas,2026-03-21 12:00:00,22.1,59.6,460,77,215,Active,Inactive,Active
SNS_004925,Botanical Garden,2026-03-21 12:00:00,23.1,61.4,568,144,354,Active,Active,Active
SNS_004926,Janakpuri West,2026-03-21 12:00:00,21.0,48.2,801,44,227,Active,Active,Active
SNS_004927,Lajpat Nagar,2026-03-21 12:00:00,22.6,55.7,722,143,299,Active,Active,Active
SNS_004928,Central Secretariat,2026-03-21 12:00:00,22.1,51.5,590,49,274,Active,Active,Active
SNS_004929,Yamuna Bank,2026-03-21 12:00:00,21.5,48.2,758,132,381,Active,Active,Active
SNS_004930,Inderlok,2026-03-21 12:00:00,21.6,64.7,749,70,289,Active,Active,Active
SNS_004931,Rajiv Chowk,2026-03-21 13:00:00,23.2,57.7,599,59,312,Active,Active,Active
SNS_004932,Kashmere Gate,2026-03-21 13:00:00,22.5,45.0,689,88,120,Active,Active,Active
SNS_004933,New Delhi,2026-03-21 13:00:00,23.4,63.3,733,58,177,Active,Active,Active
SNS_004934,Hauz Khas,2026-03-21 13:00:00,23.9,54.9,718,150,288,Active,Active,Active
SNS_004935,Botanical Garden,2026-03-21 13:00:00,21.4,52.3,521,149,238,Active,Active,Active
SNS_004936,Janakpuri West,2026-03-21 13:00:00,24.3,52.9,783,104,268,Active,Active,Active
SNS_004937,Lajpat Nagar,2026-03-21 13:00:00,22.3,51.6,549,77,112,Active,Active,Active
SNS_004938,Central Secretariat,2026-03-21 13:00:00,23.2,54.0,780,87,150,Active,Active,Active
SNS_004939,Yamuna Bank,2026-03-21 13:00:00,21.9,51.7,700,42,352,Active,Active,Active
SNS_004940,Inderlok,2026-03-21 13:00:00,24.2,59.7,701,50,233,Active,Under Maintenance,Active
SNS_004941,Rajiv Chowk,2026-03-21 14:00:00,21.7,64.7,582,93,300,Active,Active,Active
SNS_004942,Kashmere Gate,2026-03-21 14:00:00,22.3,51.7,845,48,149,Active,Active,Active
SNS_004943,New Delhi,2026-03-21 14:00:00,23.3,47.7,534,45,259,Active,Active,Active
SNS_004944,Hauz Khas,2026-03-21 14:00:00,21.6,54.6,609,74,332,Active,Active,Active
SNS_004945,Botanical Garden,2026-03-21 14:00:00,23.9,52.6,463,83,270,Active,Active,Active
SNS_004946,Janakpuri West,2026-03-21 14:00:00,22.2,50.8,592,40,330,Active,Active,Active
SNS_004947,Lajpat Nagar,2026-03-21 14:00:00,22.7,53.2,610,73,122,Active,Active,Active
SNS_004948,Central Secretariat,2026-03-21 14:00:00,22.7,62.6,506,76,202,Active,Active,Active
SNS_004949,Yamuna Bank,2026-03-21 14:00:00,23.1,56.8,714,99,342,Active,Active,Active
SNS_004950,Inderlok,2026-03-21 14:00:00,22.3,60.0,594,146,276,Active,Active,Active
SNS_004951,Rajiv Chowk,2026-03-21 15:00:00,21.4,57.8,656,133,156,Active,Inactive,Active
SNS_004952,Kashmere Gate,2026-03-21 15:00:00,21.7,56.2,547,62,253,Active,Active,Active
SNS_004953,New Delhi,2026-03-21 15:00:00,22.2,46.3,501,82,177,Active,Active,Active
SNS_004954,Hauz Khas,2026-03-21 15:00:00,23.2,62.4,590,58,105,Active,Active,Active
SNS_004955,Botanical Garden,2026-03-21 15:00:00,23.3,61.8,459,130,277,Active,Active,Active
SNS_004956,Janakpuri West,2026-03-21 15:00:00,22.3,62.1,482,110,372,Active,Active,Active
SNS_004957,Lajpat Nagar,2026-03-21 15:00:00,21.9,63.6,582,91,223,Inactive,Active,Active
SNS_004958,Central Secretariat,2026-03-21 15:00:00,22.2,61.9,733,110,276,Active,Active,Active
SNS_004959,Yamuna Bank,2026-03-21 15:00:00,24.4,61.0,833,122,130,Inactive,Active,Active
SNS_004960,Inderlok,2026-03-21 15:00:00,21.9,56.0,568,68,341,Active,Active,Active
SNS_004961,Rajiv Chowk,2026-03-21 16:00:00,24.2,63.8,659,125,148,Active,Active,Active
SNS_004962,Kashmere Gate,2026-03-21 16:00:00,24.4,58.4,533,75,212,Active,Active,Active
SNS_004963,New Delhi,2026-03-21 16:00:00,22.4,59.2,707,58,345,Active,Active,Active
SNS_004964,Hauz Khas,2026-03-21 16:00:00,21.9,45.7,542,50,238,Active,Active,Active
SNS_004965,Botanical Garden,2026-03-21 16:00:00,21.8,52.8,734,148,341,Active,Active,Active
SNS_004966,Janakpuri West,2026-03-21 16:00:00,23.3,57.6,816,125,235,Active,Active,Active
SNS_004967,Lajpat Nagar,2026-03-21 16:00:00,21.4,52.4,733,72,186,Active,Active,Active
SNS_004968,Central Secretariat,2026-03-21 16:00:00,22.8,65.0,618,127,253,Active,Active,Active
SNS_004969,Yamuna Bank,2026-03-21 16:00:00,24.2,55.5,609,126,122,Active,Active,Active
SNS_004970,Inderlok,2026-03-21 16:00:00,21.7,59.0,509,103,388,Active,Active,Active
SNS_004971,Rajiv Chowk,2026-03-21 17:00:00,23.1,48.5,653,43,764,Active,Active,Active
SNS_004972,Kashmere Gate,2026-03-21 17:00:00,22.4,46.0,791,114,1421,Active,Active,Active
SNS_004973,New Delhi,2026-03-21 17:00:00,24.2,63.1,684,92,782,Active,Active,Active
SNS_004974,Hauz Khas,2026-03-21 17:00:00,23.8,57.0,644,120,726,Active,Active,Active
SNS_004975,Botanical Garden,2026-03-21 17:00:00,22.6,61.1,606,88,550,Active,Active,Active
SNS_004976,Janakpuri West,2026-03-21 17:00:00,22.0,45.7,465,108,849,Under Maintenance,Active,Active
SNS_004977,Lajpat Nagar,2026-03-21 17:00:00,21.1,57.0,828,48,527,Active,Active,Active
SNS_004978,Central Secretariat,2026-03-21 17:00:00,21.4,61.0,687,74,1409,Active,Active,Active
SNS_004979,Yamuna Bank,2026-03-21 17:00:00,21.8,61.0,482,79,610,Active,Active,Active
SNS_004980,Inderlok,2026-03-21 17:00:00,21.9,47.1,843,108,1149,Active,Active,Active
SNS_004981,Rajiv Chowk,2026-03-21 18:00:00,21.2,51.6,519,50,1091,Active,Active,Active
SNS_004982,Kashmere Gate,2026-03-21 18:00:00,22.8,56.4,777,140,589,Active,Active,Active
SNS_004983,New Delhi,2026-03-21 18:00:00,22.1,54.1,591,105,535,Active,Active,Active
SNS_004984,Hauz Khas,2026-03-21 18:00:00,23.4,64.6,798,88,765,Active,Active,Active
SNS_004985,Botanical Garden,2026-03-21 18:00:00,23.9,63.8,768,108,738,Active,Active,Active
SNS_004986,Janakpuri West,2026-03-21 18:00:00,23.2,59.5,574,122,916,Active,Active,Active
SNS_004987,Lajpat Nagar,2026-03-21 18:00:00,22.0,59.1,553,70,780,Active,Active,Active
SNS_004988,Central Secretariat,2026-03-21 18:00:00,22.2,54.5,576,44,618,Active,Active,Active
SNS_004989,Yamuna Bank,2026-03-21 18:00:00,21.6,61.9,676,88,801,Active,Active,Active
SNS_004990,Inderlok,2026-03-21 18:00:00,22.5,47.6,746,121,1399,Active,Active,Active
SNS_004991,Rajiv Chowk,2026-03-21 19:00:00,24.4,57.5,845,84,1000,Active,Active,Active
SNS_004992,Kashmere Gate,2026-03-21 19:00:00,23.7,46.7,840,121,883,Active,Active,Active
SNS_004993,New Delhi,2026-03-21 19:00:00,21.8,55.5,598,81,844,Active,Active,Active
SNS_004994,Hauz Khas,2026-03-21 19:00:00,22.7,63.5,477,57,1348,Active,Active,Active
SNS_004995,Botanical Garden,2026-03-21 19:00:00,21.8,64.6,574,141,975,Active,Active,Active
SNS_004996,Janakpuri West,2026-03-21 19:00:00,23.9,60.6,778,132,1374,Active,Active,Active
SNS_004997,Lajpat Nagar,2026-03-21 19:00:00,21.6,58.2,534,75,547,Under Maintenance,Active,Active
SNS_004998,Central Secretariat,2026-03-21 19:00:00,23.2,59.8,790,48,804,Active,Active,Active
SNS_004999,Yamuna Bank,2026-03-21 19:00:00,22.0,59.2,582,110,1397,Active,Active,Active
SNS_005000,Inderlok,2026-03-21 19:00:00,23.6,51.5,542,74,821,Active,Active,Active
SNS_005001,Rajiv Chowk,2026-03-21 20:00:00,22.9,63.1,744,132,534,Active,Active,Active
SNS_005002,Kashmere Gate,2026-03-21 20:00:00,21.8,52.8,718,91,778,Under Maintenance,Active,Active
SNS_005003,New Delhi,2026-03-21 20:00:00,22.9,51.4,850,96,1282,Active,Active,Active
SNS_005004,Hauz Khas,2026-03-21 20:00:00,22.4,61.5,722,112,663,Active,Active,Active
SNS_005005,Botanical Garden,2026-03-21 20:00:00,21.5,61.6,580,99,1036,Inactive,Active,Active
SNS_005006,Janakpuri West,2026-03-21 20:00:00,21.8,55.6,665,119,1109,Active,Active,Active
SNS_005007,Lajpat Nagar,2026-03-21 20:00:00,24.0,55.1,726,146,839,Active,Active,Active
SNS_005008,Central Secretariat,2026-03-21 20:00:00,22.4,48.2,650,117,1195,Active,Active,Active
SNS_005009,Yamuna Bank,2026-03-21 20:00:00,21.0,58.6,761,85,958,Active,Active,Active
SNS_005010,Inderlok,2026-03-21 20:00:00,24.1,51.3,703,79,686,Active,Active,Active
SNS_005011,Rajiv Chowk,2026-03-21 21:00:00,23.9,58.8,617,100,371,Active,Active,Active
SNS_005012,Kashmere Gate,2026-03-21 21:00:00,24.1,61.9,683,117,326,Active,Active,Active
SNS_005013,New Delhi,2026-03-21 21:00:00,24.1,61.3,749,80,145,Active,Active,Active
SNS_005014,Hauz Khas,2026-03-21 21:00:00,23.4,59.6,844,44,221,Active,Active,Active
SNS_005015,Botanical Garden,2026-03-21 21:00:00,22.5,51.3,692,106,245,Active,Active,Active
SNS_005016,Janakpuri West,2026-03-21 21:00:00,22.8,46.7,475,51,325,Active,Active,Active
SNS_005017,Lajpat Nagar,2026-03-21 21:00:00,22.4,58.8,847,75,299,Inactive,Active,Active
SNS_005018,Central Secretariat,2026-03-21 21:00:00,21.6,65.0,789,127,289,Active,Active,Active
SNS_005019,Yamuna Bank,2026-03-21 21:00:00,24.1,49.3,513,44,161,Active,Active,Active
SNS_005020,Inderlok,2026-03-21 21:00:00,23.9,45.5,806,88,213,Active,Active,Inactive
SNS_005021,Rajiv Chowk,2026-03-21 22:00:00,23.4,52.4,699,49,123,Active,Active,Active
SNS_005022,Kashmere Gate,2026-03-21 22:00:00,22.8,49.2,830,102,110,Active,Active,Active
SNS_005023,New Delhi,2026-03-21 22:00:00,22.1,57.1,701,109,376,Active,Active,Active
SNS_005024,Hauz Khas,2026-03-21 22:00:00,22.1,50.6,560,121,295,Active,Active,Active
SNS_005025,Botanical Garden,2026-03-21 22:00:00,22.7,52.9,838,115,341,Active,Active,Active
SNS_005026,Janakpuri West,2026-03-21 22:00:00,22.0,48.7,784,141,373,Active,Active,Active
SNS_005027,Lajpat Nagar,2026-03-21 22:00:00,23.6,51.1,843,61,142,Active,Active,Active
SNS_005028,Central Secretariat,2026-03-21 22:00:00,21.7,51.0,501,108,338,Active,Active,Active
SNS_005029,Yamuna Bank,2026-03-21 22:00:00,22.0,60.0,600,139,326,Active,Active,Active
SNS_005030,Inderlok,2026-03-21 22:00:00,22.7,56.8,808,62,119,Active,Active,Active
SNS_005031,Rajiv Chowk,2026-03-21 23:00:00,21.5,56.2,795,112,138,Active,Active,Active
SNS_005032,Kashmere Gate,2026-03-21 23:00:00,23.5,46.9,473,120,365,Active,Active,Active
SNS_005033,New Delhi,2026-03-21 23:00:00,23.3,50.0,787,144,188,Active,Active,Active
SNS_005034,Hauz Khas,2026-03-21 23:00:00,23.2,51.7,582,63,344,Active,Active,Active
SNS_005035,Botanical Garden,2026-03-21 23:00:00,22.0,58.9,697,42,252,Active,Active,Active
SNS_005036,Janakpuri West,2026-03-21 23:00:00,22.4,57.7,566,94,283,Active,Active,Active
SNS_005037,Lajpat Nagar,2026-03-21 23:00:00,22.1,46.3,733,137,108,Under Maintenance,Active,Active
SNS_005038,Central Secretariat,2026-03-21 23:00:00,22.9,50.9,557,104,186,Active,Under Maintenance,Active
SNS_005039,Yamuna Bank,2026-03-21 23:00:00,23.0,55.1,545,55,114,Active,Active,Active
SNS_005040,Inderlok,2026-03-21 23:00:00,22.2,47.8,560,110,374,Active,Active,Active
SNS_005041,Rajiv Chowk,2026-03-22 00:00:00,22.1,48.7,526,87,9,Active,Active,Inactive
SNS_005042,Kashmere Gate,2026-03-22 00:00:00,21.7,60.4,777,70,4,Active,Active,Active
SNS_005043,New Delhi,2026-03-22 00:00:00,21.1,52.4,650,75,0,Active,Active,Active
SNS_005044,Hauz Khas,2026-03-22 00:00:00,24.2,61.3,665,100,5,Under Maintenance,Active,Active
SNS_005045,Botanical Garden,2026-03-22 00:00:00,23.0,48.0,809,134,7,Active,Active,Active
SNS_005046,Janakpuri West,2026-03-22 00:00:00,23.1,46.7,515,114,1,Active,Active,Active
SNS_005047,Lajpat Nagar,2026-03-22 00:00:00,22.6,51.0,557,102,7,Active,Active,Active
SNS_005048,Central Secretariat,2026-03-22 00:00:00,22.2,64.1,667,103,5,Active,Active,Active
SNS_005049,Yamuna Bank,2026-03-22 00:00:00,21.3,52.8,719,119,8,Active,Active,Active
SNS_005050,Inderlok,2026-03-22 00:00:00,24.3,60.2,737,150,1,Active,Active,Active
SNS_005051,Rajiv Chowk,2026-03-22 01:00:00,21.8,48.8,497,118,2,Active,Active,Active
SNS_005052,Kashmere Gate,2026-03-22 01:00:00,22.9,47.4,678,59,2,Active,Active,Inactive
SNS_005053,New Delhi,2026-03-22 01:00:00,23.2,50.5,579,94,9,Active,Active,Active
SNS_005054,Hauz Khas,2026-03-22 01:00:00,23.5,58.8,518,65,4,Active,Active,Active
SNS_005055,Botanical Garden,2026-03-22 01:00:00,24.4,51.2,720,117,3,Active,Active,Active
SNS_005056,Janakpuri West,2026-03-22 01:00:00,23.5,55.6,607,109,5,Active,Active,Active
SNS_005057,Lajpat Nagar,2026-03-22 01:00:00,21.7,55.0,464,60,3,Active,Active,Active
SNS_005058,Central Secretariat,2026-03-22 01:00:00,23.5,56.7,504,100,7,Inactive,Active,Active
SNS_005059,Yamuna Bank,2026-03-22 01:00:00,21.1,54.3,661,144,1,Active,Active,Active
SNS_005060,Inderlok,2026-03-22 01:00:00,22.7,61.9,846,53,8,Active,Active,Active
SNS_005061,Rajiv Chowk,2026-03-22 02:00:00,21.5,60.2,715,79,0,Active,Active,Active
SNS_005062,Kashmere Gate,2026-03-22 02:00:00,21.3,60.1,674,95,2,Active,Active,Active
SNS_005063,New Delhi,2026-03-22 02:00:00,21.2,57.7,771,73,8,Active,Active,Active
SNS_005064,Hauz Khas,2026-03-22 02:00:00,22.7,59.4,643,137,1,Active,Active,Active
SNS_005065,Botanical Garden,2026-03-22 02:00:00,23.1,52.3,514,63,5,Active,Active,Active
SNS_005066,Janakpuri West,2026-03-22 02:00:00,22.6,57.9,522,110,9,Active,Active,Active
SNS_005067,Lajpat Nagar,2026-03-22 02:00:00,21.4,47.4,593,100,2,Active,Active,Active
SNS_005068,Central Secretariat,2026-03-22 02:00:00,22.1,59.1,500,147,7,Active,Active,Active
SNS_005069,Yamuna Bank,2026-03-22 02:00:00,22.9,48.5,510,119,7,Active,Active,Active
SNS_005070,Inderlok,2026-03-22 02:00:00,23.2,65.0,815,104,7,Active,Active,Active
SNS_005071,Rajiv Chowk,2026-03-22 03:00:00,21.3,62.4,660,95,8,Active,Active,Active
SNS_005072,Kashmere Gate,2026-03-22 03:00:00,22.2,47.6,507,77,0,Active,Active,Active
SNS_005073,New Delhi,2026-03-22 03:00:00,21.8,45.7,474,145,2,Active,Active,Active
SNS_005074,Hauz Khas,2026-03-22 03:00:00,24.1,50.0,637,43,0,Active,Active,Active
SNS_005075,Botanical Garden,2026-03-22 03:00:00,21.4,60.7,667,105,10,Active,Active,Active
SNS_005076,Janakpuri West,2026-03-22 03:00:00,21.3,59.1,655,139,1,Active,Active,Active
SNS_005077,Lajpat Nagar,2026-03-22 03:00:00,21.6,62.9,671,43,5,Active,Active,Active
SNS_005078,Central Secretariat,2026-03-22 03:00:00,22.0,48.8,553,55,7,Active,Active,Active
SNS_005079,Yamuna Bank,2026-03-22 03:00:00,23.2,50.5,512,96,1,Active,Active,Active
SNS_005080,Inderlok,2026-03-22 03:00:00,22.1,47.8,539,143,9,Active,Active,Active
SNS_005081,Rajiv Chowk,2026-03-22 04:00:00,22.7,49.0,767,147,5,Active,Active,Active
SNS_005082,Kashmere Gate,2026-03-22 04:00:00,24.2,55.5,766,90,2,Active,Active,Active
SNS_005083,New Delhi,2026-03-22 04:00:00,24.0,53.2,566,68,10,Active,Active,Active
SNS_005084,Hauz Khas,2026-03-22 04:00:00,21.3,54.8,457,91,6,Active,Active,Active
SNS_005085,Botanical Garden,2026-03-22 04:00:00,23.7,62.2,726,144,2,Active,Active,Active
SNS_005086,Janakpuri West,2026-03-22 04:00:00,21.3,61.7,605,84,5,Active,Active,Active
SNS_005087,Lajpat Nagar,2026-03-22 04:00:00,23.8,62.1,730,144,6,Active,Active,Active
SNS_005088,Central Secretariat,2026-03-22 04:00:00,24.3,59.5,595,105,4,Inactive,Active,Active
SNS_005089,Yamuna Bank,2026-03-22 04:00:00,23.6,57.5,723,43,0,Active,Active,Active
SNS_005090,Inderlok,2026-03-22 04:00:00,24.2,54.8,545,43,8,Active,Active,Active
SNS_005091,Rajiv Chowk,2026-03-22 05:00:00,24.2,64.5,634,104,0,Active,Active,Active
SNS_005092,Kashmere Gate,2026-03-22 05:00:00,22.0,56.2,454,131,5,Active,Active,Active
SNS_005093,New Delhi,2026-03-22 05:00:00,21.7,62.2,819,103,9,Active,Active,Active
SNS_005094,Hauz Khas,2026-03-22 05:00:00,22.2,53.4,797,42,9,Active,Active,Active
SNS_005095,Botanical Garden,2026-03-22 05:00:00,21.3,47.8,548,147,2,Active,Active,Active
SNS_005096,Janakpuri West,2026-03-22 05:00:00,23.2,49.5,677,45,7,Active,Active,Active
SNS_005097,Lajpat Nagar,2026-03-22 05:00:00,22.4,53.5,565,129,9,Under Maintenance,Active,Active
SNS_005098,Central Secretariat,2026-03-22 05:00:00,21.4,51.4,694,115,8,Active,Active,Active
SNS_005099,Yamuna Bank,2026-03-22 05:00:00,23.1,63.6,709,113,3,Active,Active,Active
SNS_005100,Inderlok,2026-03-22 05:00:00,23.9,55.9,742,103,4,Active,Active,Active
SNS_005101,Rajiv Chowk,2026-03-22 06:00:00,22.9,55.2,690,116,256,Active,Active,Active
SNS_005102,Kashmere Gate,2026-03-22 06:00:00,23.1,46.8,593,125,388,Active,Active,Active
SNS_005103,New Delhi,2026-03-22 06:00:00,21.3,51.9,670,105,186,Active,Active,Active
SNS_005104,Hauz Khas,2026-03-22 06:00:00,24.2,58.8,677,72,313,Inactive,Inactive,Active
SNS_005105,Botanical Garden,2026-03-22 06:00:00,21.7,61.6,738,79,245,Active,Active,Active
SNS_005106,Janakpuri West,2026-03-22 06:00:00,21.9,53.8,673,45,215,Active,Active,Active
SNS_005107,Lajpat Nagar,2026-03-22 06:00:00,21.5,55.8,545,92,172,Active,Active,Active
SNS_005108,Central Secretariat,2026-03-22 06:00:00,21.9,50.1,825,126,114,Active,Active,Active
SNS_005109,Yamuna Bank,2026-03-22 06:00:00,23.2,54.4,558,81,309,Active,Active,Active
SNS_005110,Inderlok,2026-03-22 06:00:00,22.5,49.4,799,69,299,Active,Active,Active
SNS_005111,Rajiv Chowk,2026-03-22 07:00:00,23.3,59.4,715,112,350,Active,Active,Active
SNS_005112,Kashmere Gate,2026-03-22 07:00:00,22.1,61.8,826,127,300,Active,Active,Active
SNS_005113,New Delhi,2026-03-22 07:00:00,22.0,62.7,685,60,194,Active,Active,Active
SNS_005114,Hauz Khas,2026-03-22 07:00:00,22.7,46.6,798,46,102,Active,Active,Active
SNS_005115,Botanical Garden,2026-03-22 07:00:00,23.6,62.8,574,40,138,Active,Active,Active
SNS_005116,Janakpuri West,2026-03-22 07:00:00,21.6,48.4,779,95,157,Active,Active,Active
SNS_005117,Lajpat Nagar,2026-03-22 07:00:00,21.6,52.0,834,93,126,Active,Active,Active
SNS_005118,Central Secretariat,2026-03-22 07:00:00,23.7,61.4,641,90,350,Active,Active,Active
SNS_005119,Yamuna Bank,2026-03-22 07:00:00,22.5,63.9,478,123,197,Active,Active,Active
SNS_005120,Inderlok,2026-03-22 07:00:00,23.3,60.5,826,65,324,Active,Active,Active
SNS_005121,Rajiv Chowk,2026-03-22 08:00:00,23.2,62.6,563,113,627,Active,Active,Active
SNS_005122,Kashmere Gate,2026-03-22 08:00:00,22.2,61.5,713,90,1101,Active,Active,Active
SNS_005123,New Delhi,2026-03-22 08:00:00,23.1,50.8,590,130,683,Active,Active,Active
SNS_005124,Hauz Khas,2026-03-22 08:00:00,21.7,55.9,628,76,1381,Active,Active,Active
SNS_005125,Botanical Garden,2026-03-22 08:00:00,21.7,60.8,808,95,1330,Active,Under Maintenance,Active
SNS_005126,Janakpuri West,2026-03-22 08:00:00,24.3,52.7,821,112,741,Active,Active,Active
SNS_005127,Lajpat Nagar,2026-03-22 08:00:00,22.6,58.4,530,71,1325,Active,Active,Active
SNS_005128,Central Secretariat,2026-03-22 08:00:00,23.9,64.9,830,112,1452,Active,Active,Active
SNS_005129,Yamuna Bank,2026-03-22 08:00:00,24.3,50.9,645,140,1193,Active,Active,Active
SNS_005130,Inderlok,2026-03-22 08:00:00,23.1,55.5,774,105,1092,Active,Active,Active
SNS_005131,Rajiv Chowk,2026-03-22 09:00:00,21.3,62.5,804,59,857,Active,Active,Active
SNS_005132,Kashmere Gate,2026-03-22 09:00:00,21.7,60.0,735,144,1259,Active,Active,Active
SNS_005133,New Delhi,2026-03-22 09:00:00,23.3,45.8,534,77,1373,Active,Active,Active
SNS_005134,Hauz Khas,2026-03-22 09:00:00,21.9,56.8,555,103,730,Active,Active,Active
SNS_005135,Botanical Garden,2026-03-22 09:00:00,23.8,52.5,564,96,1268,Active,Active,Active
SNS_005136,Janakpuri West,2026-03-22 09:00:00,22.3,52.3,471,94,859,Active,Active,Active
SNS_005137,Lajpat Nagar,2026-03-22 09:00:00,22.9,53.6,780,71,894,Active,Active,Active
SNS_005138,Central Secretariat,2026-03-22 09:00:00,21.3,48.0,760,87,933,Active,Active,Active
SNS_005139,Yamuna Bank,2026-03-22 09:00:00,22.5,56.1,716,150,569,Active,Active,Active
SNS_005140,Inderlok,2026-03-22 09:00:00,21.6,47.3,652,130,1111,Active,Active,Active
SNS_005141,Rajiv Chowk,2026-03-22 10:00:00,23.6,49.1,562,121,1221,Active,Active,Active
SNS_005142,Kashmere Gate,2026-03-22 10:00:00,22.6,62.3,704,89,1235,Active,Active,Active
SNS_005143,New Delhi,2026-03-22 10:00:00,23.9,60.0,518,107,1419,Under Maintenance,Active,Active
SNS_005144,Hauz Khas,2026-03-22 10:00:00,21.4,50.4,523,60,582,Active,Active,Active
SNS_005145,Botanical Garden,2026-03-22 10:00:00,24.2,59.8,554,60,816,Active,Active,Active
SNS_005146,Janakpuri West,2026-03-22 10:00:00,21.8,58.9,748,103,1326,Active,Active,Active
SNS_005147,Lajpat Nagar,2026-03-22 10:00:00,23.0,54.8,493,84,811,Active,Active,Active
SNS_005148,Central Secretariat,2026-03-22 10:00:00,24.2,63.2,601,72,559,Active,Active,Active
SNS_005149,Yamuna Bank,2026-03-22 10:00:00,23.8,64.5,638,70,732,Active,Under Maintenance,Active
SNS_005150,Inderlok,2026-03-22 10:00:00,24.0,46.1,714,108,1357,Active,Under Maintenance,Active
SNS_005151,Rajiv Chowk,2026-03-22 11:00:00,24.3,57.8,774,85,152,Active,Active,Active
SNS_005152,Kashmere Gate,2026-03-22 11:00:00,22.5,64.9,806,60,215,Active,Active,Active
SNS_005153,New Delhi,2026-03-22 11:00:00,21.7,62.6,847,112,397,Active,Active,Active
SNS_005154,Hauz Khas,2026-03-22 11:00:00,24.0,62.3,563,66,322,Active,Active,Active
SNS_005155,Botanical Garden,2026-03-22 11:00:00,23.2,53.2,606,77,156,Active,Active,Active
SNS_005156,Janakpuri West,2026-03-22 11:00:00,22.0,52.3,618,69,368,Active,Active,Active
SNS_005157,Lajpat Nagar,2026-03-22 11:00:00,22.7,60.4,584,88,337,Active,Active,Active
SNS_005158,Central Secretariat,2026-03-22 11:00:00,23.7,50.8,738,85,350,Active,Active,Active
SNS_005159,Yamuna Bank,2026-03-22 11:00:00,24.1,54.3,704,45,207,Active,Active,Active
SNS_005160,Inderlok,2026-03-22 11:00:00,22.6,52.0,485,91,305,Active,Active,Active
SNS_005161,Rajiv Chowk,2026-03-22 12:00:00,22.1,59.7,619,52,218,Active,Inactive,Active
SNS_005162,Kashmere Gate,2026-03-22 12:00:00,23.8,61.6,727,113,251,Active,Active,Active
SNS_005163,New Delhi,2026-03-22 12:00:00,22.5,54.7,486,75,307,Active,Active,Active
SNS_005164,Hauz Khas,2026-03-22 12:00:00,22.7,46.3,465,91,190,Active,Active,Active
SNS_005165,Botanical Garden,2026-03-22 12:00:00,24.3,63.1,511,111,351,Under Maintenance,Active,Active
SNS_005166,Janakpuri West,2026-03-22 12:00:00,22.8,45.2,640,86,225,Active,Active,Active
SNS_005167,Lajpat Nagar,2026-03-22 12:00:00,23.9,63.2,645,83,399,Active,Active,Active
SNS_005168,Central Secretariat,2026-03-22 12:00:00,22.6,53.4,824,88,153,Active,Active,Active
SNS_005169,Yamuna Bank,2026-03-22 12:00:00,21.7,50.6,752,48,327,Active,Active,Active
SNS_005170,Inderlok,2026-03-22 12:00:00,23.1,52.6,664,79,316,Active,Under Maintenance,Active
SNS_005171,Rajiv Chowk,2026-03-22 13:00:00,21.0,59.1,642,76,224,Active,Active,Active
SNS_005172,Kashmere Gate,2026-03-22 13:00:00,22.2,55.5,463,105,113,Active,Active,Active
SNS_005173,New Delhi,2026-03-22 13:00:00,21.6,51.6,744,123,278,Active,Active,Active
SNS_005174,Hauz Khas,2026-03-22 13:00:00,22.8,58.0,595,106,163,Active,Active,Active
SNS_005175,Botanical Garden,2026-03-22 13:00:00,23.2,46.7,742,101,356,Active,Active,Active
SNS_005176,Janakpuri West,2026-03-22 13:00:00,21.6,63.8,624,69,358,Active,Active,Active
SNS_005177,Lajpat Nagar,2026-03-22 13:00:00,22.3,64.4,532,52,293,Active,Active,Active
SNS_005178,Central Secretariat,2026-03-22 13:00:00,22.5,52.6,466,141,371,Active,Active,Active
SNS_005179,Yamuna Bank,2026-03-22 13:00:00,23.6,54.5,615,82,312,Active,Active,Active
SNS_005180,Inderlok,2026-03-22 13:00:00,23.7,57.7,612,70,286,Active,Inactive,Active
SNS_005181,Rajiv Chowk,2026-03-22 14:00:00,24.1,47.9,643,71,285,Active,Active,Active
SNS_005182,Kashmere Gate,2026-03-22 14:00:00,21.5,53.0,535,42,391,Active,Active,Active
SNS_005183,New Delhi,2026-03-22 14:00:00,23.5,49.3,785,46,328,Active,Inactive,Active
SNS_005184,Hauz Khas,2026-03-22 14:00:00,22.6,53.8,760,88,231,Active,Active,Active
SNS_005185,Botanical Garden,2026-03-22 14:00:00,24.1,48.8,672,139,336,Active,Active,Active
SNS_005186,Janakpuri West,2026-03-22 14:00:00,22.3,45.1,727,98,210,Active,Active,Active
SNS_005187,Lajpat Nagar,2026-03-22 14:00:00,24.2,52.6,486,49,180,Active,Active,Active
SNS_005188,Central Secretariat,2026-03-22 14:00:00,23.3,56.3,546,146,269,Active,Active,Active
SNS_005189,Yamuna Bank,2026-03-22 14:00:00,22.7,63.3,729,55,391,Active,Active,Active
SNS_005190,Inderlok,2026-03-22 14:00:00,22.8,49.7,581,61,282,Active,Active,Active
SNS_005191,Rajiv Chowk,2026-03-22 15:00:00,23.0,60.2,493,138,391,Active,Active,Active
SNS_005192,Kashmere Gate,2026-03-22 15:00:00,21.7,56.3,607,41,390,Active,Active,Active
SNS_005193,New Delhi,2026-03-22 15:00:00,21.9,64.3,590,116,186,Active,Active,Active
SNS_005194,Hauz Khas,2026-03-22 15:00:00,21.9,55.2,633,78,363,Active,Active,Active
SNS_005195,Botanical Garden,2026-03-22 15:00:00,22.5,54.6,625,135,227,Active,Active,Active
SNS_005196,Janakpuri West,2026-03-22 15:00:00,22.3,61.1,776,89,206,Active,Active,Active
SNS_005197,Lajpat Nagar,2026-03-22 15:00:00,21.8,60.1,744,57,241,Active,Active,Active
SNS_005198,Central Secretariat,2026-03-22 15:00:00,23.7,64.5,704,80,109,Active,Active,Active
SNS_005199,Yamuna Bank,2026-03-22 15:00:00,24.2,51.2,831,76,331,Active,Active,Active
SNS_005200,Inderlok,2026-03-22 15:00:00,22.1,55.9,573,112,369,Active,Active,Active
SNS_005201,Rajiv Chowk,2026-03-22 16:00:00,21.5,50.1,499,46,275,Active,Active,Inactive
SNS_005202,Kashmere Gate,2026-03-22 16:00:00,23.3,52.9,837,62,274,Active,Active,Active
SNS_005203,New Delhi,2026-03-22 16:00:00,23.6,46.9,834,108,167,Active,Active,Active
SNS_005204,Hauz Khas,2026-03-22 16:00:00,22.7,63.8,718,66,290,Active,Active,Active
SNS_005205,Botanical Garden,2026-03-22 16:00:00,22.8,64.6,528,44,374,Active,Active,Active
SNS_005206,Janakpuri West,2026-03-22 16:00:00,23.2,48.5,729,86,128,Active,Active,Active
SNS_005207,Lajpat Nagar,2026-03-22 16:00:00,23.9,46.0,791,97,251,Active,Active,Active
SNS_005208,Central Secretariat,2026-03-22 16:00:00,22.6,64.6,587,141,312,Active,Active,Active
SNS_005209,Yamuna Bank,2026-03-22 16:00:00,22.0,54.7,761,64,368,Active,Active,Active
SNS_005210,Inderlok,2026-03-22 16:00:00,23.7,56.2,848,130,300,Active,Active,Inactive
SNS_005211,Rajiv Chowk,2026-03-22 17:00:00,23.0,55.7,553,132,1320,Active,Active,Active
SNS_005212,Kashmere Gate,2026-03-22 17:00:00,22.2,57.1,664,44,1231,Active,Active,Active
SNS_005213,New Delhi,2026-03-22 17:00:00,23.2,46.6,570,119,1184,Active,Active,Active
SNS_005214,Hauz Khas,2026-03-22 17:00:00,21.7,64.5,839,91,1071,Active,Active,Active
SNS_005215,Botanical Garden,2026-03-22 17:00:00,23.9,45.3,776,54,551,Active,Active,Active
SNS_005216,Janakpuri West,2026-03-22 17:00:00,22.4,49.3,735,42,840,Active,Active,Active
SNS_005217,Lajpat Nagar,2026-03-22 17:00:00,21.3,45.2,710,123,542,Under Maintenance,Active,Active
SNS_005218,Central Secretariat,2026-03-22 17:00:00,23.0,57.9,675,140,589,Active,Active,Active
SNS_005219,Yamuna Bank,2026-03-22 17:00:00,23.5,59.4,799,81,1265,Active,Active,Active
SNS_005220,Inderlok,2026-03-22 17:00:00,23.2,56.3,695,101,555,Active,Active,Active
SNS_005221,Rajiv Chowk,2026-03-22 18:00:00,22.9,56.1,499,146,626,Active,Active,Active
SNS_005222,Kashmere Gate,2026-03-22 18:00:00,23.4,60.5,772,136,1132,Active,Active,Active
SNS_005223,New Delhi,2026-03-22 18:00:00,22.3,59.8,704,115,1251,Active,Active,Active
SNS_005224,Hauz Khas,2026-03-22 18:00:00,22.3,52.6,620,98,989,Inactive,Active,Active
SNS_005225,Botanical Garden,2026-03-22 18:00:00,24.0,50.7,689,57,1425,Active,Active,Active
SNS_005226,Janakpuri West,2026-03-22 18:00:00,24.4,46.1,455,107,1417,Active,Active,Active
SNS_005227,Lajpat Nagar,2026-03-22 18:00:00,21.2,49.7,705,41,960,Active,Active,Active
SNS_005228,Central Secretariat,2026-03-22 18:00:00,21.6,51.3,472,58,1083,Active,Active,Active
SNS_005229,Yamuna Bank,2026-03-22 18:00:00,23.5,55.3,775,112,676,Active,Active,Active
SNS_005230,Inderlok,2026-03-22 18:00:00,23.5,53.9,567,111,911,Active,Active,Active
SNS_005231,Rajiv Chowk,2026-03-22 19:00:00,21.0,64.1,587,146,519,Active,Active,Active
SNS_005232,Kashmere Gate,2026-03-22 19:00:00,21.7,48.0,773,149,911,Active,Active,Active
SNS_005233,New Delhi,2026-03-22 19:00:00,24.1,49.5,589,56,1062,Active,Active,Active
SNS_005234,Hauz Khas,2026-03-22 19:00:00,21.3,59.7,588,142,1146,Active,Active,Active
SNS_005235,Botanical Garden,2026-03-22 19:00:00,22.0,55.9,683,55,1133,Active,Active,Active
SNS_005236,Janakpuri West,2026-03-22 19:00:00,22.3,63.1,780,147,837,Active,Inactive,Active
SNS_005237,Lajpat Nagar,2026-03-22 19:00:00,21.4,61.6,731,47,1221,Active,Active,Active
SNS_005238,Central Secretariat,2026-03-22 19:00:00,22.3,57.2,711,43,1384,Active,Active,Active
SNS_005239,Yamuna Bank,2026-03-22 19:00:00,23.6,50.1,544,121,1461,Inactive,Active,Active
SNS_005240,Inderlok,2026-03-22 19:00:00,21.4,47.3,760,83,804,Active,Active,Active
SNS_005241,Rajiv Chowk,2026-03-22 20:00:00,22.7,45.3,582,128,1213,Active,Active,Active
SNS_005242,Kashmere Gate,2026-03-22 20:00:00,22.0,48.4,849,140,965,Active,Inactive,Active
SNS_005243,New Delhi,2026-03-22 20:00:00,21.5,61.1,588,131,1405,Active,Active,Active
SNS_005244,Hauz Khas,2026-03-22 20:00:00,23.4,51.5,844,113,550,Active,Active,Active
SNS_005245,Botanical Garden,2026-03-22 20:00:00,22.4,59.3,552,56,1040,Active,Active,Active
SNS_005246,Janakpuri West,2026-03-22 20:00:00,21.5,64.0,672,50,894,Active,Active,Active
SNS_005247,Lajpat Nagar,2026-03-22 20:00:00,22.0,45.3,835,131,510,Active,Active,Active
SNS_005248,Central Secretariat,2026-03-22 20:00:00,21.3,50.2,740,101,1021,Active,Active,Active
SNS_005249,Yamuna Bank,2026-03-22 20:00:00,24.5,58.6,756,104,686,Active,Active,Active
SNS_005250,Inderlok,2026-03-22 20:00:00,23.5,56.4,618,100,841,Active,Active,Active
SNS_005251,Rajiv Chowk,2026-03-22 21:00:00,24.5,57.4,498,101,119,Active,Active,Active
SNS_005252,Kashmere Gate,2026-03-22 21:00:00,24.2,63.7,609,121,367,Active,Active,Active
SNS_005253,New Delhi,2026-03-22 21:00:00,23.9,60.9,632,64,312,Active,Active,Active
SNS_005254,Hauz Khas,2026-03-22 21:00:00,23.6,63.9,611,57,205,Inactive,Active,Active
SNS_005255,Botanical Garden,2026-03-22 21:00:00,22.0,57.2,668,124,104,Active,Active,Active
SNS_005256,Janakpuri West,2026-03-22 21:00:00,21.4,59.5,487,115,257,Active,Active,Active
SNS_005257,Lajpat Nagar,2026-03-22 21:00:00,22.3,51.3,728,58,312,Active,Active,Active
SNS_005258,Central Secretariat,2026-03-22 21:00:00,22.6,47.4,666,139,295,Active,Inactive,Active
SNS_005259,Yamuna Bank,2026-03-22 21:00:00,21.7,55.1,795,89,150,Active,Active,Active
SNS_005260,Inderlok,2026-03-22 21:00:00,24.0,64.6,684,123,372,Active,Active,Active
SNS_005261,Rajiv Chowk,2026-03-22 22:00:00,22.4,48.1,465,69,149,Active,Active,Active
SNS_005262,Kashmere Gate,2026-03-22 22:00:00,22.2,63.4,764,118,137,Active,Under Maintenance,Active
SNS_005263,New Delhi,2026-03-22 22:00:00,23.2,51.9,482,43,310,Active,Active,Active
SNS_005264,Hauz Khas,2026-03-22 22:00:00,21.7,57.5,833,147,275,Active,Active,Active
SNS_005265,Botanical Garden,2026-03-22 22:00:00,21.6,47.8,622,79,140,Active,Active,Active
SNS_005266,Janakpuri West,2026-03-22 22:00:00,21.8,50.3,739,55,375,Active,Active,Active
SNS_005267,Lajpat Nagar,2026-03-22 22:00:00,23.4,46.2,719,119,163,Active,Active,Active
SNS_005268,Central Secretariat,2026-03-22 22:00:00,22.2,56.9,843,130,187,Active,Active,Active
SNS_005269,Yamuna Bank,2026-03-22 22:00:00,21.7,58.5,613,126,146,Active,Active,Active
SNS_005270,Inderlok,2026-03-22 22:00:00,23.0,62.4,769,57,162,Active,Active,Active
SNS_005271,Rajiv Chowk,2026-03-22 23:00:00,24.3,47.5,651,41,154,Active,Active,Active
SNS_005272,Kashmere Gate,2026-03-22 23:00:00,21.4,47.6,794,62,189,Active,Active,Active
SNS_005273,New Delhi,2026-03-22 23:00:00,22.5,58.2,808,143,104,Active,Active,Active
SNS_005274,Hauz Khas,2026-03-22 23:00:00,22.6,47.9,811,118,244,Active,Active,Active
SNS_005275,Botanical Garden,2026-03-22 23:00:00,23.5,62.2,833,45,177,Active,Active,Active
SNS_005276,Janakpuri West,2026-03-22 23:00:00,22.2,48.0,655,116,398,Active,Active,Active
SNS_005277,Lajpat Nagar,2026-03-22 23:00:00,24.1,45.5,471,77,147,Active,Active,Active
SNS_005278,Central Secretariat,2026-03-22 23:00:00,22.3,51.7,784,62,391,Active,Active,Active
SNS_005279,Yamuna Bank,2026-03-22 23:00:00,21.4,54.2,515,144,173,Active,Active,Active
SNS_005280,Inderlok,2026-03-22 23:00:00,21.8,64.2,656,138,251,Active,Active,Active
SNS_005281,Rajiv Chowk,2026-03-23 00:00:00,23.0,51.4,534,95,10,Active,Active,Active
SNS_005282,Kashmere Gate,2026-03-23 00:00:00,24.1,54.5,626,115,4,Active,Active,Active
SNS_005283,New Delhi,2026-03-23 00:00:00,22.7,46.4,464,44,7,Active,Active,Active
SNS_005284,Hauz Khas,2026-03-23 00:00:00,23.7,51.5,653,109,5,Active,Active,Active
SNS_005285,Botanical Garden,2026-03-23 00:00:00,21.6,64.7,575,92,8,Active,Active,Active
SNS_005286,Janakpuri West,2026-03-23 00:00:00,21.3,54.9,844,52,10,Active,Active,Active
SNS_005287,Lajpat Nagar,2026-03-23 00:00:00,21.6,45.6,832,79,7,Active,Active,Active
SNS_005288,Central Secretariat,2026-03-23 00:00:00,23.5,62.2,468,74,4,Active,Active,Active
SNS_005289,Yamuna Bank,2026-03-23 00:00:00,21.2,63.9,480,130,3,Active,Active,Active
SNS_005290,Inderlok,2026-03-23 00:00:00,24.1,47.5,651,100,10,Active,Active,Active
SNS_005291,Rajiv Chowk,2026-03-23 01:00:00,23.1,49.7,800,71,3,Active,Active,Active
SNS_005292,Kashmere Gate,2026-03-23 01:00:00,24.1,50.8,703,137,2,Active,Active,Active
SNS_005293,New Delhi,2026-03-23 01:00:00,24.2,47.6,820,95,6,Active,Active,Active
SNS_005294,Hauz Khas,2026-03-23 01:00:00,21.1,48.5,491,123,6,Active,Active,Active
SNS_005295,Botanical Garden,2026-03-23 01:00:00,24.2,49.2,606,136,10,Under Maintenance,Active,Active
SNS_005296,Janakpuri West,2026-03-23 01:00:00,21.6,53.0,586,117,7,Active,Active,Active
SNS_005297,Lajpat Nagar,2026-03-23 01:00:00,23.6,57.3,465,135,1,Active,Active,Active
SNS_005298,Central Secretariat,2026-03-23 01:00:00,21.6,61.3,602,58,7,Active,Active,Active
SNS_005299,Yamuna Bank,2026-03-23 01:00:00,22.4,63.7,581,41,10,Active,Active,Active
SNS_005300,Inderlok,2026-03-23 01:00:00,24.0,54.7,716,98,9,Active,Active,Active
SNS_005301,Rajiv Chowk,2026-03-23 02:00:00,24.0,50.9,755,121,6,Active,Active,Active
SNS_005302,Kashmere Gate,2026-03-23 02:00:00,21.0,59.6,652,134,0,Active,Active,Active
SNS_005303,New Delhi,2026-03-23 02:00:00,21.9,61.3,596,64,1,Under Maintenance,Active,Active
SNS_005304,Hauz Khas,2026-03-23 02:00:00,21.1,48.5,831,88,1,Active,Active,Active
SNS_005305,Botanical Garden,2026-03-23 02:00:00,22.5,49.8,659,65,4,Active,Active,Active
SNS_005306,Janakpuri West,2026-03-23 02:00:00,21.5,50.7,793,144,8,Active,Active,Active
SNS_005307,Lajpat Nagar,2026-03-23 02:00:00,21.2,62.8,453,63,4,Active,Active,Active
SNS_005308,Central Secretariat,2026-03-23 02:00:00,23.5,48.8,470,93,1,Inactive,Active,Active
SNS_005309,Yamuna Bank,2026-03-23 02:00:00,21.1,55.1,845,71,4,Active,Active,Active
SNS_005310,Inderlok,2026-03-23 02:00:00,21.1,61.0,548,93,8,Active,Active,Active
SNS_005311,Rajiv Chowk,2026-03-23 03:00:00,21.7,56.4,849,42,8,Active,Active,Active
SNS_005312,Kashmere Gate,2026-03-23 03:00:00,22.6,56.3,506,107,0,Active,Active,Active
SNS_005313,New Delhi,2026-03-23 03:00:00,24.1,50.8,475,84,8,Active,Active,Active
SNS_005314,Hauz Khas,2026-03-23 03:00:00,23.4,51.3,561,112,5,Active,Active,Active
SNS_005315,Botanical Garden,2026-03-23 03:00:00,23.7,48.9,455,47,0,Active,Active,Active
SNS_005316,Janakpuri West,2026-03-23 03:00:00,22.4,61.6,598,53,5,Inactive,Active,Active
SNS_005317,Lajpat Nagar,2026-03-23 03:00:00,23.5,55.4,578,135,8,Active,Active,Active
SNS_005318,Central Secretariat,2026-03-23 03:00:00,24.2,61.8,641,109,4,Active,Active,Active
SNS_005319,Yamuna Bank,2026-03-23 03:00:00,23.1,48.5,635,50,3,Active,Active,Active
SNS_005320,Inderlok,2026-03-23 03:00:00,23.2,61.8,693,94,0,Active,Active,Active
SNS_005321,Rajiv Chowk,2026-03-23 04:00:00,23.1,47.6,744,145,10,Active,Active,Active
SNS_005322,Kashmere Gate,2026-03-23 04:00:00,23.6,62.6,776,50,3,Active,Active,Active
SNS_005323,New Delhi,2026-03-23 04:00:00,23.8,57.5,841,109,7,Active,Active,Active
SNS_005324,Hauz Khas,2026-03-23 04:00:00,21.3,57.9,576,75,9,Active,Active,Active
SNS_005325,Botanical Garden,2026-03-23 04:00:00,22.6,50.3,816,144,6,Active,Active,Active
SNS_005326,Janakpuri West,2026-03-23 04:00:00,21.8,61.9,836,102,7,Active,Active,Active
SNS_005327,Lajpat Nagar,2026-03-23 04:00:00,22.4,62.3,810,95,0,Active,Active,Active
SNS_005328,Central Secretariat,2026-03-23 04:00:00,22.4,49.4,779,113,2,Active,Active,Active
SNS_005329,Yamuna Bank,2026-03-23 04:00:00,21.9,57.1,789,45,4,Active,Active,Active
SNS_005330,Inderlok,2026-03-23 04:00:00,23.9,64.4,770,127,4,Active,Active,Active
SNS_005331,Rajiv Chowk,2026-03-23 05:00:00,22.9,50.2,735,95,4,Active,Active,Active
SNS_005332,Kashmere Gate,2026-03-23 05:00:00,24.4,60.1,843,68,3,Active,Active,Active
SNS_005333,New Delhi,2026-03-23 05:00:00,21.4,45.3,479,75,2,Active,Active,Active
SNS_005334,Hauz Khas,2026-03-23 05:00:00,23.5,63.4,558,150,2,Active,Active,Active
SNS_005335,Botanical Garden,2026-03-23 05:00:00,22.8,55.4,624,46,5,Active,Active,Active
SNS_005336,Janakpuri West,2026-03-23 05:00:00,21.0,45.4,530,99,8,Active,Active,Active
SNS_005337,Lajpat Nagar,2026-03-23 05:00:00,22.7,60.4,778,111,1,Active,Active,Active
SNS_005338,Central Secretariat,2026-03-23 05:00:00,23.5,47.4,699,56,10,Active,Active,Active
SNS_005339,Yamuna Bank,2026-03-23 05:00:00,22.7,57.5,566,108,0,Active,Active,Active
SNS_005340,Inderlok,2026-03-23 05:00:00,23.6,58.1,714,98,7,Active,Active,Active
SNS_005341,Rajiv Chowk,2026-03-23 06:00:00,23.1,64.1,615,50,312,Active,Inactive,Active
SNS_005342,Kashmere Gate,2026-03-23 06:00:00,22.4,49.9,845,96,282,Active,Active,Active
SNS_005343,New Delhi,2026-03-23 06:00:00,22.6,52.2,458,122,168,Active,Active,Active
SNS_005344,Hauz Khas,2026-03-23 06:00:00,21.3,53.4,512,94,241,Active,Active,Active
SNS_005345,Botanical Garden,2026-03-23 06:00:00,23.9,50.8,477,67,214,Active,Active,Active
SNS_005346,Janakpuri West,2026-03-23 06:00:00,23.3,63.6,614,62,125,Active,Active,Active
SNS_005347,Lajpat Nagar,2026-03-23 06:00:00,23.8,49.3,819,146,350,Active,Active,Active
SNS_005348,Central Secretariat,2026-03-23 06:00:00,21.3,52.1,757,104,289,Active,Active,Active
SNS_005349,Yamuna Bank,2026-03-23 06:00:00,22.1,53.2,711,136,152,Active,Active,Active
SNS_005350,Inderlok,2026-03-23 06:00:00,21.5,49.7,558,41,396,Active,Active,Active
SNS_005351,Rajiv Chowk,2026-03-23 07:00:00,23.1,49.6,764,140,397,Active,Active,Active
SNS_005352,Kashmere Gate,2026-03-23 07:00:00,23.1,52.6,840,125,376,Active,Active,Active
SNS_005353,New Delhi,2026-03-23 07:00:00,22.2,57.2,739,40,215,Active,Active,Active
SNS_005354,Hauz Khas,2026-03-23 07:00:00,23.4,53.0,527,97,394,Active,Active,Active
SNS_005355,Botanical Garden,2026-03-23 07:00:00,22.4,54.0,625,130,383,Active,Active,Active
SNS_005356,Janakpuri West,2026-03-23 07:00:00,23.5,50.1,755,49,297,Active,Active,Active
SNS_005357,Lajpat Nagar,2026-03-23 07:00:00,21.3,56.3,734,104,396,Active,Active,Active
SNS_005358,Central Secretariat,2026-03-23 07:00:00,21.8,61.7,649,147,397,Active,Active,Active
SNS_005359,Yamuna Bank,2026-03-23 07:00:00,21.1,60.4,716,137,102,Active,Under Maintenance,Active
SNS_005360,Inderlok,2026-03-23 07:00:00,23.4,59.1,829,64,127,Active,Active,Active
SNS_005361,Rajiv Chowk,2026-03-23 08:00:00,23.7,46.3,487,101,794,Active,Active,Active
SNS_005362,Kashmere Gate,2026-03-23 08:00:00,23.0,56.0,758,87,674,Active,Active,Active
SNS_005363,New Delhi,2026-03-23 08:00:00,22.2,50.2,664,48,941,Active,Active,Active
SNS_005364,Hauz Khas,2026-03-23 08:00:00,24.5,64.4,514,108,973,Active,Active,Active
SNS_005365,Botanical Garden,2026-03-23 08:00:00,24.1,64.5,479,51,810,Active,Active,Active
SNS_005366,Janakpuri West,2026-03-23 08:00:00,21.1,55.0,558,56,1046,Active,Active,Active
SNS_005367,Lajpat Nagar,2026-03-23 08:00:00,23.7,53.5,728,85,583,Active,Active,Active
SNS_005368,Central Secretariat,2026-03-23 08:00:00,21.6,62.5,596,148,1045,Active,Active,Active
SNS_005369,Yamuna Bank,2026-03-23 08:00:00,23.1,48.2,838,128,1216,Active,Active,Active
SNS_005370,Inderlok,2026-03-23 08:00:00,23.7,60.5,474,62,835,Active,Active,Active
SNS_005371,Rajiv Chowk,2026-03-23 09:00:00,23.2,45.8,562,59,776,Active,Active,Active
SNS_005372,Kashmere Gate,2026-03-23 09:00:00,23.2,60.8,766,89,1006,Active,Active,Active
SNS_005373,New Delhi,2026-03-23 09:00:00,21.4,48.3,481,140,834,Active,Active,Active
SNS_005374,Hauz Khas,2026-03-23 09:00:00,22.5,45.2,669,139,636,Active,Active,Active
SNS_005375,Botanical Garden,2026-03-23 09:00:00,23.8,56.4,459,94,659,Active,Active,Active
SNS_005376,Janakpuri West,2026-03-23 09:00:00,22.4,64.8,849,74,984,Active,Active,Active
SNS_005377,Lajpat Nagar,2026-03-23 09:00:00,23.4,45.8,575,150,947,Active,Active,Active
SNS_005378,Central Secretariat,2026-03-23 09:00:00,23.4,57.0,717,142,1113,Active,Active,Active
SNS_005379,Yamuna Bank,2026-03-23 09:00:00,23.1,62.3,492,124,1164,Active,Active,Active
SNS_005380,Inderlok,2026-03-23 09:00:00,21.1,46.9,497,44,850,Active,Active,Active
SNS_005381,Rajiv Chowk,2026-03-23 10:00:00,23.7,57.0,773,127,1191,Active,Active,Active
SNS_005382,Kashmere Gate,2026-03-23 10:00:00,22.3,58.9,516,61,739,Active,Active,Active
SNS_005383,New Delhi,2026-03-23 10:00:00,24.2,55.8,510,105,1388,Active,Active,Active
SNS_005384,Hauz Khas,2026-03-23 10:00:00,22.0,46.3,673,91,944,Active,Active,Active
SNS_005385,Botanical Garden,2026-03-23 10:00:00,22.6,57.8,652,138,730,Active,Active,Active
SNS_005386,Janakpuri West,2026-03-23 10:00:00,23.9,64.0,478,71,678,Active,Active,Active
SNS_005387,Lajpat Nagar,2026-03-23 10:00:00,22.2,46.5,822,107,934,Active,Active,Active
SNS_005388,Central Secretariat,2026-03-23 10:00:00,22.2,64.6,489,116,551,Active,Active,Active
SNS_005389,Yamuna Bank,2026-03-23 10:00:00,22.7,64.8,737,135,1328,Active,Active,Active
SNS_005390,Inderlok,2026-03-23 10:00:00,24.4,47.5,498,135,984,Under Maintenance,Active,Active
SNS_005391,Rajiv Chowk,2026-03-23 11:00:00,24.0,61.6,496,67,236,Active,Active,Active
SNS_005392,Kashmere Gate,2026-03-23 11:00:00,22.8,58.1,705,63,147,Active,Active,Active
SNS_005393,New Delhi,2026-03-23 11:00:00,23.0,48.4,709,89,188,Active,Active,Active
SNS_005394,Hauz Khas,2026-03-23 11:00:00,22.8,50.6,806,133,142,Active,Active,Active
SNS_005395,Botanical Garden,2026-03-23 11:00:00,23.1,64.6,833,43,163,Active,Active,Active
SNS_005396,Janakpuri West,2026-03-23 11:00:00,21.3,56.7,655,59,334,Active,Active,Active
SNS_005397,Lajpat Nagar,2026-03-23 11:00:00,22.3,56.2,798,86,328,Active,Active,Active
SNS_005398,Central Secretariat,2026-03-23 11:00:00,23.6,47.3,762,85,103,Active,Active,Active
SNS_005399,Yamuna Bank,2026-03-23 11:00:00,22.4,62.7,699,111,157,Active,Active,Active
SNS_005400,Inderlok,2026-03-23 11:00:00,24.3,60.1,530,54,185,Active,Active,Active
SNS_005401,Rajiv Chowk,2026-03-23 12:00:00,21.9,58.6,629,101,329,Active,Active,Active
SNS_005402,Kashmere Gate,2026-03-23 12:00:00,22.1,57.9,838,88,302,Active,Active,Active
SNS_005403,New Delhi,2026-03-23 12:00:00,22.9,63.6,531,71,171,Active,Active,Active
SNS_005404,Hauz Khas,2026-03-23 12:00:00,23.9,48.0,782,74,128,Active,Active,Active
SNS_005405,Botanical Garden,2026-03-23 12:00:00,22.6,47.0,459,91,320,Active,Active,Active
SNS_005406,Janakpuri West,2026-03-23 12:00:00,22.8,45.7,723,133,263,Under Maintenance,Active,Active
SNS_005407,Lajpat Nagar,2026-03-23 12:00:00,24.0,57.3,754,137,202,Active,Active,Active
SNS_005408,Central Secretariat,2026-03-23 12:00:00,24.1,48.6,498,127,123,Active,Active,Active
SNS_005409,Yamuna Bank,2026-03-23 12:00:00,22.4,58.8,522,139,128,Active,Active,Active
SNS_005410,Inderlok,2026-03-23 12:00:00,24.2,58.1,544,93,356,Active,Active,Active
SNS_005411,Rajiv Chowk,2026-03-23 13:00:00,24.0,52.2,714,105,362,Active,Active,Active
SNS_005412,Kashmere Gate,2026-03-23 13:00:00,22.3,51.5,845,131,231,Active,Active,Active
SNS_005413,New Delhi,2026-03-23 13:00:00,21.2,63.1,543,58,207,Active,Active,Active
SNS_005414,Hauz Khas,2026-03-23 13:00:00,23.8,52.1,685,61,129,Active,Active,Active
SNS_005415,Botanical Garden,2026-03-23 13:00:00,23.2,57.8,672,106,182,Active,Active,Active
SNS_005416,Janakpuri West,2026-03-23 13:00:00,21.9,58.3,577,86,158,Active,Active,Active
SNS_005417,Lajpat Nagar,2026-03-23 13:00:00,22.8,49.7,563,82,295,Active,Active,Active
SNS_005418,Central Secretariat,2026-03-23 13:00:00,23.2,62.7,616,110,185,Active,Active,Active
SNS_005419,Yamuna Bank,2026-03-23 13:00:00,22.1,49.7,502,147,107,Active,Active,Active
SNS_005420,Inderlok,2026-03-23 13:00:00,23.1,51.6,584,111,378,Active,Active,Active
SNS_005421,Rajiv Chowk,2026-03-23 14:00:00,22.8,63.9,771,138,377,Active,Active,Active
SNS_005422,Kashmere Gate,2026-03-23 14:00:00,21.5,60.8,460,58,249,Inactive,Active,Active
SNS_005423,New Delhi,2026-03-23 14:00:00,22.8,58.0,681,48,387,Active,Active,Active
SNS_005424,Hauz Khas,2026-03-23 14:00:00,23.2,61.8,723,102,258,Active,Active,Active
SNS_005425,Botanical Garden,2026-03-23 14:00:00,22.3,49.8,795,57,116,Active,Active,Active
SNS_005426,Janakpuri West,2026-03-23 14:00:00,22.5,55.0,571,57,165,Active,Active,Active
SNS_005427,Lajpat Nagar,2026-03-23 14:00:00,22.4,60.1,841,114,214,Active,Active,Active
SNS_005428,Central Secretariat,2026-03-23 14:00:00,22.1,50.2,499,144,357,Active,Active,Active
SNS_005429,Yamuna Bank,2026-03-23 14:00:00,22.0,59.7,776,53,275,Active,Active,Active
SNS_005430,Inderlok,2026-03-23 14:00:00,24.0,60.7,636,147,266,Active,Active,Active
SNS_005431,Rajiv Chowk,2026-03-23 15:00:00,22.9,48.0,605,125,277,Active,Active,Active
SNS_005432,Kashmere Gate,2026-03-23 15:00:00,21.4,55.1,571,48,174,Active,Active,Active
SNS_005433,New Delhi,2026-03-23 15:00:00,22.3,56.1,644,78,191,Active,Inactive,Active
SNS_005434,Hauz Khas,2026-03-23 15:00:00,21.6,56.4,832,53,398,Active,Under Maintenance,Active
SNS_005435,Botanical Garden,2026-03-23 15:00:00,24.1,48.2,651,100,324,Active,Active,Active
SNS_005436,Janakpuri West,2026-03-23 15:00:00,21.4,64.5,787,103,349,Active,Active,Active
SNS_005437,Lajpat Nagar,2026-03-23 15:00:00,23.7,63.5,821,77,377,Active,Active,Active
SNS_005438,Central Secretariat,2026-03-23 15:00:00,23.1,51.2,596,115,142,Active,Active,Active
SNS_005439,Yamuna Bank,2026-03-23 15:00:00,21.7,64.1,559,79,174,Active,Active,Active
SNS_005440,Inderlok,2026-03-23 15:00:00,21.7,62.0,729,44,283,Active,Active,Active
SNS_005441,Rajiv Chowk,2026-03-23 16:00:00,24.1,58.2,572,142,119,Active,Active,Active
SNS_005442,Kashmere Gate,2026-03-23 16:00:00,21.3,51.3,636,106,378,Active,Active,Active
SNS_005443,New Delhi,2026-03-23 16:00:00,23.8,58.2,725,45,226,Active,Active,Active
SNS_005444,Hauz Khas,2026-03-23 16:00:00,24.5,52.4,770,139,200,Active,Active,Active
SNS_005445,Botanical Garden,2026-03-23 16:00:00,23.8,63.9,817,69,199,Active,Active,Active
SNS_005446,Janakpuri West,2026-03-23 16:00:00,21.1,54.8,578,138,249,Active,Active,Active
SNS_005447,Lajpat Nagar,2026-03-23 16:00:00,23.8,50.4,768,137,306,Active,Active,Active
SNS_005448,Central Secretariat,2026-03-23 16:00:00,23.1,63.8,630,58,162,Active,Active,Active
SNS_005449,Yamuna Bank,2026-03-23 16:00:00,21.3,63.6,791,119,379,Active,Active,Active
SNS_005450,Inderlok,2026-03-23 16:00:00,21.1,56.7,466,113,370,Active,Active,Active
SNS_005451,Rajiv Chowk,2026-03-23 17:00:00,24.1,53.5,572,61,1254,Active,Active,Active
SNS_005452,Kashmere Gate,2026-03-23 17:00:00,21.2,46.4,766,60,726,Active,Active,Active
SNS_005453,New Delhi,2026-03-23 17:00:00,23.8,49.8,715,127,924,Active,Active,Active
SNS_005454,Hauz Khas,2026-03-23 17:00:00,21.5,58.8,453,79,1484,Active,Active,Active
SNS_005455,Botanical Garden,2026-03-23 17:00:00,23.8,47.8,485,147,1131,Active,Active,Active
SNS_005456,Janakpuri West,2026-03-23 17:00:00,22.0,54.0,672,42,637,Active,Active,Active
SNS_005457,Lajpat Nagar,2026-03-23 17:00:00,23.8,57.5,824,57,882,Active,Active,Active
SNS_005458,Central Secretariat,2026-03-23 17:00:00,24.1,52.4,816,51,796,Active,Active,Active
SNS_005459,Yamuna Bank,2026-03-23 17:00:00,24.0,45.1,712,62,1357,Active,Active,Active
SNS_005460,Inderlok,2026-03-23 17:00:00,21.3,60.3,557,139,1370,Active,Active,Active
SNS_005461,Rajiv Chowk,2026-03-23 18:00:00,21.2,50.2,464,68,683,Active,Active,Active
SNS_005462,Kashmere Gate,2026-03-23 18:00:00,23.3,49.6,802,48,799,Active,Under Maintenance,Active
SNS_005463,New Delhi,2026-03-23 18:00:00,24.0,61.0,630,57,907,Active,Active,Active
SNS_005464,Hauz Khas,2026-03-23 18:00:00,23.6,55.5,839,136,746,Active,Active,Active
SNS_005465,Botanical Garden,2026-03-23 18:00:00,23.9,64.6,590,60,851,Active,Active,Active
SNS_005466,Janakpuri West,2026-03-23 18:00:00,23.0,53.9,494,144,706,Active,Active,Active
SNS_005467,Lajpat Nagar,2026-03-23 18:00:00,23.9,61.2,680,138,718,Active,Active,Active
SNS_005468,Central Secretariat,2026-03-23 18:00:00,22.1,56.1,618,119,628,Active,Active,Active
SNS_005469,Yamuna Bank,2026-03-23 18:00:00,24.2,52.9,678,67,619,Active,Active,Active
SNS_005470,Inderlok,2026-03-23 18:00:00,24.1,57.3,722,114,1485,Active,Active,Active
SNS_005471,Rajiv Chowk,2026-03-23 19:00:00,22.1,49.9,560,68,927,Inactive,Active,Active
SNS_005472,Kashmere Gate,2026-03-23 19:00:00,22.9,50.1,681,72,1014,Active,Active,Active
SNS_005473,New Delhi,2026-03-23 19:00:00,24.2,64.6,638,91,1048,Active,Active,Active
SNS_005474,Hauz Khas,2026-03-23 19:00:00,21.2,58.2,777,96,1054,Active,Active,Active
SNS_005475,Botanical Garden,2026-03-23 19:00:00,22.8,45.2,838,85,913,Active,Active,Active
SNS_005476,Janakpuri West,2026-03-23 19:00:00,21.4,49.6,569,135,940,Active,Active,Active
SNS_005477,Lajpat Nagar,2026-03-23 19:00:00,21.1,45.4,812,120,733,Active,Active,Active
SNS_005478,Central Secretariat,2026-03-23 19:00:00,22.1,47.9,510,96,1377,Active,Active,Active
SNS_005479,Yamuna Bank,2026-03-23 19:00:00,23.8,47.1,546,123,876,Active,Active,Active
SNS_005480,Inderlok,2026-03-23 19:00:00,21.7,48.2,775,41,1359,Active,Active,Active
SNS_005481,Rajiv Chowk,2026-03-23 20:00:00,21.9,63.4,622,138,1439,Active,Active,Active
SNS_005482,Kashmere Gate,2026-03-23 20:00:00,24.1,48.5,696,88,1347,Active,Under Maintenance,Active
SNS_005483,New Delhi,2026-03-23 20:00:00,21.2,62.8,677,107,1454,Active,Active,Active
SNS_005484,Hauz Khas,2026-03-23 20:00:00,22.3,56.0,574,61,546,Active,Active,Inactive
SNS_005485,Botanical Garden,2026-03-23 20:00:00,23.0,55.5,451,115,1298,Active,Active,Active
SNS_005486,Janakpuri West,2026-03-23 20:00:00,24.1,59.6,794,131,1303,Active,Active,Active
SNS_005487,Lajpat Nagar,2026-03-23 20:00:00,23.7,53.2,492,70,1016,Active,Inactive,Active
SNS_005488,Central Secretariat,2026-03-23 20:00:00,23.5,60.8,647,48,1214,Active,Active,Active
SNS_005489,Yamuna Bank,2026-03-23 20:00:00,24.0,49.4,797,66,1218,Active,Active,Active
SNS_005490,Inderlok,2026-03-23 20:00:00,21.4,53.4,586,102,1272,Active,Inactive,Active
SNS_005491,Rajiv Chowk,2026-03-23 21:00:00,23.4,50.1,836,40,398,Active,Active,Active
SNS_005492,Kashmere Gate,2026-03-23 21:00:00,24.4,52.0,575,72,252,Active,Under Maintenance,Active
SNS_005493,New Delhi,2026-03-23 21:00:00,21.9,55.0,574,78,167,Active,Active,Active
SNS_005494,Hauz Khas,2026-03-23 21:00:00,22.4,60.9,704,70,138,Active,Active,Active
SNS_005495,Botanical Garden,2026-03-23 21:00:00,21.4,59.3,778,56,323,Active,Active,Active
SNS_005496,Janakpuri West,2026-03-23 21:00:00,21.5,62.5,634,72,249,Active,Active,Active
SNS_005497,Lajpat Nagar,2026-03-23 21:00:00,23.9,56.6,454,65,157,Active,Active,Active
SNS_005498,Central Secretariat,2026-03-23 21:00:00,24.5,61.3,750,123,319,Active,Active,Active
SNS_005499,Yamuna Bank,2026-03-23 21:00:00,22.8,46.1,507,64,219,Active,Active,Active
SNS_005500,Inderlok,2026-03-23 21:00:00,21.4,53.5,831,51,147,Active,Active,Active
SNS_005501,Rajiv Chowk,2026-03-23 22:00:00,21.2,49.2,548,125,120,Active,Active,Active
SNS_005502,Kashmere Gate,2026-03-23 22:00:00,22.4,56.7,779,68,270,Active,Active,Active
SNS_005503,New Delhi,2026-03-23 22:00:00,22.2,63.0,590,102,140,Active,Active,Active
SNS_005504,Hauz Khas,2026-03-23 22:00:00,21.4,45.6,597,98,153,Active,Active,Active
SNS_005505,Botanical Garden,2026-03-23 22:00:00,24.3,54.0,590,85,173,Active,Active,Active
SNS_005506,Janakpuri West,2026-03-23 22:00:00,22.7,49.6,579,86,229,Active,Active,Active
SNS_005507,Lajpat Nagar,2026-03-23 22:00:00,21.9,52.8,721,116,120,Active,Under Maintenance,Active
SNS_005508,Central Secretariat,2026-03-23 22:00:00,21.1,60.0,709,143,107,Active,Active,Active
SNS_005509,Yamuna Bank,2026-03-23 22:00:00,21.5,55.0,625,146,327,Active,Active,Active
SNS_005510,Inderlok,2026-03-23 22:00:00,24.3,58.3,545,107,265,Active,Active,Active
SNS_005511,Rajiv Chowk,2026-03-23 23:00:00,22.3,58.7,754,100,141,Active,Active,Active
SNS_005512,Kashmere Gate,2026-03-23 23:00:00,21.4,49.0,735,52,342,Active,Active,Active
SNS_005513,New Delhi,2026-03-23 23:00:00,23.9,52.3,509,44,128,Inactive,Active,Active
SNS_005514,Hauz Khas,2026-03-23 23:00:00,22.3,52.9,529,107,294,Active,Active,Active
SNS_005515,Botanical Garden,2026-03-23 23:00:00,22.0,45.6,807,55,327,Active,Active,Active
SNS_005516,Janakpuri West,2026-03-23 23:00:00,22.0,45.6,518,79,333,Active,Active,Active
SNS_005517,Lajpat Nagar,2026-03-23 23:00:00,22.0,51.5,755,139,202,Active,Active,Active
SNS_005518,Central Secretariat,2026-03-23 23:00:00,23.8,63.4,668,89,160,Active,Active,Active
SNS_005519,Yamuna Bank,2026-03-23 23:00:00,24.1,46.3,587,71,252,Active,Active,Active
SNS_005520,Inderlok,2026-03-23 23:00:00,22.1,53.6,513,74,181,Active,Active,Active
SNS_005521,Rajiv Chowk,2026-03-24 00:00:00,22.6,62.2,662,77,2,Active,Active,Active
SNS_005522,Kashmere Gate,2026-03-24 00:00:00,23.8,45.9,819,56,9,Active,Active,Active
SNS_005523,New Delhi,2026-03-24 00:00:00,22.3,56.9,754,63,7,Active,Active,Active
SNS_005524,Hauz Khas,2026-03-24 00:00:00,23.5,52.9,489,62,6,Active,Active,Active
SNS_005525,Botanical Garden,2026-03-24 00:00:00,23.4,59.0,533,146,1,Active,Active,Active
SNS_005526,Janakpuri West,2026-03-24 00:00:00,24.4,52.3,716,61,2,Active,Active,Active
SNS_005527,Lajpat Nagar,2026-03-24 00:00:00,24.1,53.7,574,119,7,Active,Active,Active
SNS_005528,Central Secretariat,2026-03-24 00:00:00,23.1,59.7,671,141,8,Active,Active,Active
SNS_005529,Yamuna Bank,2026-03-24 00:00:00,21.2,46.9,656,45,1,Active,Active,Active
SNS_005530,Inderlok,2026-03-24 00:00:00,23.9,53.6,607,142,0,Active,Active,Active
SNS_005531,Rajiv Chowk,2026-03-24 01:00:00,24.0,49.7,751,98,0,Active,Active,Active
SNS_005532,Kashmere Gate,2026-03-24 01:00:00,22.8,60.2,553,107,6,Active,Active,Active
SNS_005533,New Delhi,2026-03-24 01:00:00,22.2,56.4,731,145,5,Active,Active,Active
SNS_005534,Hauz Khas,2026-03-24 01:00:00,23.4,46.4,571,116,4,Active,Active,Active
SNS_005535,Botanical Garden,2026-03-24 01:00:00,22.6,59.9,641,92,4,Active,Active,Active
SNS_005536,Janakpuri West,2026-03-24 01:00:00,24.1,50.9,594,80,10,Active,Active,Active
SNS_005537,Lajpat Nagar,2026-03-24 01:00:00,24.2,64.5,661,92,4,Active,Active,Active
SNS_005538,Central Secretariat,2026-03-24 01:00:00,23.6,57.3,478,147,1,Active,Active,Active
SNS_005539,Yamuna Bank,2026-03-24 01:00:00,22.3,48.3,481,99,6,Active,Active,Active
SNS_005540,Inderlok,2026-03-24 01:00:00,23.2,61.1,485,85,4,Active,Active,Active
SNS_005541,Rajiv Chowk,2026-03-24 02:00:00,22.7,58.4,513,128,4,Active,Active,Active
SNS_005542,Kashmere Gate,2026-03-24 02:00:00,24.1,45.1,487,94,9,Active,Active,Active
SNS_005543,New Delhi,2026-03-24 02:00:00,21.1,62.4,752,90,9,Active,Active,Active
SNS_005544,Hauz Khas,2026-03-24 02:00:00,24.0,61.4,803,75,4,Active,Active,Active
SNS_005545,Botanical Garden,2026-03-24 02:00:00,23.1,49.1,724,134,8,Active,Active,Active
SNS_005546,Janakpuri West,2026-03-24 02:00:00,21.2,45.8,454,66,6,Active,Active,Active
SNS_005547,Lajpat Nagar,2026-03-24 02:00:00,23.4,61.1,468,91,1,Active,Active,Active
SNS_005548,Central Secretariat,2026-03-24 02:00:00,22.7,46.8,607,42,9,Active,Active,Active
SNS_005549,Yamuna Bank,2026-03-24 02:00:00,23.2,62.9,624,143,2,Active,Active,Active
SNS_005550,Inderlok,2026-03-24 02:00:00,21.7,46.6,794,130,10,Active,Active,Active
SNS_005551,Rajiv Chowk,2026-03-24 03:00:00,21.0,45.1,805,91,10,Active,Active,Active
SNS_005552,Kashmere Gate,2026-03-24 03:00:00,22.8,46.8,554,141,6,Active,Active,Active
SNS_005553,New Delhi,2026-03-24 03:00:00,24.3,60.0,656,101,5,Active,Active,Active
SNS_005554,Hauz Khas,2026-03-24 03:00:00,21.6,48.1,798,69,8,Active,Active,Active
SNS_005555,Botanical Garden,2026-03-24 03:00:00,23.0,63.1,842,84,10,Active,Active,Active
SNS_005556,Janakpuri West,2026-03-24 03:00:00,21.6,59.3,828,104,0,Active,Active,Active
SNS_005557,Lajpat Nagar,2026-03-24 03:00:00,24.4,53.0,819,55,5,Active,Active,Active
SNS_005558,Central Secretariat,2026-03-24 03:00:00,22.6,57.5,703,131,10,Active,Active,Active
SNS_005559,Yamuna Bank,2026-03-24 03:00:00,23.6,56.8,745,137,5,Active,Active,Active
SNS_005560,Inderlok,2026-03-24 03:00:00,23.7,60.3,706,79,6,Active,Active,Active
SNS_005561,Rajiv Chowk,2026-03-24 04:00:00,21.6,47.7,761,107,2,Active,Active,Active
SNS_005562,Kashmere Gate,2026-03-24 04:00:00,23.2,59.3,473,72,0,Active,Active,Active
SNS_005563,New Delhi,2026-03-24 04:00:00,21.4,60.8,775,91,7,Active,Active,Active
SNS_005564,Hauz Khas,2026-03-24 04:00:00,23.7,48.1,789,143,10,Active,Active,Active
SNS_005565,Botanical Garden,2026-03-24 04:00:00,22.5,62.2,632,69,8,Active,Active,Active
SNS_005566,Janakpuri West,2026-03-24 04:00:00,21.4,54.4,509,131,9,Active,Active,Active
SNS_005567,Lajpat Nagar,2026-03-24 04:00:00,24.2,49.0,794,112,7,Active,Active,Active
SNS_005568,Central Secretariat,2026-03-24 04:00:00,22.7,51.5,475,145,7,Active,Active,Active
SNS_005569,Yamuna Bank,2026-03-24 04:00:00,22.4,48.0,601,134,8,Active,Active,Active
SNS_005570,Inderlok,2026-03-24 04:00:00,23.7,63.6,490,132,9,Active,Active,Active
SNS_005571,Rajiv Chowk,2026-03-24 05:00:00,21.0,45.4,578,41,2,Active,Active,Active
SNS_005572,Kashmere Gate,2026-03-24 05:00:00,23.0,60.1,665,141,8,Active,Active,Active
SNS_005573,New Delhi,2026-03-24 05:00:00,22.4,50.6,647,70,8,Active,Active,Active
SNS_005574,Hauz Khas,2026-03-24 05:00:00,21.9,59.9,679,44,3,Active,Active,Active
SNS_005575,Botanical Garden,2026-03-24 05:00:00,21.2,50.6,762,110,4,Active,Active,Active
SNS_005576,Janakpuri West,2026-03-24 05:00:00,21.4,51.2,556,146,9,Active,Active,Active
SNS_005577,Lajpat Nagar,2026-03-24 05:00:00,23.5,64.2,561,47,0,Active,Active,Active
SNS_005578,Central Secretariat,2026-03-24 05:00:00,23.5,47.1,605,76,3,Active,Active,Active
SNS_005579,Yamuna Bank,2026-03-24 05:00:00,22.8,47.7,655,116,8,Active,Active,Active
SNS_005580,Inderlok,2026-03-24 05:00:00,23.3,51.6,751,69,8,Active,Active,Active
SNS_005581,Rajiv Chowk,2026-03-24 06:00:00,22.2,56.7,466,51,157,Active,Active,Active
SNS_005582,Kashmere Gate,2026-03-24 06:00:00,21.2,46.7,802,101,219,Under Maintenance,Under Maintenance,Active
SNS_005583,New Delhi,2026-03-24 06:00:00,21.4,52.8,709,76,240,Active,Active,Active
SNS_005584,Hauz Khas,2026-03-24 06:00:00,21.0,51.5,587,76,134,Active,Active,Active
SNS_005585,Botanical Garden,2026-03-24 06:00:00,22.2,46.1,458,67,398,Active,Active,Active
SNS_005586,Janakpuri West,2026-03-24 06:00:00,22.0,47.8,546,107,359,Active,Active,Active
SNS_005587,Lajpat Nagar,2026-03-24 06:00:00,24.1,49.3,710,64,194,Active,Active,Active
SNS_005588,Central Secretariat,2026-03-24 06:00:00,22.0,60.9,837,126,196,Under Maintenance,Active,Active
SNS_005589,Yamuna Bank,2026-03-24 06:00:00,23.4,54.6,468,98,243,Active,Active,Active
SNS_005590,Inderlok,2026-03-24 06:00:00,22.5,59.8,507,104,217,Active,Active,Active
SNS_005591,Rajiv Chowk,2026-03-24 07:00:00,23.1,55.9,556,143,104,Active,Active,Active
SNS_005592,Kashmere Gate,2026-03-24 07:00:00,21.2,59.7,601,142,104,Active,Active,Active
SNS_005593,New Delhi,2026-03-24 07:00:00,22.3,50.6,584,74,298,Active,Active,Active
SNS_005594,Hauz Khas,2026-03-24 07:00:00,22.3,51.6,781,116,329,Active,Active,Active
SNS_005595,Botanical Garden,2026-03-24 07:00:00,22.7,46.5,480,98,337,Active,Active,Active
SNS_005596,Janakpuri West,2026-03-24 07:00:00,23.3,60.8,640,113,372,Active,Active,Active
SNS_005597,Lajpat Nagar,2026-03-24 07:00:00,24.4,51.4,561,61,162,Active,Active,Active
SNS_005598,Central Secretariat,2026-03-24 07:00:00,21.3,63.3,571,142,217,Active,Active,Active
SNS_005599,Yamuna Bank,2026-03-24 07:00:00,23.6,47.7,473,81,345,Active,Active,Active
SNS_005600,Inderlok,2026-03-24 07:00:00,23.5,49.7,460,68,377,Active,Active,Active
SNS_005601,Rajiv Chowk,2026-03-24 08:00:00,23.2,55.1,750,112,1208,Active,Active,Active
SNS_005602,Kashmere Gate,2026-03-24 08:00:00,22.2,53.9,699,50,830,Active,Active,Active
SNS_005603,New Delhi,2026-03-24 08:00:00,24.3,56.8,801,141,1417,Active,Active,Active
SNS_005604,Hauz Khas,2026-03-24 08:00:00,24.4,58.2,482,61,851,Active,Active,Active
SNS_005605,Botanical Garden,2026-03-24 08:00:00,21.4,46.0,729,92,852,Active,Active,Active
SNS_005606,Janakpuri West,2026-03-24 08:00:00,22.9,52.4,807,131,754,Active,Active,Active
SNS_005607,Lajpat Nagar,2026-03-24 08:00:00,23.4,50.1,816,92,831,Active,Active,Active
SNS_005608,Central Secretariat,2026-03-24 08:00:00,21.2,60.7,792,103,1453,Active,Active,Active
SNS_005609,Yamuna Bank,2026-03-24 08:00:00,21.6,52.2,549,128,1176,Active,Active,Active
SNS_005610,Inderlok,2026-03-24 08:00:00,23.2,46.4,678,86,709,Active,Active,Active
SNS_005611,Rajiv Chowk,2026-03-24 09:00:00,22.0,58.1,696,143,1281,Active,Active,Active
SNS_005612,Kashmere Gate,2026-03-24 09:00:00,22.8,53.8,781,64,793,Active,Active,Active
SNS_005613,New Delhi,2026-03-24 09:00:00,22.0,48.1,484,125,592,Active,Active,Active
SNS_005614,Hauz Khas,2026-03-24 09:00:00,22.6,51.6,668,125,1134,Active,Active,Active
SNS_005615,Botanical Garden,2026-03-24 09:00:00,23.4,53.0,792,145,1488,Active,Active,Active
SNS_005616,Janakpuri West,2026-03-24 09:00:00,23.4,47.9,834,47,1413,Active,Active,Active
SNS_005617,Lajpat Nagar,2026-03-24 09:00:00,23.0,60.3,837,92,767,Active,Active,Active
SNS_005618,Central Secretariat,2026-03-24 09:00:00,21.4,47.2,675,94,1345,Active,Active,Active
SNS_005619,Yamuna Bank,2026-03-24 09:00:00,23.2,61.1,826,76,1041,Active,Active,Active
SNS_005620,Inderlok,2026-03-24 09:00:00,23.9,45.5,634,68,1042,Active,Active,Active
SNS_005621,Rajiv Chowk,2026-03-24 10:00:00,24.4,60.0,558,102,844,Active,Active,Active
SNS_005622,Kashmere Gate,2026-03-24 10:00:00,23.9,63.1,742,66,1109,Active,Active,Active
SNS_005623,New Delhi,2026-03-24 10:00:00,22.8,61.4,538,50,1039,Active,Active,Active
SNS_005624,Hauz Khas,2026-03-24 10:00:00,22.1,46.5,469,56,851,Active,Active,Active
SNS_005625,Botanical Garden,2026-03-24 10:00:00,22.6,56.6,497,107,816,Active,Active,Active
SNS_005626,Janakpuri West,2026-03-24 10:00:00,21.3,56.9,792,82,817,Active,Active,Active
SNS_005627,Lajpat Nagar,2026-03-24 10:00:00,22.3,49.3,828,64,1158,Active,Active,Active
SNS_005628,Central Secretariat,2026-03-24 10:00:00,21.8,47.3,628,42,1209,Active,Active,Active
SNS_005629,Yamuna Bank,2026-03-24 10:00:00,22.8,52.2,721,135,844,Active,Active,Active
SNS_005630,Inderlok,2026-03-24 10:00:00,21.5,53.2,589,113,503,Active,Active,Active
SNS_005631,Rajiv Chowk,2026-03-24 11:00:00,22.2,55.7,720,42,220,Active,Active,Active
SNS_005632,Kashmere Gate,2026-03-24 11:00:00,22.1,45.6,714,139,142,Active,Active,Active
SNS_005633,New Delhi,2026-03-24 11:00:00,23.4,62.5,778,140,397,Active,Active,Active
SNS_005634,Hauz Khas,2026-03-24 11:00:00,21.9,45.9,485,109,329,Active,Active,Active
SNS_005635,Botanical Garden,2026-03-24 11:00:00,22.1,53.6,838,41,150,Under Maintenance,Active,Active
SNS_005636,Janakpuri West,2026-03-24 11:00:00,22.0,54.5,837,102,134,Active,Active,Active
SNS_005637,Lajpat Nagar,2026-03-24 11:00:00,23.0,64.3,841,119,275,Active,Active,Active
SNS_005638,Central Secretariat,2026-03-24 11:00:00,22.8,54.3,717,44,182,Active,Active,Active
SNS_005639,Yamuna Bank,2026-03-24 11:00:00,22.1,58.2,796,78,203,Active,Active,Active
SNS_005640,Inderlok,2026-03-24 11:00:00,21.8,58.4,813,140,141,Active,Active,Active
SNS_005641,Rajiv Chowk,2026-03-24 12:00:00,22.9,49.0,605,103,329,Inactive,Active,Active
SNS_005642,Kashmere Gate,2026-03-24 12:00:00,21.2,55.4,710,53,147,Active,Active,Active
SNS_005643,New Delhi,2026-03-24 12:00:00,21.5,47.0,733,49,216,Active,Active,Active
SNS_005644,Hauz Khas,2026-03-24 12:00:00,22.2,62.5,477,142,263,Active,Active,Active
SNS_005645,Botanical Garden,2026-03-24 12:00:00,22.2,62.3,813,44,278,Active,Active,Active
SNS_005646,Janakpuri West,2026-03-24 12:00:00,21.6,55.2,522,96,102,Active,Active,Active
SNS_005647,Lajpat Nagar,2026-03-24 12:00:00,22.6,60.7,634,76,339,Active,Active,Active
SNS_005648,Central Secretariat,2026-03-24 12:00:00,24.0,49.1,613,148,386,Active,Active,Active
SNS_005649,Yamuna Bank,2026-03-24 12:00:00,24.1,47.4,634,53,221,Active,Active,Active
SNS_005650,Inderlok,2026-03-24 12:00:00,23.2,51.7,810,45,244,Active,Active,Active
SNS_005651,Rajiv Chowk,2026-03-24 13:00:00,22.0,51.4,841,49,262,Active,Active,Active
SNS_005652,Kashmere Gate,2026-03-24 13:00:00,21.8,53.4,793,87,251,Active,Active,Active
SNS_005653,New Delhi,2026-03-24 13:00:00,22.9,51.0,466,66,132,Active,Active,Active
SNS_005654,Hauz Khas,2026-03-24 13:00:00,21.1,51.0,696,115,129,Active,Under Maintenance,Active
SNS_005655,Botanical Garden,2026-03-24 13:00:00,21.3,63.3,677,67,130,Active,Active,Active
SNS_005656,Janakpuri West,2026-03-24 13:00:00,21.3,64.8,727,78,251,Active,Active,Active
SNS_005657,Lajpat Nagar,2026-03-24 13:00:00,22.1,50.1,603,103,114,Active,Active,Active
SNS_005658,Central Secretariat,2026-03-24 13:00:00,23.6,50.9,815,76,225,Active,Active,Active
SNS_005659,Yamuna Bank,2026-03-24 13:00:00,21.1,48.6,731,64,149,Active,Under Maintenance,Active
SNS_005660,Inderlok,2026-03-24 13:00:00,24.3,45.2,608,123,145,Active,Active,Active
SNS_005661,Rajiv Chowk,2026-03-24 14:00:00,21.0,49.0,484,149,353,Active,Active,Inactive
SNS_005662,Kashmere Gate,2026-03-24 14:00:00,21.6,53.7,631,120,337,Active,Active,Active
SNS_005663,New Delhi,2026-03-24 14:00:00,21.4,45.7,548,99,242,Active,Active,Active
SNS_005664,Hauz Khas,2026-03-24 14:00:00,23.8,52.1,558,120,122,Active,Active,Active
SNS_005665,Botanical Garden,2026-03-24 14:00:00,23.2,64.4,796,81,257,Active,Active,Active
SNS_005666,Janakpuri West,2026-03-24 14:00:00,22.0,53.2,595,64,300,Active,Active,Active
SNS_005667,Lajpat Nagar,2026-03-24 14:00:00,21.3,45.4,845,120,264,Active,Active,Active
SNS_005668,Central Secretariat,2026-03-24 14:00:00,22.4,49.1,491,73,211,Active,Active,Active
SNS_005669,Yamuna Bank,2026-03-24 14:00:00,21.6,56.0,510,101,333,Active,Active,Active
SNS_005670,Inderlok,2026-03-24 14:00:00,22.0,52.6,732,61,243,Active,Active,Active
SNS_005671,Rajiv Chowk,2026-03-24 15:00:00,22.3,53.9,788,67,181,Active,Active,Active
SNS_005672,Kashmere Gate,2026-03-24 15:00:00,22.0,58.4,622,116,322,Active,Active,Active
SNS_005673,New Delhi,2026-03-24 15:00:00,23.5,49.0,751,70,165,Active,Active,Active
SNS_005674,Hauz Khas,2026-03-24 15:00:00,23.3,56.7,707,80,341,Active,Active,Active
SNS_005675,Botanical Garden,2026-03-24 15:00:00,22.8,58.4,763,70,334,Inactive,Active,Active
SNS_005676,Janakpuri West,2026-03-24 15:00:00,21.5,48.1,558,90,224,Active,Active,Active
SNS_005677,Lajpat Nagar,2026-03-24 15:00:00,23.6,47.6,789,89,351,Active,Active,Active
SNS_005678,Central Secretariat,2026-03-24 15:00:00,23.8,63.5,452,144,330,Active,Active,Active
SNS_005679,Yamuna Bank,2026-03-24 15:00:00,22.7,59.5,701,43,183,Active,Active,Active
SNS_005680,Inderlok,2026-03-24 15:00:00,22.0,47.2,644,63,334,Active,Active,Active
SNS_005681,Rajiv Chowk,2026-03-24 16:00:00,23.9,50.5,658,135,106,Active,Active,Active
SNS_005682,Kashmere Gate,2026-03-24 16:00:00,22.0,56.3,831,100,390,Active,Active,Active
SNS_005683,New Delhi,2026-03-24 16:00:00,22.0,54.0,782,145,373,Under Maintenance,Active,Active
SNS_005684,Hauz Khas,2026-03-24 16:00:00,24.1,61.5,530,45,219,Active,Active,Active
SNS_005685,Botanical Garden,2026-03-24 16:00:00,21.7,64.8,579,86,255,Inactive,Active,Active
SNS_005686,Janakpuri West,2026-03-24 16:00:00,23.6,45.3,821,58,165,Active,Active,Active
SNS_005687,Lajpat Nagar,2026-03-24 16:00:00,23.2,58.6,475,44,353,Active,Active,Active
SNS_005688,Central Secretariat,2026-03-24 16:00:00,22.4,46.8,756,58,191,Active,Active,Inactive
SNS_005689,Yamuna Bank,2026-03-24 16:00:00,24.0,61.7,518,96,310,Active,Active,Active
SNS_005690,Inderlok,2026-03-24 16:00:00,22.2,58.3,785,124,383,Active,Active,Active
SNS_005691,Rajiv Chowk,2026-03-24 17:00:00,21.7,46.7,601,107,1473,Active,Active,Active
SNS_005692,Kashmere Gate,2026-03-24 17:00:00,23.3,52.3,759,126,1041,Under Maintenance,Active,Active
SNS_005693,New Delhi,2026-03-24 17:00:00,22.3,45.8,848,138,687,Active,Active,Active
SNS_005694,Hauz Khas,2026-03-24 17:00:00,24.3,45.4,561,89,1396,Active,Active,Active
SNS_005695,Botanical Garden,2026-03-24 17:00:00,24.4,48.0,581,48,1308,Active,Active,Active
SNS_005696,Janakpuri West,2026-03-24 17:00:00,24.2,52.8,692,145,693,Active,Active,Active
SNS_005697,Lajpat Nagar,2026-03-24 17:00:00,22.4,51.2,739,115,1435,Active,Active,Active
SNS_005698,Central Secretariat,2026-03-24 17:00:00,23.7,56.8,457,97,506,Active,Active,Active
SNS_005699,Yamuna Bank,2026-03-24 17:00:00,22.6,59.9,461,95,1296,Active,Active,Active
SNS_005700,Inderlok,2026-03-24 17:00:00,21.4,55.1,643,66,1141,Active,Active,Active
SNS_005701,Rajiv Chowk,2026-03-24 18:00:00,22.0,45.9,775,99,584,Active,Active,Active
SNS_005702,Kashmere Gate,2026-03-24 18:00:00,22.5,57.4,791,89,763,Under Maintenance,Active,Active
SNS_005703,New Delhi,2026-03-24 18:00:00,24.5,57.8,541,90,1397,Inactive,Active,Active
SNS_005704,Hauz Khas,2026-03-24 18:00:00,23.8,51.3,681,130,1479,Active,Active,Active
SNS_005705,Botanical Garden,2026-03-24 18:00:00,23.0,51.8,531,46,1246,Active,Active,Active
SNS_005706,Janakpuri West,2026-03-24 18:00:00,23.7,63.7,692,54,728,Active,Active,Active
SNS_005707,Lajpat Nagar,2026-03-24 18:00:00,21.6,48.5,702,122,1435,Active,Active,Active
SNS_005708,Central Secretariat,2026-03-24 18:00:00,23.8,57.2,510,52,937,Active,Active,Active
SNS_005709,Yamuna Bank,2026-03-24 18:00:00,22.4,62.5,573,122,733,Active,Active,Active
SNS_005710,Inderlok,2026-03-24 18:00:00,23.5,54.8,492,73,774,Active,Active,Active
SNS_005711,Rajiv Chowk,2026-03-24 19:00:00,22.2,48.1,789,84,1055,Active,Active,Active
SNS_005712,Kashmere Gate,2026-03-24 19:00:00,23.5,50.8,650,79,1238,Active,Active,Active
SNS_005713,New Delhi,2026-03-24 19:00:00,24.2,61.0,590,42,691,Active,Inactive,Inactive
SNS_005714,Hauz Khas,2026-03-24 19:00:00,21.8,62.4,667,55,883,Active,Active,Active
SNS_005715,Botanical Garden,2026-03-24 19:00:00,22.8,53.5,578,120,942,Active,Active,Active
SNS_005716,Janakpuri West,2026-03-24 19:00:00,21.1,45.9,518,47,992,Active,Active,Active
SNS_005717,Lajpat Nagar,2026-03-24 19:00:00,22.1,59.2,691,111,973,Active,Active,Active
SNS_005718,Central Secretariat,2026-03-24 19:00:00,23.6,58.1,792,60,935,Active,Active,Active
SNS_005719,Yamuna Bank,2026-03-24 19:00:00,24.1,45.7,464,73,1172,Active,Under Maintenance,Active
SNS_005720,Inderlok,2026-03-24 19:00:00,24.0,52.6,739,52,1344,Active,Active,Active
SNS_005721,Rajiv Chowk,2026-03-24 20:00:00,22.4,64.7,763,50,721,Active,Active,Active
SNS_005722,Kashmere Gate,2026-03-24 20:00:00,24.3,57.1,558,127,1171,Active,Active,Active
SNS_005723,New Delhi,2026-03-24 20:00:00,22.7,56.1,775,50,1007,Active,Active,Active
SNS_005724,Hauz Khas,2026-03-24 20:00:00,24.1,46.7,693,119,1390,Active,Active,Active
SNS_005725,Botanical Garden,2026-03-24 20:00:00,24.4,52.1,679,61,673,Active,Active,Active
SNS_005726,Janakpuri West,2026-03-24 20:00:00,21.6,60.1,838,102,814,Active,Active,Active
SNS_005727,Lajpat Nagar,2026-03-24 20:00:00,22.5,50.4,457,73,1327,Active,Active,Active
SNS_005728,Central Secretariat,2026-03-24 20:00:00,22.4,52.2,595,140,747,Active,Active,Active
SNS_005729,Yamuna Bank,2026-03-24 20:00:00,23.8,48.4,731,110,1352,Active,Active,Active
SNS_005730,Inderlok,2026-03-24 20:00:00,21.8,51.1,546,89,1419,Active,Active,Active
SNS_005731,Rajiv Chowk,2026-03-24 21:00:00,23.5,56.3,616,126,336,Active,Active,Active
SNS_005732,Kashmere Gate,2026-03-24 21:00:00,23.1,51.6,455,62,271,Active,Active,Active
SNS_005733,New Delhi,2026-03-24 21:00:00,24.1,47.2,839,114,134,Active,Active,Active
SNS_005734,Hauz Khas,2026-03-24 21:00:00,24.2,58.7,620,97,253,Active,Active,Active
SNS_005735,Botanical Garden,2026-03-24 21:00:00,23.1,50.2,487,129,335,Active,Active,Active
SNS_005736,Janakpuri West,2026-03-24 21:00:00,21.1,50.8,716,60,161,Active,Active,Active
SNS_005737,Lajpat Nagar,2026-03-24 21:00:00,22.7,54.9,677,143,398,Active,Active,Active
SNS_005738,Central Secretariat,2026-03-24 21:00:00,24.1,56.5,741,137,265,Active,Active,Active
SNS_005739,Yamuna Bank,2026-03-24 21:00:00,21.2,47.6,838,70,364,Active,Active,Active
SNS_005740,Inderlok,2026-03-24 21:00:00,22.7,53.7,527,72,313,Active,Active,Active
SNS_005741,Rajiv Chowk,2026-03-24 22:00:00,21.4,50.8,655,105,207,Active,Active,Active
SNS_005742,Kashmere Gate,2026-03-24 22:00:00,24.5,64.6,834,90,169,Active,Active,Active
SNS_005743,New Delhi,2026-03-24 22:00:00,24.3,48.1,813,107,298,Under Maintenance,Active,Active
SNS_005744,Hauz Khas,2026-03-24 22:00:00,22.2,46.5,575,85,236,Active,Active,Active
SNS_005745,Botanical Garden,2026-03-24 22:00:00,21.9,46.2,798,117,168,Active,Active,Active
SNS_005746,Janakpuri West,2026-03-24 22:00:00,23.3,63.7,477,115,151,Active,Active,Active
SNS_005747,Lajpat Nagar,2026-03-24 22:00:00,24.0,46.3,713,73,289,Active,Active,Active
SNS_005748,Central Secretariat,2026-03-24 22:00:00,22.1,48.4,550,128,351,Active,Active,Active
SNS_005749,Yamuna Bank,2026-03-24 22:00:00,21.3,64.2,698,113,240,Active,Inactive,Active
SNS_005750,Inderlok,2026-03-24 22:00:00,21.7,46.7,501,44,149,Active,Active,Active
SNS_005751,Rajiv Chowk,2026-03-24 23:00:00,21.6,50.6,757,78,141,Active,Active,Active
SNS_005752,Kashmere Gate,2026-03-24 23:00:00,23.1,46.5,796,104,322,Active,Active,Active
SNS_005753,New Delhi,2026-03-24 23:00:00,21.1,48.6,663,88,178,Active,Active,Active
SNS_005754,Hauz Khas,2026-03-24 23:00:00,21.8,55.7,497,68,159,Active,Active,Active
SNS_005755,Botanical Garden,2026-03-24 23:00:00,22.4,47.3,688,105,173,Active,Active,Active
SNS_005756,Janakpuri West,2026-03-24 23:00:00,24.0,48.7,723,51,232,Active,Active,Active
SNS_005757,Lajpat Nagar,2026-03-24 23:00:00,21.8,48.4,646,114,260,Active,Active,Active
SNS_005758,Central Secretariat,2026-03-24 23:00:00,23.4,59.1,802,126,349,Active,Active,Active
SNS_005759,Yamuna Bank,2026-03-24 23:00:00,21.5,51.6,807,115,156,Active,Active,Active
SNS_005760,Inderlok,2026-03-24 23:00:00,23.5,49.2,752,141,257,Active,Active,Active
SNS_005761,Rajiv Chowk,2026-03-25 00:00:00,23.4,61.2,578,99,8,Active,Active,Active
SNS_005762,Kashmere Gate,2026-03-25 00:00:00,21.7,51.8,834,50,2,Active,Active,Active
SNS_005763,New Delhi,2026-03-25 00:00:00,24.4,53.2,773,86,7,Active,Active,Active
SNS_005764,Hauz Khas,2026-03-25 00:00:00,24.4,64.3,609,76,4,Active,Active,Active
SNS_005765,Botanical Garden,2026-03-25 00:00:00,23.6,50.2,690,55,9,Active,Active,Active
SNS_005766,Janakpuri West,2026-03-25 00:00:00,23.7,48.4,613,148,3,Active,Active,Active
SNS_005767,Lajpat Nagar,2026-03-25 00:00:00,23.0,54.4,709,95,9,Active,Active,Active
SNS_005768,Central Secretariat,2026-03-25 00:00:00,23.8,49.5,845,115,1,Inactive,Active,Active
SNS_005769,Yamuna Bank,2026-03-25 00:00:00,21.3,64.4,579,84,4,Active,Active,Active
SNS_005770,Inderlok,2026-03-25 00:00:00,22.7,46.8,640,45,10,Active,Active,Active
SNS_005771,Rajiv Chowk,2026-03-25 01:00:00,23.1,45.7,649,96,0,Active,Active,Active
SNS_005772,Kashmere Gate,2026-03-25 01:00:00,23.3,45.9,843,112,1,Active,Active,Active
SNS_005773,New Delhi,2026-03-25 01:00:00,24.4,63.8,669,42,6,Active,Active,Active
SNS_005774,Hauz Khas,2026-03-25 01:00:00,24.2,53.9,694,125,10,Active,Active,Active
SNS_005775,Botanical Garden,2026-03-25 01:00:00,22.1,58.8,677,97,0,Active,Active,Active
SNS_005776,Janakpuri West,2026-03-25 01:00:00,22.4,51.5,757,50,6,Active,Active,Active
SNS_005777,Lajpat Nagar,2026-03-25 01:00:00,22.7,61.9,843,127,0,Active,Active,Active
SNS_005778,Central Secretariat,2026-03-25 01:00:00,24.1,56.9,669,110,3,Active,Active,Active
SNS_005779,Yamuna Bank,2026-03-25 01:00:00,22.2,48.3,475,93,5,Active,Active,Active
SNS_005780,Inderlok,2026-03-25 01:00:00,22.3,52.2,702,95,0,Active,Active,Active
SNS_005781,Rajiv Chowk,2026-03-25 02:00:00,21.1,46.5,471,46,6,Active,Active,Active
SNS_005782,Kashmere Gate,2026-03-25 02:00:00,21.7,62.7,673,92,5,Active,Active,Active
SNS_005783,New Delhi,2026-03-25 02:00:00,24.3,55.1,630,80,0,Active,Active,Active
SNS_005784,Hauz Khas,2026-03-25 02:00:00,23.4,52.8,563,87,0,Active,Active,Active
SNS_005785,Botanical Garden,2026-03-25 02:00:00,21.9,52.1,663,126,5,Active,Active,Active
SNS_005786,Janakpuri West,2026-03-25 02:00:00,22.6,54.4,589,57,10,Active,Active,Active
SNS_005787,Lajpat Nagar,2026-03-25 02:00:00,22.6,48.9,703,123,6,Active,Active,Active
SNS_005788,Central Secretariat,2026-03-25 02:00:00,23.8,47.2,580,136,3,Active,Active,Active
SNS_005789,Yamuna Bank,2026-03-25 02:00:00,21.9,47.6,748,85,6,Inactive,Active,Active
SNS_005790,Inderlok,2026-03-25 02:00:00,24.2,57.3,496,134,7,Active,Active,Active
SNS_005791,Rajiv Chowk,2026-03-25 03:00:00,24.2,53.0,491,70,0,Active,Active,Active
SNS_005792,Kashmere Gate,2026-03-25 03:00:00,22.4,58.6,503,93,3,Active,Active,Active
SNS_005793,New Delhi,2026-03-25 03:00:00,23.9,53.0,722,119,1,Active,Active,Active
SNS_005794,Hauz Khas,2026-03-25 03:00:00,21.9,45.9,690,40,0,Active,Active,Inactive
SNS_005795,Botanical Garden,2026-03-25 03:00:00,22.0,52.7,719,59,4,Active,Active,Active
SNS_005796,Janakpuri West,2026-03-25 03:00:00,21.5,50.2,840,61,10,Active,Active,Active
SNS_005797,Lajpat Nagar,2026-03-25 03:00:00,21.5,62.2,761,124,5,Active,Active,Active
SNS_005798,Central Secretariat,2026-03-25 03:00:00,22.5,49.8,577,130,10,Active,Active,Active
SNS_005799,Yamuna Bank,2026-03-25 03:00:00,22.2,46.6,546,134,3,Active,Active,Active
SNS_005800,Inderlok,2026-03-25 03:00:00,23.3,60.9,804,89,5,Active,Active,Active
SNS_005801,Rajiv Chowk,2026-03-25 04:00:00,24.1,60.5,465,117,2,Active,Active,Active
SNS_005802,Kashmere Gate,2026-03-25 04:00:00,24.3,53.1,634,125,9,Active,Active,Active
SNS_005803,New Delhi,2026-03-25 04:00:00,23.8,56.3,695,45,0,Inactive,Active,Active
SNS_005804,Hauz Khas,2026-03-25 04:00:00,23.7,58.9,587,118,8,Active,Active,Active
SNS_005805,Botanical Garden,2026-03-25 04:00:00,22.9,62.5,652,59,7,Active,Active,Active
SNS_005806,Janakpuri West,2026-03-25 04:00:00,22.1,62.9,514,70,6,Active,Active,Active
SNS_005807,Lajpat Nagar,2026-03-25 04:00:00,23.2,49.3,540,87,8,Active,Active,Active
SNS_005808,Central Secretariat,2026-03-25 04:00:00,24.4,61.4,762,76,7,Active,Active,Active
SNS_005809,Yamuna Bank,2026-03-25 04:00:00,24.4,63.3,590,72,10,Active,Active,Active
SNS_005810,Inderlok,2026-03-25 04:00:00,21.0,45.2,581,128,0,Active,Active,Active
SNS_005811,Rajiv Chowk,2026-03-25 05:00:00,23.5,56.4,821,72,5,Active,Active,Active
SNS_005812,Kashmere Gate,2026-03-25 05:00:00,22.2,49.5,473,101,7,Active,Active,Active
SNS_005813,New Delhi,2026-03-25 05:00:00,23.4,63.7,809,87,0,Active,Active,Active
SNS_005814,Hauz Khas,2026-03-25 05:00:00,23.1,63.2,484,112,8,Active,Active,Active
SNS_005815,Botanical Garden,2026-03-25 05:00:00,21.3,55.8,604,63,8,Under Maintenance,Active,Active
SNS_005816,Janakpuri West,2026-03-25 05:00:00,21.3,48.5,531,67,0,Active,Active,Active
SNS_005817,Lajpat Nagar,2026-03-25 05:00:00,23.7,52.3,678,124,6,Active,Active,Active
SNS_005818,Central Secretariat,2026-03-25 05:00:00,23.2,54.3,522,98,8,Active,Active,Active
SNS_005819,Yamuna Bank,2026-03-25 05:00:00,21.0,52.7,567,133,6,Active,Active,Active
SNS_005820,Inderlok,2026-03-25 05:00:00,23.3,49.1,480,145,9,Active,Active,Active
SNS_005821,Rajiv Chowk,2026-03-25 06:00:00,21.4,52.4,688,62,181,Active,Active,Active
SNS_005822,Kashmere Gate,2026-03-25 06:00:00,23.4,49.5,470,57,286,Active,Active,Active
SNS_005823,New Delhi,2026-03-25 06:00:00,21.9,55.2,842,139,147,Active,Active,Active
SNS_005824,Hauz Khas,2026-03-25 06:00:00,21.2,50.0,712,104,127,Active,Active,Active
SNS_005825,Botanical Garden,2026-03-25 06:00:00,22.3,62.9,609,80,184,Active,Active,Active
SNS_005826,Janakpuri West,2026-03-25 06:00:00,21.1,64.7,802,52,205,Active,Active,Active
SNS_005827,Lajpat Nagar,2026-03-25 06:00:00,22.7,62.8,696,106,288,Active,Active,Active
SNS_005828,Central Secretariat,2026-03-25 06:00:00,22.0,60.0,743,81,183,Active,Active,Active
SNS_005829,Yamuna Bank,2026-03-25 06:00:00,21.5,59.9,501,75,318,Active,Active,Active
SNS_005830,Inderlok,2026-03-25 06:00:00,21.5,53.7,542,53,316,Active,Active,Active
SNS_005831,Rajiv Chowk,2026-03-25 07:00:00,22.1,57.5,786,88,229,Active,Active,Active
SNS_005832,Kashmere Gate,2026-03-25 07:00:00,23.7,50.2,799,80,372,Active,Active,Active
SNS_005833,New Delhi,2026-03-25 07:00:00,22.8,62.2,480,84,148,Active,Active,Active
SNS_005834,Hauz Khas,2026-03-25 07:00:00,23.9,53.4,684,133,285,Active,Active,Active
SNS_005835,Botanical Garden,2026-03-25 07:00:00,22.4,55.6,627,122,266,Active,Active,Active
SNS_005836,Janakpuri West,2026-03-25 07:00:00,22.8,64.9,695,57,385,Active,Active,Active
SNS_005837,Lajpat Nagar,2026-03-25 07:00:00,23.3,62.4,583,109,336,Active,Active,Active
SNS_005838,Central Secretariat,2026-03-25 07:00:00,22.4,58.8,694,89,206,Active,Active,Active
SNS_005839,Yamuna Bank,2026-03-25 07:00:00,22.6,56.9,761,116,306,Active,Active,Active
SNS_005840,Inderlok,2026-03-25 07:00:00,24.4,61.4,618,77,122,Active,Active,Active
SNS_005841,Rajiv Chowk,2026-03-25 08:00:00,23.8,52.1,625,110,1351,Active,Active,Active
SNS_005842,Kashmere Gate,2026-03-25 08:00:00,24.4,53.6,667,64,1290,Active,Active,Active
SNS_005843,New Delhi,2026-03-25 08:00:00,23.1,47.4,640,47,821,Active,Active,Active
SNS_005844,Hauz Khas,2026-03-25 08:00:00,23.0,63.0,529,114,524,Active,Active,Active
SNS_005845,Botanical Garden,2026-03-25 08:00:00,22.1,46.1,802,147,1233,Active,Active,Active
SNS_005846,Janakpuri West,2026-03-25 08:00:00,22.9,56.1,807,148,808,Active,Active,Active
SNS_005847,Lajpat Nagar,2026-03-25 08:00:00,22.8,46.7,547,113,1095,Active,Active,Active
SNS_005848,Central Secretariat,2026-03-25 08:00:00,21.5,51.9,744,116,1036,Active,Active,Active
SNS_005849,Yamuna Bank,2026-03-25 08:00:00,21.9,51.1,585,134,660,Active,Active,Active
SNS_005850,Inderlok,2026-03-25 08:00:00,22.2,50.3,653,48,1336,Active,Active,Active
SNS_005851,Rajiv Chowk,2026-03-25 09:00:00,22.9,56.9,830,42,681,Active,Active,Active
SNS_005852,Kashmere Gate,2026-03-25 09:00:00,22.9,49.6,565,139,1471,Active,Active,Active
SNS_005853,New Delhi,2026-03-25 09:00:00,21.0,63.7,630,85,1294,Active,Active,Active
SNS_005854,Hauz Khas,2026-03-25 09:00:00,22.9,52.6,650,142,866,Active,Active,Active
SNS_005855,Botanical Garden,2026-03-25 09:00:00,24.0,59.6,707,110,1487,Active,Active,Active
SNS_005856,Janakpuri West,2026-03-25 09:00:00,24.3,47.4,663,62,1279,Active,Active,Active
SNS_005857,Lajpat Nagar,2026-03-25 09:00:00,23.8,64.7,678,75,867,Active,Active,Active
SNS_005858,Central Secretariat,2026-03-25 09:00:00,23.4,45.4,600,107,1109,Under Maintenance,Active,Active
SNS_005859,Yamuna Bank,2026-03-25 09:00:00,21.7,55.2,664,103,990,Active,Active,Active
SNS_005860,Inderlok,2026-03-25 09:00:00,21.7,45.1,637,59,599,Active,Active,Active
SNS_005861,Rajiv Chowk,2026-03-25 10:00:00,21.1,60.5,649,134,747,Active,Active,Active
SNS_005862,Kashmere Gate,2026-03-25 10:00:00,23.5,53.7,575,122,941,Active,Active,Active
SNS_005863,New Delhi,2026-03-25 10:00:00,23.4,48.0,485,87,865,Active,Active,Active
SNS_005864,Hauz Khas,2026-03-25 10:00:00,22.7,51.6,564,91,610,Active,Active,Active
SNS_005865,Botanical Garden,2026-03-25 10:00:00,22.7,57.7,798,92,1105,Active,Active,Active
SNS_005866,Janakpuri West,2026-03-25 10:00:00,21.6,54.4,582,58,513,Active,Active,Active
SNS_005867,Lajpat Nagar,2026-03-25 10:00:00,21.6,48.1,461,106,1121,Active,Active,Active
SNS_005868,Central Secretariat,2026-03-25 10:00:00,23.5,50.5,754,120,1075,Active,Active,Active
SNS_005869,Yamuna Bank,2026-03-25 10:00:00,21.6,57.8,660,139,1457,Active,Active,Active
SNS_005870,Inderlok,2026-03-25 10:00:00,23.2,63.7,610,123,617,Active,Active,Active
SNS_005871,Rajiv Chowk,2026-03-25 11:00:00,22.8,64.5,744,67,206,Active,Active,Active
SNS_005872,Kashmere Gate,2026-03-25 11:00:00,24.2,45.3,739,109,248,Active,Active,Active
SNS_005873,New Delhi,2026-03-25 11:00:00,24.1,60.5,483,122,264,Active,Active,Active
SNS_005874,Hauz Khas,2026-03-25 11:00:00,22.1,62.6,597,122,181,Active,Active,Active
SNS_005875,Botanical Garden,2026-03-25 11:00:00,22.7,63.5,552,129,351,Active,Active,Active
SNS_005876,Janakpuri West,2026-03-25 11:00:00,22.7,64.3,837,117,175,Active,Active,Active
SNS_005877,Lajpat Nagar,2026-03-25 11:00:00,23.4,53.8,685,56,361,Active,Active,Active
SNS_005878,Central Secretariat,2026-03-25 11:00:00,22.9,52.0,797,130,305,Active,Active,Active
SNS_005879,Yamuna Bank,2026-03-25 11:00:00,24.4,45.8,823,118,171,Active,Active,Active
SNS_005880,Inderlok,2026-03-25 11:00:00,24.4,55.4,546,92,209,Active,Active,Inactive
SNS_005881,Rajiv Chowk,2026-03-25 12:00:00,21.5,45.6,754,68,246,Active,Active,Active
SNS_005882,Kashmere Gate,2026-03-25 12:00:00,23.0,60.7,700,145,205,Active,Active,Active
SNS_005883,New Delhi,2026-03-25 12:00:00,23.3,51.2,829,140,291,Active,Active,Active
SNS_005884,Hauz Khas,2026-03-25 12:00:00,21.6,60.3,612,98,381,Active,Active,Active
SNS_005885,Botanical Garden,2026-03-25 12:00:00,22.6,61.9,542,124,355,Active,Active,Active
SNS_005886,Janakpuri West,2026-03-25 12:00:00,23.4,49.3,584,85,208,Active,Active,Active
SNS_005887,Lajpat Nagar,2026-03-25 12:00:00,23.7,59.6,726,77,207,Active,Active,Active
SNS_005888,Central Secretariat,2026-03-25 12:00:00,22.5,59.7,678,76,148,Active,Active,Active
SNS_005889,Yamuna Bank,2026-03-25 12:00:00,24.1,59.7,789,85,194,Active,Active,Active
SNS_005890,Inderlok,2026-03-25 12:00:00,23.9,54.5,562,123,129,Active,Active,Active
SNS_005891,Rajiv Chowk,2026-03-25 13:00:00,24.2,62.2,652,77,116,Active,Active,Active
SNS_005892,Kashmere Gate,2026-03-25 13:00:00,21.2,54.0,694,111,399,Active,Active,Active
SNS_005893,New Delhi,2026-03-25 13:00:00,24.1,48.4,681,67,167,Active,Active,Active
SNS_005894,Hauz Khas,2026-03-25 13:00:00,24.0,48.9,540,56,145,Active,Active,Active
SNS_005895,Botanical Garden,2026-03-25 13:00:00,23.8,58.2,530,140,157,Inactive,Active,Active
SNS_005896,Janakpuri West,2026-03-25 13:00:00,24.3,57.2,756,115,380,Active,Active,Active
SNS_005897,Lajpat Nagar,2026-03-25 13:00:00,24.4,47.1,755,150,256,Active,Active,Active
SNS_005898,Central Secretariat,2026-03-25 13:00:00,23.0,61.0,590,144,294,Active,Active,Active
SNS_005899,Yamuna Bank,2026-03-25 13:00:00,23.2,62.8,541,136,336,Active,Active,Active
SNS_005900,Inderlok,2026-03-25 13:00:00,21.7,50.9,798,55,197,Active,Active,Active
SNS_005901,Rajiv Chowk,2026-03-25 14:00:00,22.2,45.4,733,90,120,Active,Active,Active
SNS_005902,Kashmere Gate,2026-03-25 14:00:00,23.4,54.0,606,95,129,Active,Under Maintenance,Active
SNS_005903,New Delhi,2026-03-25 14:00:00,24.2,50.5,707,48,103,Active,Active,Active
SNS_005904,Hauz Khas,2026-03-25 14:00:00,24.0,59.9,824,62,253,Active,Active,Active
SNS_005905,Botanical Garden,2026-03-25 14:00:00,22.9,53.0,791,104,338,Active,Active,Active
SNS_005906,Janakpuri West,2026-03-25 14:00:00,21.9,62.7,705,57,361,Active,Active,Active
SNS_005907,Lajpat Nagar,2026-03-25 14:00:00,22.4,62.1,668,120,105,Active,Active,Active
SNS_005908,Central Secretariat,2026-03-25 14:00:00,24.3,58.4,743,44,312,Active,Active,Active
SNS_005909,Yamuna Bank,2026-03-25 14:00:00,23.3,61.4,742,109,184,Active,Active,Active
SNS_005910,Inderlok,2026-03-25 14:00:00,22.3,61.0,675,104,364,Active,Active,Active
SNS_005911,Rajiv Chowk,2026-03-25 15:00:00,23.7,57.7,723,78,106,Active,Active,Active
SNS_005912,Kashmere Gate,2026-03-25 15:00:00,23.8,49.0,745,103,253,Active,Active,Active
SNS_005913,New Delhi,2026-03-25 15:00:00,22.7,60.7,687,73,312,Inactive,Active,Active
SNS_005914,Hauz Khas,2026-03-25 15:00:00,23.2,53.5,714,80,166,Active,Active,Active
SNS_005915,Botanical Garden,2026-03-25 15:00:00,24.1,60.4,784,84,193,Active,Active,Active
SNS_005916,Janakpuri West,2026-03-25 15:00:00,22.6,58.5,755,133,216,Active,Active,Active
SNS_005917,Lajpat Nagar,2026-03-25 15:00:00,22.9,54.8,777,61,121,Active,Active,Active
SNS_005918,Central Secretariat,2026-03-25 15:00:00,23.8,55.6,726,117,267,Active,Active,Active
SNS_005919,Yamuna Bank,2026-03-25 15:00:00,24.2,54.1,675,60,201,Active,Active,Active
SNS_005920,Inderlok,2026-03-25 15:00:00,24.4,48.5,457,52,294,Active,Active,Active
SNS_005921,Rajiv Chowk,2026-03-25 16:00:00,21.7,46.0,558,69,322,Active,Active,Active
SNS_005922,Kashmere Gate,2026-03-25 16:00:00,22.4,54.6,470,101,272,Active,Active,Active
SNS_005923,New Delhi,2026-03-25 16:00:00,21.1,62.7,483,129,311,Active,Active,Active
SNS_005924,Hauz Khas,2026-03-25 16:00:00,23.8,64.8,671,147,365,Active,Active,Active
SNS_005925,Botanical Garden,2026-03-25 16:00:00,22.2,46.3,597,106,384,Active,Active,Active
SNS_005926,Janakpuri West,2026-03-25 16:00:00,22.3,48.9,719,133,157,Active,Active,Active
SNS_005927,Lajpat Nagar,2026-03-25 16:00:00,23.5,61.0,837,82,317,Active,Active,Active
SNS_005928,Central Secretariat,2026-03-25 16:00:00,21.1,64.5,829,68,324,Active,Active,Active
SNS_005929,Yamuna Bank,2026-03-25 16:00:00,22.8,57.8,663,75,168,Inactive,Active,Active
SNS_005930,Inderlok,2026-03-25 16:00:00,24.5,49.4,508,64,342,Active,Active,Active
SNS_005931,Rajiv Chowk,2026-03-25 17:00:00,24.5,51.7,531,57,1189,Active,Active,Active
SNS_005932,Kashmere Gate,2026-03-25 17:00:00,22.8,58.0,582,132,752,Active,Active,Active
SNS_005933,New Delhi,2026-03-25 17:00:00,24.4,57.4,481,105,653,Active,Active,Active
SNS_005934,Hauz Khas,2026-03-25 17:00:00,24.0,61.2,728,69,924,Active,Active,Active
SNS_005935,Botanical Garden,2026-03-25 17:00:00,22.2,55.0,654,59,1053,Active,Active,Active
SNS_005936,Janakpuri West,2026-03-25 17:00:00,23.5,61.3,787,129,1287,Active,Active,Active
SNS_005937,Lajpat Nagar,2026-03-25 17:00:00,23.1,49.5,686,143,1167,Active,Active,Active
SNS_005938,Central Secretariat,2026-03-25 17:00:00,21.8,61.7,666,69,1305,Active,Active,Active
SNS_005939,Yamuna Bank,2026-03-25 17:00:00,23.9,59.8,845,50,835,Active,Active,Active
SNS_005940,Inderlok,2026-03-25 17:00:00,23.3,52.3,483,81,1028,Active,Active,Active
SNS_005941,Rajiv Chowk,2026-03-25 18:00:00,24.5,51.3,693,104,797,Active,Under Maintenance,Active
SNS_005942,Kashmere Gate,2026-03-25 18:00:00,24.0,47.3,484,64,1350,Active,Active,Active
SNS_005943,New Delhi,2026-03-25 18:00:00,22.8,48.0,644,57,1182,Active,Active,Active
SNS_005944,Hauz Khas,2026-03-25 18:00:00,23.5,59.7,462,105,766,Active,Active,Active
SNS_005945,Botanical Garden,2026-03-25 18:00:00,24.3,47.2,685,138,892,Active,Active,Active
SNS_005946,Janakpuri West,2026-03-25 18:00:00,24.4,54.3,664,137,927,Under Maintenance,Active,Active
SNS_005947,Lajpat Nagar,2026-03-25 18:00:00,24.2,51.3,564,43,813,Active,Active,Active
SNS_005948,Central Secretariat,2026-03-25 18:00:00,22.9,45.3,520,120,1420,Active,Active,Active
SNS_005949,Yamuna Bank,2026-03-25 18:00:00,21.8,56.6,769,78,916,Active,Active,Active
SNS_005950,Inderlok,2026-03-25 18:00:00,24.4,61.8,458,142,1354,Active,Active,Active
SNS_005951,Rajiv Chowk,2026-03-25 19:00:00,24.3,58.8,536,85,852,Under Maintenance,Active,Active
SNS_005952,Kashmere Gate,2026-03-25 19:00:00,22.9,61.9,764,55,766,Active,Active,Active
SNS_005953,New Delhi,2026-03-25 19:00:00,23.8,59.8,805,77,1206,Active,Active,Active
SNS_005954,Hauz Khas,2026-03-25 19:00:00,24.4,63.9,529,88,565,Active,Inactive,Active
SNS_005955,Botanical Garden,2026-03-25 19:00:00,24.4,49.8,601,66,675,Active,Active,Active
SNS_005956,Janakpuri West,2026-03-25 19:00:00,22.8,46.0,625,106,913,Inactive,Active,Active
SNS_005957,Lajpat Nagar,2026-03-25 19:00:00,21.2,62.6,836,45,1155,Active,Active,Active
SNS_005958,Central Secretariat,2026-03-25 19:00:00,21.2,62.4,751,129,1356,Active,Active,Active
SNS_005959,Yamuna Bank,2026-03-25 19:00:00,23.1,53.1,696,61,596,Active,Active,Active
SNS_005960,Inderlok,2026-03-25 19:00:00,23.4,45.3,671,121,1147,Active,Active,Active
SNS_005961,Rajiv Chowk,2026-03-25 20:00:00,23.3,56.4,475,45,1455,Active,Active,Active
SNS_005962,Kashmere Gate,2026-03-25 20:00:00,21.4,64.9,639,108,935,Active,Active,Active
SNS_005963,New Delhi,2026-03-25 20:00:00,22.9,64.6,648,107,1295,Active,Active,Active
SNS_005964,Hauz Khas,2026-03-25 20:00:00,24.0,51.3,554,124,657,Active,Active,Active
SNS_005965,Botanical Garden,2026-03-25 20:00:00,21.5,60.6,451,83,1214,Active,Active,Active
SNS_005966,Janakpuri West,2026-03-25 20:00:00,21.8,59.7,512,114,989,Inactive,Active,Active
SNS_005967,Lajpat Nagar,2026-03-25 20:00:00,24.4,52.7,528,96,920,Active,Active,Active
SNS_005968,Central Secretariat,2026-03-25 20:00:00,24.3,62.4,638,96,532,Active,Active,Active
SNS_005969,Yamuna Bank,2026-03-25 20:00:00,22.2,50.3,681,51,930,Active,Active,Active
SNS_005970,Inderlok,2026-03-25 20:00:00,24.5,59.5,464,149,1413,Active,Active,Active
SNS_005971,Rajiv Chowk,2026-03-25 21:00:00,23.8,61.1,683,54,278,Active,Active,Active
SNS_005972,Kashmere Gate,2026-03-25 21:00:00,23.3,47.7,834,147,360,Active,Active,Active
SNS_005973,New Delhi,2026-03-25 21:00:00,22.3,48.7,585,111,263,Active,Active,Active
SNS_005974,Hauz Khas,2026-03-25 21:00:00,23.4,60.6,825,48,225,Active,Active,Active
SNS_005975,Botanical Garden,2026-03-25 21:00:00,22.1,45.6,472,61,365,Active,Active,Active
SNS_005976,Janakpuri West,2026-03-25 21:00:00,22.3,62.6,597,134,243,Active,Active,Active
SNS_005977,Lajpat Nagar,2026-03-25 21:00:00,23.3,51.4,556,92,268,Active,Active,Active
SNS_005978,Central Secretariat,2026-03-25 21:00:00,23.5,53.1,704,45,244,Active,Active,Active
SNS_005979,Yamuna Bank,2026-03-25 21:00:00,21.9,50.1,517,54,107,Active,Under Maintenance,Active
SNS_005980,Inderlok,2026-03-25 21:00:00,23.3,57.2,683,75,287,Active,Active,Active
SNS_005981,Rajiv Chowk,2026-03-25 22:00:00,24.2,55.5,593,74,283,Active,Active,Active
SNS_005982,Kashmere Gate,2026-03-25 22:00:00,21.1,49.9,836,51,292,Active,Active,Active
SNS_005983,New Delhi,2026-03-25 22:00:00,23.4,51.5,798,63,202,Active,Active,Active
SNS_005984,Hauz Khas,2026-03-25 22:00:00,24.0,52.1,726,123,155,Active,Active,Active
SNS_005985,Botanical Garden,2026-03-25 22:00:00,23.4,51.5,498,82,285,Active,Active,Inactive
SNS_005986,Janakpuri West,2026-03-25 22:00:00,21.2,57.5,453,53,265,Active,Active,Active
SNS_005987,Lajpat Nagar,2026-03-25 22:00:00,23.4,53.2,707,144,226,Active,Active,Active
SNS_005988,Central Secretariat,2026-03-25 22:00:00,23.0,46.4,661,106,174,Active,Active,Active
SNS_005989,Yamuna Bank,2026-03-25 22:00:00,23.6,57.7,630,94,348,Active,Active,Active
SNS_005990,Inderlok,2026-03-25 22:00:00,23.0,54.7,527,119,161,Active,Active,Active
SNS_005991,Rajiv Chowk,2026-03-25 23:00:00,23.1,47.4,726,112,371,Active,Active,Active
SNS_005992,Kashmere Gate,2026-03-25 23:00:00,21.2,60.0,732,45,334,Active,Active,Active
SNS_005993,New Delhi,2026-03-25 23:00:00,22.2,64.6,705,130,351,Active,Active,Active
SNS_005994,Hauz Khas,2026-03-25 23:00:00,23.6,56.4,735,109,127,Active,Active,Active
SNS_005995,Botanical Garden,2026-03-25 23:00:00,21.3,56.3,732,102,180,Active,Active,Active
SNS_005996,Janakpuri West,2026-03-25 23:00:00,21.2,45.2,485,64,131,Active,Active,Active
SNS_005997,Lajpat Nagar,2026-03-25 23:00:00,23.1,49.2,471,107,229,Active,Active,Active
SNS_005998,Central Secretariat,2026-03-25 23:00:00,22.5,49.9,476,98,234,Active,Active,Active
SNS_005999,Yamuna Bank,2026-03-25 23:00:00,22.2,48.9,655,48,231,Active,Active,Active
SNS_006000,Inderlok,2026-03-25 23:00:00,24.4,58.7,763,100,148,Under Maintenance,Active,Active
SNS_006001,Rajiv Chowk,2026-03-26 00:00:00,24.0,48.7,716,124,7,Active,Active,Active
SNS_006002,Kashmere Gate,2026-03-26 00:00:00,21.2,63.3,536,94,9,Active,Active,Active
SNS_006003,New Delhi,2026-03-26 00:00:00,23.6,63.0,574,135,1,Under Maintenance,Active,Active
SNS_006004,Hauz Khas,2026-03-26 00:00:00,21.8,61.0,602,52,9,Under Maintenance,Active,Active
SNS_006005,Botanical Garden,2026-03-26 00:00:00,22.3,45.0,685,114,8,Active,Active,Active
SNS_006006,Janakpuri West,2026-03-26 00:00:00,22.0,53.2,797,120,6,Active,Active,Active
SNS_006007,Lajpat Nagar,2026-03-26 00:00:00,22.4,60.3,846,109,1,Active,Active,Active
SNS_006008,Central Secretariat,2026-03-26 00:00:00,21.0,54.4,691,62,0,Active,Active,Active
SNS_006009,Yamuna Bank,2026-03-26 00:00:00,24.4,61.7,557,123,8,Active,Active,Active
SNS_006010,Inderlok,2026-03-26 00:00:00,21.8,64.1,739,106,8,Active,Active,Active
SNS_006011,Rajiv Chowk,2026-03-26 01:00:00,21.8,55.4,516,72,4,Active,Active,Active
SNS_006012,Kashmere Gate,2026-03-26 01:00:00,21.5,59.9,606,43,9,Active,Active,Active
SNS_006013,New Delhi,2026-03-26 01:00:00,24.1,49.7,451,51,4,Active,Active,Active
SNS_006014,Hauz Khas,2026-03-26 01:00:00,23.8,58.6,467,67,2,Active,Under Maintenance,Active
SNS_006015,Botanical Garden,2026-03-26 01:00:00,23.0,46.7,705,45,3,Active,Active,Active
SNS_006016,Janakpuri West,2026-03-26 01:00:00,24.0,58.3,660,63,6,Active,Active,Active
SNS_006017,Lajpat Nagar,2026-03-26 01:00:00,24.2,54.4,740,107,9,Active,Active,Inactive
SNS_006018,Central Secretariat,2026-03-26 01:00:00,22.4,51.6,699,142,8,Active,Active,Active
SNS_006019,Yamuna Bank,2026-03-26 01:00:00,23.8,53.5,459,91,6,Active,Active,Active
SNS_006020,Inderlok,2026-03-26 01:00:00,22.2,59.0,741,65,7,Active,Active,Active
SNS_006021,Rajiv Chowk,2026-03-26 02:00:00,23.6,61.5,536,102,5,Active,Active,Active
SNS_006022,Kashmere Gate,2026-03-26 02:00:00,21.3,61.9,629,86,1,Active,Active,Active
SNS_006023,New Delhi,2026-03-26 02:00:00,22.3,51.5,484,47,10,Active,Inactive,Active
SNS_006024,Hauz Khas,2026-03-26 02:00:00,23.2,50.6,504,130,3,Active,Active,Active
SNS_006025,Botanical Garden,2026-03-26 02:00:00,21.9,48.7,720,42,4,Active,Active,Active
SNS_006026,Janakpuri West,2026-03-26 02:00:00,23.2,58.0,661,89,9,Active,Active,Active
SNS_006027,Lajpat Nagar,2026-03-26 02:00:00,23.9,54.8,656,131,2,Active,Active,Active
SNS_006028,Central Secretariat,2026-03-26 02:00:00,23.8,46.6,623,111,9,Active,Active,Active
SNS_006029,Yamuna Bank,2026-03-26 02:00:00,23.6,64.8,475,123,3,Active,Under Maintenance,Active
SNS_006030,Inderlok,2026-03-26 02:00:00,23.8,49.6,793,40,1,Active,Active,Active
SNS_006031,Rajiv Chowk,2026-03-26 03:00:00,22.6,50.8,490,81,8,Active,Active,Active
SNS_006032,Kashmere Gate,2026-03-26 03:00:00,21.2,53.1,478,80,10,Active,Active,Active
SNS_006033,New Delhi,2026-03-26 03:00:00,23.2,57.0,775,74,0,Active,Active,Active
SNS_006034,Hauz Khas,2026-03-26 03:00:00,24.4,59.7,731,46,8,Active,Active,Active
SNS_006035,Botanical Garden,2026-03-26 03:00:00,21.0,63.3,675,135,3,Active,Active,Active
SNS_006036,Janakpuri West,2026-03-26 03:00:00,23.8,52.1,664,117,3,Active,Active,Active
SNS_006037,Lajpat Nagar,2026-03-26 03:00:00,24.1,58.4,667,52,3,Active,Active,Active
SNS_006038,Central Secretariat,2026-03-26 03:00:00,23.1,56.2,752,102,5,Active,Active,Active
SNS_006039,Yamuna Bank,2026-03-26 03:00:00,22.2,62.3,678,135,1,Active,Active,Active
SNS_006040,Inderlok,2026-03-26 03:00:00,22.8,61.6,770,133,2,Active,Active,Active
SNS_006041,Rajiv Chowk,2026-03-26 04:00:00,21.8,51.1,591,68,3,Active,Active,Active
SNS_006042,Kashmere Gate,2026-03-26 04:00:00,22.2,63.4,491,51,2,Active,Active,Active
SNS_006043,New Delhi,2026-03-26 04:00:00,23.5,51.5,806,122,6,Active,Active,Active
SNS_006044,Hauz Khas,2026-03-26 04:00:00,21.6,53.2,699,119,0,Active,Active,Active
SNS_006045,Botanical Garden,2026-03-26 04:00:00,21.8,63.3,711,55,1,Active,Active,Active
SNS_006046,Janakpuri West,2026-03-26 04:00:00,24.3,60.4,488,145,9,Active,Active,Active
SNS_006047,Lajpat Nagar,2026-03-26 04:00:00,24.2,59.5,627,55,6,Active,Active,Active
SNS_006048,Central Secretariat,2026-03-26 04:00:00,21.9,51.6,802,134,9,Active,Active,Active
SNS_006049,Yamuna Bank,2026-03-26 04:00:00,21.4,62.7,802,109,8,Active,Active,Active
SNS_006050,Inderlok,2026-03-26 04:00:00,24.2,52.6,713,143,9,Active,Active,Active
SNS_006051,Rajiv Chowk,2026-03-26 05:00:00,23.7,48.4,760,119,4,Active,Active,Active
SNS_006052,Kashmere Gate,2026-03-26 05:00:00,22.2,60.3,669,142,8,Active,Active,Active
SNS_006053,New Delhi,2026-03-26 05:00:00,22.8,58.2,760,69,0,Active,Active,Active
SNS_006054,Hauz Khas,2026-03-26 05:00:00,21.1,49.0,503,138,2,Active,Active,Active
SNS_006055,Botanical Garden,2026-03-26 05:00:00,22.0,46.7,634,47,0,Active,Active,Active
SNS_006056,Janakpuri West,2026-03-26 05:00:00,24.1,50.0,516,68,5,Active,Active,Active
SNS_006057,Lajpat Nagar,2026-03-26 05:00:00,23.3,54.2,739,102,4,Active,Active,Active
SNS_006058,Central Secretariat,2026-03-26 05:00:00,22.8,50.3,786,107,10,Active,Active,Active
SNS_006059,Yamuna Bank,2026-03-26 05:00:00,23.3,59.7,846,81,3,Active,Active,Active
SNS_006060,Inderlok,2026-03-26 05:00:00,22.2,48.1,749,106,6,Active,Active,Active
SNS_006061,Rajiv Chowk,2026-03-26 06:00:00,21.6,60.0,476,128,309,Active,Active,Active
SNS_006062,Kashmere Gate,2026-03-26 06:00:00,21.3,60.4,480,103,219,Active,Active,Active
SNS_006063,New Delhi,2026-03-26 06:00:00,22.0,52.4,505,110,296,Under Maintenance,Active,Active
SNS_006064,Hauz Khas,2026-03-26 06:00:00,21.2,51.2,793,64,125,Active,Active,Active
SNS_006065,Botanical Garden,2026-03-26 06:00:00,21.4,45.4,499,56,356,Active,Active,Active
SNS_006066,Janakpuri West,2026-03-26 06:00:00,21.7,49.5,749,41,398,Active,Active,Active
SNS_006067,Lajpat Nagar,2026-03-26 06:00:00,23.5,64.0,582,95,268,Active,Active,Active
SNS_006068,Central Secretariat,2026-03-26 06:00:00,23.8,59.5,649,131,176,Active,Active,Active
SNS_006069,Yamuna Bank,2026-03-26 06:00:00,23.2,64.7,639,59,388,Active,Active,Active
SNS_006070,Inderlok,2026-03-26 06:00:00,23.3,55.1,715,131,247,Active,Active,Active
SNS_006071,Rajiv Chowk,2026-03-26 07:00:00,22.0,47.9,833,96,332,Active,Active,Active
SNS_006072,Kashmere Gate,2026-03-26 07:00:00,24.0,49.7,608,118,236,Active,Active,Active
SNS_006073,New Delhi,2026-03-26 07:00:00,23.4,50.8,604,51,268,Active,Active,Active
SNS_006074,Hauz Khas,2026-03-26 07:00:00,22.6,54.7,839,144,271,Active,Active,Active
SNS_006075,Botanical Garden,2026-03-26 07:00:00,21.6,58.8,682,122,279,Active,Active,Active
SNS_006076,Janakpuri West,2026-03-26 07:00:00,21.4,56.1,493,66,128,Active,Active,Active
SNS_006077,Lajpat Nagar,2026-03-26 07:00:00,21.9,57.8,736,119,124,Active,Active,Active
SNS_006078,Central Secretariat,2026-03-26 07:00:00,24.1,59.6,642,73,316,Active,Active,Active
SNS_006079,Yamuna Bank,2026-03-26 07:00:00,24.2,57.1,647,148,303,Active,Active,Active
SNS_006080,Inderlok,2026-03-26 07:00:00,23.8,57.4,682,87,244,Active,Active,Active
SNS_006081,Rajiv Chowk,2026-03-26 08:00:00,23.2,55.9,656,97,1466,Active,Active,Active
SNS_006082,Kashmere Gate,2026-03-26 08:00:00,24.1,58.5,842,49,842,Active,Active,Active
SNS_006083,New Delhi,2026-03-26 08:00:00,23.5,50.4,614,81,1456,Inactive,Active,Active
SNS_006084,Hauz Khas,2026-03-26 08:00:00,23.7,61.9,567,59,1264,Active,Inactive,Active
SNS_006085,Botanical Garden,2026-03-26 08:00:00,23.3,59.2,826,125,926,Active,Active,Active
SNS_006086,Janakpuri West,2026-03-26 08:00:00,22.2,56.5,783,48,757,Active,Active,Active
SNS_006087,Lajpat Nagar,2026-03-26 08:00:00,21.7,45.8,758,136,761,Active,Active,Active
SNS_006088,Central Secretariat,2026-03-26 08:00:00,22.5,47.9,751,58,702,Active,Active,Active
SNS_006089,Yamuna Bank,2026-03-26 08:00:00,24.3,58.5,454,144,1018,Inactive,Active,Active
SNS_006090,Inderlok,2026-03-26 08:00:00,24.4,49.9,550,116,1443,Active,Active,Active
SNS_006091,Rajiv Chowk,2026-03-26 09:00:00,24.2,54.5,761,101,1139,Active,Active,Active
SNS_006092,Kashmere Gate,2026-03-26 09:00:00,23.2,58.2,720,124,930,Active,Active,Active
SNS_006093,New Delhi,2026-03-26 09:00:00,22.2,56.1,450,79,1284,Active,Under Maintenance,Active
SNS_006094,Hauz Khas,2026-03-26 09:00:00,22.9,47.1,821,126,1131,Active,Active,Active
SNS_006095,Botanical Garden,2026-03-26 09:00:00,23.6,56.9,731,96,980,Active,Active,Active
SNS_006096,Janakpuri West,2026-03-26 09:00:00,21.2,46.4,564,118,967,Active,Active,Active
SNS_006097,Lajpat Nagar,2026-03-26 09:00:00,23.0,47.0,469,144,1371,Active,Active,Active
SNS_006098,Central Secretariat,2026-03-26 09:00:00,23.0,45.1,606,68,995,Active,Active,Active
SNS_006099,Yamuna Bank,2026-03-26 09:00:00,22.1,60.3,590,98,863,Active,Active,Active
SNS_006100,Inderlok,2026-03-26 09:00:00,23.2,58.9,764,105,1078,Active,Active,Active
SNS_006101,Rajiv Chowk,2026-03-26 10:00:00,21.4,47.3,461,73,668,Active,Active,Inactive
SNS_006102,Kashmere Gate,2026-03-26 10:00:00,21.3,64.6,764,120,923,Active,Active,Active
SNS_006103,New Delhi,2026-03-26 10:00:00,23.4,55.4,618,86,1174,Active,Active,Active
SNS_006104,Hauz Khas,2026-03-26 10:00:00,21.6,53.4,765,143,930,Active,Active,Active
SNS_006105,Botanical Garden,2026-03-26 10:00:00,21.2,58.6,817,122,943,Active,Active,Active
SNS_006106,Janakpuri West,2026-03-26 10:00:00,24.1,49.0,678,101,1137,Under Maintenance,Active,Active
SNS_006107,Lajpat Nagar,2026-03-26 10:00:00,21.6,61.6,621,137,1162,Active,Active,Active
SNS_006108,Central Secretariat,2026-03-26 10:00:00,22.1,64.5,820,144,634,Active,Active,Active
SNS_006109,Yamuna Bank,2026-03-26 10:00:00,22.5,52.5,691,139,890,Active,Active,Active
SNS_006110,Inderlok,2026-03-26 10:00:00,21.3,62.4,729,109,903,Active,Under Maintenance,Active
SNS_006111,Rajiv Chowk,2026-03-26 11:00:00,23.5,61.9,594,93,131,Active,Active,Active
SNS_006112,Kashmere Gate,2026-03-26 11:00:00,21.3,54.0,710,84,331,Active,Active,Active
SNS_006113,New Delhi,2026-03-26 11:00:00,22.5,46.6,727,96,346,Active,Active,Active
SNS_006114,Hauz Khas,2026-03-26 11:00:00,23.8,56.3,802,85,342,Active,Active,Active
SNS_006115,Botanical Garden,2026-03-26 11:00:00,22.9,62.9,588,84,244,Active,Active,Active
SNS_006116,Janakpuri West,2026-03-26 11:00:00,23.4,51.2,504,121,170,Inactive,Active,Active
SNS_006117,Lajpat Nagar,2026-03-26 11:00:00,24.1,53.0,450,78,236,Active,Active,Active
SNS_006118,Central Secretariat,2026-03-26 11:00:00,21.1,50.3,490,80,373,Active,Active,Active
SNS_006119,Yamuna Bank,2026-03-26 11:00:00,23.2,53.3,486,92,118,Active,Active,Active
SNS_006120,Inderlok,2026-03-26 11:00:00,21.7,47.7,536,145,325,Active,Active,Active
SNS_006121,Rajiv Chowk,2026-03-26 12:00:00,23.4,50.5,646,99,156,Active,Active,Active
SNS_006122,Kashmere Gate,2026-03-26 12:00:00,22.6,59.6,565,148,346,Active,Active,Active
SNS_006123,New Delhi,2026-03-26 12:00:00,23.7,63.0,796,149,310,Active,Active,Active
SNS_006124,Hauz Khas,2026-03-26 12:00:00,24.0,59.7,823,120,133,Active,Active,Active
SNS_006125,Botanical Garden,2026-03-26 12:00:00,22.4,57.3,826,148,361,Active,Active,Active
SNS_006126,Janakpuri West,2026-03-26 12:00:00,22.5,61.2,776,140,323,Active,Active,Active
SNS_006127,Lajpat Nagar,2026-03-26 12:00:00,21.1,50.8,720,41,206,Active,Active,Active
SNS_006128,Central Secretariat,2026-03-26 12:00:00,24.2,46.5,685,103,120,Active,Active,Active
SNS_006129,Yamuna Bank,2026-03-26 12:00:00,22.0,52.4,488,108,142,Active,Active,Active
SNS_006130,Inderlok,2026-03-26 12:00:00,24.1,59.0,702,67,264,Active,Active,Inactive
SNS_006131,Rajiv Chowk,2026-03-26 13:00:00,24.3,58.4,735,43,370,Active,Active,Active
SNS_006132,Kashmere Gate,2026-03-26 13:00:00,22.2,47.6,687,47,299,Active,Active,Active
SNS_006133,New Delhi,2026-03-26 13:00:00,21.2,50.5,706,143,312,Active,Active,Active
SNS_006134,Hauz Khas,2026-03-26 13:00:00,22.0,62.7,451,96,126,Active,Active,Active
SNS_006135,Botanical Garden,2026-03-26 13:00:00,24.5,53.7,474,106,323,Active,Active,Active
SNS_006136,Janakpuri West,2026-03-26 13:00:00,22.7,64.9,483,70,289,Active,Active,Active
SNS_006137,Lajpat Nagar,2026-03-26 13:00:00,23.3,46.7,738,130,324,Active,Active,Active
SNS_006138,Central Secretariat,2026-03-26 13:00:00,21.5,45.2,604,77,152,Active,Active,Active
SNS_006139,Yamuna Bank,2026-03-26 13:00:00,22.4,61.0,820,80,122,Active,Active,Active
SNS_006140,Inderlok,2026-03-26 13:00:00,23.1,51.6,536,139,308,Active,Active,Active
SNS_006141,Rajiv Chowk,2026-03-26 14:00:00,22.3,48.1,811,93,232,Active,Under Maintenance,Active
SNS_006142,Kashmere Gate,2026-03-26 14:00:00,22.9,64.6,623,125,348,Active,Active,Active
SNS_006143,New Delhi,2026-03-26 14:00:00,23.7,46.0,646,137,399,Active,Active,Active
SNS_006144,Hauz Khas,2026-03-26 14:00:00,24.0,58.6,536,60,330,Active,Active,Active
SNS_006145,Botanical Garden,2026-03-26 14:00:00,22.5,51.2,764,127,397,Active,Active,Active
SNS_006146,Janakpuri West,2026-03-26 14:00:00,21.2,50.7,615,51,100,Active,Active,Active
SNS_006147,Lajpat Nagar,2026-03-26 14:00:00,23.3,46.3,588,107,347,Active,Active,Active
SNS_006148,Central Secretariat,2026-03-26 14:00:00,22.6,52.4,829,112,115,Active,Active,Active
SNS_006149,Yamuna Bank,2026-03-26 14:00:00,24.0,58.0,683,144,382,Active,Active,Active
SNS_006150,Inderlok,2026-03-26 14:00:00,24.2,52.9,645,143,239,Active,Active,Active
SNS_006151,Rajiv Chowk,2026-03-26 15:00:00,22.7,63.3,751,150,279,Active,Active,Active
SNS_006152,Kashmere Gate,2026-03-26 15:00:00,21.9,57.5,709,105,304,Inactive,Active,Active
SNS_006153,New Delhi,2026-03-26 15:00:00,24.2,61.6,614,90,146,Active,Active,Active
SNS_006154,Hauz Khas,2026-03-26 15:00:00,21.9,54.9,527,126,384,Active,Active,Active
SNS_006155,Botanical Garden,2026-03-26 15:00:00,22.6,59.1,719,103,207,Active,Active,Active
SNS_006156,Janakpuri West,2026-03-26 15:00:00,23.7,47.8,669,109,166,Active,Active,Active
SNS_006157,Lajpat Nagar,2026-03-26 15:00:00,23.7,64.1,677,118,219,Active,Active,Active
SNS_006158,Central Secretariat,2026-03-26 15:00:00,22.5,55.4,787,124,309,Active,Active,Active
SNS_006159,Yamuna Bank,2026-03-26 15:00:00,22.1,48.7,747,45,101,Active,Active,Active
SNS_006160,Inderlok,2026-03-26 15:00:00,21.5,53.9,556,116,329,Active,Active,Active
SNS_006161,Rajiv Chowk,2026-03-26 16:00:00,21.5,51.8,823,50,161,Active,Active,Active
SNS_006162,Kashmere Gate,2026-03-26 16:00:00,22.9,61.4,741,99,348,Active,Active,Active
SNS_006163,New Delhi,2026-03-26 16:00:00,21.9,56.4,655,59,286,Active,Active,Active
SNS_006164,Hauz Khas,2026-03-26 16:00:00,23.2,57.5,633,81,133,Active,Active,Active
SNS_006165,Botanical Garden,2026-03-26 16:00:00,21.3,49.8,611,70,383,Active,Active,Active
SNS_006166,Janakpuri West,2026-03-26 16:00:00,23.5,58.0,582,123,383,Active,Active,Active
SNS_006167,Lajpat Nagar,2026-03-26 16:00:00,22.7,53.2,638,102,336,Active,Active,Active
SNS_006168,Central Secretariat,2026-03-26 16:00:00,22.6,50.5,813,135,380,Active,Active,Active
SNS_006169,Yamuna Bank,2026-03-26 16:00:00,22.3,47.2,616,122,154,Active,Active,Active
SNS_006170,Inderlok,2026-03-26 16:00:00,24.0,62.1,577,141,324,Active,Active,Active
SNS_006171,Rajiv Chowk,2026-03-26 17:00:00,21.3,53.6,730,107,1471,Active,Active,Active
SNS_006172,Kashmere Gate,2026-03-26 17:00:00,22.7,45.2,575,64,1042,Active,Active,Active
SNS_006173,New Delhi,2026-03-26 17:00:00,24.2,53.1,839,110,718,Active,Under Maintenance,Active
SNS_006174,Hauz Khas,2026-03-26 17:00:00,23.9,51.5,642,135,555,Active,Active,Active
SNS_006175,Botanical Garden,2026-03-26 17:00:00,21.8,48.3,536,133,786,Active,Active,Active
SNS_006176,Janakpuri West,2026-03-26 17:00:00,21.2,45.9,675,130,1256,Active,Active,Active
SNS_006177,Lajpat Nagar,2026-03-26 17:00:00,21.6,56.7,467,96,1141,Active,Active,Active
SNS_006178,Central Secretariat,2026-03-26 17:00:00,21.6,51.0,507,132,1500,Active,Active,Active
SNS_006179,Yamuna Bank,2026-03-26 17:00:00,23.8,49.0,474,138,606,Active,Active,Active
SNS_006180,Inderlok,2026-03-26 17:00:00,22.1,52.4,586,68,564,Active,Active,Active
SNS_006181,Rajiv Chowk,2026-03-26 18:00:00,22.7,57.3,473,80,1389,Under Maintenance,Active,Active
SNS_006182,Kashmere Gate,2026-03-26 18:00:00,21.7,64.6,715,91,1167,Active,Active,Active
SNS_006183,New Delhi,2026-03-26 18:00:00,23.0,63.4,791,145,1232,Active,Active,Active
SNS_006184,Hauz Khas,2026-03-26 18:00:00,22.6,58.9,491,148,1016,Active,Active,Active
SNS_006185,Botanical Garden,2026-03-26 18:00:00,22.9,51.0,450,140,793,Active,Active,Active
SNS_006186,Janakpuri West,2026-03-26 18:00:00,23.8,46.0,592,135,817,Active,Active,Active
SNS_006187,Lajpat Nagar,2026-03-26 18:00:00,21.0,51.8,542,75,797,Active,Under Maintenance,Active
SNS_006188,Central Secretariat,2026-03-26 18:00:00,22.1,49.5,455,106,747,Active,Active,Active
SNS_006189,Yamuna Bank,2026-03-26 18:00:00,22.4,62.6,517,50,1424,Active,Active,Active
SNS_006190,Inderlok,2026-03-26 18:00:00,21.8,64.8,562,149,1209,Active,Active,Active
SNS_006191,Rajiv Chowk,2026-03-26 19:00:00,23.3,48.1,476,102,626,Active,Active,Active
SNS_006192,Kashmere Gate,2026-03-26 19:00:00,22.2,61.9,732,102,1477,Active,Active,Active
SNS_006193,New Delhi,2026-03-26 19:00:00,21.8,48.4,563,142,1044,Active,Active,Active
SNS_006194,Hauz Khas,2026-03-26 19:00:00,21.2,53.3,837,135,568,Active,Active,Active
SNS_006195,Botanical Garden,2026-03-26 19:00:00,23.6,56.9,832,144,542,Active,Active,Active
SNS_006196,Janakpuri West,2026-03-26 19:00:00,24.3,57.3,790,139,838,Active,Active,Active
SNS_006197,Lajpat Nagar,2026-03-26 19:00:00,23.1,52.1,653,109,1274,Active,Active,Active
SNS_006198,Central Secretariat,2026-03-26 19:00:00,22.4,46.6,571,144,1499,Active,Active,Active
SNS_006199,Yamuna Bank,2026-03-26 19:00:00,23.3,60.4,593,114,961,Active,Active,Active
SNS_006200,Inderlok,2026-03-26 19:00:00,21.4,60.2,539,93,539,Active,Active,Active
SNS_006201,Rajiv Chowk,2026-03-26 20:00:00,22.9,64.5,569,148,793,Active,Active,Active
SNS_006202,Kashmere Gate,2026-03-26 20:00:00,23.1,55.5,824,59,685,Active,Active,Active
SNS_006203,New Delhi,2026-03-26 20:00:00,22.9,47.1,605,46,560,Active,Active,Active
SNS_006204,Hauz Khas,2026-03-26 20:00:00,23.9,64.7,582,108,713,Active,Active,Active
SNS_006205,Botanical Garden,2026-03-26 20:00:00,23.7,63.0,627,89,1219,Active,Active,Active
SNS_006206,Janakpuri West,2026-03-26 20:00:00,24.3,53.7,596,102,824,Active,Active,Active
SNS_006207,Lajpat Nagar,2026-03-26 20:00:00,21.7,50.7,646,49,759,Active,Active,Active
SNS_006208,Central Secretariat,2026-03-26 20:00:00,21.6,56.2,691,97,728,Active,Active,Active
SNS_006209,Yamuna Bank,2026-03-26 20:00:00,23.5,52.3,492,48,607,Active,Active,Active
SNS_006210,Inderlok,2026-03-26 20:00:00,23.1,45.7,741,115,1329,Active,Active,Active
SNS_006211,Rajiv Chowk,2026-03-26 21:00:00,21.8,46.7,500,132,198,Active,Active,Active
SNS_006212,Kashmere Gate,2026-03-26 21:00:00,21.3,54.7,652,137,158,Active,Active,Active
SNS_006213,New Delhi,2026-03-26 21:00:00,23.3,64.6,669,49,168,Active,Active,Active
SNS_006214,Hauz Khas,2026-03-26 21:00:00,21.2,58.6,698,104,120,Active,Active,Active
SNS_006215,Botanical Garden,2026-03-26 21:00:00,22.1,61.0,755,126,314,Active,Active,Active
SNS_006216,Janakpuri West,2026-03-26 21:00:00,22.2,49.6,756,63,387,Active,Active,Active
SNS_006217,Lajpat Nagar,2026-03-26 21:00:00,21.4,55.6,683,77,234,Active,Active,Active
SNS_006218,Central Secretariat,2026-03-26 21:00:00,23.3,53.8,518,57,273,Active,Active,Active
SNS_006219,Yamuna Bank,2026-03-26 21:00:00,22.8,48.4,592,135,191,Active,Active,Active
SNS_006220,Inderlok,2026-03-26 21:00:00,23.7,48.1,676,131,244,Active,Active,Active
SNS_006221,Rajiv Chowk,2026-03-26 22:00:00,22.0,58.2,753,86,211,Active,Active,Active
SNS_006222,Kashmere Gate,2026-03-26 22:00:00,24.5,63.3,465,110,100,Active,Active,Active
SNS_006223,New Delhi,2026-03-26 22:00:00,23.9,61.4,607,114,129,Active,Active,Active
SNS_006224,Hauz Khas,2026-03-26 22:00:00,23.6,57.7,465,40,114,Active,Active,Active
SNS_006225,Botanical Garden,2026-03-26 22:00:00,24.2,61.3,767,131,312,Active,Active,Active
SNS_006226,Janakpuri West,2026-03-26 22:00:00,23.2,56.5,565,90,179,Active,Active,Active
SNS_006227,Lajpat Nagar,2026-03-26 22:00:00,21.4,49.8,845,126,362,Active,Active,Active
SNS_006228,Central Secretariat,2026-03-26 22:00:00,21.7,58.2,470,54,389,Active,Inactive,Active
SNS_006229,Yamuna Bank,2026-03-26 22:00:00,22.7,56.5,482,131,219,Active,Active,Active
SNS_006230,Inderlok,2026-03-26 22:00:00,21.3,53.7,460,144,126,Active,Active,Active
SNS_006231,Rajiv Chowk,2026-03-26 23:00:00,22.2,47.0,542,105,205,Active,Active,Active
SNS_006232,Kashmere Gate,2026-03-26 23:00:00,24.0,58.4,704,101,149,Active,Active,Active
SNS_006233,New Delhi,2026-03-26 23:00:00,21.4,55.9,562,56,334,Active,Active,Active
SNS_006234,Hauz Khas,2026-03-26 23:00:00,22.4,58.4,778,43,107,Active,Active,Active
SNS_006235,Botanical Garden,2026-03-26 23:00:00,22.4,53.7,815,89,110,Active,Active,Active
SNS_006236,Janakpuri West,2026-03-26 23:00:00,24.1,63.1,703,52,383,Active,Active,Active
SNS_006237,Lajpat Nagar,2026-03-26 23:00:00,23.0,49.0,508,119,176,Active,Active,Inactive
SNS_006238,Central Secretariat,2026-03-26 23:00:00,22.1,63.4,804,59,147,Active,Active,Active
SNS_006239,Yamuna Bank,2026-03-26 23:00:00,21.4,51.3,518,100,150,Active,Active,Active
SNS_006240,Inderlok,2026-03-26 23:00:00,22.2,64.4,796,46,161,Active,Active,Active
SNS_006241,Rajiv Chowk,2026-03-27 00:00:00,23.9,57.0,784,65,0,Active,Active,Active
SNS_006242,Kashmere Gate,2026-03-27 00:00:00,23.1,50.3,622,142,7,Active,Active,Active
SNS_006243,New Delhi,2026-03-27 00:00:00,23.3,49.4,609,70,10,Active,Active,Active
SNS_006244,Hauz Khas,2026-03-27 00:00:00,24.5,48.7,690,67,7,Active,Active,Active
SNS_006245,Botanical Garden,2026-03-27 00:00:00,22.6,49.3,453,91,8,Active,Active,Active
SNS_006246,Janakpuri West,2026-03-27 00:00:00,22.0,54.0,766,42,5,Active,Active,Active
SNS_006247,Lajpat Nagar,2026-03-27 00:00:00,22.6,58.9,660,62,4,Active,Active,Active
SNS_006248,Central Secretariat,2026-03-27 00:00:00,24.2,45.6,701,133,3,Active,Active,Active
SNS_006249,Yamuna Bank,2026-03-27 00:00:00,22.5,50.9,799,136,6,Active,Active,Active
SNS_006250,Inderlok,2026-03-27 00:00:00,24.0,49.1,785,141,10,Active,Active,Active
SNS_006251,Rajiv Chowk,2026-03-27 01:00:00,23.9,58.0,729,124,1,Active,Active,Active
SNS_006252,Kashmere Gate,2026-03-27 01:00:00,22.4,47.4,787,60,0,Active,Active,Active
SNS_006253,New Delhi,2026-03-27 01:00:00,23.9,61.6,689,97,6,Under Maintenance,Inactive,Active
SNS_006254,Hauz Khas,2026-03-27 01:00:00,21.9,57.3,598,56,2,Active,Active,Active
SNS_006255,Botanical Garden,2026-03-27 01:00:00,22.4,60.2,742,80,9,Active,Active,Active
SNS_006256,Janakpuri West,2026-03-27 01:00:00,24.0,54.4,521,127,8,Active,Active,Active
SNS_006257,Lajpat Nagar,2026-03-27 01:00:00,21.7,60.4,451,144,6,Active,Active,Active
SNS_006258,Central Secretariat,2026-03-27 01:00:00,23.4,62.8,508,46,10,Active,Active,Active
SNS_006259,Yamuna Bank,2026-03-27 01:00:00,23.2,49.3,526,140,0,Active,Active,Active
SNS_006260,Inderlok,2026-03-27 01:00:00,23.3,46.5,658,61,5,Active,Active,Active
SNS_006261,Rajiv Chowk,2026-03-27 02:00:00,22.7,53.1,828,149,2,Active,Active,Active
SNS_006262,Kashmere Gate,2026-03-27 02:00:00,22.6,50.9,514,96,5,Active,Active,Inactive
SNS_006263,New Delhi,2026-03-27 02:00:00,22.1,46.2,777,98,3,Active,Active,Active
SNS_006264,Hauz Khas,2026-03-27 02:00:00,23.1,52.8,726,117,1,Active,Active,Active
SNS_006265,Botanical Garden,2026-03-27 02:00:00,24.2,45.8,568,60,1,Active,Active,Active
SNS_006266,Janakpuri West,2026-03-27 02:00:00,23.2,55.6,638,49,3,Active,Active,Active
SNS_006267,Lajpat Nagar,2026-03-27 02:00:00,22.7,59.9,639,56,8,Active,Active,Active
SNS_006268,Central Secretariat,2026-03-27 02:00:00,23.7,61.5,663,127,10,Active,Active,Active
SNS_006269,Yamuna Bank,2026-03-27 02:00:00,21.3,63.4,805,80,6,Active,Active,Active
SNS_006270,Inderlok,2026-03-27 02:00:00,23.5,48.4,613,58,3,Active,Active,Active
SNS_006271,Rajiv Chowk,2026-03-27 03:00:00,22.4,54.3,790,149,8,Active,Active,Active
SNS_006272,Kashmere Gate,2026-03-27 03:00:00,22.8,45.4,609,113,3,Active,Active,Active
SNS_006273,New Delhi,2026-03-27 03:00:00,22.3,46.3,473,46,0,Active,Active,Active
SNS_006274,Hauz Khas,2026-03-27 03:00:00,21.9,49.8,724,115,8,Active,Active,Active
SNS_006275,Botanical Garden,2026-03-27 03:00:00,22.8,46.5,460,40,5,Inactive,Active,Active
SNS_006276,Janakpuri West,2026-03-27 03:00:00,23.0,58.8,648,86,2,Active,Active,Active
SNS_006277,Lajpat Nagar,2026-03-27 03:00:00,23.3,61.9,499,117,6,Active,Active,Active
SNS_006278,Central Secretariat,2026-03-27 03:00:00,23.6,48.0,717,67,6,Active,Active,Active
SNS_006279,Yamuna Bank,2026-03-27 03:00:00,22.2,51.0,491,118,4,Active,Active,Active
SNS_006280,Inderlok,2026-03-27 03:00:00,22.2,59.1,643,41,1,Active,Active,Active
SNS_006281,Rajiv Chowk,2026-03-27 04:00:00,22.1,46.6,816,57,5,Active,Active,Active
SNS_006282,Kashmere Gate,2026-03-27 04:00:00,24.5,51.1,540,80,5,Active,Active,Active
SNS_006283,New Delhi,2026-03-27 04:00:00,21.5,48.7,565,45,9,Active,Active,Active
SNS_006284,Hauz Khas,2026-03-27 04:00:00,21.9,61.8,603,143,6,Active,Active,Active
SNS_006285,Botanical Garden,2026-03-27 04:00:00,22.6,50.9,793,44,2,Active,Inactive,Active
SNS_006286,Janakpuri West,2026-03-27 04:00:00,21.6,54.4,450,58,7,Active,Active,Active
SNS_006287,Lajpat Nagar,2026-03-27 04:00:00,24.2,53.9,494,57,5,Active,Active,Active
SNS_006288,Central Secretariat,2026-03-27 04:00:00,22.7,52.3,525,123,5,Active,Active,Active
SNS_006289,Yamuna Bank,2026-03-27 04:00:00,21.3,59.9,573,63,1,Inactive,Active,Active
SNS_006290,Inderlok,2026-03-27 04:00:00,21.5,47.5,627,143,10,Active,Active,Active
SNS_006291,Rajiv Chowk,2026-03-27 05:00:00,22.3,52.8,499,123,6,Active,Active,Active
SNS_006292,Kashmere Gate,2026-03-27 05:00:00,22.2,61.7,475,96,6,Active,Active,Active
SNS_006293,New Delhi,2026-03-27 05:00:00,22.8,54.4,692,125,9,Active,Active,Active
SNS_006294,Hauz Khas,2026-03-27 05:00:00,24.0,62.9,476,64,3,Active,Active,Active
SNS_006295,Botanical Garden,2026-03-27 05:00:00,21.2,48.9,639,119,5,Active,Active,Active
SNS_006296,Janakpuri West,2026-03-27 05:00:00,21.5,56.6,598,54,9,Active,Active,Active
SNS_006297,Lajpat Nagar,2026-03-27 05:00:00,21.5,57.1,758,140,0,Active,Active,Active
SNS_006298,Central Secretariat,2026-03-27 05:00:00,23.1,60.8,563,62,2,Active,Active,Active
SNS_006299,Yamuna Bank,2026-03-27 05:00:00,24.1,60.8,679,95,9,Active,Active,Active
SNS_006300,Inderlok,2026-03-27 05:00:00,23.0,60.4,584,85,5,Active,Active,Active
SNS_006301,Rajiv Chowk,2026-03-27 06:00:00,22.7,58.1,497,88,356,Active,Active,Active
SNS_006302,Kashmere Gate,2026-03-27 06:00:00,23.0,49.0,609,68,159,Active,Active,Active
SNS_006303,New Delhi,2026-03-27 06:00:00,21.1,53.5,538,91,272,Active,Active,Active
SNS_006304,Hauz Khas,2026-03-27 06:00:00,23.3,59.6,532,57,120,Active,Active,Active
SNS_006305,Botanical Garden,2026-03-27 06:00:00,24.1,58.3,780,49,311,Active,Active,Active
SNS_006306,Janakpuri West,2026-03-27 06:00:00,21.4,49.6,605,90,252,Active,Active,Active
SNS_006307,Lajpat Nagar,2026-03-27 06:00:00,23.9,62.2,463,60,362,Active,Active,Active
SNS_006308,Central Secretariat,2026-03-27 06:00:00,23.3,62.4,819,68,154,Active,Active,Active
SNS_006309,Yamuna Bank,2026-03-27 06:00:00,23.3,59.2,471,145,385,Active,Active,Active
SNS_006310,Inderlok,2026-03-27 06:00:00,24.1,54.4,652,41,224,Active,Active,Active
SNS_006311,Rajiv Chowk,2026-03-27 07:00:00,23.6,61.0,458,127,319,Active,Active,Active
SNS_006312,Kashmere Gate,2026-03-27 07:00:00,22.5,62.2,780,83,141,Active,Active,Active
SNS_006313,New Delhi,2026-03-27 07:00:00,22.7,56.5,493,92,160,Active,Active,Active
SNS_006314,Hauz Khas,2026-03-27 07:00:00,24.4,51.1,849,63,283,Active,Active,Active
SNS_006315,Botanical Garden,2026-03-27 07:00:00,21.2,59.4,549,127,175,Active,Active,Active
SNS_006316,Janakpuri West,2026-03-27 07:00:00,23.4,46.1,530,114,314,Active,Active,Active
SNS_006317,Lajpat Nagar,2026-03-27 07:00:00,22.9,49.0,535,84,299,Active,Active,Active
SNS_006318,Central Secretariat,2026-03-27 07:00:00,21.5,49.8,801,111,256,Active,Active,Active
SNS_006319,Yamuna Bank,2026-03-27 07:00:00,22.5,63.8,464,125,374,Active,Active,Active
SNS_006320,Inderlok,2026-03-27 07:00:00,22.9,53.5,544,106,122,Active,Active,Active
SNS_006321,Rajiv Chowk,2026-03-27 08:00:00,23.7,55.8,630,63,709,Active,Active,Active
SNS_006322,Kashmere Gate,2026-03-27 08:00:00,23.8,49.8,726,55,1307,Active,Active,Active
SNS_006323,New Delhi,2026-03-27 08:00:00,23.8,59.3,615,81,546,Active,Active,Active
SNS_006324,Hauz Khas,2026-03-27 08:00:00,22.4,46.1,593,117,1171,Active,Active,Active
SNS_006325,Botanical Garden,2026-03-27 08:00:00,23.3,48.7,823,98,761,Active,Active,Active
SNS_006326,Janakpuri West,2026-03-27 08:00:00,21.7,57.1,568,78,1180,Active,Active,Active
SNS_006327,Lajpat Nagar,2026-03-27 08:00:00,23.1,45.4,454,95,1175,Active,Active,Active
SNS_006328,Central Secretariat,2026-03-27 08:00:00,23.3,58.2,565,56,968,Active,Active,Active
SNS_006329,Yamuna Bank,2026-03-27 08:00:00,21.0,59.0,768,112,568,Active,Active,Active
SNS_006330,Inderlok,2026-03-27 08:00:00,23.3,45.1,668,109,931,Under Maintenance,Active,Active
SNS_006331,Rajiv Chowk,2026-03-27 09:00:00,24.4,59.5,801,130,1264,Active,Active,Active
SNS_006332,Kashmere Gate,2026-03-27 09:00:00,21.7,60.1,636,53,1065,Active,Active,Active
SNS_006333,New Delhi,2026-03-27 09:00:00,24.2,57.2,589,59,861,Active,Active,Active
SNS_006334,Hauz Khas,2026-03-27 09:00:00,23.7,59.9,813,73,768,Active,Active,Active
SNS_006335,Botanical Garden,2026-03-27 09:00:00,21.6,60.7,489,70,1094,Active,Active,Active
SNS_006336,Janakpuri West,2026-03-27 09:00:00,22.2,62.6,814,130,968,Active,Active,Active
SNS_006337,Lajpat Nagar,2026-03-27 09:00:00,22.2,45.7,555,89,787,Active,Active,Active
SNS_006338,Central Secretariat,2026-03-27 09:00:00,21.6,60.4,662,80,638,Active,Active,Active
SNS_006339,Yamuna Bank,2026-03-27 09:00:00,24.5,57.4,708,148,643,Active,Active,Active
SNS_006340,Inderlok,2026-03-27 09:00:00,21.9,45.6,806,66,1330,Active,Active,Active
SNS_006341,Rajiv Chowk,2026-03-27 10:00:00,23.7,59.0,681,82,1212,Active,Active,Active
SNS_006342,Kashmere Gate,2026-03-27 10:00:00,21.8,47.2,523,93,1176,Active,Active,Active
SNS_006343,New Delhi,2026-03-27 10:00:00,21.0,46.5,627,138,813,Active,Inactive,Active
SNS_006344,Hauz Khas,2026-03-27 10:00:00,23.3,50.3,672,64,989,Active,Active,Active
SNS_006345,Botanical Garden,2026-03-27 10:00:00,24.0,61.0,595,75,820,Active,Active,Active
SNS_006346,Janakpuri West,2026-03-27 10:00:00,21.1,59.5,555,57,826,Active,Active,Active
SNS_006347,Lajpat Nagar,2026-03-27 10:00:00,23.8,50.5,694,47,659,Active,Active,Active
SNS_006348,Central Secretariat,2026-03-27 10:00:00,21.7,59.0,791,125,1459,Under Maintenance,Active,Active
SNS_006349,Yamuna Bank,2026-03-27 10:00:00,21.3,54.2,609,127,1275,Active,Active,Active
SNS_006350,Inderlok,2026-03-27 10:00:00,21.2,45.3,728,51,1118,Active,Active,Active
SNS_006351,Rajiv Chowk,2026-03-27 11:00:00,23.6,46.2,830,150,316,Active,Active,Active
SNS_006352,Kashmere Gate,2026-03-27 11:00:00,24.2,64.6,711,130,315,Active,Active,Active
SNS_006353,New Delhi,2026-03-27 11:00:00,23.9,63.2,679,72,302,Active,Active,Active
SNS_006354,Hauz Khas,2026-03-27 11:00:00,21.4,63.4,693,86,177,Active,Active,Active
SNS_006355,Botanical Garden,2026-03-27 11:00:00,22.7,50.8,845,139,191,Active,Inactive,Active
SNS_006356,Janakpuri West,2026-03-27 11:00:00,23.7,46.5,502,69,173,Active,Active,Active
SNS_006357,Lajpat Nagar,2026-03-27 11:00:00,24.4,63.5,531,121,265,Active,Active,Active
SNS_006358,Central Secretariat,2026-03-27 11:00:00,21.1,63.0,489,110,265,Active,Active,Active
SNS_006359,Yamuna Bank,2026-03-27 11:00:00,23.5,45.6,797,82,334,Active,Active,Active
SNS_006360,Inderlok,2026-03-27 11:00:00,21.8,59.7,812,102,143,Active,Active,Active
SNS_006361,Rajiv Chowk,2026-03-27 12:00:00,22.8,47.7,475,113,383,Active,Active,Active
SNS_006362,Kashmere Gate,2026-03-27 12:00:00,23.1,55.3,654,110,104,Active,Active,Active
SNS_006363,New Delhi,2026-03-27 12:00:00,23.2,45.0,654,118,226,Active,Active,Active
SNS_006364,Hauz Khas,2026-03-27 12:00:00,22.5,51.6,506,123,228,Active,Active,Active
SNS_006365,Botanical Garden,2026-03-27 12:00:00,21.4,62.5,630,124,388,Active,Active,Active
SNS_006366,Janakpuri West,2026-03-27 12:00:00,24.4,63.1,568,61,114,Active,Active,Active
SNS_006367,Lajpat Nagar,2026-03-27 12:00:00,21.1,57.0,688,118,183,Active,Active,Active
SNS_006368,Central Secretariat,2026-03-27 12:00:00,24.5,49.6,807,41,169,Active,Active,Active
SNS_006369,Yamuna Bank,2026-03-27 12:00:00,21.0,51.2,479,86,164,Active,Active,Active
SNS_006370,Inderlok,2026-03-27 12:00:00,21.4,46.7,694,61,299,Active,Active,Active
SNS_006371,Rajiv Chowk,2026-03-27 13:00:00,22.3,48.6,706,149,123,Active,Active,Active
SNS_006372,Kashmere Gate,2026-03-27 13:00:00,22.0,48.9,842,149,298,Active,Active,Active
SNS_006373,New Delhi,2026-03-27 13:00:00,23.1,56.6,804,82,202,Active,Active,Active
SNS_006374,Hauz Khas,2026-03-27 13:00:00,21.6,49.3,570,130,263,Active,Active,Active
SNS_006375,Botanical Garden,2026-03-27 13:00:00,22.3,57.7,637,61,227,Active,Active,Active
SNS_006376,Janakpuri West,2026-03-27 13:00:00,22.2,47.2,653,99,289,Active,Active,Active
SNS_006377,Lajpat Nagar,2026-03-27 13:00:00,22.3,56.1,537,129,167,Inactive,Active,Active
SNS_006378,Central Secretariat,2026-03-27 13:00:00,24.3,48.3,652,98,389,Active,Active,Active
SNS_006379,Yamuna Bank,2026-03-27 13:00:00,23.9,46.0,633,134,221,Active,Active,Active
SNS_006380,Inderlok,2026-03-27 13:00:00,21.3,63.4,847,107,250,Active,Active,Active
SNS_006381,Rajiv Chowk,2026-03-27 14:00:00,21.4,63.9,631,70,277,Active,Active,Active
SNS_006382,Kashmere Gate,2026-03-27 14:00:00,24.0,46.8,484,141,382,Active,Active,Active
SNS_006383,New Delhi,2026-03-27 14:00:00,22.0,61.3,502,44,350,Active,Active,Active
SNS_006384,Hauz Khas,2026-03-27 14:00:00,22.4,47.2,765,84,181,Active,Active,Active
SNS_006385,Botanical Garden,2026-03-27 14:00:00,21.7,56.8,614,60,380,Active,Active,Active
SNS_006386,Janakpuri West,2026-03-27 14:00:00,21.7,51.4,740,78,269,Active,Active,Active
SNS_006387,Lajpat Nagar,2026-03-27 14:00:00,23.7,47.7,600,102,149,Active,Active,Active
SNS_006388,Central Secretariat,2026-03-27 14:00:00,21.5,60.2,678,85,125,Under Maintenance,Active,Active
SNS_006389,Yamuna Bank,2026-03-27 14:00:00,22.9,58.4,693,140,159,Active,Active,Active
SNS_006390,Inderlok,2026-03-27 14:00:00,23.2,51.6,631,120,128,Active,Active,Active
SNS_006391,Rajiv Chowk,2026-03-27 15:00:00,22.7,50.0,804,80,268,Under Maintenance,Active,Active
SNS_006392,Kashmere Gate,2026-03-27 15:00:00,23.4,56.7,541,96,135,Active,Active,Active
SNS_006393,New Delhi,2026-03-27 15:00:00,23.0,53.7,817,75,377,Active,Active,Active
SNS_006394,Hauz Khas,2026-03-27 15:00:00,22.2,57.1,727,46,209,Active,Active,Active
SNS_006395,Botanical Garden,2026-03-27 15:00:00,23.4,57.1,554,101,370,Active,Active,Active
SNS_006396,Janakpuri West,2026-03-27 15:00:00,22.3,52.0,575,70,357,Active,Active,Active
SNS_006397,Lajpat Nagar,2026-03-27 15:00:00,23.1,48.6,588,105,213,Active,Active,Active
SNS_006398,Central Secretariat,2026-03-27 15:00:00,23.2,51.0,801,122,215,Inactive,Active,Active
SNS_006399,Yamuna Bank,2026-03-27 15:00:00,21.4,62.8,531,73,396,Active,Active,Active
SNS_006400,Inderlok,2026-03-27 15:00:00,23.6,54.2,468,69,292,Active,Active,Active
SNS_006401,Rajiv Chowk,2026-03-27 16:00:00,22.4,50.8,475,143,232,Active,Active,Active
SNS_006402,Kashmere Gate,2026-03-27 16:00:00,23.3,53.3,678,56,307,Active,Active,Active
SNS_006403,New Delhi,2026-03-27 16:00:00,24.0,46.2,675,130,258,Active,Active,Active
SNS_006404,Hauz Khas,2026-03-27 16:00:00,22.2,58.3,530,124,246,Active,Active,Active
SNS_006405,Botanical Garden,2026-03-27 16:00:00,23.5,62.8,619,69,349,Active,Active,Active
SNS_006406,Janakpuri West,2026-03-27 16:00:00,22.8,52.3,606,45,248,Active,Active,Active
SNS_006407,Lajpat Nagar,2026-03-27 16:00:00,24.2,55.2,779,135,228,Active,Active,Active
SNS_006408,Central Secretariat,2026-03-27 16:00:00,22.9,57.4,604,69,393,Active,Active,Inactive
SNS_006409,Yamuna Bank,2026-03-27 16:00:00,23.7,63.1,484,43,169,Active,Active,Active
SNS_006410,Inderlok,2026-03-27 16:00:00,23.8,53.0,846,110,346,Active,Active,Active
SNS_006411,Rajiv Chowk,2026-03-27 17:00:00,23.3,51.9,608,51,850,Active,Active,Active
SNS_006412,Kashmere Gate,2026-03-27 17:00:00,24.2,52.9,774,66,1201,Active,Active,Active
SNS_006413,New Delhi,2026-03-27 17:00:00,24.3,62.8,693,90,533,Active,Active,Active
SNS_006414,Hauz Khas,2026-03-27 17:00:00,23.5,45.3,656,134,573,Active,Active,Active
SNS_006415,Botanical Garden,2026-03-27 17:00:00,24.1,53.4,780,108,1489,Active,Active,Active
SNS_006416,Janakpuri West,2026-03-27 17:00:00,23.3,51.6,623,75,872,Active,Active,Active
SNS_006417,Lajpat Nagar,2026-03-27 17:00:00,24.3,48.3,647,62,1381,Active,Active,Active
SNS_006418,Central Secretariat,2026-03-27 17:00:00,24.1,62.6,748,97,1408,Active,Active,Active
SNS_006419,Yamuna Bank,2026-03-27 17:00:00,23.0,46.7,821,84,860,Active,Active,Active
SNS_006420,Inderlok,2026-03-27 17:00:00,23.2,46.7,665,87,744,Active,Active,Active
SNS_006421,Rajiv Chowk,2026-03-27 18:00:00,21.7,65.0,774,94,940,Active,Active,Active
SNS_006422,Kashmere Gate,2026-03-27 18:00:00,21.7,64.3,516,126,931,Active,Active,Active
SNS_006423,New Delhi,2026-03-27 18:00:00,23.4,61.9,573,67,1328,Active,Active,Active
SNS_006424,Hauz Khas,2026-03-27 18:00:00,23.8,52.7,659,147,784,Active,Active,Active
SNS_006425,Botanical Garden,2026-03-27 18:00:00,23.0,55.0,743,98,606,Active,Active,Active
SNS_006426,Janakpuri West,2026-03-27 18:00:00,21.3,53.1,720,73,1181,Active,Active,Active
SNS_006427,Lajpat Nagar,2026-03-27 18:00:00,22.3,49.9,602,48,1369,Active,Active,Active
SNS_006428,Central Secretariat,2026-03-27 18:00:00,21.7,54.5,609,149,1465,Active,Active,Active
SNS_006429,Yamuna Bank,2026-03-27 18:00:00,21.7,61.0,567,78,692,Active,Active,Active
SNS_006430,Inderlok,2026-03-27 18:00:00,21.9,57.1,635,65,1187,Active,Active,Active
SNS_006431,Rajiv Chowk,2026-03-27 19:00:00,21.6,60.5,646,63,1052,Active,Active,Active
SNS_006432,Kashmere Gate,2026-03-27 19:00:00,23.9,57.2,484,70,990,Active,Active,Active
SNS_006433,New Delhi,2026-03-27 19:00:00,21.4,45.4,730,138,954,Active,Active,Active
SNS_006434,Hauz Khas,2026-03-27 19:00:00,21.2,55.0,666,129,1336,Active,Active,Active
SNS_006435,Botanical Garden,2026-03-27 19:00:00,21.2,60.3,659,120,1146,Active,Active,Active
SNS_006436,Janakpuri West,2026-03-27 19:00:00,21.5,54.6,483,103,950,Active,Active,Active
SNS_006437,Lajpat Nagar,2026-03-27 19:00:00,21.5,53.2,778,40,1497,Active,Active,Active
SNS_006438,Central Secretariat,2026-03-27 19:00:00,21.8,52.8,802,74,1420,Active,Active,Active
SNS_006439,Yamuna Bank,2026-03-27 19:00:00,24.0,61.3,810,130,548,Inactive,Active,Active
SNS_006440,Inderlok,2026-03-27 19:00:00,21.5,55.5,533,139,1064,Active,Active,Active
SNS_006441,Rajiv Chowk,2026-03-27 20:00:00,22.3,52.7,497,71,794,Active,Active,Active
SNS_006442,Kashmere Gate,2026-03-27 20:00:00,24.2,63.1,553,96,1104,Active,Active,Active
SNS_006443,New Delhi,2026-03-27 20:00:00,21.5,62.7,649,135,1129,Active,Active,Active
SNS_006444,Hauz Khas,2026-03-27 20:00:00,21.4,62.9,555,133,1438,Active,Active,Active
SNS_006445,Botanical Garden,2026-03-27 20:00:00,21.5,50.2,688,98,982,Active,Active,Active
SNS_006446,Janakpuri West,2026-03-27 20:00:00,24.3,51.9,621,123,862,Active,Active,Active
SNS_006447,Lajpat Nagar,2026-03-27 20:00:00,23.4,50.3,569,48,899,Active,Active,Active
SNS_006448,Central Secretariat,2026-03-27 20:00:00,21.6,58.6,850,123,1370,Active,Active,Active
SNS_006449,Yamuna Bank,2026-03-27 20:00:00,21.0,51.8,845,62,1002,Active,Active,Active
SNS_006450,Inderlok,2026-03-27 20:00:00,23.5,47.1,763,54,1097,Active,Active,Active
SNS_006451,Rajiv Chowk,2026-03-27 21:00:00,22.1,52.2,815,76,248,Active,Active,Active
SNS_006452,Kashmere Gate,2026-03-27 21:00:00,22.6,50.6,820,56,177,Active,Active,Active
SNS_006453,New Delhi,2026-03-27 21:00:00,23.8,46.4,541,135,287,Active,Active,Active
SNS_006454,Hauz Khas,2026-03-27 21:00:00,23.9,48.6,585,93,252,Active,Active,Active
SNS_006455,Botanical Garden,2026-03-27 21:00:00,24.4,49.7,479,128,328,Active,Active,Active
SNS_006456,Janakpuri West,2026-03-27 21:00:00,23.7,47.8,701,127,252,Active,Active,Active
SNS_006457,Lajpat Nagar,2026-03-27 21:00:00,21.8,45.2,765,105,216,Active,Active,Active
SNS_006458,Central Secretariat,2026-03-27 21:00:00,21.8,59.8,460,49,110,Active,Active,Active
SNS_006459,Yamuna Bank,2026-03-27 21:00:00,22.0,47.1,564,100,273,Active,Active,Active
SNS_006460,Inderlok,2026-03-27 21:00:00,24.3,57.7,476,98,273,Active,Active,Active
SNS_006461,Rajiv Chowk,2026-03-27 22:00:00,22.9,53.8,519,78,187,Active,Active,Active
SNS_006462,Kashmere Gate,2026-03-27 22:00:00,21.5,51.3,769,77,244,Active,Active,Active
SNS_006463,New Delhi,2026-03-27 22:00:00,22.9,63.2,787,100,316,Active,Active,Active
SNS_006464,Hauz Khas,2026-03-27 22:00:00,24.2,52.8,482,121,371,Active,Active,Active
SNS_006465,Botanical Garden,2026-03-27 22:00:00,22.8,51.1,486,101,352,Active,Active,Active
SNS_006466,Janakpuri West,2026-03-27 22:00:00,21.6,46.4,822,91,346,Active,Active,Active
SNS_006467,Lajpat Nagar,2026-03-27 22:00:00,22.2,63.1,835,82,145,Active,Active,Active
SNS_006468,Central Secretariat,2026-03-27 22:00:00,22.0,57.3,802,118,314,Active,Active,Active
SNS_006469,Yamuna Bank,2026-03-27 22:00:00,23.1,48.3,821,135,329,Active,Active,Active
SNS_006470,Inderlok,2026-03-27 22:00:00,22.1,51.8,631,104,100,Active,Active,Active
SNS_006471,Rajiv Chowk,2026-03-27 23:00:00,23.3,50.1,607,129,361,Active,Active,Active
SNS_006472,Kashmere Gate,2026-03-27 23:00:00,21.4,58.5,661,93,393,Active,Active,Active
SNS_006473,New Delhi,2026-03-27 23:00:00,23.1,59.8,478,138,247,Active,Active,Active
SNS_006474,Hauz Khas,2026-03-27 23:00:00,22.9,47.0,805,113,358,Active,Active,Active
SNS_006475,Botanical Garden,2026-03-27 23:00:00,23.4,63.6,491,132,229,Active,Active,Active
SNS_006476,Janakpuri West,2026-03-27 23:00:00,23.0,62.1,800,94,230,Active,Active,Active
SNS_006477,Lajpat Nagar,2026-03-27 23:00:00,24.1,48.5,781,102,324,Active,Active,Active
SNS_006478,Central Secretariat,2026-03-27 23:00:00,21.4,50.7,591,78,167,Active,Active,Active
SNS_006479,Yamuna Bank,2026-03-27 23:00:00,23.6,52.9,493,137,114,Active,Active,Active
SNS_006480,Inderlok,2026-03-27 23:00:00,21.5,51.9,823,133,246,Active,Active,Active
SNS_006481,Rajiv Chowk,2026-03-28 00:00:00,24.5,51.7,511,56,10,Active,Active,Active
SNS_006482,Kashmere Gate,2026-03-28 00:00:00,23.3,47.1,505,73,2,Active,Active,Active
SNS_006483,New Delhi,2026-03-28 00:00:00,21.1,49.8,505,45,7,Active,Inactive,Active
SNS_006484,Hauz Khas,2026-03-28 00:00:00,23.0,64.5,577,128,3,Active,Active,Active
SNS_006485,Botanical Garden,2026-03-28 00:00:00,22.7,45.8,611,106,8,Active,Active,Active
SNS_006486,Janakpuri West,2026-03-28 00:00:00,22.2,64.8,488,134,0,Active,Active,Active
SNS_006487,Lajpat Nagar,2026-03-28 00:00:00,21.8,49.0,812,110,3,Active,Active,Active
SNS_006488,Central Secretariat,2026-03-28 00:00:00,21.9,60.4,647,131,4,Active,Active,Active
SNS_006489,Yamuna Bank,2026-03-28 00:00:00,22.1,62.6,575,59,10,Active,Active,Active
SNS_006490,Inderlok,2026-03-28 00:00:00,21.1,49.3,662,84,6,Active,Inactive,Active
SNS_006491,Rajiv Chowk,2026-03-28 01:00:00,22.4,47.1,722,114,8,Active,Active,Active
SNS_006492,Kashmere Gate,2026-03-28 01:00:00,22.0,48.7,522,51,2,Active,Active,Active
SNS_006493,New Delhi,2026-03-28 01:00:00,21.3,61.3,812,150,0,Active,Active,Active
SNS_006494,Hauz Khas,2026-03-28 01:00:00,21.5,53.4,637,133,3,Active,Active,Active
SNS_006495,Botanical Garden,2026-03-28 01:00:00,22.8,54.3,687,120,9,Active,Active,Active
SNS_006496,Janakpuri West,2026-03-28 01:00:00,21.6,55.5,476,41,3,Active,Active,Active
SNS_006497,Lajpat Nagar,2026-03-28 01:00:00,22.8,58.2,682,110,5,Inactive,Active,Active
SNS_006498,Central Secretariat,2026-03-28 01:00:00,22.2,48.1,719,46,0,Active,Active,Active
SNS_006499,Yamuna Bank,2026-03-28 01:00:00,24.4,54.7,662,99,6,Active,Active,Active
SNS_006500,Inderlok,2026-03-28 01:00:00,24.5,45.5,703,129,5,Active,Active,Active
SNS_006501,Rajiv Chowk,2026-03-28 02:00:00,24.1,47.5,626,98,3,Active,Active,Active
SNS_006502,Kashmere Gate,2026-03-28 02:00:00,22.8,47.7,473,93,1,Active,Active,Active
SNS_006503,New Delhi,2026-03-28 02:00:00,22.5,57.4,475,86,8,Active,Active,Active
SNS_006504,Hauz Khas,2026-03-28 02:00:00,21.5,45.0,703,46,5,Active,Active,Active
SNS_006505,Botanical Garden,2026-03-28 02:00:00,24.1,54.5,532,53,2,Active,Active,Active
SNS_006506,Janakpuri West,2026-03-28 02:00:00,22.0,51.5,675,61,1,Active,Active,Active
SNS_006507,Lajpat Nagar,2026-03-28 02:00:00,21.1,64.2,580,47,2,Active,Active,Active
SNS_006508,Central Secretariat,2026-03-28 02:00:00,23.6,62.9,675,88,2,Active,Active,Active
SNS_006509,Yamuna Bank,2026-03-28 02:00:00,22.7,47.1,539,127,9,Active,Active,Active
SNS_006510,Inderlok,2026-03-28 02:00:00,23.2,47.9,578,134,6,Active,Active,Active
SNS_006511,Rajiv Chowk,2026-03-28 03:00:00,23.3,50.9,607,72,3,Active,Active,Active
SNS_006512,Kashmere Gate,2026-03-28 03:00:00,22.3,63.8,536,66,3,Active,Active,Active
SNS_006513,New Delhi,2026-03-28 03:00:00,22.6,61.0,702,117,2,Active,Active,Active
SNS_006514,Hauz Khas,2026-03-28 03:00:00,21.6,56.4,732,146,1,Active,Active,Active
SNS_006515,Botanical Garden,2026-03-28 03:00:00,23.1,53.3,782,70,3,Active,Active,Active
SNS_006516,Janakpuri West,2026-03-28 03:00:00,21.5,45.1,524,143,0,Active,Active,Active
SNS_006517,Lajpat Nagar,2026-03-28 03:00:00,22.3,51.4,782,94,4,Active,Active,Active
SNS_006518,Central Secretariat,2026-03-28 03:00:00,21.6,48.4,656,55,3,Active,Active,Active
SNS_006519,Yamuna Bank,2026-03-28 03:00:00,21.8,60.1,627,49,8,Under Maintenance,Active,Active
SNS_006520,Inderlok,2026-03-28 03:00:00,24.3,47.4,496,113,7,Active,Active,Active
SNS_006521,Rajiv Chowk,2026-03-28 04:00:00,21.5,56.1,658,135,3,Active,Active,Active
SNS_006522,Kashmere Gate,2026-03-28 04:00:00,21.6,54.9,772,110,1,Inactive,Active,Active
SNS_006523,New Delhi,2026-03-28 04:00:00,22.0,48.5,599,57,2,Active,Active,Active
SNS_006524,Hauz Khas,2026-03-28 04:00:00,22.8,60.4,785,88,10,Active,Active,Active
SNS_006525,Botanical Garden,2026-03-28 04:00:00,24.4,61.9,517,92,8,Active,Active,Active
SNS_006526,Janakpuri West,2026-03-28 04:00:00,22.7,64.6,571,113,3,Active,Active,Active
SNS_006527,Lajpat Nagar,2026-03-28 04:00:00,23.4,53.3,554,107,0,Active,Active,Active
SNS_006528,Central Secretariat,2026-03-28 04:00:00,23.4,54.3,576,94,4,Active,Active,Active
SNS_006529,Yamuna Bank,2026-03-28 04:00:00,21.9,57.7,660,53,10,Active,Under Maintenance,Active
SNS_006530,Inderlok,2026-03-28 04:00:00,22.1,54.8,737,84,7,Active,Active,Active
SNS_006531,Rajiv Chowk,2026-03-28 05:00:00,23.2,50.5,813,64,7,Active,Active,Active
SNS_006532,Kashmere Gate,2026-03-28 05:00:00,21.7,64.1,565,129,1,Active,Active,Active
SNS_006533,New Delhi,2026-03-28 05:00:00,21.3,62.3,788,68,6,Active,Active,Active
SNS_006534,Hauz Khas,2026-03-28 05:00:00,23.2,48.4,785,56,7,Active,Active,Active
SNS_006535,Botanical Garden,2026-03-28 05:00:00,23.1,50.1,646,84,0,Active,Active,Active
SNS_006536,Janakpuri West,2026-03-28 05:00:00,21.7,62.0,476,90,2,Active,Active,Active
SNS_006537,Lajpat Nagar,2026-03-28 05:00:00,21.1,51.9,570,78,1,Active,Active,Active
SNS_006538,Central Secretariat,2026-03-28 05:00:00,22.6,54.2,679,94,0,Active,Active,Active
SNS_006539,Yamuna Bank,2026-03-28 05:00:00,22.2,60.8,790,41,6,Active,Active,Active
SNS_006540,Inderlok,2026-03-28 05:00:00,24.0,47.1,468,65,5,Active,Active,Active
SNS_006541,Rajiv Chowk,2026-03-28 06:00:00,23.9,48.1,786,130,184,Active,Active,Active
SNS_006542,Kashmere Gate,2026-03-28 06:00:00,22.4,46.5,626,62,126,Active,Active,Active
SNS_006543,New Delhi,2026-03-28 06:00:00,21.0,60.1,556,59,310,Active,Active,Active
SNS_006544,Hauz Khas,2026-03-28 06:00:00,23.5,54.8,687,51,268,Active,Active,Active
SNS_006545,Botanical Garden,2026-03-28 06:00:00,23.9,61.0,798,113,359,Under Maintenance,Active,Active
SNS_006546,Janakpuri West,2026-03-28 06:00:00,24.1,64.7,577,77,379,Under Maintenance,Active,Active
SNS_006547,Lajpat Nagar,2026-03-28 06:00:00,21.2,49.7,594,71,180,Active,Active,Active
SNS_006548,Central Secretariat,2026-03-28 06:00:00,21.2,49.9,476,62,384,Active,Active,Active
SNS_006549,Yamuna Bank,2026-03-28 06:00:00,21.7,51.9,511,132,257,Active,Active,Active
SNS_006550,Inderlok,2026-03-28 06:00:00,23.3,46.9,840,136,187,Active,Active,Active
SNS_006551,Rajiv Chowk,2026-03-28 07:00:00,21.8,57.2,824,112,330,Under Maintenance,Active,Active
SNS_006552,Kashmere Gate,2026-03-28 07:00:00,23.4,54.3,696,46,121,Active,Active,Active
SNS_006553,New Delhi,2026-03-28 07:00:00,23.8,50.3,761,75,144,Active,Active,Active
SNS_006554,Hauz Khas,2026-03-28 07:00:00,22.6,63.1,827,107,227,Active,Active,Active
SNS_006555,Botanical Garden,2026-03-28 07:00:00,21.8,55.7,571,100,239,Active,Active,Active
SNS_006556,Janakpuri West,2026-03-28 07:00:00,22.7,45.2,793,94,349,Active,Active,Active
SNS_006557,Lajpat Nagar,2026-03-28 07:00:00,21.3,57.0,538,104,137,Under Maintenance,Active,Active
SNS_006558,Central Secretariat,2026-03-28 07:00:00,24.4,64.3,576,135,182,Active,Active,Active
SNS_006559,Yamuna Bank,2026-03-28 07:00:00,23.6,45.4,643,75,310,Inactive,Active,Active
SNS_006560,Inderlok,2026-03-28 07:00:00,22.9,63.9,761,146,220,Active,Active,Active
SNS_006561,Rajiv Chowk,2026-03-28 08:00:00,23.8,55.3,514,46,1362,Active,Active,Active
SNS_006562,Kashmere Gate,2026-03-28 08:00:00,23.4,64.8,798,100,1402,Active,Under Maintenance,Active
SNS_006563,New Delhi,2026-03-28 08:00:00,24.3,64.3,838,104,751,Inactive,Active,Active
SNS_006564,Hauz Khas,2026-03-28 08:00:00,22.3,47.5,849,54,1450,Active,Active,Active
SNS_006565,Botanical Garden,2026-03-28 08:00:00,21.0,60.9,718,85,854,Active,Active,Active
SNS_006566,Janakpuri West,2026-03-28 08:00:00,22.8,58.2,654,110,1091,Active,Active,Active
SNS_006567,Lajpat Nagar,2026-03-28 08:00:00,22.6,57.7,716,116,1266,Active,Active,Active
SNS_006568,Central Secretariat,2026-03-28 08:00:00,24.3,54.4,813,144,1076,Active,Active,Active
SNS_006569,Yamuna Bank,2026-03-28 08:00:00,21.9,61.3,648,92,1493,Active,Active,Active
SNS_006570,Inderlok,2026-03-28 08:00:00,23.9,59.2,723,86,1412,Active,Active,Active
SNS_006571,Rajiv Chowk,2026-03-28 09:00:00,21.2,47.6,847,76,1462,Active,Active,Active
SNS_006572,Kashmere Gate,2026-03-28 09:00:00,23.7,60.6,698,128,890,Active,Active,Active
SNS_006573,New Delhi,2026-03-28 09:00:00,21.0,61.7,760,74,1439,Inactive,Active,Active
SNS_006574,Hauz Khas,2026-03-28 09:00:00,24.0,57.3,802,143,820,Active,Active,Inactive
SNS_006575,Botanical Garden,2026-03-28 09:00:00,23.1,63.2,779,103,1110,Active,Active,Active
SNS_006576,Janakpuri West,2026-03-28 09:00:00,21.3,50.9,782,43,1099,Active,Active,Active
SNS_006577,Lajpat Nagar,2026-03-28 09:00:00,23.4,55.9,646,68,1251,Inactive,Active,Active
SNS_006578,Central Secretariat,2026-03-28 09:00:00,22.3,53.8,450,95,1128,Under Maintenance,Active,Active
SNS_006579,Yamuna Bank,2026-03-28 09:00:00,23.8,45.8,679,107,1180,Active,Active,Active
SNS_006580,Inderlok,2026-03-28 09:00:00,21.5,61.3,560,131,1378,Active,Active,Active
SNS_006581,Rajiv Chowk,2026-03-28 10:00:00,21.3,57.4,835,93,536,Active,Active,Active
SNS_006582,Kashmere Gate,2026-03-28 10:00:00,23.9,53.8,531,54,689,Active,Active,Active
SNS_006583,New Delhi,2026-03-28 10:00:00,22.9,61.6,574,142,581,Active,Active,Active
SNS_006584,Hauz Khas,2026-03-28 10:00:00,24.3,47.3,487,88,1059,Active,Active,Active
SNS_006585,Botanical Garden,2026-03-28 10:00:00,22.1,61.9,731,116,1487,Active,Active,Active
SNS_006586,Janakpuri West,2026-03-28 10:00:00,24.4,62.6,548,91,1340,Active,Active,Active
SNS_006587,Lajpat Nagar,2026-03-28 10:00:00,23.4,54.9,712,68,563,Active,Active,Active
SNS_006588,Central Secretariat,2026-03-28 10:00:00,22.2,53.0,701,85,1375,Active,Active,Active
SNS_006589,Yamuna Bank,2026-03-28 10:00:00,24.0,45.6,635,60,1055,Active,Active,Active
SNS_006590,Inderlok,2026-03-28 10:00:00,22.5,46.9,581,121,785,Active,Active,Active
SNS_006591,Rajiv Chowk,2026-03-28 11:00:00,23.5,64.6,757,60,337,Active,Active,Active
SNS_006592,Kashmere Gate,2026-03-28 11:00:00,21.1,58.5,769,63,340,Active,Active,Active
SNS_006593,New Delhi,2026-03-28 11:00:00,24.3,56.8,695,98,386,Active,Active,Active
SNS_006594,Hauz Khas,2026-03-28 11:00:00,23.3,46.5,482,145,201,Active,Active,Active
SNS_006595,Botanical Garden,2026-03-28 11:00:00,22.2,56.5,606,120,197,Active,Active,Active
SNS_006596,Janakpuri West,2026-03-28 11:00:00,23.8,45.1,576,41,168,Active,Under Maintenance,Active
SNS_006597,Lajpat Nagar,2026-03-28 11:00:00,22.7,54.5,460,41,303,Active,Active,Active
SNS_006598,Central Secretariat,2026-03-28 11:00:00,23.7,52.6,689,62,279,Active,Active,Active
SNS_006599,Yamuna Bank,2026-03-28 11:00:00,24.1,57.1,573,70,393,Active,Active,Active
SNS_006600,Inderlok,2026-03-28 11:00:00,21.8,63.7,850,147,159,Inactive,Active,Active
SNS_006601,Rajiv Chowk,2026-03-28 12:00:00,21.4,49.3,538,143,340,Active,Active,Active
SNS_006602,Kashmere Gate,2026-03-28 12:00:00,24.2,51.6,665,99,223,Active,Under Maintenance,Active
SNS_006603,New Delhi,2026-03-28 12:00:00,21.9,54.3,766,117,152,Active,Active,Active
SNS_006604,Hauz Khas,2026-03-28 12:00:00,21.4,53.6,557,115,214,Active,Active,Active
SNS_006605,Botanical Garden,2026-03-28 12:00:00,23.8,55.0,800,68,276,Active,Active,Active
SNS_006606,Janakpuri West,2026-03-28 12:00:00,21.8,59.2,463,123,155,Active,Active,Active
SNS_006607,Lajpat Nagar,2026-03-28 12:00:00,21.4,59.0,776,86,348,Active,Active,Active
SNS_006608,Central Secretariat,2026-03-28 12:00:00,23.3,59.2,823,150,375,Active,Active,Active
SNS_006609,Yamuna Bank,2026-03-28 12:00:00,22.9,60.8,771,127,378,Active,Active,Active
SNS_006610,Inderlok,2026-03-28 12:00:00,22.7,58.8,592,100,350,Active,Active,Active
SNS_006611,Rajiv Chowk,2026-03-28 13:00:00,21.7,46.6,605,149,174,Active,Active,Active
SNS_006612,Kashmere Gate,2026-03-28 13:00:00,21.3,61.9,664,101,264,Active,Active,Active
SNS_006613,New Delhi,2026-03-28 13:00:00,23.4,58.6,544,95,340,Active,Active,Active
SNS_006614,Hauz Khas,2026-03-28 13:00:00,22.5,53.8,752,76,143,Active,Active,Active
SNS_006615,Botanical Garden,2026-03-28 13:00:00,22.9,60.0,584,56,303,Active,Active,Active
SNS_006616,Janakpuri West,2026-03-28 13:00:00,21.4,60.0,479,89,232,Active,Active,Active
SNS_006617,Lajpat Nagar,2026-03-28 13:00:00,21.3,45.8,813,68,273,Active,Active,Active
SNS_006618,Central Secretariat,2026-03-28 13:00:00,21.3,58.7,850,48,235,Active,Active,Active
SNS_006619,Yamuna Bank,2026-03-28 13:00:00,23.6,62.6,542,47,224,Active,Active,Active
SNS_006620,Inderlok,2026-03-28 13:00:00,22.2,46.6,539,137,227,Active,Active,Active
SNS_006621,Rajiv Chowk,2026-03-28 14:00:00,23.5,50.6,830,148,109,Active,Active,Active
SNS_006622,Kashmere Gate,2026-03-28 14:00:00,21.2,59.6,567,57,376,Active,Active,Active
SNS_006623,New Delhi,2026-03-28 14:00:00,21.3,56.2,596,51,180,Active,Active,Active
SNS_006624,Hauz Khas,2026-03-28 14:00:00,24.1,64.5,644,80,239,Active,Active,Active
SNS_006625,Botanical Garden,2026-03-28 14:00:00,24.4,65.0,692,63,326,Active,Active,Active
SNS_006626,Janakpuri West,2026-03-28 14:00:00,22.4,60.9,526,148,260,Active,Active,Active
SNS_006627,Lajpat Nagar,2026-03-28 14:00:00,23.3,49.4,640,44,268,Active,Active,Active
SNS_006628,Central Secretariat,2026-03-28 14:00:00,21.3,45.3,454,97,208,Active,Active,Active
SNS_006629,Yamuna Bank,2026-03-28 14:00:00,21.7,57.0,477,131,360,Active,Active,Active
SNS_006630,Inderlok,2026-03-28 14:00:00,24.3,47.5,784,127,189,Active,Active,Active
SNS_006631,Rajiv Chowk,2026-03-28 15:00:00,23.0,62.8,451,59,148,Active,Active,Active
SNS_006632,Kashmere Gate,2026-03-28 15:00:00,24.4,63.8,480,113,195,Active,Active,Active
SNS_006633,New Delhi,2026-03-28 15:00:00,24.2,61.8,592,143,181,Active,Active,Active
SNS_006634,Hauz Khas,2026-03-28 15:00:00,23.0,45.3,585,79,120,Active,Active,Active
SNS_006635,Botanical Garden,2026-03-28 15:00:00,21.9,61.3,763,67,230,Active,Active,Active
SNS_006636,Janakpuri West,2026-03-28 15:00:00,21.5,47.6,734,40,294,Active,Active,Active
SNS_006637,Lajpat Nagar,2026-03-28 15:00:00,23.5,54.2,544,91,128,Active,Active,Active
SNS_006638,Central Secretariat,2026-03-28 15:00:00,23.5,53.8,598,95,112,Active,Active,Active
SNS_006639,Yamuna Bank,2026-03-28 15:00:00,22.7,51.9,781,124,286,Active,Active,Active
SNS_006640,Inderlok,2026-03-28 15:00:00,23.7,51.8,658,41,222,Active,Active,Active
SNS_006641,Rajiv Chowk,2026-03-28 16:00:00,22.6,60.5,807,87,335,Active,Active,Active
SNS_006642,Kashmere Gate,2026-03-28 16:00:00,21.9,61.6,535,70,184,Active,Active,Active
SNS_006643,New Delhi,2026-03-28 16:00:00,22.1,50.8,768,45,213,Under Maintenance,Active,Active
SNS_006644,Hauz Khas,2026-03-28 16:00:00,24.0,61.7,676,72,326,Under Maintenance,Active,Active
SNS_006645,Botanical Garden,2026-03-28 16:00:00,21.5,60.7,746,126,357,Active,Active,Active
SNS_006646,Janakpuri West,2026-03-28 16:00:00,23.6,59.1,713,135,136,Active,Active,Active
SNS_006647,Lajpat Nagar,2026-03-28 16:00:00,23.5,59.8,578,148,243,Active,Active,Active
SNS_006648,Central Secretariat,2026-03-28 16:00:00,22.2,47.3,786,40,352,Active,Active,Active
SNS_006649,Yamuna Bank,2026-03-28 16:00:00,23.8,57.6,590,134,203,Active,Active,Active
SNS_006650,Inderlok,2026-03-28 16:00:00,23.0,48.0,563,126,347,Active,Active,Active
SNS_006651,Rajiv Chowk,2026-03-28 17:00:00,21.8,63.7,467,41,596,Active,Active,Active
SNS_006652,Kashmere Gate,2026-03-28 17:00:00,22.4,51.0,821,149,1296,Inactive,Active,Active
SNS_006653,New Delhi,2026-03-28 17:00:00,22.4,52.4,625,78,1080,Active,Active,Active
SNS_006654,Hauz Khas,2026-03-28 17:00:00,23.9,59.7,689,44,911,Active,Active,Active
SNS_006655,Botanical Garden,2026-03-28 17:00:00,24.4,52.4,828,144,658,Active,Active,Active
SNS_006656,Janakpuri West,2026-03-28 17:00:00,24.4,51.4,828,106,637,Active,Active,Active
SNS_006657,Lajpat Nagar,2026-03-28 17:00:00,22.4,55.7,805,69,964,Active,Active,Active
SNS_006658,Central Secretariat,2026-03-28 17:00:00,21.3,50.4,515,71,995,Inactive,Active,Active
SNS_006659,Yamuna Bank,2026-03-28 17:00:00,22.3,49.3,663,117,572,Active,Active,Active
SNS_006660,Inderlok,2026-03-28 17:00:00,21.9,54.3,653,119,957,Under Maintenance,Active,Active
SNS_006661,Rajiv Chowk,2026-03-28 18:00:00,22.2,48.9,780,116,1223,Active,Active,Active
SNS_006662,Kashmere Gate,2026-03-28 18:00:00,24.0,63.1,825,132,1245,Active,Active,Active
SNS_006663,New Delhi,2026-03-28 18:00:00,22.9,45.8,786,148,805,Inactive,Active,Active
SNS_006664,Hauz Khas,2026-03-28 18:00:00,23.7,59.2,709,52,616,Active,Active,Active
SNS_006665,Botanical Garden,2026-03-28 18:00:00,23.5,54.5,683,77,1064,Active,Active,Active
SNS_006666,Janakpuri West,2026-03-28 18:00:00,23.9,46.5,584,86,968,Active,Active,Active
SNS_006667,Lajpat Nagar,2026-03-28 18:00:00,24.3,53.3,487,128,1153,Active,Active,Active
SNS_006668,Central Secretariat,2026-03-28 18:00:00,23.7,55.1,451,135,997,Active,Active,Active
SNS_006669,Yamuna Bank,2026-03-28 18:00:00,22.1,47.7,844,137,995,Active,Active,Active
SNS_006670,Inderlok,2026-03-28 18:00:00,23.8,45.5,556,149,1002,Active,Active,Active
SNS_006671,Rajiv Chowk,2026-03-28 19:00:00,24.4,56.7,460,94,850,Active,Active,Active
SNS_006672,Kashmere Gate,2026-03-28 19:00:00,23.5,52.0,522,126,993,Active,Active,Active
SNS_006673,New Delhi,2026-03-28 19:00:00,21.1,59.1,796,77,1423,Active,Active,Active
SNS_006674,Hauz Khas,2026-03-28 19:00:00,22.8,58.3,469,48,956,Active,Active,Active
SNS_006675,Botanical Garden,2026-03-28 19:00:00,24.3,53.0,590,57,1454,Active,Active,Active
SNS_006676,Janakpuri West,2026-03-28 19:00:00,21.1,50.0,516,145,1346,Active,Active,Active
SNS_006677,Lajpat Nagar,2026-03-28 19:00:00,24.2,59.3,587,56,561,Active,Active,Active
SNS_006678,Central Secretariat,2026-03-28 19:00:00,22.9,59.2,584,86,1153,Active,Active,Active
SNS_006679,Yamuna Bank,2026-03-28 19:00:00,21.7,59.2,562,125,1430,Active,Active,Active
SNS_006680,Inderlok,2026-03-28 19:00:00,21.8,55.1,673,124,1296,Active,Active,Active
SNS_006681,Rajiv Chowk,2026-03-28 20:00:00,22.1,59.1,566,107,505,Active,Active,Active
SNS_006682,Kashmere Gate,2026-03-28 20:00:00,24.3,53.6,528,141,1319,Under Maintenance,Active,Active
SNS_006683,New Delhi,2026-03-28 20:00:00,23.8,51.1,604,53,1136,Active,Active,Active
SNS_006684,Hauz Khas,2026-03-28 20:00:00,24.5,52.5,591,113,733,Inactive,Active,Active
SNS_006685,Botanical Garden,2026-03-28 20:00:00,23.1,46.2,605,129,761,Active,Active,Active
SNS_006686,Janakpuri West,2026-03-28 20:00:00,22.3,45.6,513,118,1350,Under Maintenance,Active,Active
SNS_006687,Lajpat Nagar,2026-03-28 20:00:00,21.0,62.3,668,47,1273,Active,Active,Active
SNS_006688,Central Secretariat,2026-03-28 20:00:00,23.5,60.9,671,141,530,Active,Active,Active
SNS_006689,Yamuna Bank,2026-03-28 20:00:00,23.9,52.7,696,68,788,Active,Active,Active
SNS_006690,Inderlok,2026-03-28 20:00:00,21.8,48.0,740,61,1366,Active,Active,Active
SNS_006691,Rajiv Chowk,2026-03-28 21:00:00,24.3,55.5,785,58,341,Active,Active,Active
SNS_006692,Kashmere Gate,2026-03-28 21:00:00,22.6,55.9,686,148,251,Active,Active,Active
SNS_006693,New Delhi,2026-03-28 21:00:00,23.4,57.8,453,148,277,Active,Active,Active
SNS_006694,Hauz Khas,2026-03-28 21:00:00,23.9,49.5,833,133,201,Active,Active,Active
SNS_006695,Botanical Garden,2026-03-28 21:00:00,21.1,53.2,515,125,335,Active,Under Maintenance,Active
SNS_006696,Janakpuri West,2026-03-28 21:00:00,21.7,61.6,679,135,191,Active,Active,Active
SNS_006697,Lajpat Nagar,2026-03-28 21:00:00,22.1,48.7,820,93,391,Active,Active,Active
SNS_006698,Central Secretariat,2026-03-28 21:00:00,23.4,46.5,586,59,172,Active,Active,Active
SNS_006699,Yamuna Bank,2026-03-28 21:00:00,23.5,61.9,524,53,285,Active,Active,Active
SNS_006700,Inderlok,2026-03-28 21:00:00,21.1,55.0,620,94,309,Active,Active,Active
SNS_006701,Rajiv Chowk,2026-03-28 22:00:00,21.9,49.7,742,146,101,Active,Active,Active
SNS_006702,Kashmere Gate,2026-03-28 22:00:00,21.4,55.9,705,146,160,Active,Active,Active
SNS_006703,New Delhi,2026-03-28 22:00:00,22.1,64.3,642,120,225,Active,Active,Active
SNS_006704,Hauz Khas,2026-03-28 22:00:00,24.2,56.8,610,85,166,Active,Active,Active
SNS_006705,Botanical Garden,2026-03-28 22:00:00,24.3,57.3,474,127,313,Active,Active,Active
SNS_006706,Janakpuri West,2026-03-28 22:00:00,21.5,56.1,466,96,170,Under Maintenance,Active,Active
SNS_006707,Lajpat Nagar,2026-03-28 22:00:00,23.5,64.6,687,107,361,Active,Active,Active
SNS_006708,Central Secretariat,2026-03-28 22:00:00,22.9,55.5,535,110,311,Active,Active,Active
SNS_006709,Yamuna Bank,2026-03-28 22:00:00,22.7,50.6,453,87,195,Active,Active,Active
SNS_006710,Inderlok,2026-03-28 22:00:00,21.4,54.3,703,94,105,Active,Active,Active
SNS_006711,Rajiv Chowk,2026-03-28 23:00:00,23.3,62.0,782,71,358,Active,Active,Active
SNS_006712,Kashmere Gate,2026-03-28 23:00:00,24.5,46.6,650,127,115,Active,Active,Active
SNS_006713,New Delhi,2026-03-28 23:00:00,23.3,58.9,828,139,210,Under Maintenance,Active,Active
SNS_006714,Hauz Khas,2026-03-28 23:00:00,21.9,50.7,476,112,345,Active,Active,Active
SNS_006715,Botanical Garden,2026-03-28 23:00:00,23.1,55.7,546,71,346,Active,Active,Active
SNS_006716,Janakpuri West,2026-03-28 23:00:00,24.1,50.6,615,90,201,Active,Active,Active
SNS_006717,Lajpat Nagar,2026-03-28 23:00:00,21.7,45.2,495,136,396,Active,Active,Active
SNS_006718,Central Secretariat,2026-03-28 23:00:00,22.4,56.5,711,77,284,Active,Active,Active
SNS_006719,Yamuna Bank,2026-03-28 23:00:00,22.3,56.5,832,67,352,Active,Active,Active
SNS_006720,Inderlok,2026-03-28 23:00:00,22.6,58.2,706,109,128,Active,Active,Active
SNS_006721,Rajiv Chowk,2026-03-29 00:00:00,24.4,55.7,492,62,9,Active,Active,Active
SNS_006722,Kashmere Gate,2026-03-29 00:00:00,22.9,57.1,569,122,6,Active,Active,Active
SNS_006723,New Delhi,2026-03-29 00:00:00,24.2,64.1,677,78,5,Active,Active,Active
SNS_006724,Hauz Khas,2026-03-29 00:00:00,21.5,58.8,668,120,4,Active,Active,Active
SNS_006725,Botanical Garden,2026-03-29 00:00:00,21.6,46.4,775,137,5,Active,Inactive,Active
SNS_006726,Janakpuri West,2026-03-29 00:00:00,22.2,56.5,737,80,3,Active,Active,Active
SNS_006727,Lajpat Nagar,2026-03-29 00:00:00,21.0,52.5,657,110,10,Active,Active,Active
SNS_006728,Central Secretariat,2026-03-29 00:00:00,22.2,47.8,504,42,3,Active,Active,Active
SNS_006729,Yamuna Bank,2026-03-29 00:00:00,21.7,53.8,845,73,2,Inactive,Active,Active
SNS_006730,Inderlok,2026-03-29 00:00:00,21.2,51.3,573,93,8,Active,Active,Active
SNS_006731,Rajiv Chowk,2026-03-29 01:00:00,21.6,50.6,604,64,9,Active,Active,Active
SNS_006732,Kashmere Gate,2026-03-29 01:00:00,22.5,47.2,598,78,5,Active,Active,Active
SNS_006733,New Delhi,2026-03-29 01:00:00,23.4,48.4,491,106,7,Active,Active,Active
SNS_006734,Hauz Khas,2026-03-29 01:00:00,21.8,64.1,634,131,0,Active,Active,Active
SNS_006735,Botanical Garden,2026-03-29 01:00:00,22.4,56.7,735,47,3,Active,Active,Active
SNS_006736,Janakpuri West,2026-03-29 01:00:00,22.9,51.1,788,48,6,Active,Under Maintenance,Active
SNS_006737,Lajpat Nagar,2026-03-29 01:00:00,21.8,52.6,606,83,1,Active,Active,Active
SNS_006738,Central Secretariat,2026-03-29 01:00:00,23.4,46.6,605,132,0,Active,Active,Active
SNS_006739,Yamuna Bank,2026-03-29 01:00:00,22.4,56.8,638,40,5,Active,Active,Active
SNS_006740,Inderlok,2026-03-29 01:00:00,22.7,50.9,836,78,2,Active,Active,Active
SNS_006741,Rajiv Chowk,2026-03-29 02:00:00,23.9,63.8,532,80,1,Active,Active,Active
SNS_006742,Kashmere Gate,2026-03-29 02:00:00,23.0,50.1,639,87,5,Active,Active,Active
SNS_006743,New Delhi,2026-03-29 02:00:00,21.8,64.8,675,103,9,Active,Active,Active
SNS_006744,Hauz Khas,2026-03-29 02:00:00,23.1,62.2,849,107,2,Active,Active,Active
SNS_006745,Botanical Garden,2026-03-29 02:00:00,23.6,60.3,614,56,2,Active,Active,Active
SNS_006746,Janakpuri West,2026-03-29 02:00:00,21.4,53.6,623,115,4,Active,Active,Active
SNS_006747,Lajpat Nagar,2026-03-29 02:00:00,23.2,60.7,540,100,4,Active,Active,Active
SNS_006748,Central Secretariat,2026-03-29 02:00:00,21.9,47.9,785,122,0,Active,Active,Active
SNS_006749,Yamuna Bank,2026-03-29 02:00:00,21.4,61.2,512,145,8,Active,Active,Active
SNS_006750,Inderlok,2026-03-29 02:00:00,24.3,61.9,800,56,2,Active,Active,Active
SNS_006751,Rajiv Chowk,2026-03-29 03:00:00,21.3,45.4,771,149,5,Active,Active,Active
SNS_006752,Kashmere Gate,2026-03-29 03:00:00,22.2,49.3,475,73,0,Inactive,Active,Active
SNS_006753,New Delhi,2026-03-29 03:00:00,21.2,64.0,524,101,7,Active,Active,Active
SNS_006754,Hauz Khas,2026-03-29 03:00:00,24.5,47.0,752,130,8,Active,Active,Active
SNS_006755,Botanical Garden,2026-03-29 03:00:00,23.3,54.3,806,139,5,Active,Active,Active
SNS_006756,Janakpuri West,2026-03-29 03:00:00,22.8,62.6,686,122,0,Active,Active,Active
SNS_006757,Lajpat Nagar,2026-03-29 03:00:00,23.8,48.1,746,118,8,Active,Active,Active
SNS_006758,Central Secretariat,2026-03-29 03:00:00,23.0,46.1,766,125,7,Active,Active,Active
SNS_006759,Yamuna Bank,2026-03-29 03:00:00,23.4,48.8,763,117,2,Active,Active,Active
SNS_006760,Inderlok,2026-03-29 03:00:00,22.2,53.4,522,78,8,Active,Active,Active
SNS_006761,Rajiv Chowk,2026-03-29 04:00:00,22.0,46.2,792,76,4,Under Maintenance,Active,Active
SNS_006762,Kashmere Gate,2026-03-29 04:00:00,21.9,52.8,546,131,7,Active,Active,Active
SNS_006763,New Delhi,2026-03-29 04:00:00,24.4,50.8,646,68,8,Active,Active,Active
SNS_006764,Hauz Khas,2026-03-29 04:00:00,21.5,52.1,748,125,4,Active,Active,Active
SNS_006765,Botanical Garden,2026-03-29 04:00:00,22.9,51.0,450,81,6,Active,Active,Active
SNS_006766,Janakpuri West,2026-03-29 04:00:00,22.3,59.3,637,107,3,Active,Active,Active
SNS_006767,Lajpat Nagar,2026-03-29 04:00:00,22.4,59.5,694,44,5,Active,Active,Active
SNS_006768,Central Secretariat,2026-03-29 04:00:00,22.2,53.1,616,52,2,Active,Active,Active
SNS_006769,Yamuna Bank,2026-03-29 04:00:00,22.8,63.1,509,71,4,Active,Active,Active
SNS_006770,Inderlok,2026-03-29 04:00:00,21.4,49.1,758,117,1,Active,Active,Active
SNS_006771,Rajiv Chowk,2026-03-29 05:00:00,21.1,58.5,611,79,1,Active,Active,Active
SNS_006772,Kashmere Gate,2026-03-29 05:00:00,23.3,50.0,613,150,8,Active,Active,Active
SNS_006773,New Delhi,2026-03-29 05:00:00,21.9,63.3,683,119,2,Active,Active,Active
SNS_006774,Hauz Khas,2026-03-29 05:00:00,23.8,60.6,523,89,6,Active,Active,Active
SNS_006775,Botanical Garden,2026-03-29 05:00:00,21.6,49.1,762,103,5,Active,Active,Active
SNS_006776,Janakpuri West,2026-03-29 05:00:00,24.2,60.5,484,107,1,Active,Active,Active
SNS_006777,Lajpat Nagar,2026-03-29 05:00:00,22.9,53.1,608,141,6,Active,Under Maintenance,Active
SNS_006778,Central Secretariat,2026-03-29 05:00:00,21.7,48.4,769,60,4,Active,Active,Active
SNS_006779,Yamuna Bank,2026-03-29 05:00:00,23.0,51.7,589,79,8,Active,Active,Active
SNS_006780,Inderlok,2026-03-29 05:00:00,24.1,54.9,563,88,2,Active,Active,Active
SNS_006781,Rajiv Chowk,2026-03-29 06:00:00,21.0,45.2,506,139,198,Active,Active,Active
SNS_006782,Kashmere Gate,2026-03-29 06:00:00,23.8,54.5,828,48,388,Active,Active,Active
SNS_006783,New Delhi,2026-03-29 06:00:00,21.4,47.8,844,122,364,Active,Active,Active
SNS_006784,Hauz Khas,2026-03-29 06:00:00,23.8,54.6,655,91,302,Active,Active,Active
SNS_006785,Botanical Garden,2026-03-29 06:00:00,23.4,46.2,542,64,211,Active,Active,Active
SNS_006786,Janakpuri West,2026-03-29 06:00:00,22.1,63.0,643,102,158,Active,Active,Active
SNS_006787,Lajpat Nagar,2026-03-29 06:00:00,23.8,62.3,540,67,227,Active,Active,Active
SNS_006788,Central Secretariat,2026-03-29 06:00:00,22.5,51.7,737,102,233,Under Maintenance,Active,Active
SNS_006789,Yamuna Bank,2026-03-29 06:00:00,23.2,50.2,584,150,198,Inactive,Active,Active
SNS_006790,Inderlok,2026-03-29 06:00:00,22.2,58.0,690,97,379,Active,Active,Active
SNS_006791,Rajiv Chowk,2026-03-29 07:00:00,22.1,59.9,662,145,325,Active,Active,Active
SNS_006792,Kashmere Gate,2026-03-29 07:00:00,23.0,47.4,826,105,197,Active,Active,Active
SNS_006793,New Delhi,2026-03-29 07:00:00,24.2,64.1,631,141,330,Active,Active,Active
SNS_006794,Hauz Khas,2026-03-29 07:00:00,22.0,63.0,723,44,121,Active,Active,Active
SNS_006795,Botanical Garden,2026-03-29 07:00:00,21.6,62.0,555,150,353,Active,Active,Active
SNS_006796,Janakpuri West,2026-03-29 07:00:00,22.6,50.2,769,55,304,Active,Active,Active
SNS_006797,Lajpat Nagar,2026-03-29 07:00:00,23.0,49.6,713,117,319,Active,Active,Active
SNS_006798,Central Secretariat,2026-03-29 07:00:00,24.4,59.8,658,78,245,Active,Active,Active
SNS_006799,Yamuna Bank,2026-03-29 07:00:00,22.2,62.6,662,89,386,Active,Active,Active
SNS_006800,Inderlok,2026-03-29 07:00:00,21.6,50.8,460,69,146,Active,Active,Active
SNS_006801,Rajiv Chowk,2026-03-29 08:00:00,23.9,54.0,801,87,797,Active,Active,Active
SNS_006802,Kashmere Gate,2026-03-29 08:00:00,21.9,63.5,507,143,565,Active,Active,Active
SNS_006803,New Delhi,2026-03-29 08:00:00,21.7,45.7,807,122,822,Active,Active,Active
SNS_006804,Hauz Khas,2026-03-29 08:00:00,23.2,46.1,830,115,835,Active,Active,Active
SNS_006805,Botanical Garden,2026-03-29 08:00:00,24.4,61.1,537,76,710,Active,Active,Active
SNS_006806,Janakpuri West,2026-03-29 08:00:00,21.6,46.9,824,115,1451,Active,Active,Active
SNS_006807,Lajpat Nagar,2026-03-29 08:00:00,24.1,51.8,798,94,1449,Active,Active,Active
SNS_006808,Central Secretariat,2026-03-29 08:00:00,23.6,61.5,698,47,1051,Active,Active,Active
SNS_006809,Yamuna Bank,2026-03-29 08:00:00,21.8,62.2,649,92,1297,Active,Active,Active
SNS_006810,Inderlok,2026-03-29 08:00:00,21.1,49.5,731,148,920,Active,Active,Active
SNS_006811,Rajiv Chowk,2026-03-29 09:00:00,22.7,55.5,516,101,575,Active,Active,Active
SNS_006812,Kashmere Gate,2026-03-29 09:00:00,22.3,47.7,547,64,1130,Active,Active,Active
SNS_006813,New Delhi,2026-03-29 09:00:00,21.1,61.2,647,150,1272,Active,Active,Active
SNS_006814,Hauz Khas,2026-03-29 09:00:00,22.1,60.0,620,94,1286,Active,Active,Active
SNS_006815,Botanical Garden,2026-03-29 09:00:00,23.8,59.1,493,130,713,Active,Active,Active
SNS_006816,Janakpuri West,2026-03-29 09:00:00,21.3,56.6,484,40,1475,Active,Active,Active
SNS_006817,Lajpat Nagar,2026-03-29 09:00:00,24.2,61.6,838,42,788,Active,Active,Active
SNS_006818,Central Secretariat,2026-03-29 09:00:00,24.2,55.0,628,51,749,Active,Active,Active
SNS_006819,Yamuna Bank,2026-03-29 09:00:00,23.5,61.8,589,138,795,Active,Active,Active
SNS_006820,Inderlok,2026-03-29 09:00:00,22.5,57.5,740,50,526,Active,Active,Active
SNS_006821,Rajiv Chowk,2026-03-29 10:00:00,24.1,50.8,731,56,960,Active,Active,Active
SNS_006822,Kashmere Gate,2026-03-29 10:00:00,24.4,59.0,753,41,862,Active,Under Maintenance,Active
SNS_006823,New Delhi,2026-03-29 10:00:00,24.4,60.6,539,113,1184,Active,Active,Active
SNS_006824,Hauz Khas,2026-03-29 10:00:00,23.3,51.0,831,61,834,Active,Active,Active
SNS_006825,Botanical Garden,2026-03-29 10:00:00,23.1,45.5,523,145,527,Active,Active,Active
SNS_006826,Janakpuri West,2026-03-29 10:00:00,22.6,63.1,568,126,851,Active,Active,Active
SNS_006827,Lajpat Nagar,2026-03-29 10:00:00,23.7,48.8,809,62,1118,Active,Active,Active
SNS_006828,Central Secretariat,2026-03-29 10:00:00,23.7,54.7,805,116,817,Active,Active,Active
SNS_006829,Yamuna Bank,2026-03-29 10:00:00,24.2,53.7,636,45,1055,Active,Active,Active
SNS_006830,Inderlok,2026-03-29 10:00:00,22.5,62.6,610,120,668,Active,Active,Active
SNS_006831,Rajiv Chowk,2026-03-29 11:00:00,23.5,52.5,726,57,172,Active,Active,Active
SNS_006832,Kashmere Gate,2026-03-29 11:00:00,23.8,60.3,539,129,191,Active,Active,Active
SNS_006833,New Delhi,2026-03-29 11:00:00,21.3,49.2,547,147,184,Active,Active,Active
SNS_006834,Hauz Khas,2026-03-29 11:00:00,23.8,47.9,791,81,373,Active,Active,Active
SNS_006835,Botanical Garden,2026-03-29 11:00:00,23.0,54.0,486,110,310,Active,Active,Active
SNS_006836,Janakpuri West,2026-03-29 11:00:00,22.9,49.0,734,119,206,Active,Active,Active
SNS_006837,Lajpat Nagar,2026-03-29 11:00:00,23.5,54.1,549,81,245,Active,Active,Active
SNS_006838,Central Secretariat,2026-03-29 11:00:00,22.8,58.2,715,66,287,Active,Active,Active
SNS_006839,Yamuna Bank,2026-03-29 11:00:00,21.6,60.5,680,51,190,Active,Active,Active
SNS_006840,Inderlok,2026-03-29 11:00:00,23.4,62.5,604,128,345,Active,Inactive,Active
SNS_006841,Rajiv Chowk,2026-03-29 12:00:00,21.5,54.5,488,82,103,Active,Active,Active
SNS_006842,Kashmere Gate,2026-03-29 12:00:00,23.5,45.6,560,76,145,Active,Active,Active
SNS_006843,New Delhi,2026-03-29 12:00:00,23.9,57.9,450,44,312,Active,Active,Active
SNS_006844,Hauz Khas,2026-03-29 12:00:00,22.3,50.5,647,56,395,Active,Active,Active
SNS_006845,Botanical Garden,2026-03-29 12:00:00,21.6,57.2,608,44,239,Active,Active,Active
SNS_006846,Janakpuri West,2026-03-29 12:00:00,21.6,55.1,718,92,267,Under Maintenance,Active,Active
SNS_006847,Lajpat Nagar,2026-03-29 12:00:00,22.0,59.0,519,125,144,Active,Active,Active
SNS_006848,Central Secretariat,2026-03-29 12:00:00,21.3,47.9,702,75,292,Active,Active,Active
SNS_006849,Yamuna Bank,2026-03-29 12:00:00,23.5,45.8,554,115,139,Active,Active,Active
SNS_006850,Inderlok,2026-03-29 12:00:00,21.5,61.0,462,142,178,Active,Active,Active
SNS_006851,Rajiv Chowk,2026-03-29 13:00:00,23.3,62.8,829,53,159,Active,Active,Active
SNS_006852,Kashmere Gate,2026-03-29 13:00:00,24.1,59.3,528,82,290,Active,Active,Active
SNS_006853,New Delhi,2026-03-29 13:00:00,21.5,55.0,466,149,329,Active,Active,Active
SNS_006854,Hauz Khas,2026-03-29 13:00:00,21.9,60.4,777,120,314,Active,Under Maintenance,Active
SNS_006855,Botanical Garden,2026-03-29 13:00:00,24.3,52.6,628,148,289,Active,Active,Active
SNS_006856,Janakpuri West,2026-03-29 13:00:00,23.5,47.8,825,73,279,Active,Active,Active
SNS_006857,Lajpat Nagar,2026-03-29 13:00:00,21.7,56.9,545,68,334,Active,Active,Active
SNS_006858,Central Secretariat,2026-03-29 13:00:00,23.2,49.0,678,125,221,Active,Active,Active
SNS_006859,Yamuna Bank,2026-03-29 13:00:00,24.4,61.3,775,56,196,Active,Active,Active
SNS_006860,Inderlok,2026-03-29 13:00:00,22.9,45.8,458,68,169,Active,Active,Active
SNS_006861,Rajiv Chowk,2026-03-29 14:00:00,23.2,60.9,753,95,166,Active,Active,Active
SNS_006862,Kashmere Gate,2026-03-29 14:00:00,23.3,59.9,678,82,309,Active,Active,Active
SNS_006863,New Delhi,2026-03-29 14:00:00,21.2,61.2,669,119,369,Active,Active,Active
SNS_006864,Hauz Khas,2026-03-29 14:00:00,24.4,64.5,798,88,140,Active,Active,Active
SNS_006865,Botanical Garden,2026-03-29 14:00:00,21.5,47.2,567,68,219,Active,Active,Active
SNS_006866,Janakpuri West,2026-03-29 14:00:00,23.8,48.7,551,43,205,Active,Active,Active
SNS_006867,Lajpat Nagar,2026-03-29 14:00:00,21.5,55.1,523,121,167,Active,Active,Active
SNS_006868,Central Secretariat,2026-03-29 14:00:00,23.8,57.8,807,47,296,Active,Active,Active
SNS_006869,Yamuna Bank,2026-03-29 14:00:00,21.7,52.8,745,114,241,Active,Active,Active
SNS_006870,Inderlok,2026-03-29 14:00:00,21.9,63.3,667,60,143,Inactive,Active,Active
SNS_006871,Rajiv Chowk,2026-03-29 15:00:00,21.3,55.0,589,131,331,Active,Active,Active
SNS_006872,Kashmere Gate,2026-03-29 15:00:00,21.4,53.8,540,121,364,Active,Active,Active
SNS_006873,New Delhi,2026-03-29 15:00:00,23.5,56.2,816,102,317,Active,Active,Active
SNS_006874,Hauz Khas,2026-03-29 15:00:00,21.1,61.3,515,128,210,Active,Under Maintenance,Active
SNS_006875,Botanical Garden,2026-03-29 15:00:00,22.6,51.4,682,56,173,Active,Active,Active
SNS_006876,Janakpuri West,2026-03-29 15:00:00,23.1,54.4,625,58,314,Active,Active,Active
SNS_006877,Lajpat Nagar,2026-03-29 15:00:00,23.0,54.2,826,78,352,Active,Active,Active
SNS_006878,Central Secretariat,2026-03-29 15:00:00,22.0,59.9,544,60,176,Active,Active,Active
SNS_006879,Yamuna Bank,2026-03-29 15:00:00,22.3,48.1,845,116,280,Active,Active,Active
SNS_006880,Inderlok,2026-03-29 15:00:00,22.1,54.1,618,113,343,Active,Active,Active
SNS_006881,Rajiv Chowk,2026-03-29 16:00:00,22.2,58.1,790,136,338,Active,Active,Active
SNS_006882,Kashmere Gate,2026-03-29 16:00:00,21.0,47.7,665,112,263,Active,Active,Active
SNS_006883,New Delhi,2026-03-29 16:00:00,23.6,49.0,459,42,375,Active,Active,Active
SNS_006884,Hauz Khas,2026-03-29 16:00:00,21.6,62.0,571,114,206,Active,Active,Active
SNS_006885,Botanical Garden,2026-03-29 16:00:00,21.3,64.1,451,136,107,Active,Active,Active
SNS_006886,Janakpuri West,2026-03-29 16:00:00,22.2,50.7,844,148,310,Active,Active,Active
SNS_006887,Lajpat Nagar,2026-03-29 16:00:00,23.4,58.7,734,59,126,Active,Active,Active
SNS_006888,Central Secretariat,2026-03-29 16:00:00,21.9,56.4,801,132,216,Active,Active,Active
SNS_006889,Yamuna Bank,2026-03-29 16:00:00,23.4,54.5,504,78,287,Active,Active,Active
SNS_006890,Inderlok,2026-03-29 16:00:00,23.2,50.7,686,90,104,Active,Active,Active
SNS_006891,Rajiv Chowk,2026-03-29 17:00:00,23.0,46.3,765,134,531,Under Maintenance,Active,Active
SNS_006892,Kashmere Gate,2026-03-29 17:00:00,24.3,45.1,571,109,505,Active,Active,Active
SNS_006893,New Delhi,2026-03-29 17:00:00,23.6,63.6,543,63,1318,Active,Active,Active
SNS_006894,Hauz Khas,2026-03-29 17:00:00,23.8,59.7,627,138,728,Active,Active,Active
SNS_006895,Botanical Garden,2026-03-29 17:00:00,22.7,61.7,826,66,772,Active,Active,Active
SNS_006896,Janakpuri West,2026-03-29 17:00:00,23.6,47.2,767,59,1001,Active,Active,Active
SNS_006897,Lajpat Nagar,2026-03-29 17:00:00,22.0,52.5,584,137,1222,Active,Active,Active
SNS_006898,Central Secretariat,2026-03-29 17:00:00,22.3,62.9,583,60,1402,Active,Active,Active
SNS_006899,Yamuna Bank,2026-03-29 17:00:00,22.5,59.6,662,83,974,Active,Active,Active
SNS_006900,Inderlok,2026-03-29 17:00:00,23.1,46.5,574,58,877,Active,Active,Active
SNS_006901,Rajiv Chowk,2026-03-29 18:00:00,21.8,54.9,815,118,599,Active,Active,Active
SNS_006902,Kashmere Gate,2026-03-29 18:00:00,24.2,52.7,754,147,753,Active,Active,Active
SNS_006903,New Delhi,2026-03-29 18:00:00,22.3,51.9,784,128,1467,Active,Active,Active
SNS_006904,Hauz Khas,2026-03-29 18:00:00,22.2,52.5,461,120,971,Active,Active,Active
SNS_006905,Botanical Garden,2026-03-29 18:00:00,22.0,64.0,520,104,954,Active,Active,Active
SNS_006906,Janakpuri West,2026-03-29 18:00:00,23.9,59.9,773,140,724,Active,Active,Active
SNS_006907,Lajpat Nagar,2026-03-29 18:00:00,21.0,46.1,670,124,512,Active,Active,Active
SNS_006908,Central Secretariat,2026-03-29 18:00:00,24.1,53.0,696,83,1277,Active,Active,Active
SNS_006909,Yamuna Bank,2026-03-29 18:00:00,21.5,62.1,578,80,1165,Active,Active,Active
SNS_006910,Inderlok,2026-03-29 18:00:00,21.9,55.9,477,105,621,Active,Active,Active
SNS_006911,Rajiv Chowk,2026-03-29 19:00:00,21.5,62.3,704,78,577,Inactive,Active,Active
SNS_006912,Kashmere Gate,2026-03-29 19:00:00,22.0,52.8,562,113,1253,Active,Active,Active
SNS_006913,New Delhi,2026-03-29 19:00:00,23.8,56.9,601,139,687,Active,Under Maintenance,Active
SNS_006914,Hauz Khas,2026-03-29 19:00:00,24.3,60.7,515,93,1297,Active,Active,Active
SNS_006915,Botanical Garden,2026-03-29 19:00:00,24.2,63.7,639,62,504,Active,Active,Active
SNS_006916,Janakpuri West,2026-03-29 19:00:00,22.2,51.0,668,132,732,Active,Active,Active
SNS_006917,Lajpat Nagar,2026-03-29 19:00:00,24.2,58.3,632,125,1075,Active,Active,Active
SNS_006918,Central Secretariat,2026-03-29 19:00:00,22.5,52.5,514,147,571,Active,Active,Inactive
SNS_006919,Yamuna Bank,2026-03-29 19:00:00,21.7,51.5,682,102,572,Active,Active,Active
SNS_006920,Inderlok,2026-03-29 19:00:00,21.6,59.2,715,99,1214,Active,Active,Active
SNS_006921,Rajiv Chowk,2026-03-29 20:00:00,23.1,55.6,564,147,771,Active,Active,Active
SNS_006922,Kashmere Gate,2026-03-29 20:00:00,22.5,47.8,762,111,605,Active,Active,Active
SNS_006923,New Delhi,2026-03-29 20:00:00,24.2,49.9,772,120,1138,Active,Active,Active
SNS_006924,Hauz Khas,2026-03-29 20:00:00,21.2,46.7,795,42,809,Active,Active,Active
SNS_006925,Botanical Garden,2026-03-29 20:00:00,23.8,51.8,630,75,912,Active,Active,Active
SNS_006926,Janakpuri West,2026-03-29 20:00:00,21.2,58.9,755,63,573,Active,Active,Active
SNS_006927,Lajpat Nagar,2026-03-29 20:00:00,22.1,48.8,625,64,926,Active,Active,Active
SNS_006928,Central Secretariat,2026-03-29 20:00:00,23.0,60.5,488,47,795,Active,Active,Active
SNS_006929,Yamuna Bank,2026-03-29 20:00:00,24.2,53.1,745,134,1109,Active,Active,Active
SNS_006930,Inderlok,2026-03-29 20:00:00,23.7,54.3,497,93,1477,Active,Active,Active
SNS_006931,Rajiv Chowk,2026-03-29 21:00:00,22.3,59.2,567,87,133,Active,Active,Active
SNS_006932,Kashmere Gate,2026-03-29 21:00:00,24.2,53.4,479,84,348,Active,Active,Active
SNS_006933,New Delhi,2026-03-29 21:00:00,21.5,64.9,836,49,130,Active,Active,Active
SNS_006934,Hauz Khas,2026-03-29 21:00:00,22.4,46.5,794,127,128,Active,Active,Active
SNS_006935,Botanical Garden,2026-03-29 21:00:00,23.0,55.8,731,143,227,Active,Active,Active
SNS_006936,Janakpuri West,2026-03-29 21:00:00,22.2,50.5,701,95,337,Active,Active,Active
SNS_006937,Lajpat Nagar,2026-03-29 21:00:00,22.2,51.3,785,108,149,Active,Active,Active
SNS_006938,Central Secretariat,2026-03-29 21:00:00,23.0,61.6,653,65,128,Active,Active,Active
SNS_006939,Yamuna Bank,2026-03-29 21:00:00,24.1,46.1,456,48,334,Active,Active,Active
SNS_006940,Inderlok,2026-03-29 21:00:00,21.5,51.7,522,75,329,Active,Active,Active
SNS_006941,Rajiv Chowk,2026-03-29 22:00:00,23.1,49.1,797,150,256,Active,Active,Active
SNS_006942,Kashmere Gate,2026-03-29 22:00:00,24.3,57.5,721,56,275,Active,Active,Active
SNS_006943,New Delhi,2026-03-29 22:00:00,22.5,46.2,520,139,230,Active,Active,Active
SNS_006944,Hauz Khas,2026-03-29 22:00:00,21.7,61.6,469,102,189,Active,Active,Active
SNS_006945,Botanical Garden,2026-03-29 22:00:00,21.9,52.1,793,54,116,Active,Active,Active
SNS_006946,Janakpuri West,2026-03-29 22:00:00,21.2,61.3,788,74,306,Active,Active,Active
SNS_006947,Lajpat Nagar,2026-03-29 22:00:00,24.3,58.8,802,113,110,Active,Active,Active
SNS_006948,Central Secretariat,2026-03-29 22:00:00,21.3,53.0,680,92,229,Active,Active,Active
SNS_006949,Yamuna Bank,2026-03-29 22:00:00,21.4,60.3,693,109,146,Active,Active,Active
SNS_006950,Inderlok,2026-03-29 22:00:00,21.6,49.7,700,76,122,Active,Active,Active
SNS_006951,Rajiv Chowk,2026-03-29 23:00:00,23.7,56.5,820,121,395,Active,Active,Active
SNS_006952,Kashmere Gate,2026-03-29 23:00:00,23.7,62.5,621,79,377,Active,Active,Active
SNS_006953,New Delhi,2026-03-29 23:00:00,21.1,51.2,794,69,169,Active,Under Maintenance,Active
SNS_006954,Hauz Khas,2026-03-29 23:00:00,23.2,56.7,591,81,262,Active,Active,Inactive
SNS_006955,Botanical Garden,2026-03-29 23:00:00,22.9,64.9,637,111,231,Active,Active,Active
SNS_006956,Janakpuri West,2026-03-29 23:00:00,22.3,65.0,580,114,304,Active,Active,Active
SNS_006957,Lajpat Nagar,2026-03-29 23:00:00,22.1,51.1,616,106,113,Active,Active,Active
SNS_006958,Central Secretariat,2026-03-29 23:00:00,23.5,59.8,744,124,369,Active,Active,Active
SNS_006959,Yamuna Bank,2026-03-29 23:00:00,21.5,57.8,610,133,133,Active,Active,Active
SNS_006960,Inderlok,2026-03-29 23:00:00,22.2,55.8,813,89,378,Active,Active,Active
SNS_006961,Rajiv Chowk,2026-03-30 00:00:00,23.5,60.4,742,41,9,Active,Active,Active
SNS_006962,Kashmere Gate,2026-03-30 00:00:00,22.3,49.9,809,74,9,Active,Active,Active
SNS_006963,New Delhi,2026-03-30 00:00:00,22.1,52.9,719,120,8,Active,Active,Active
SNS_006964,Hauz Khas,2026-03-30 00:00:00,22.7,57.8,521,70,9,Active,Active,Active
SNS_006965,Botanical Garden,2026-03-30 00:00:00,22.4,65.0,655,44,4,Active,Active,Active
SNS_006966,Janakpuri West,2026-03-30 00:00:00,23.3,47.1,630,130,9,Active,Active,Active
SNS_006967,Lajpat Nagar,2026-03-30 00:00:00,21.1,46.1,496,80,7,Active,Active,Active
SNS_006968,Central Secretariat,2026-03-30 00:00:00,22.3,49.1,768,51,8,Active,Active,Active
SNS_006969,Yamuna Bank,2026-03-30 00:00:00,22.3,62.8,845,47,3,Active,Active,Active
SNS_006970,Inderlok,2026-03-30 00:00:00,21.0,61.5,620,119,10,Active,Active,Active
SNS_006971,Rajiv Chowk,2026-03-30 01:00:00,22.1,50.7,699,49,9,Active,Active,Active
SNS_006972,Kashmere Gate,2026-03-30 01:00:00,23.7,49.2,727,48,7,Active,Active,Active
SNS_006973,New Delhi,2026-03-30 01:00:00,24.2,46.0,730,102,7,Active,Active,Active
SNS_006974,Hauz Khas,2026-03-30 01:00:00,23.9,50.9,830,115,10,Active,Active,Active
SNS_006975,Botanical Garden,2026-03-30 01:00:00,21.0,54.5,730,58,9,Active,Active,Active
SNS_006976,Janakpuri West,2026-03-30 01:00:00,22.9,57.0,571,92,3,Active,Active,Active
SNS_006977,Lajpat Nagar,2026-03-30 01:00:00,23.2,49.1,843,65,6,Active,Active,Active
SNS_006978,Central Secretariat,2026-03-30 01:00:00,23.5,61.7,748,104,1,Active,Active,Active
SNS_006979,Yamuna Bank,2026-03-30 01:00:00,24.3,48.0,815,101,1,Active,Active,Active
SNS_006980,Inderlok,2026-03-30 01:00:00,23.1,59.4,543,137,6,Active,Active,Active
SNS_006981,Rajiv Chowk,2026-03-30 02:00:00,21.1,61.2,583,80,8,Active,Active,Active
SNS_006982,Kashmere Gate,2026-03-30 02:00:00,23.2,60.5,763,129,10,Active,Active,Active
SNS_006983,New Delhi,2026-03-30 02:00:00,24.4,53.7,724,104,6,Active,Active,Active
SNS_006984,Hauz Khas,2026-03-30 02:00:00,23.5,64.5,694,137,7,Active,Active,Active
SNS_006985,Botanical Garden,2026-03-30 02:00:00,23.4,49.0,821,140,0,Active,Active,Active
SNS_006986,Janakpuri West,2026-03-30 02:00:00,23.5,64.9,674,125,10,Active,Active,Active
SNS_006987,Lajpat Nagar,2026-03-30 02:00:00,22.7,47.3,538,149,6,Active,Active,Active
SNS_006988,Central Secretariat,2026-03-30 02:00:00,24.4,47.3,602,128,5,Active,Active,Active
SNS_006989,Yamuna Bank,2026-03-30 02:00:00,23.3,56.0,803,64,7,Active,Active,Active
SNS_006990,Inderlok,2026-03-30 02:00:00,23.3,63.5,743,140,5,Active,Active,Active
SNS_006991,Rajiv Chowk,2026-03-30 03:00:00,21.4,52.9,583,96,6,Active,Active,Active
SNS_006992,Kashmere Gate,2026-03-30 03:00:00,21.0,60.7,727,91,6,Active,Active,Active
SNS_006993,New Delhi,2026-03-30 03:00:00,22.8,50.5,584,48,9,Active,Active,Active
SNS_006994,Hauz Khas,2026-03-30 03:00:00,23.1,47.9,708,95,8,Active,Active,Active
SNS_006995,Botanical Garden,2026-03-30 03:00:00,21.8,48.1,588,84,4,Active,Active,Inactive
SNS_006996,Janakpuri West,2026-03-30 03:00:00,21.9,62.8,646,72,7,Active,Active,Active
SNS_006997,Lajpat Nagar,2026-03-30 03:00:00,21.9,63.7,738,113,5,Active,Active,Active
SNS_006998,Central Secretariat,2026-03-30 03:00:00,22.2,53.3,668,101,4,Active,Active,Active
SNS_006999,Yamuna Bank,2026-03-30 03:00:00,23.3,56.7,841,75,6,Active,Active,Active
SNS_007000,Inderlok,2026-03-30 03:00:00,21.4,50.8,789,85,3,Active,Active,Active
SNS_007001,Rajiv Chowk,2026-03-30 04:00:00,23.3,56.0,733,92,5,Active,Under Maintenance,Active
SNS_007002,Kashmere Gate,2026-03-30 04:00:00,21.2,52.5,598,122,0,Active,Active,Active
SNS_007003,New Delhi,2026-03-30 04:00:00,23.8,63.4,588,104,3,Active,Active,Active
SNS_007004,Hauz Khas,2026-03-30 04:00:00,21.2,64.7,850,119,3,Active,Active,Active
SNS_007005,Botanical Garden,2026-03-30 04:00:00,24.1,58.5,610,49,2,Active,Active,Active
SNS_007006,Janakpuri West,2026-03-30 04:00:00,22.6,59.1,533,83,5,Active,Active,Active
SNS_007007,Lajpat Nagar,2026-03-30 04:00:00,21.7,60.3,781,124,4,Active,Active,Active
SNS_007008,Central Secretariat,2026-03-30 04:00:00,21.2,47.2,602,78,5,Active,Active,Active
SNS_007009,Yamuna Bank,2026-03-30 04:00:00,22.0,62.4,462,131,9,Active,Active,Active
SNS_007010,Inderlok,2026-03-30 04:00:00,21.3,52.5,666,72,3,Active,Active,Active
SNS_007011,Rajiv Chowk,2026-03-30 05:00:00,24.0,54.6,501,110,3,Active,Active,Active
SNS_007012,Kashmere Gate,2026-03-30 05:00:00,22.3,49.9,691,121,10,Active,Active,Active
SNS_007013,New Delhi,2026-03-30 05:00:00,24.5,58.8,557,144,5,Active,Active,Active
SNS_007014,Hauz Khas,2026-03-30 05:00:00,23.0,57.1,468,103,2,Active,Active,Active
SNS_007015,Botanical Garden,2026-03-30 05:00:00,23.2,54.3,721,121,10,Active,Active,Active
SNS_007016,Janakpuri West,2026-03-30 05:00:00,24.4,57.8,515,72,9,Active,Active,Active
SNS_007017,Lajpat Nagar,2026-03-30 05:00:00,24.4,47.3,700,93,8,Active,Active,Active
SNS_007018,Central Secretariat,2026-03-30 05:00:00,22.8,59.2,791,84,7,Active,Active,Active
SNS_007019,Yamuna Bank,2026-03-30 05:00:00,22.1,57.0,787,93,1,Active,Active,Active
SNS_007020,Inderlok,2026-03-30 05:00:00,22.2,62.4,725,71,7,Active,Active,Active
SNS_007021,Rajiv Chowk,2026-03-30 06:00:00,21.2,62.8,724,130,213,Active,Active,Active
SNS_007022,Kashmere Gate,2026-03-30 06:00:00,24.5,52.3,656,131,187,Active,Active,Active
SNS_007023,New Delhi,2026-03-30 06:00:00,22.5,52.7,734,130,148,Active,Active,Active
SNS_007024,Hauz Khas,2026-03-30 06:00:00,22.6,47.4,675,48,344,Active,Active,Active
SNS_007025,Botanical Garden,2026-03-30 06:00:00,24.0,61.0,711,84,112,Active,Active,Active
SNS_007026,Janakpuri West,2026-03-30 06:00:00,23.7,63.6,636,127,242,Active,Active,Active
SNS_007027,Lajpat Nagar,2026-03-30 06:00:00,23.7,51.2,644,42,256,Active,Active,Active
SNS_007028,Central Secretariat,2026-03-30 06:00:00,24.3,57.9,655,93,362,Active,Active,Active
SNS_007029,Yamuna Bank,2026-03-30 06:00:00,21.1,65.0,730,100,301,Active,Active,Active
SNS_007030,Inderlok,2026-03-30 06:00:00,21.8,57.1,659,149,343,Active,Active,Active
SNS_007031,Rajiv Chowk,2026-03-30 07:00:00,23.7,59.3,466,83,130,Active,Active,Active
SNS_007032,Kashmere Gate,2026-03-30 07:00:00,22.3,52.4,772,109,237,Active,Active,Active
SNS_007033,New Delhi,2026-03-30 07:00:00,22.5,46.9,821,63,271,Active,Active,Active
SNS_007034,Hauz Khas,2026-03-30 07:00:00,24.0,48.1,594,55,217,Active,Active,Active
SNS_007035,Botanical Garden,2026-03-30 07:00:00,23.3,60.3,649,138,117,Active,Active,Active
SNS_007036,Janakpuri West,2026-03-30 07:00:00,21.5,56.0,584,44,351,Active,Active,Active
SNS_007037,Lajpat Nagar,2026-03-30 07:00:00,23.2,51.8,521,65,312,Active,Active,Active
SNS_007038,Central Secretariat,2026-03-30 07:00:00,22.4,64.1,557,88,372,Active,Active,Active
SNS_007039,Yamuna Bank,2026-03-30 07:00:00,21.0,57.1,663,88,213,Active,Active,Active
SNS_007040,Inderlok,2026-03-30 07:00:00,21.6,46.2,658,144,229,Active,Active,Active
SNS_007041,Rajiv Chowk,2026-03-30 08:00:00,21.7,62.3,835,47,838,Active,Active,Active
SNS_007042,Kashmere Gate,2026-03-30 08:00:00,23.7,62.0,486,111,1382,Under Maintenance,Active,Active
SNS_007043,New Delhi,2026-03-30 08:00:00,24.0,57.7,708,51,728,Active,Active,Active
SNS_007044,Hauz Khas,2026-03-30 08:00:00,24.2,50.0,456,45,1017,Active,Active,Active
SNS_007045,Botanical Garden,2026-03-30 08:00:00,22.3,48.4,795,107,1158,Active,Under Maintenance,Active
SNS_007046,Janakpuri West,2026-03-30 08:00:00,22.7,63.9,569,112,1113,Active,Active,Active
SNS_007047,Lajpat Nagar,2026-03-30 08:00:00,21.7,58.3,521,85,1292,Active,Active,Active
SNS_007048,Central Secretariat,2026-03-30 08:00:00,22.0,56.9,533,104,829,Active,Active,Active
SNS_007049,Yamuna Bank,2026-03-30 08:00:00,22.1,64.5,650,47,970,Active,Active,Active
SNS_007050,Inderlok,2026-03-30 08:00:00,21.1,47.9,787,81,1441,Active,Active,Active
SNS_007051,Rajiv Chowk,2026-03-30 09:00:00,23.3,60.1,762,112,1355,Active,Active,Active
SNS_007052,Kashmere Gate,2026-03-30 09:00:00,23.1,50.6,811,81,1498,Active,Active,Active
SNS_007053,New Delhi,2026-03-30 09:00:00,23.4,47.7,746,134,1221,Active,Active,Active
SNS_007054,Hauz Khas,2026-03-30 09:00:00,21.5,49.3,497,128,1304,Active,Active,Active
SNS_007055,Botanical Garden,2026-03-30 09:00:00,22.9,60.5,772,137,1193,Active,Active,Active
SNS_007056,Janakpuri West,2026-03-30 09:00:00,21.2,47.3,658,60,836,Active,Active,Active
SNS_007057,Lajpat Nagar,2026-03-30 09:00:00,23.7,61.9,594,66,679,Active,Active,Active
SNS_007058,Central Secretariat,2026-03-30 09:00:00,23.3,56.2,765,80,1224,Active,Active,Active
SNS_007059,Yamuna Bank,2026-03-30 09:00:00,22.5,58.4,701,102,1368,Active,Active,Active
SNS_007060,Inderlok,2026-03-30 09:00:00,21.2,50.3,646,150,1228,Active,Active,Active
SNS_007061,Rajiv Chowk,2026-03-30 10:00:00,24.0,52.2,526,40,1012,Active,Active,Active
SNS_007062,Kashmere Gate,2026-03-30 10:00:00,21.5,47.6,732,69,1074,Active,Active,Active
SNS_007063,New Delhi,2026-03-30 10:00:00,22.0,52.3,634,49,1363,Active,Active,Active
SNS_007064,Hauz Khas,2026-03-30 10:00:00,24.2,58.3,467,78,1306,Inactive,Active,Active
SNS_007065,Botanical Garden,2026-03-30 10:00:00,22.8,52.8,525,135,854,Active,Inactive,Active
SNS_007066,Janakpuri West,2026-03-30 10:00:00,23.0,45.9,640,147,1067,Active,Active,Active
SNS_007067,Lajpat Nagar,2026-03-30 10:00:00,24.2,54.7,527,132,760,Active,Active,Active
SNS_007068,Central Secretariat,2026-03-30 10:00:00,21.1,52.5,498,147,682,Active,Active,Active
SNS_007069,Yamuna Bank,2026-03-30 10:00:00,21.9,61.9,511,84,897,Active,Active,Active
SNS_007070,Inderlok,2026-03-30 10:00:00,21.4,54.1,476,86,706,Active,Active,Active
SNS_007071,Rajiv Chowk,2026-03-30 11:00:00,23.9,54.6,689,83,135,Active,Active,Active
SNS_007072,Kashmere Gate,2026-03-30 11:00:00,22.6,61.1,583,95,345,Active,Active,Active
SNS_007073,New Delhi,2026-03-30 11:00:00,21.5,60.0,475,66,161,Active,Active,Active
SNS_007074,Hauz Khas,2026-03-30 11:00:00,24.4,47.6,699,103,320,Active,Active,Active
SNS_007075,Botanical Garden,2026-03-30 11:00:00,23.9,53.4,630,48,303,Active,Active,Active
SNS_007076,Janakpuri West,2026-03-30 11:00:00,23.3,48.0,488,90,325,Active,Active,Active
SNS_007077,Lajpat Nagar,2026-03-30 11:00:00,23.8,47.2,710,114,220,Active,Active,Active
SNS_007078,Central Secretariat,2026-03-30 11:00:00,24.1,54.0,752,123,168,Active,Active,Active
SNS_007079,Yamuna Bank,2026-03-30 11:00:00,21.3,55.3,605,103,157,Active,Active,Active
SNS_007080,Inderlok,2026-03-30 11:00:00,21.3,55.9,642,132,249,Active,Active,Active
SNS_007081,Rajiv Chowk,2026-03-30 12:00:00,23.7,47.1,733,104,279,Active,Active,Active
SNS_007082,Kashmere Gate,2026-03-30 12:00:00,24.3,56.8,751,131,144,Active,Active,Active
SNS_007083,New Delhi,2026-03-30 12:00:00,23.3,47.7,540,85,295,Active,Active,Active
SNS_007084,Hauz Khas,2026-03-30 12:00:00,21.3,60.6,594,50,282,Active,Active,Active
SNS_007085,Botanical Garden,2026-03-30 12:00:00,24.0,53.5,797,51,367,Active,Active,Inactive
SNS_007086,Janakpuri West,2026-03-30 12:00:00,24.2,54.7,693,112,356,Active,Active,Active
SNS_007087,Lajpat Nagar,2026-03-30 12:00:00,22.0,57.2,472,79,186,Active,Active,Active
SNS_007088,Central Secretariat,2026-03-30 12:00:00,23.0,51.3,653,47,336,Active,Active,Active
SNS_007089,Yamuna Bank,2026-03-30 12:00:00,23.5,65.0,563,80,281,Under Maintenance,Active,Active
SNS_007090,Inderlok,2026-03-30 12:00:00,24.3,64.8,522,145,375,Active,Active,Active
SNS_007091,Rajiv Chowk,2026-03-30 13:00:00,23.7,52.0,825,118,377,Active,Active,Active
SNS_007092,Kashmere Gate,2026-03-30 13:00:00,23.5,51.1,636,125,261,Active,Active,Active
SNS_007093,New Delhi,2026-03-30 13:00:00,24.0,59.6,683,52,297,Active,Active,Active
SNS_007094,Hauz Khas,2026-03-30 13:00:00,21.4,62.0,548,56,273,Active,Active,Active
SNS_007095,Botanical Garden,2026-03-30 13:00:00,23.5,51.9,610,61,194,Active,Active,Active
SNS_007096,Janakpuri West,2026-03-30 13:00:00,22.6,59.6,685,55,301,Active,Active,Active
SNS_007097,Lajpat Nagar,2026-03-30 13:00:00,22.3,45.8,517,56,316,Active,Active,Active
SNS_007098,Central Secretariat,2026-03-30 13:00:00,24.2,49.0,768,54,355,Inactive,Active,Active
SNS_007099,Yamuna Bank,2026-03-30 13:00:00,23.9,61.8,494,40,399,Active,Active,Active
SNS_007100,Inderlok,2026-03-30 13:00:00,22.1,51.1,574,106,399,Active,Active,Active
SNS_007101,Rajiv Chowk,2026-03-30 14:00:00,24.5,52.2,582,77,231,Active,Active,Active
SNS_007102,Kashmere Gate,2026-03-30 14:00:00,22.9,48.7,658,109,287,Active,Active,Active
SNS_007103,New Delhi,2026-03-30 14:00:00,23.6,63.9,739,88,275,Active,Inactive,Active
SNS_007104,Hauz Khas,2026-03-30 14:00:00,21.0,55.4,634,102,141,Active,Active,Active
SNS_007105,Botanical Garden,2026-03-30 14:00:00,21.4,52.3,627,43,152,Active,Active,Active
SNS_007106,Janakpuri West,2026-03-30 14:00:00,21.6,62.5,746,56,198,Active,Active,Active
SNS_007107,Lajpat Nagar,2026-03-30 14:00:00,21.2,55.5,508,86,172,Active,Active,Active
SNS_007108,Central Secretariat,2026-03-30 14:00:00,23.2,54.3,673,135,156,Active,Active,Active
SNS_007109,Yamuna Bank,2026-03-30 14:00:00,22.0,63.2,820,55,258,Active,Active,Active
SNS_007110,Inderlok,2026-03-30 14:00:00,23.9,46.8,561,107,245,Active,Active,Active
SNS_007111,Rajiv Chowk,2026-03-30 15:00:00,22.0,47.3,451,138,201,Active,Active,Active
SNS_007112,Kashmere Gate,2026-03-30 15:00:00,21.6,64.5,538,119,383,Active,Active,Active
SNS_007113,New Delhi,2026-03-30 15:00:00,22.0,61.5,667,45,157,Active,Active,Active
SNS_007114,Hauz Khas,2026-03-30 15:00:00,22.9,56.4,597,75,279,Active,Active,Active
SNS_007115,Botanical Garden,2026-03-30 15:00:00,21.4,54.8,573,143,138,Active,Active,Active
SNS_007116,Janakpuri West,2026-03-30 15:00:00,24.4,46.0,611,81,354,Active,Active,Active
SNS_007117,Lajpat Nagar,2026-03-30 15:00:00,23.5,59.2,477,57,238,Inactive,Active,Active
SNS_007118,Central Secretariat,2026-03-30 15:00:00,21.6,50.3,492,70,144,Under Maintenance,Active,Active
SNS_007119,Yamuna Bank,2026-03-30 15:00:00,24.4,45.5,563,104,203,Active,Active,Active
SNS_007120,Inderlok,2026-03-30 15:00:00,23.1,57.3,704,54,332,Active,Active,Active
SNS_007121,Rajiv Chowk,2026-03-30 16:00:00,24.4,49.9,675,50,226,Active,Active,Active
SNS_007122,Kashmere Gate,2026-03-30 16:00:00,23.9,59.6,506,40,142,Active,Active,Active
SNS_007123,New Delhi,2026-03-30 16:00:00,21.1,62.7,479,103,229,Active,Active,Active
SNS_007124,Hauz Khas,2026-03-30 16:00:00,23.6,62.8,756,54,194,Active,Active,Active
SNS_007125,Botanical Garden,2026-03-30 16:00:00,24.5,61.8,738,116,297,Under Maintenance,Active,Active
SNS_007126,Janakpuri West,2026-03-30 16:00:00,22.9,54.9,580,82,125,Active,Active,Active
SNS_007127,Lajpat Nagar,2026-03-30 16:00:00,22.6,46.0,824,96,267,Active,Active,Active
SNS_007128,Central Secretariat,2026-03-30 16:00:00,21.3,58.1,665,51,299,Active,Active,Active
SNS_007129,Yamuna Bank,2026-03-30 16:00:00,22.8,64.7,639,65,220,Active,Active,Active
SNS_007130,Inderlok,2026-03-30 16:00:00,21.4,55.8,609,147,157,Active,Active,Active
SNS_007131,Rajiv Chowk,2026-03-30 17:00:00,24.1,61.9,545,53,626,Active,Active,Active
SNS_007132,Kashmere Gate,2026-03-30 17:00:00,23.4,61.7,823,148,1307,Active,Active,Active
SNS_007133,New Delhi,2026-03-30 17:00:00,23.4,46.2,776,104,810,Active,Active,Active
SNS_007134,Hauz Khas,2026-03-30 17:00:00,22.7,53.6,527,52,1435,Active,Active,Active
SNS_007135,Botanical Garden,2026-03-30 17:00:00,24.0,62.7,672,44,666,Active,Active,Active
SNS_007136,Janakpuri West,2026-03-30 17:00:00,21.5,52.5,610,49,1332,Active,Active,Active
SNS_007137,Lajpat Nagar,2026-03-30 17:00:00,21.4,57.3,511,63,1357,Active,Active,Active
SNS_007138,Central Secretariat,2026-03-30 17:00:00,22.4,53.3,816,48,599,Active,Active,Active
SNS_007139,Yamuna Bank,2026-03-30 17:00:00,22.9,45.6,617,117,1450,Active,Active,Active
SNS_007140,Inderlok,2026-03-30 17:00:00,21.4,55.0,457,45,1097,Active,Active,Active
SNS_007141,Rajiv Chowk,2026-03-30 18:00:00,22.6,46.9,766,125,1190,Active,Active,Active
SNS_007142,Kashmere Gate,2026-03-30 18:00:00,23.6,62.8,676,69,614,Active,Active,Active
SNS_007143,New Delhi,2026-03-30 18:00:00,23.9,63.0,617,105,1046,Active,Active,Active
SNS_007144,Hauz Khas,2026-03-30 18:00:00,23.7,60.9,600,127,779,Active,Active,Active
SNS_007145,Botanical Garden,2026-03-30 18:00:00,21.2,51.9,607,52,625,Active,Inactive,Active
SNS_007146,Janakpuri West,2026-03-30 18:00:00,22.6,48.6,479,129,599,Active,Active,Active
SNS_007147,Lajpat Nagar,2026-03-30 18:00:00,24.1,52.9,815,119,592,Active,Active,Active
SNS_007148,Central Secretariat,2026-03-30 18:00:00,21.1,62.2,546,150,512,Active,Active,Active
SNS_007149,Yamuna Bank,2026-03-30 18:00:00,24.4,59.1,615,105,1313,Active,Active,Active
SNS_007150,Inderlok,2026-03-30 18:00:00,23.8,54.7,505,130,1429,Active,Active,Active
SNS_007151,Rajiv Chowk,2026-03-30 19:00:00,22.3,46.1,590,77,1265,Active,Active,Active
SNS_007152,Kashmere Gate,2026-03-30 19:00:00,22.3,52.6,726,88,1476,Active,Under Maintenance,Active
SNS_007153,New Delhi,2026-03-30 19:00:00,24.0,59.7,666,132,758,Active,Active,Active
SNS_007154,Hauz Khas,2026-03-30 19:00:00,23.6,55.2,620,100,648,Active,Active,Active
SNS_007155,Botanical Garden,2026-03-30 19:00:00,22.3,50.3,511,120,1272,Active,Active,Active
SNS_007156,Janakpuri West,2026-03-30 19:00:00,22.8,59.4,842,145,1382,Active,Active,Active
SNS_007157,Lajpat Nagar,2026-03-30 19:00:00,22.3,58.8,530,79,1424,Active,Active,Active
SNS_007158,Central Secretariat,2026-03-30 19:00:00,24.3,45.3,653,78,1355,Active,Active,Active
SNS_007159,Yamuna Bank,2026-03-30 19:00:00,21.5,54.6,775,89,1107,Active,Active,Active
SNS_007160,Inderlok,2026-03-30 19:00:00,24.2,46.7,537,53,509,Active,Active,Active
SNS_007161,Rajiv Chowk,2026-03-30 20:00:00,21.6,49.7,506,121,1353,Active,Active,Active
SNS_007162,Kashmere Gate,2026-03-30 20:00:00,22.9,56.9,558,127,956,Active,Active,Active
SNS_007163,New Delhi,2026-03-30 20:00:00,24.4,47.5,484,135,1141,Active,Active,Active
SNS_007164,Hauz Khas,2026-03-30 20:00:00,22.3,48.5,552,89,1214,Active,Active,Active
SNS_007165,Botanical Garden,2026-03-30 20:00:00,21.6,47.6,533,109,659,Active,Active,Active
SNS_007166,Janakpuri West,2026-03-30 20:00:00,22.4,49.2,456,142,546,Active,Active,Active
SNS_007167,Lajpat Nagar,2026-03-30 20:00:00,24.3,59.4,728,97,641,Active,Active,Active
SNS_007168,Central Secretariat,2026-03-30 20:00:00,21.7,57.5,726,84,1283,Active,Active,Active
SNS_007169,Yamuna Bank,2026-03-30 20:00:00,22.3,60.3,743,103,853,Active,Active,Active
SNS_007170,Inderlok,2026-03-30 20:00:00,24.1,55.6,602,128,1117,Active,Active,Active
SNS_007171,Rajiv Chowk,2026-03-30 21:00:00,22.5,59.5,767,47,193,Active,Active,Active
SNS_007172,Kashmere Gate,2026-03-30 21:00:00,22.1,61.8,583,100,189,Active,Active,Active
SNS_007173,New Delhi,2026-03-30 21:00:00,21.5,59.3,829,91,112,Active,Active,Active
SNS_007174,Hauz Khas,2026-03-30 21:00:00,24.0,52.2,726,63,399,Active,Active,Active
SNS_007175,Botanical Garden,2026-03-30 21:00:00,22.6,63.4,456,89,400,Active,Active,Active
SNS_007176,Janakpuri West,2026-03-30 21:00:00,21.2,64.6,527,93,240,Active,Active,Active
SNS_007177,Lajpat Nagar,2026-03-30 21:00:00,23.2,53.3,552,70,293,Active,Active,Active
SNS_007178,Central Secretariat,2026-03-30 21:00:00,24.0,64.6,560,46,326,Active,Active,Active
SNS_007179,Yamuna Bank,2026-03-30 21:00:00,21.4,52.6,564,140,319,Active,Active,Active
SNS_007180,Inderlok,2026-03-30 21:00:00,23.6,53.0,705,120,278,Active,Active,Active
SNS_007181,Rajiv Chowk,2026-03-30 22:00:00,21.4,61.8,807,130,306,Active,Active,Active
SNS_007182,Kashmere Gate,2026-03-30 22:00:00,23.3,53.7,564,103,118,Active,Active,Active
SNS_007183,New Delhi,2026-03-30 22:00:00,22.1,54.7,726,130,230,Active,Active,Active
SNS_007184,Hauz Khas,2026-03-30 22:00:00,21.4,51.0,512,128,163,Active,Active,Active
SNS_007185,Botanical Garden,2026-03-30 22:00:00,22.4,60.7,573,47,377,Active,Active,Active
SNS_007186,Janakpuri West,2026-03-30 22:00:00,22.5,49.2,535,53,131,Active,Active,Active
SNS_007187,Lajpat Nagar,2026-03-30 22:00:00,21.9,57.9,846,129,104,Active,Active,Active
SNS_007188,Central Secretariat,2026-03-30 22:00:00,21.1,60.2,745,107,387,Active,Active,Active
SNS_007189,Yamuna Bank,2026-03-30 22:00:00,24.0,61.6,622,91,285,Active,Active,Active
SNS_007190,Inderlok,2026-03-30 22:00:00,22.2,52.2,609,130,328,Active,Active,Active
SNS_007191,Rajiv Chowk,2026-03-30 23:00:00,24.4,52.7,548,136,241,Active,Active,Active
SNS_007192,Kashmere Gate,2026-03-30 23:00:00,23.7,53.0,672,83,362,Active,Active,Active
SNS_007193,New Delhi,2026-03-30 23:00:00,22.2,59.5,763,130,168,Active,Active,Active
SNS_007194,Hauz Khas,2026-03-30 23:00:00,22.5,64.2,683,93,156,Active,Active,Active
SNS_007195,Botanical Garden,2026-03-30 23:00:00,22.1,63.5,628,40,148,Active,Active,Active
SNS_007196,Janakpuri West,2026-03-30 23:00:00,21.6,46.3,538,107,360,Active,Active,Active
SNS_007197,Lajpat Nagar,2026-03-30 23:00:00,23.2,58.6,624,129,305,Active,Active,Inactive
SNS_007198,Central Secretariat,2026-03-30 23:00:00,24.1,61.4,627,126,313,Active,Active,Active
SNS_007199,Yamuna Bank,2026-03-30 23:00:00,24.4,45.1,797,51,297,Active,Active,Active
SNS_007200,Inderlok,2026-03-30 23:00:00,21.5,55.9,733,149,173,Active,Active,Active
